NM_SUBAREA_CONHECIMENTO,CD_AREA_AVALIACAO,CS_STATUS_JURIDICO,DS_DEPENDENCIA_ADMINISTRATIVA,NM_REGIAO,SG_UF_PROGRAMA,NM_MUNICIPIO_PROGRAMA_IES,NM_MODALIDADE_PROGRAMA,NM_PROGRAMA_IES,CD_CONCEITO_PROGRAMA,AN_INICIO_PROGRAMA,DS_SITUACAO_PROGRAMA
NÃO SE APLICA,7,FEDERAL,PÚBLICA,NORTE,RO,PORTO VELHO,ACADÊMICO,CONSERVAÇÃO E USO DE RECURSOS NATURAIS,3,2019,EM FUNCIONAMENTO
NÃO SE APLICA,41,FEDERAL,PÚBLICA,NORTE,RO,PORTO VELHO,ACADÊMICO,LETRAS,4,2010,EM FUNCIONAMENTO
NÃO SE APLICA,27,FEDERAL,PÚBLICA,NORTE,RO,PORTO VELHO,ACADÊMICO,ADMINISTRAÇÃO E CONTABILIDADE,A,2024,EM FUNCIONAMENTO
NÃO SE APLICA,33,FEDERAL,PÚBLICA,NORTE,RO,PORTO VELHO,ACADÊMICO,FILOSOFIA,3,2019,EM FUNCIONAMENTO
ENSINO DE CIÊNCIAS E MATEMÁTICA,46,FEDERAL,PÚBLICA,NORTE,RO,ROLIM DE MOURA,ACADÊMICO,ENSINO DE CIÊNCIAS DA NATUREZA - PPGECN,3,2017,EM FUNCIONAMENTO
NÃO SE APLICA,38,FEDERAL,PÚBLICA,NORTE,RO,PORTO VELHO,PROFISSIONAL,EDUCAÇÃO ESCOLAR,4,2014,EM FUNCIONAMENTO
NÃO SE APLICA,36,FEDERAL,PÚBLICA,NORTE,RO,PORTO VELHO,ACADÊMICO,GEOGRAFIA,4,2006,EM FUNCIONAMENTO
NÃO SE APLICA,49,FEDERAL,PÚBLICA,NORTE,RO,ROLIM DE MOURA,ACADÊMICO,CIÊNCIAS AMBIENTAIS,3,2013,EM FUNCIONAMENTO
NÃO SE APLICA,38,FEDERAL,PÚBLICA,NORTE,RO,PORTO VELHO,ACADÊMICO,EDUCAÇÃO,4,2010,EM FUNCIONAMENTO
"SOCIAIS, CULTURAS E HUMANIDADES",45,FEDERAL,PÚBLICA,NORTE,RO,PORTO VELHO,PROFISSIONAL,DIREITOS HUMANOS E DESENVOLVIMENTO DA JUSTIÇA,4,2017,EM FUNCIONAMENTO
NÃO SE APLICA,37,FEDERAL,PÚBLICA,NORTE,RO,PORTO VELHO,ACADÊMICO,PSICOLOGIA,4,2009,EM FUNCIONAMENTO
POLÍTICAS E DESENVOLVIMENTO DE TERRITÓRIOS,45,FEDERAL,PÚBLICA,NORTE,RO,PORTO VELHO,ACADÊMICO,DESENVOLVIMENTO REGIONAL E MEIO AMBIENTE,4,1999,EM FUNCIONAMENTO
POLÍTICAS E DESENVOLVIMENTO DE TERRITÓRIOS,45,FEDERAL,PÚBLICA,NORTE,RO,ROLIM DE MOURA,ACADÊMICO,AGROECOSSISTEMAS AMAZÔNICOS,3,2020,EM FUNCIONAMENTO
ENSINO DE CIÊNCIAS E MATEMÁTICA,46,FEDERAL,PÚBLICA,NORTE,RO,JI-PARANÁ,ACADÊMICO,EDUCAÇÃO MATEMÁTICA,3,2019,EM FUNCIONAMENTO
NÃO SE APLICA,27,FEDERAL,PÚBLICA,NORTE,RO,PORTO VELHO,ACADÊMICO,ADMINISTRAÇÃO,3,2006,EM FUNCIONAMENTO
LITERATURA COMPARADA,41,FEDERAL,PÚBLICA,NORTE,RO,PORTO VELHO,ACADÊMICO,ESTUDOS LITERÁRIOS,4,2011,EM FUNCIONAMENTO
HISTÓRIA DO BRASIL,40,FEDERAL,PÚBLICA,NORTE,RO,PORTO VELHO,ACADÊMICO,HISTÓRIA DA AMAZÔNIA,A,2021,EM FUNCIONAMENTO
NÃO SE APLICA,31,FEDERAL,PÚBLICA,NORTE,RO,PORTO VELHO,ACADÊMICO,COMUNICAÇÃO,A,2024,EM FUNCIONAMENTO
ANATOMIA PATOLÓGICA E PATOLOGIA CLÍNICA,16,FEDERAL,PÚBLICA,NORTE,AC,RIO BRANCO,ACADÊMICO,CIÊNCIAS DA SAÚDE NA AMAZÔNIA OCIDENTAL,3,2016,EM FUNCIONAMENTO
NÃO SE APLICA,38,FEDERAL,PÚBLICA,NORTE,AC,RIO BRANCO,ACADÊMICO,EDUCAÇÃO,4,2014,EM FUNCIONAMENTO
NÃO SE APLICA,24,FEDERAL,PÚBLICA,NORTE,AC,RIO BRANCO,ACADÊMICO,SANIDADE E PRODUÇÃO ANIMAL SUSTENTÁVEL NA AMAZÔNIA OCIDENTAL,4,2014,EM FUNCIONAMENTO
NÃO SE APLICA,11,FEDERAL,PÚBLICA,NORTE,AC,RIO BRANCO,ACADÊMICO,ARTES CÊNICAS,3,2019,EM FUNCIONAMENTO
NÃO SE APLICA,36,FEDERAL,PÚBLICA,NORTE,AC,RIO BRANCO,ACADÊMICO,GEOGRAFIA,3,2019,EM FUNCIONAMENTO
ENSINO DE CIÊNCIAS E MATEMÁTICA,46,FEDERAL,PÚBLICA,NORTE,AC,RIO BRANCO,PROFISSIONAL,ENSINO DE CIÊNCIAS E MATEMÁTICA,4,2014,EM FUNCIONAMENTO
NÃO SE APLICA,42,FEDERAL,PÚBLICA,NORTE,AC,RIO BRANCO,ACADÊMICO,CIÊNCIA FLORESTAL,3,2016,EM FUNCIONAMENTO
NÃO SE APLICA,7,FEDERAL,PÚBLICA,NORTE,AC,RIO BRANCO,ACADÊMICO,ECOLOGIA E MANEJO DE RECURSOS NATURAIS,3,1996,EM FUNCIONAMENTO
NÃO SE APLICA,46,FEDERAL,PÚBLICA,NORTE,AC,CRUZEIRO DO SUL,ACADÊMICO,ENSINO DE HUMANIDADES E LINGUAGENS,3,2018,EM FUNCIONAMENTO
NÃO SE APLICA,22,FEDERAL,PÚBLICA,NORTE,AC,RIO BRANCO,ACADÊMICO,SAÚDE COLETIVA,4,2008,EM FUNCIONAMENTO
NÃO SE APLICA,49,FEDERAL,PÚBLICA,NORTE,AC,CRUZEIRO DO SUL,ACADÊMICO,CIÊNCIAS AMBIENTAIS,3,2019,EM FUNCIONAMENTO
POLÍTICAS E DESENVOLVIMENTO DE TERRITÓRIOS,45,FEDERAL,PÚBLICA,NORTE,AC,RIO BRANCO,ACADÊMICO,"CIÊNCIA, INOVAÇÃO E TECNOLOGIA PARA A AMAZÔNIA",4,2011,EM FUNCIONAMENTO
NÃO SE APLICA,42,FEDERAL,PÚBLICA,NORTE,AC,RIO BRANCO,ACADÊMICO,PRODUÇÃO VEGETAL,4,2006,EM FUNCIONAMENTO
NÃO SE APLICA,2,FEDERAL,PÚBLICA,NORTE,AC,RIO BRANCO,ACADÊMICO,CIÊNCIA DA COMPUTAÇÃO,3,2018,EM FUNCIONAMENTO
NÃO SE APLICA,41,FEDERAL,PÚBLICA,NORTE,AC,RIO BRANCO,ACADÊMICO,LETRAS- LINGUAGEM E IDENTIDADE,5,2006,EM FUNCIONAMENTO
NÃO SE APLICA,9,FEDERAL,PÚBLICA,NORTE,RO,PORTO VELHO,ACADÊMICO,BIOLOGIA EXPERIMENTAL,4,2001,EM FUNCIONAMENTO
NÃO SE APLICA,26,PARTICULAR,PRIVADA,NORTE,RO,PORTO VELHO,PROFISSIONAL,DIREITO,A,2024,EM FUNCIONAMENTO
NÃO SE APLICA,31,FEDERAL,PÚBLICA,NORTE,AM,MANAUS,ACADÊMICO,INFORMAÇÃO E COMUNICAÇÃO (PPGIC),A,2024,EM FUNCIONAMENTO
NÃO SE APLICA,32,FEDERAL,PÚBLICA,NORTE,AM,MANAUS,ACADÊMICO,SERVIÇO SOCIAL,4,2007,EM FUNCIONAMENTO
NÃO SE APLICA,5,FEDERAL,PÚBLICA,NORTE,AM,MANAUS,ACADÊMICO,GEOCIÊNCIAS,3,2000,EM FUNCIONAMENTO
NÃO SE APLICA,49,FEDERAL,PÚBLICA,NORTE,AM,HUMAITÁ,ACADÊMICO,CIÊNCIAS AMBIENTAIS,3,2015,EM FUNCIONAMENTO
NÃO SE APLICA,37,FEDERAL,PÚBLICA,NORTE,AM,MANAUS,ACADÊMICO,PSICOLOGIA,4,2009,EM FUNCIONAMENTO
NÃO SE APLICA,4,FEDERAL,PÚBLICA,NORTE,AM,MANAUS,ACADÊMICO,QUÍMICA,4,1987,EM FUNCIONAMENTO
NÃO SE APLICA,36,FEDERAL,PÚBLICA,NORTE,AM,MANAUS,ACADÊMICO,GEOGRAFIA,4,2007,EM FUNCIONAMENTO
NÃO SE APLICA,26,FEDERAL,PÚBLICA,NORTE,AM,MANAUS,ACADÊMICO,DIREITO,3,2019,EM FUNCIONAMENTO
NÃO SE APLICA,2,FEDERAL,PÚBLICA,NORTE,AM,MANAUS,ACADÊMICO,INFORMÁTICA,6,2001,EM FUNCIONAMENTO
NÃO SE APLICA,18,FEDERAL,PÚBLICA,NORTE,AM,MANAUS,ACADÊMICO,ODONTOLOGIA,4,2012,EM FUNCIONAMENTO
CIRURGIA,17,FEDERAL,PÚBLICA,NORTE,AM,MANAUS,PROFISSIONAL,CIRURGIA,3,2015,EM FUNCIONAMENTO
NÃO SE APLICA,20,FEDERAL,PÚBLICA,NORTE,AM,MANAUS,PROFISSIONAL,ENFERMAGEM NO CONTEXTO AMAZÔNICO,3,2019,EM FUNCIONAMENTO
NÃO SE APLICA,46,FEDERAL,PÚBLICA,NORTE,AM,HUMAITÁ,ACADÊMICO,ENSINO DE CIÊNCIAS E HUMANIDADES,4,2017,EM FUNCIONAMENTO
NÃO SE APLICA,47,FEDERAL,PÚBLICA,NORTE,AM,MANAUS,ACADÊMICO,CIÊNCIA E ENGENHARIA DE MATERIAIS,4,2009,EM FUNCIONAMENTO
NÃO SE APLICA,35,FEDERAL,PÚBLICA,NORTE,AM,MANAUS,ACADÊMICO,ANTROPOLOGIA SOCIAL,4,2008,EM FUNCIONAMENTO
NÃO SE APLICA,49,FEDERAL,PÚBLICA,NORTE,AM,ITACOATIARA,ACADÊMICO,CIÊNCIA E TECNOLOGIA PARA RECURSOS AMAZÔNICOS,3,2012,EM FUNCIONAMENTO
NÃO SE APLICA,13,FEDERAL,PÚBLICA,NORTE,AM,MANAUS,ACADÊMICO,ENGENHARIA MECÂNICA,A,2024,EM FUNCIONAMENTO
NÃO SE APLICA,34,FEDERAL,PÚBLICA,NORTE,AM,MANAUS,ACADÊMICO,SOCIOLOGIA,A,2024,EM FUNCIONAMENTO
NÃO SE APLICA,13,FEDERAL,PÚBLICA,NORTE,AM,MANAUS,PROFISSIONAL,ENGENHARIA DE PRODUÇÃO,3,1999,EM FUNCIONAMENTO
NÃO SE APLICA,42,FEDERAL,PÚBLICA,NORTE,AM,MANAUS,ACADÊMICO,CIÊNCIAS FLORESTAIS E AMBIENTAIS,4,2003,EM FUNCIONAMENTO
NÃO SE APLICA,42,FEDERAL,PÚBLICA,NORTE,AM,MANAUS,ACADÊMICO,AGRONOMIA TROPICAL,4,1995,EM FUNCIONAMENTO
NÃO SE APLICA,48,FEDERAL,PÚBLICA,NORTE,AM,MANAUS,ACADÊMICO,BIOTECNOLOGIA,4,2001,EM FUNCIONAMENTO
ENSINO DE CIÊNCIAS E MATEMÁTICA,46,FEDERAL,PÚBLICA,NORTE,AM,MANAUS,ACADÊMICO,ENSINO DE CIÊNCIAS E MATEMÁTICA,3,2014,EM FUNCIONAMENTO
NÃO SE APLICA,1,FEDERAL,PÚBLICA,NORTE,AM,MANAUS,ACADÊMICO,MATEMÁTICA,4,1998,EM FUNCIONAMENTO
NÃO SE APLICA,49,FEDERAL,PÚBLICA,NORTE,AM,MANAUS,ACADÊMICO,CIÊNCIAS DO AMBIENTE E SUSTENTABILIDADE NA AMAZÔNIA,4,2000,EM FUNCIONAMENTO
NÃO SE APLICA,19,FEDERAL,PÚBLICA,NORTE,AM,MANAUS,ACADÊMICO,CIÊNCIAS FARMACÊUTICAS,3,2009,EM FUNCIONAMENTO
NÃO SE APLICA,3,FEDERAL,PÚBLICA,NORTE,AM,MANAUS,ACADÊMICO,FÍSICA,4,1999,EM FUNCIONAMENTO
NÃO SE APLICA,14,FEDERAL,PÚBLICA,NORTE,AM,MANAUS,ACADÊMICO,ENGENHARIA ELÉTRICA,4,2005,EM FUNCIONAMENTO
"SOCIAIS, CULTURAS E HUMANIDADES",45,FEDERAL,PÚBLICA,NORTE,AM,MANAUS,ACADÊMICO,SOCIEDADE E CULTURA NA AMAZÔNIA,4,1998,EM FUNCIONAMENTO
NÃO SE APLICA,29,FEDERAL,PÚBLICA,NORTE,AM,MANAUS,PROFISSIONAL,DESIGN,4,2017,EM FUNCIONAMENTO
NÃO SE APLICA,38,FEDERAL,PÚBLICA,NORTE,AM,MANAUS,ACADÊMICO,EDUCAÇÃO,4,1987,EM FUNCIONAMENTO
NÃO SE APLICA,7,FEDERAL,PÚBLICA,NORTE,AM,MANAUS,ACADÊMICO,ZOOLOGIA,4,2016,EM FUNCIONAMENTO
NÃO SE APLICA,23,FEDERAL,PÚBLICA,NORTE,AM,MANAUS,ACADÊMICO,CIÊNCIA ANIMAL E RECURSOS PESQUEIROS,4,2007,EM FUNCIONAMENTO
NÃO SE APLICA,40,FEDERAL,PÚBLICA,NORTE,AM,MANAUS,ACADÊMICO,HISTÓRIA,4,2006,EM FUNCIONAMENTO
NÃO SE APLICA,28,FEDERAL,PÚBLICA,NORTE,AM,MANAUS,PROFISSIONAL,ECONOMIA,A,2024,EM FUNCIONAMENTO
NÃO SE APLICA,21,FEDERAL,PÚBLICA,NORTE,AM,MANAUS,ACADÊMICO,CIÊNCIAS DO MOVIMENTO HUMANO,A,2021,EM FUNCIONAMENTO
NÃO SE APLICA,41,FEDERAL,PÚBLICA,NORTE,AM,MANAUS,ACADÊMICO,LETRAS,3,2010,EM FUNCIONAMENTO
NÃO SE APLICA,9,FEDERAL,PÚBLICA,NORTE,AM,MANAUS,ACADÊMICO,IMUNOLOGIA BÁSICA E APLICADA,4,2009,EM FUNCIONAMENTO
NÃO SE APLICA,7,FEDERAL,PÚBLICA,NORTE,AM,MANAUS,ACADÊMICO,CIÊNCIAS BIOLÓGICAS (BOTÂNICA),4,1973,EM FUNCIONAMENTO
NÃO SE APLICA,7,FEDERAL,PÚBLICA,NORTE,AM,MANAUS,ACADÊMICO,CIÊNCIAS BIOLÓGICAS (ENTOMOLOGIA),5,1976,EM FUNCIONAMENTO
NÃO SE APLICA,6,FEDERAL,PÚBLICA,NORTE,AM,MANAUS,ACADÊMICO,"GENÉTICA, CONSERVAÇÃO E BIOLOGIA EVOLUTIVA",5,2003,EM FUNCIONAMENTO
NÃO SE APLICA,7,FEDERAL,PÚBLICA,NORTE,AM,MANAUS,ACADÊMICO,BIOLOGIA (ECOLOGIA),7,1976,EM FUNCIONAMENTO
NÃO SE APLICA,5,FEDERAL,PÚBLICA,NORTE,AM,MANAUS,ACADÊMICO,CLIMA E AMBIENTE - INPA - UEA,4,2007,EM FUNCIONAMENTO
NÃO SE APLICA,7,FEDERAL,PÚBLICA,NORTE,AM,MANAUS,ACADÊMICO,CIÊNCIAS BIOLÓGICAS,5,1976,EM FUNCIONAMENTO
NÃO SE APLICA,42,FEDERAL,PÚBLICA,NORTE,AM,MANAUS,ACADÊMICO,AGRICULTURA NO TRÓPICO ÚMIDO,4,2002,EM FUNCIONAMENTO
CONSERVAÇÃO DA NATUREZA,42,FEDERAL,PÚBLICA,NORTE,AM,MANAUS,PROFISSIONAL,GESTÃO DE ÁREAS PROTEGIDAS NA AMAZÔNIA,3,2010,EM FUNCIONAMENTO
MANEJO FLORESTAL,42,FEDERAL,PÚBLICA,NORTE,AM,MANAUS,ACADÊMICO,CIÊNCIAS DE FLORESTAS TROPICAIS,5,1980,EM FUNCIONAMENTO
NÃO SE APLICA,46,FEDERAL,PÚBLICA,NORTE,AM,MANAUS,PROFISSIONAL,ENSINO TECNOLÓGICO,4,2014,EM FUNCIONAMENTO
NÃO SE APLICA,23,PARTICULAR,PRIVADA,NORTE,AM,MANAUS,ACADÊMICO,AQUICULTURA,4,2010,EM FUNCIONAMENTO
NÃO SE APLICA,36,ESTADUAL,PÚBLICA,NORTE,AM,MANAUS,ACADÊMICO,GEOGRAFIA,A,2024,EM FUNCIONAMENTO
NÃO SE APLICA,22,ESTADUAL,PÚBLICA,NORTE,AM,MANAUS,ACADÊMICO,SAÚDE COLETIVA,A,2021,EM FUNCIONAMENTO
NÃO SE APLICA,14,ESTADUAL,PÚBLICA,NORTE,AM,MANAUS,PROFISSIONAL,ENGENHARIA ELÉTRICA,A,2024,EM FUNCIONAMENTO
CLÍNICA MÉDICA,16,ESTADUAL,PÚBLICA,NORTE,AM,MANAUS,ACADÊMICO,HEMATOLOGIA,3,2013,EM FUNCIONAMENTO
"SOCIAIS, CULTURAS E HUMANIDADES",45,ESTADUAL,PÚBLICA,NORTE,AM,MANAUS,ACADÊMICO,CIÊNCIAS HUMANAS,4,2016,EM FUNCIONAMENTO
NÃO SE APLICA,26,ESTADUAL,PÚBLICA,NORTE,AM,MANAUS,ACADÊMICO,DIREITO AMBIENTAL,4,2003,EM FUNCIONAMENTO
"SOCIAIS, CULTURAS E HUMANIDADES",45,ESTADUAL,PÚBLICA,NORTE,AM,MANAUS,PROFISSIONAL,"SEGURANÇA PÚBLICA, CIDADANIA E DIREITOS HUMANOS",3,2012,EM FUNCIONAMENTO
NÃO SE APLICA,38,ESTADUAL,PÚBLICA,NORTE,AM,MANAUS,ACADÊMICO,EDUCAÇÃO,3,2020,EM FUNCIONAMENTO
NÃO SE APLICA,15,ESTADUAL,PÚBLICA,NORTE,AM,MANAUS,PROFISSIONAL,CIÊNCIAS APLICADAS À DERMATOLOGIA,3,2017,EM FUNCIONAMENTO
NÃO SE APLICA,48,ESTADUAL,PÚBLICA,NORTE,AM,MANAUS,ACADÊMICO,BIOTECNOLOGIA E RECURSOS NATURAIS DA AMAZÔNIA,3,2003,EM FUNCIONAMENTO
ENFERMAGEM DE SAÚDE PÚBLICA,20,ESTADUAL,PÚBLICA,NORTE,AM,MANAUS,PROFISSIONAL,ENFERMAGEM EM SAÚDE PÚBLICA,4,2018,EM FUNCIONAMENTO
CLÍNICA MÉDICA,16,ESTADUAL,PÚBLICA,NORTE,AM,MANAUS,ACADÊMICO,MEDICINA TROPICAL,5,2002,EM FUNCIONAMENTO
NÃO SE APLICA,41,ESTADUAL,PÚBLICA,NORTE,AM,MANAUS,ACADÊMICO,LETRAS E ARTES,4,2015,EM FUNCIONAMENTO
ENSINO DE CIÊNCIAS E MATEMÁTICA,46,ESTADUAL,PÚBLICA,NORTE,AM,MANAUS,ACADÊMICO,EDUCAÇÃO EM CIÊNCIAS NA AMAZÔNIA,5,2011,EM FUNCIONAMENTO
NÃO SE APLICA,31,FEDERAL,PÚBLICA,NORTE,RR,BOA VISTA,ACADÊMICO,COMUNICAÇÃO,3,2019,EM FUNCIONAMENTO
SAÚDE E BIOLÓGICAS,45,FEDERAL,PÚBLICA,NORTE,RR,BOA VISTA,PROFISSIONAL,CIÊNCIAS DA SAÚDE,4,2011,EM FUNCIONAMENTO
NÃO SE APLICA,35,FEDERAL,PÚBLICA,NORTE,RR,BOA VISTA,ACADÊMICO,ANTROPOLOGIA SOCIAL,3,2016,EM FUNCIONAMENTO
NÃO SE APLICA,49,FEDERAL,PÚBLICA,NORTE,RR,BOA VISTA,ACADÊMICO,RECURSOS NATURAIS,4,2004,EM FUNCIONAMENTO
"SOCIAIS, CULTURAS E HUMANIDADES",45,FEDERAL,PÚBLICA,NORTE,RR,BOA VISTA,ACADÊMICO,SOCIEDADE E FRONTEIRAS,3,2012,EM FUNCIONAMENTO
NÃO SE APLICA,42,FEDERAL,PÚBLICA,NORTE,RR,BOA VISTA,ACADÊMICO,AGRONOMIA,4,2007,EM FUNCIONAMENTO
NÃO SE APLICA,36,FEDERAL,PÚBLICA,NORTE,RR,BOA VISTA,ACADÊMICO,GEOGRAFIA,4,2011,EM FUNCIONAMENTO
SAÚDE E BIOLÓGICAS,45,FEDERAL,PÚBLICA,NORTE,RR,BOA VISTA,ACADÊMICO,SAÚDE E BIODIVERSIDADE,A,2021,EM FUNCIONAMENTO
NÃO SE APLICA,41,FEDERAL,PÚBLICA,NORTE,RR,BOA VISTA,ACADÊMICO,LETRAS,4,2010,EM FUNCIONAMENTO
NÃO SE APLICA,38,FEDERAL,PÚBLICA,NORTE,RR,BOA VISTA,ACADÊMICO,EDUCAÇÃO,3,2019,EM FUNCIONAMENTO
NÃO SE APLICA,38,ESTADUAL,PÚBLICA,NORTE,RR,BOA VISTA,ACADÊMICO,EDUCAÇÃO,3,2014,EM FUNCIONAMENTO
"SOCIAIS, CULTURAS E HUMANIDADES",45,ESTADUAL,PÚBLICA,NORTE,RR,BOA VISTA,PROFISSIONAL,"SEGURANÇA PÚBLICA, DIREITOS HUMANOS E CIDADANIA",3,2016,EM FUNCIONAMENTO
NÃO SE APLICA,49,ESTADUAL,PÚBLICA,NORTE,RR,BOA VISTA,ACADÊMICO,"AGROECOLOGIA, AMBIENTE, SOCIEDADE E AMAZÔNIA (PPGAASA)",3,2014,EM FUNCIONAMENTO
ENSINO DE CIÊNCIAS E MATEMÁTICA,46,ESTADUAL,PÚBLICA,NORTE,RR,BOA VISTA,PROFISSIONAL,ENSINO DE CIÊNCIAS E MATEMÁTICA,5,2012,EM FUNCIONAMENTO
"ENGENHARIA, TECNOLOGIA E GESTÃO",45,PARTICULAR,PRIVADA,NORTE,AM,MANAUS,PROFISSIONAL,"ENGENHARIA, GESTÃO DE PROCESSOS, SISTEMAS E AMBIENTAL",A,2020,EM FUNCIONAMENTO
NÃO SE APLICA,22,FEDERAL,PÚBLICA,NORTE,AM,MANAUS,ACADÊMICO,SAÚDE PÚBLICA NA AMAZÔNIA,4,2020,EM FUNCIONAMENTO
NÃO SE APLICA,22,FEDERAL,PÚBLICA,NORTE,AM,MANAUS,ACADÊMICO,CONDIÇÕES DE VIDA E SITUAÇÕES DE SAÚDE NA AMAZÔNIA,3,2015,EM FUNCIONAMENTO
NÃO SE APLICA,9,FEDERAL,PÚBLICA,NORTE,AM,MANAUS,ACADÊMICO,BIOLOGIA DA INTERAÇÃO PATÓGENO HOSPEDEIRO,4,2017,EM FUNCIONAMENTO
NÃO SE APLICA,29,PARTICULAR,PRIVADA,NORTE,AM,MANAUS,PROFISSIONAL,DESIGN DE ARTEFATOS DIGITAIS,3,2016,EM FUNCIONAMENTO
POLÍTICA INTERNACIONAL,39,FEDERAL,PÚBLICA,NORTE,AP,MACAPÁ,PROFISSIONAL,ESTUDOS DE FRONTEIRA,4,2017,EM FUNCIONAMENTO
NÃO SE APLICA,7,FEDERAL,PÚBLICA,NORTE,AP,MACAPÁ,ACADÊMICO,BIODIVERSIDADE TROPICAL,5,2006,EM FUNCIONAMENTO
NÃO SE APLICA,40,FEDERAL,PÚBLICA,NORTE,AP,MACAPÁ,ACADÊMICO,HISTÓRIA,3,2019,EM FUNCIONAMENTO
SAÚDE E BIOLÓGICAS,45,FEDERAL,PÚBLICA,NORTE,AP,MACAPÁ,ACADÊMICO,CIÊNCIAS DA SAÚDE,3,2010,EM FUNCIONAMENTO
NÃO SE APLICA,19,FEDERAL,PÚBLICA,NORTE,AP,MACAPÁ,ACADÊMICO,CIÊNCIAS FARMACÊUTICAS,3,2013,EM FUNCIONAMENTO
NÃO SE APLICA,26,FEDERAL,PÚBLICA,NORTE,AP,MACAPÁ,ACADÊMICO,DIREITO,A,2024,EM FUNCIONAMENTO
NÃO SE APLICA,38,FEDERAL,PÚBLICA,NORTE,AP,MACAPÁ,ACADÊMICO,EDUCAÇÃO,4,2017,EM FUNCIONAMENTO
NÃO SE APLICA,49,FEDERAL,PÚBLICA,NORTE,AP,MACAPÁ,ACADÊMICO,CIÊNCIAS AMBIENTAIS,3,2017,EM FUNCIONAMENTO
"SOCIAIS, CULTURAS E HUMANIDADES",45,FEDERAL,PÚBLICA,NORTE,AP,MACAPÁ,PROFISSIONAL,ESTUDOS DE CULTURA E POLÍTICA,A,2024,EM FUNCIONAMENTO
NÃO SE APLICA,30,FEDERAL,PÚBLICA,NORTE,AP,MACAPÁ,ACADÊMICO,DESENVOLVIMENTO DA AMAZÔNIA SUSTENTÁVEL,3,2006,EM FUNCIONAMENTO
NÃO SE APLICA,36,FEDERAL,PÚBLICA,NORTE,AP,MACAPÁ,ACADÊMICO,GEOGRAFIA,3,2019,EM FUNCIONAMENTO
NÃO SE APLICA,41,FEDERAL,PÚBLICA,NORTE,AP,MACAPÁ,ACADÊMICO,LETRAS,3,2019,EM FUNCIONAMENTO
NÃO SE APLICA,18,FEDERAL,PÚBLICA,NORTE,PA,BELÉM,ACADÊMICO,ODONTOLOGIA,4,2003,EM FUNCIONAMENTO
NÃO SE APLICA,8,FEDERAL,PÚBLICA,NORTE,PA,BELÉM,ACADÊMICO,NEUROCIÊNCIAS E BIOLOGIA CELULAR,5,2004,EM FUNCIONAMENTO
GEOTÉCNICA,10,FEDERAL,PÚBLICA,NORTE,PA,TUCURUÍ,PROFISSIONAL,ENGENHARIA DE BARRAGEM E GESTÃO AMBIENTAL,3,2016,EM FUNCIONAMENTO
"SOCIAIS, CULTURAS E HUMANIDADES",45,FEDERAL,PÚBLICA,NORTE,PA,BELÉM,ACADÊMICO,ESTUDOS EM ETNODIVERSIDADE,A,2024,EM FUNCIONAMENTO
CLÍNICA MÉDICA,15,FEDERAL,PÚBLICA,NORTE,PA,BELÉM,PROFISSIONAL,ATENÇÃO E ESTUDO CLÍNICO NO DIABETES,3,2020,EM FUNCIONAMENTO
ENSINO DE CIÊNCIAS E MATEMÁTICA,46,FEDERAL,PÚBLICA,NORTE,PA,BELÉM,ACADÊMICO,EDUCAÇÃO EM CIÊNCIAS E MATEMÁTICAS,5,2001,EM FUNCIONAMENTO
ENSINO DE CIÊNCIAS E MATEMÁTICA,46,FEDERAL,PÚBLICA,NORTE,PA,BELÉM,ACADÊMICO,EDUCAÇÃO EM CIÊNCIAS E MATEMÁTICA - UFMT - UFPA - UEA,5,2010,EM FUNCIONAMENTO
NÃO SE APLICA,24,FEDERAL,PÚBLICA,NORTE,PA,CASTANHAL,ACADÊMICO,SAÚDE ANIMAL NA AMAZÔNIA,4,2009,EM FUNCIONAMENTO
PSICOLOGIA FISIOLÓGICA,37,FEDERAL,PÚBLICA,NORTE,PA,BELÉM,ACADÊMICO,NEUROCIÊNCIAS E COMPORTAMENTO,4,2014,EM FUNCIONAMENTO
NÃO SE APLICA,13,FEDERAL,PÚBLICA,NORTE,PA,BELÉM,PROFISSIONAL,ENGENHARIA INDUSTRIAL,3,2012,EM FUNCIONAMENTO
GEOGRAFIA REGIONAL,36,FEDERAL,PÚBLICA,NORTE,PA,BELÉM,ACADÊMICO,GEOGRAFIA,5,2004,EM FUNCIONAMENTO
NÃO SE APLICA,13,FEDERAL,PÚBLICA,NORTE,PA,BELÉM,PROFISSIONAL,ENGENHARIA DE PROCESSOS,3,2013,EM FUNCIONAMENTO
NÃO SE APLICA,5,FEDERAL,PÚBLICA,NORTE,PA,BELÉM,PROFISSIONAL,RECURSOS HÍDRICOS,3,2015,EM FUNCIONAMENTO
CLÍNICA MÉDICA,16,FEDERAL,PÚBLICA,NORTE,PA,BELÉM,ACADÊMICO,DOENÇAS TROPICAIS,5,1994,EM FUNCIONAMENTO
NÃO SE APLICA,22,FEDERAL,PÚBLICA,NORTE,PA,BELÉM,ACADÊMICO,SAÚDE COLETIVA NA AMAZÔNIA,3,2014,EM FUNCIONAMENTO
POLÍTICAS E DESENVOLVIMENTO DE TERRITÓRIOS,45,FEDERAL,PÚBLICA,NORTE,PA,BELÉM,ACADÊMICO,DESENVOLVIMENTO SUSTENTÁVEL DO TRÓPICO ÚMIDO,7,1977,EM FUNCIONAMENTO
NÃO SE APLICA,38,FEDERAL,PÚBLICA,NORTE,PA,BELÉM,ACADÊMICO,EDUCAÇÃO,5,2003,EM FUNCIONAMENTO
NÃO SE APLICA,45,FEDERAL,PÚBLICA,NORTE,PA,BRAGANÇA,ACADÊMICO,LINGUAGENS E SABERES NA AMAZÔNIA,3,2011,EM FUNCIONAMENTO
NÃO SE APLICA,48,FEDERAL,PÚBLICA,NORTE,PA,BELÉM,ACADÊMICO,BIOTECNOLOGIA,5,2011,EM FUNCIONAMENTO
NÃO SE APLICA,27,FEDERAL,PÚBLICA,NORTE,PA,BELÉM,ACADÊMICO,ADMINISTRAÇÃO,3,2020,EM FUNCIONAMENTO
NÃO SE APLICA,5,FEDERAL,PÚBLICA,NORTE,PA,BELÉM,ACADÊMICO,GEOLOGIA E GEOQUÍMICA,7,1992,EM FUNCIONAMENTO
CIÊNCIAS CONTÁBEIS,27,FEDERAL,PÚBLICA,NORTE,PA,BELÉM,ACADÊMICO,CONTABILIDADE,A,2024,EM FUNCIONAMENTO
CLÍNICA MÉDICA,15,FEDERAL,PÚBLICA,NORTE,PA,BELÉM,ACADÊMICO,ONCOLOGIA E CIÊNCIAS MÉDICAS,5,2011,EM FUNCIONAMENTO
NÃO SE APLICA,10,FEDERAL,PÚBLICA,NORTE,PA,BELÉM,PROFISSIONAL,PROCESSOS CONSTRUTIVOS E SANEAMENTO URBANO,3,2011,EM FUNCIONAMENTO
NÃO SE APLICA,41,FEDERAL,PÚBLICA,NORTE,PA,BELÉM,ACADÊMICO,ESTUDOS DA LINGUAGEM,A,2024,EM FUNCIONAMENTO
NÃO SE APLICA,3,FEDERAL,PÚBLICA,NORTE,PA,BELÉM,ACADÊMICO,FÍSICA,6,2002,EM FUNCIONAMENTO
NÃO SE APLICA,5,FEDERAL,PÚBLICA,NORTE,PA,BELÉM,ACADÊMICO,GEOFÍSICA,4,1992,EM FUNCIONAMENTO
NÃO SE APLICA,2,FEDERAL,PÚBLICA,NORTE,PA,TUCURUÍ,PROFISSIONAL,COMPUTAÇÃO APLICADA,3,2016,EM FUNCIONAMENTO
NÃO SE APLICA,32,FEDERAL,PÚBLICA,NORTE,PA,BELÉM,ACADÊMICO,SERVIÇO SOCIAL,5,1996,EM FUNCIONAMENTO
NÃO SE APLICA,26,FEDERAL,PÚBLICA,NORTE,PA,BELÉM,ACADÊMICO,DIREITO,5,1984,EM FUNCIONAMENTO
NÃO SE APLICA,12,FEDERAL,PÚBLICA,NORTE,PA,ANANINDEUA,ACADÊMICO,CIÊNCIA E ENGENHARIA DE MATERIAIS,3,2020,EM FUNCIONAMENTO
"ENGENHARIA, TECNOLOGIA E GESTÃO",45,FEDERAL,PÚBLICA,NORTE,PA,BELÉM,ACADÊMICO,CIÊNCIAS DO PATRIMÔNIO CULTURAL,3,2019,EM FUNCIONAMENTO
POLÍTICAS E DESENVOLVIMENTO DE TERRITÓRIOS,45,FEDERAL,PÚBLICA,NORTE,PA,BELÉM,ACADÊMICO,AGRICULTURAS AMAZÔNICAS,5,2000,EM FUNCIONAMENTO
NÃO SE APLICA,1,FEDERAL,PÚBLICA,NORTE,PA,BELÉM,ACADÊMICO,MATEMÁTICA E ESTATÍSTICA,4,2004,EM FUNCIONAMENTO
NÃO SE APLICA,40,FEDERAL,PÚBLICA,NORTE,PA,BELÉM,ACADÊMICO,HISTÓRIA,5,2004,EM FUNCIONAMENTO
NÃO SE APLICA,38,FEDERAL,PÚBLICA,NORTE,PA,BELÉM,ACADÊMICO,EDUCAÇÃO NA AMAZÔNIA,4,2020,EM FUNCIONAMENTO
"SOCIAIS, CULTURAS E HUMANIDADES",45,FEDERAL,PÚBLICA,NORTE,PA,CASTANHAL,ACADÊMICO,ESTUDOS ANTRÓPICOS NA AMAZÔNIA,4,2017,EM FUNCIONAMENTO
NÃO SE APLICA,39,FEDERAL,PÚBLICA,NORTE,PA,BELÉM,ACADÊMICO,CIÊNCIA POLÍTICA,4,2008,EM FUNCIONAMENTO
NÃO SE APLICA,13,FEDERAL,PÚBLICA,NORTE,PA,BELÉM,ACADÊMICO,ENGENHARIA NAVAL,3,2015,EM FUNCIONAMENTO
NÃO SE APLICA,48,FEDERAL,PÚBLICA,NORTE,PA,BELÉM,ACADÊMICO,BIODIVERSIDADE E BIOTECNOLOGIA - REDE BIONORTE,5,2012,EM FUNCIONAMENTO
NÃO SE APLICA,4,FEDERAL,PÚBLICA,NORTE,PA,BELÉM,ACADÊMICO,QUÍMICA,3,1987,EM FUNCIONAMENTO
NÃO SE APLICA,12,FEDERAL,PÚBLICA,NORTE,PA,BELÉM,ACADÊMICO,ENGENHARIA QUÍMICA,4,1992,EM FUNCIONAMENTO
NÃO SE APLICA,31,FEDERAL,PÚBLICA,NORTE,PA,BELÉM,ACADÊMICO,"COMUNICAÇÃO, CULTURA E AMAZÔNIA",5,2010,EM FUNCIONAMENTO
NÃO SE APLICA,33,FEDERAL,PÚBLICA,NORTE,PA,BELÉM,ACADÊMICO,FILOSOFIA,4,2011,EM FUNCIONAMENTO
NÃO SE APLICA,29,FEDERAL,PÚBLICA,NORTE,PA,BELÉM,ACADÊMICO,ARQUITETURA E URBANISMO,5,2010,EM FUNCIONAMENTO
NÃO SE APLICA,19,FEDERAL,PÚBLICA,NORTE,PA,BELÉM,ACADÊMICO,CIÊNCIAS FARMACÊUTICAS,4,2006,EM FUNCIONAMENTO
NÃO SE APLICA,46,FEDERAL,PÚBLICA,NORTE,PA,BELÉM,PROFISSIONAL,CRIATIVIDADE E INOVAÇÃO EM METODOLOGIAS DE ENSINO SUPERIOR,4,2017,EM FUNCIONAMENTO
ANÁLISE,1,FEDERAL,PÚBLICA,NORTE,PA,BELÉM,ACADÊMICO,MATEMÁTICA - UFPA - UFAM,4,2010,EM FUNCIONAMENTO
NÃO SE APLICA,6,FEDERAL,PÚBLICA,NORTE,PA,BELÉM,ACADÊMICO,GENÉTICA E BIOLOGIA MOLECULAR,6,2001,EM FUNCIONAMENTO
NÃO SE APLICA,2,FEDERAL,PÚBLICA,NORTE,PA,BELÉM,ACADÊMICO,CIÊNCIA DA COMPUTAÇÃO,5,2005,EM FUNCIONAMENTO
NÃO SE APLICA,35,FEDERAL,PÚBLICA,NORTE,PA,BELÉM,ACADÊMICO,ANTROPOLOGIA,5,2010,EM FUNCIONAMENTO
MÚSICA,11,FEDERAL,PÚBLICA,NORTE,PA,BELÉM,PROFISSIONAL,MÚSICA,A,2024,EM FUNCIONAMENTO
NÃO SE APLICA,7,FEDERAL,PÚBLICA,NORTE,PA,ALTAMIRA,ACADÊMICO,BIODIVERSIDADE E CONSERVAÇÃO,3,2014,EM FUNCIONAMENTO
"SOCIAIS, CULTURAS E HUMANIDADES",45,FEDERAL,PÚBLICA,NORTE,PA,BELÉM,PROFISSIONAL,SEGURANÇA PUBLICA,4,2011,EM FUNCIONAMENTO
ECONOMIA MONETÁRIA E FISCAL,28,FEDERAL,PÚBLICA,NORTE,PA,BELÉM,PROFISSIONAL,ECONOMIA APLICADA,3,2019,EM FUNCIONAMENTO
NÃO SE APLICA,10,FEDERAL,PÚBLICA,NORTE,PA,BELÉM,ACADÊMICO,ENGENHARIA CIVIL,4,1999,EM FUNCIONAMENTO
"SOCIAIS, CULTURAS E HUMANIDADES",45,FEDERAL,PÚBLICA,NORTE,PA,ABAETETUBA,ACADÊMICO,"CIDADES, TERRITÓRIOS, IDENTIDADES E EDUCAÇÃO",3,2017,EM FUNCIONAMENTO
NÃO SE APLICA,49,FEDERAL,PÚBLICA,NORTE,PA,BELÉM,PROFISSIONAL,CIÊNCIAS E MEIO AMBIENTE,4,2012,EM FUNCIONAMENTO
NÃO SE APLICA,13,FEDERAL,PÚBLICA,NORTE,PA,BELÉM,ACADÊMICO,ENGENHARIA MECÂNICA,4,1994,EM FUNCIONAMENTO
NÃO SE APLICA,23,FEDERAL,PÚBLICA,NORTE,PA,CASTANHAL,ACADÊMICO,CIÊNCIA ANIMAL,4,1999,EM FUNCIONAMENTO
NÃO SE APLICA,28,FEDERAL,PÚBLICA,NORTE,PA,BELÉM,ACADÊMICO,ECONOMIA,5,2006,EM FUNCIONAMENTO
NÃO SE APLICA,6,FEDERAL,PÚBLICA,NORTE,PA,BELÉM,PROFISSIONAL,ANÁLISES CLÍNICAS,3,2013,EM FUNCIONAMENTO
NÃO SE APLICA,31,FEDERAL,PÚBLICA,NORTE,PA,BELÉM,ACADÊMICO,CIÊNCIA DA INFORMAÇÃO,4,2017,EM FUNCIONAMENTO
POLÍTICAS E DESENVOLVIMENTO DE TERRITÓRIOS,45,FEDERAL,PÚBLICA,NORTE,PA,BELÉM,PROFISSIONAL,GESTAO DOS RECURSOS NATURAIS E DESENVOLVIMENTO LOCAL NA AMAZONIA,5,2007,EM FUNCIONAMENTO
NÃO SE APLICA,10,FEDERAL,PÚBLICA,NORTE,PA,BELÉM,PROFISSIONAL,ENGENHARIA SANITÁRIA E AMBIENTAL - PPGESA,3,2020,EM FUNCIONAMENTO
NÃO SE APLICA,49,FEDERAL,PÚBLICA,NORTE,PA,BELÉM,ACADÊMICO,OCEANOGRAFIA,3,2019,EM FUNCIONAMENTO
NÃO SE APLICA,7,FEDERAL,PÚBLICA,NORTE,PA,BELÉM,ACADÊMICO,ECOLOGIA AQUÁTICA E PESCA,5,2007,EM FUNCIONAMENTO
NÃO SE APLICA,19,FEDERAL,PÚBLICA,NORTE,PA,BELÉM,PROFISSIONAL,ASSISTÊNCIA FARMACÊUTICA,3,2018,EM FUNCIONAMENTO
CLÍNICA MÉDICA,16,FEDERAL,PÚBLICA,NORTE,PA,BELÉM,PROFISSIONAL,SAÚDE NA AMAZÔNIA,3,2011,EM FUNCIONAMENTO
NÃO SE APLICA,10,FEDERAL,PÚBLICA,NORTE,PA,TUCURUÍ,ACADÊMICO,ENGENHARIA DE INFRAESTRUTURA E DESENVOLVIMENTO ENERGÉTICO,3,2016,EM FUNCIONAMENTO
NÃO SE APLICA,26,FEDERAL,PÚBLICA,NORTE,PA,BELÉM,PROFISSIONAL,DIREITO E DESENVOLVIMENTO NA AMAZÔNIA,A,2021,EM FUNCIONAMENTO
NÃO SE APLICA,20,FEDERAL,PÚBLICA,NORTE,PA,BELÉM,ACADÊMICO,ENFERMAGEM,3,2011,EM FUNCIONAMENTO
NÃO SE APLICA,37,FEDERAL,PÚBLICA,NORTE,PA,BELÉM,ACADÊMICO,PSICOLOGIA,4,2005,EM FUNCIONAMENTO
NÃO SE APLICA,19,FEDERAL,PÚBLICA,NORTE,PA,BELÉM,ACADÊMICO,QUÍMICA MEDICINAL E MODELAGEM MOLECULAR,3,2015,EM FUNCIONAMENTO
NÃO SE APLICA,21,FEDERAL,PÚBLICA,NORTE,PA,BELÉM,ACADÊMICO,CIÊNCIAS DO MOVIMENTO HUMANO,3,2019,EM FUNCIONAMENTO
NÃO SE APLICA,9,FEDERAL,PÚBLICA,NORTE,PA,BELÉM,ACADÊMICO,BIOLOGIA DE AGENTES INFECCIOSOS E PARASITÁRIOS,6,2004,EM FUNCIONAMENTO
NÃO SE APLICA,7,FEDERAL,PÚBLICA,NORTE,PA,BELÉM,ACADÊMICO,ZOOLOGIA,5,1996,EM FUNCIONAMENTO
NÃO SE APLICA,7,FEDERAL,PÚBLICA,NORTE,PA,BELÉM,ACADÊMICO,ECOLOGIA,5,2015,EM FUNCIONAMENTO
NÃO SE APLICA,34,FEDERAL,PÚBLICA,NORTE,PA,BELÉM,ACADÊMICO,SOCIOLOGIA E ANTROPOLOGIA,5,2002,EM FUNCIONAMENTO
NÃO SE APLICA,49,FEDERAL,PÚBLICA,NORTE,PA,BELÉM,PROFISSIONAL,GESTÃO DE RISCOS E DESASTRES NATURAIS NA AMAZÔNIA,3,2016,EM FUNCIONAMENTO
NÃO SE APLICA,37,FEDERAL,PÚBLICA,NORTE,PA,BELÉM,ACADÊMICO,PSICOLOGIA (TEORIA E PESQUISA DO COMPORTAMENTO),6,1987,EM FUNCIONAMENTO
NÃO SE APLICA,8,FEDERAL,PÚBLICA,NORTE,PA,BELÉM,ACADÊMICO,FARMACOLOGIA E BIOQUÍMICA,A,2021,EM FUNCIONAMENTO
NÃO SE APLICA,38,FEDERAL,PÚBLICA,NORTE,PA,BELÉM,ACADÊMICO,CURRÍCULO E GESTÃO DA ESCOLA BÁSICA,4,2016,EM FUNCIONAMENTO
NÃO SE APLICA,49,FEDERAL,PÚBLICA,NORTE,PA,BELÉM,ACADÊMICO,CIÊNCIAS AMBIENTAIS,5,2005,EM FUNCIONAMENTO
NÃO SE APLICA,11,FEDERAL,PÚBLICA,NORTE,PA,BELÉM,ACADÊMICO,ARTES,5,2009,EM FUNCIONAMENTO
NÃO SE APLICA,25,FEDERAL,PÚBLICA,NORTE,PA,BELÉM,ACADÊMICO,CIÊNCIA E TECNOLOGIA DE ALIMENTOS,5,2003,EM FUNCIONAMENTO
ENSINO DE CIÊNCIAS E MATEMÁTICA,46,FEDERAL,PÚBLICA,NORTE,PA,BELÉM,PROFISSIONAL,DOCÊNCIA EM EDUCAÇÃO EM CIÊNCIAS E MATEMÁTICAS,5,2014,EM FUNCIONAMENTO
NÃO SE APLICA,19,FEDERAL,PÚBLICA,NORTE,PA,BELÉM,ACADÊMICO,INOVAÇÃO FARMACÊUTICA,4,2012,EM FUNCIONAMENTO
NÃO SE APLICA,38,FEDERAL,PÚBLICA,NORTE,PA,CAMETÁ,ACADÊMICO,EDUCAÇÃO E CULTURA,3,2014,EM FUNCIONAMENTO
NÃO SE APLICA,14,FEDERAL,PÚBLICA,NORTE,PA,BELÉM,ACADÊMICO,ENGENHARIA ELÉTRICA,5,1986,EM FUNCIONAMENTO
NÃO SE APLICA,41,FEDERAL,PÚBLICA,NORTE,PA,BELÉM,ACADÊMICO,LETRAS: LINGÜÍSTICA E TEORIA LITERÁRIA,6,1987,EM FUNCIONAMENTO
OCEANOGRAFIA BIOLÓGICA,7,FEDERAL,PÚBLICA,NORTE,PA,BRAGANÇA,ACADÊMICO,BIOLOGIA AMBIENTAL,4,2000,EM FUNCIONAMENTO
NÃO SE APLICA,42,FEDERAL,PÚBLICA,NORTE,PA,BELÉM,ACADÊMICO,CIÊNCIAS FLORESTAIS,4,2013,EM FUNCIONAMENTO
NÃO SE APLICA,23,FEDERAL,PÚBLICA,NORTE,PA,BELÉM,ACADÊMICO,AQUICULTURA E RECURSOS AQUÁTICOS TROPICAIS,3,2010,EM FUNCIONAMENTO
NÃO SE APLICA,24,FEDERAL,PÚBLICA,NORTE,PA,BELÉM,ACADÊMICO,SAÚDE E PRODUÇÃO ANIMAL NA AMAZÔNIA,5,2010,EM FUNCIONAMENTO
NÃO SE APLICA,42,FEDERAL,PÚBLICA,NORTE,PA,BELÉM,ACADÊMICO,AGRONOMIA,5,1995,EM FUNCIONAMENTO
REPRODUÇÃO ANIMAL,24,FEDERAL,PÚBLICA,NORTE,PA,BELÉM,ACADÊMICO,REPRODUÇÃO ANIMAL NA AMAZÔNIA,4,2019,EM FUNCIONAMENTO
NÃO SE APLICA,48,FEDERAL,PÚBLICA,NORTE,PA,BELÉM,ACADÊMICO,BIOTECNOLOGIA APLICADA À AGROPECUÁRIA,3,2012,EM FUNCIONAMENTO
NÃO SE APLICA,7,FEDERAL,PÚBLICA,NORTE,PA,BELÉM,ACADÊMICO,CIÊNCIAS BIOLÓGICAS,4,2001,EM FUNCIONAMENTO
"SOCIAIS, CULTURAS E HUMANIDADES",45,PARTICULAR,PRIVADA,NORTE,PA,BELÉM,ACADÊMICO,"COMUNICAÇÃO, LINGUAGENS E CULTURA",4,2009,EM FUNCIONAMENTO
NÃO SE APLICA,27,PARTICULAR,PRIVADA,NORTE,PA,BELÉM,ACADÊMICO,ADMINISTRAÇÃO,4,2009,EM FUNCIONAMENTO
POLÍTICAS E DESENVOLVIMENTO DE TERRITÓRIOS,45,PARTICULAR,PRIVADA,NORTE,PA,BELÉM,PROFISSIONAL,GESTÃO DE CONHECIMENTOS PARA O DESENVOLVIMENTO SOCIOAMBIENTAL,3,2019,EM FUNCIONAMENTO
NÃO SE APLICA,30,PARTICULAR,PRIVADA,NORTE,PA,BELÉM,ACADÊMICO,DESENVOLVIMENTO E MEIO AMBIENTE URBANO,4,2007,EM FUNCIONAMENTO
DIREITOS ESPECIAIS,26,PARTICULAR,PRIVADA,NORTE,PA,BELÉM,ACADÊMICO,DIREITOS FUNDAMENTAIS,3,2014,EM FUNCIONAMENTO
NÃO SE APLICA,46,ESTADUAL,PÚBLICA,NORTE,PA,BELÉM,PROFISSIONAL,EDUCAÇÃO E ENSINO DE CIÊNCIAS NA AMAZÔNIA,3,2020,EM FUNCIONAMENTO
NÃO SE APLICA,21,ESTADUAL,PÚBLICA,NORTE,PA,BELÉM,ACADÊMICO,REABILITAÇÃO E DESEMPENHO FUNCIONAL,A,2024,EM FUNCIONAMENTO
NÃO SE APLICA,46,ESTADUAL,PÚBLICA,NORTE,PA,BELÉM,PROFISSIONAL,ENSINO EM SAÚDE NA AMAZÔNIA,4,2012,EM FUNCIONAMENTO
MÚSICA,11,ESTADUAL,PÚBLICA,NORTE,PA,BELÉM,ACADÊMICO,MÚSICA NA AMAZÔNIA (PPGMUSA),A,2024,EM FUNCIONAMENTO
NÃO SE APLICA,41,ESTADUAL,PÚBLICA,NORTE,PA,BELÉM,PROFISSIONAL,ENSINO DE LÍNGUA PORTUGUESA E SUAS RESPECTIVAS LITERATURAS,3,2019,EM FUNCIONAMENTO
NÃO SE APLICA,36,ESTADUAL,PÚBLICA,NORTE,PA,BELÉM,ACADÊMICO,GEOGRAFIA,3,2019,EM FUNCIONAMENTO
CIRURGIA,17,ESTADUAL,PÚBLICA,NORTE,PA,BELÉM,PROFISSIONAL,CIRURGIA E PESQUISA EXPERIMENTAL,4,2014,EM FUNCIONAMENTO
NÃO SE APLICA,20,ESTADUAL,PÚBLICA,NORTE,PA,BELÉM,ACADÊMICO,ENFERMAGEM,4,2010,EM FUNCIONAMENTO
"ENGENHARIA, TECNOLOGIA E GESTÃO",45,ESTADUAL,PÚBLICA,NORTE,PA,BELÉM,ACADÊMICO,"TECNOLOGIA, RECURSOS NATURAIS E SUSTENTABILIDADE NA AMAZÔNIA",A,2021,EM FUNCIONAMENTO
NÃO SE APLICA,38,ESTADUAL,PÚBLICA,NORTE,PA,BELÉM,ACADÊMICO,EDUCAÇÃO,4,2005,EM FUNCIONAMENTO
NÃO SE APLICA,46,ESTADUAL,PÚBLICA,NORTE,PA,BELÉM,PROFISSIONAL,ENSINO DE MATEMÁTICA,3,2015,EM FUNCIONAMENTO
BIOLOGIA E FISIOLOGIA DOS MICROORGANISMOS,9,ESTADUAL,PÚBLICA,NORTE,PA,BELÉM,ACADÊMICO,BIOLOGIA PARASITÁRIA NA AMAZÔNIA,4,2009,EM FUNCIONAMENTO
POLÍTICAS E DESENVOLVIMENTO DE TERRITÓRIOS,45,ESTADUAL,PÚBLICA,NORTE,PA,BELÉM,ACADÊMICO,CIÊNCIAS AMBIENTAIS,4,2011,EM FUNCIONAMENTO
NÃO SE APLICA,46,ESTADUAL,PÚBLICA,NORTE,PA,BELÉM,PROFISSIONAL,EDUCAÇÃO ESCOLAR INDÍGENA,3,2018,EM FUNCIONAMENTO
NÃO SE APLICA,44,ESTADUAL,PÚBLICA,NORTE,PA,BELÉM,ACADÊMICO,CIÊNCIAS DA RELIGIÃO,4,2011,EM FUNCIONAMENTO
NÃO SE APLICA,12,FEDERAL,PÚBLICA,NORTE,PA,BELÉM,PROFISSIONAL,ENGENHARIA DE MATERIAIS,3,2016,EM FUNCIONAMENTO
POLÍTICAS E DESENVOLVIMENTO DE TERRITÓRIOS,45,FEDERAL,PÚBLICA,NORTE,PA,CASTANHAL,PROFISSIONAL,DESENVOLVIMENTO RURAL E GESTÃO DE EMPREEND. AGROALIMENTARES,4,2013,EM FUNCIONAMENTO
NÃO SE APLICA,49,FEDERAL,PÚBLICA,NORTE,PA,SANTARÉM,ACADÊMICO,"SOCIEDADE, NATUREZA E DESENVOLVIMENTO",4,2013,EM FUNCIONAMENTO
NÃO SE APLICA,24,FEDERAL,PÚBLICA,NORTE,PA,SANTARÉM,ACADÊMICO,CIÊNCIAS ANIMAL,A,2024,EM FUNCIONAMENTO
FISIOLOGIA GERAL,8,FEDERAL,PÚBLICA,NORTE,PA,SANTARÉM,ACADÊMICO,BIOCIÊNCIAS,3,2013,EM FUNCIONAMENTO
NÃO SE APLICA,49,FEDERAL,PÚBLICA,NORTE,PA,SANTARÉM,ACADÊMICO,RECURSOS NATURAIS DA AMAZÔNIA,3,2009,EM FUNCIONAMENTO
NÃO SE APLICA,41,FEDERAL,PÚBLICA,NORTE,PA,SANTARÉM,ACADÊMICO,LETRAS,A,2022,EM FUNCIONAMENTO
SAÚDE E BIOLÓGICAS,45,FEDERAL,PÚBLICA,NORTE,PA,SANTARÉM,ACADÊMICO,"SOCIEDADE, AMBIENTE E QUALIDADE DE VIDA",3,2016,EM FUNCIONAMENTO
NÃO SE APLICA,35,FEDERAL,PÚBLICA,NORTE,PA,SANTARÉM,ACADÊMICO,ANTROPOLOGIA E ARQUEOLOGIA,A,2024,EM FUNCIONAMENTO
NÃO SE APLICA,7,FEDERAL,PÚBLICA,NORTE,PA,SANTARÉM,ACADÊMICO,BIODIVERSIDADE,3,2017,EM FUNCIONAMENTO
NÃO SE APLICA,15,FEDERAL,PÚBLICA,NORTE,PA,SANTARÉM,ACADÊMICO,CIÊNCIAS DA SAÚDE,3,2019,EM FUNCIONAMENTO
NÃO SE APLICA,38,FEDERAL,PÚBLICA,NORTE,PA,SANTARÉM,ACADÊMICO,EDUCAÇÃO,4,2014,EM FUNCIONAMENTO
"SOCIAIS, CULTURAS E HUMANIDADES",45,FEDERAL,PÚBLICA,NORTE,PA,SANTARÉM,ACADÊMICO,CIÊNCIAS DA SOCIEDADE,3,2016,EM FUNCIONAMENTO
EPIDEMIOLOGIA,22,FEDERAL,PÚBLICA,NORTE,PA,ANANINDEUA,ACADÊMICO,EPIDEMIOLOGIA E VIGILÂNCIA EM SAÚDE,3,2016,EM FUNCIONAMENTO
NÃO SE APLICA,9,FEDERAL,PÚBLICA,NORTE,PA,ANANINDEUA,ACADÊMICO,VIROLOGIA,4,2012,EM FUNCIONAMENTO
CLÍNICA ODONTOLÓGICA,18,PARTICULAR,PRIVADA,NORTE,PA,BELÉM,PROFISSIONAL,CLÍNICA ODONTOLÓGICA,4,2016,EM FUNCIONAMENTO
NÃO SE APLICA,49,PARTICULAR,PRIVADA,NORTE,PA,BELÉM,PROFISSIONAL,INTELIGÊNCIA TERRITORIAL E SUSTENTABILIDADE,A,2024,EM FUNCIONAMENTO
NÃO SE APLICA,46,PARTICULAR,PRIVADA,NORTE,PA,BELÉM,PROFISSIONAL,ENSINO EM SAÚDE,3,2015,EM FUNCIONAMENTO
NÃO SE APLICA,26,PARTICULAR,PRIVADA,NORTE,PA,BELÉM,ACADÊMICO,"DIREITO, POLÍTICAS PÚBLICAS E DESENVOLVIMENTO REGIONAL",4,2012,EM FUNCIONAMENTO
SAÚDE E BIOLÓGICAS,45,ESTADUAL,PÚBLICA,NORTE,PA,BELÉM,PROFISSIONAL,GESTÃO E SAÚDE NA AMAZÔNIA,3,2012,EM FUNCIONAMENTO
NÃO SE APLICA,49,PARTICULAR,PRIVADA,NORTE,PA,BELÉM,PROFISSIONAL,USO SUSTENTÁVEL DE RECURSOS NATURAIS EM REGIÕES TROPICAIS,4,2013,EM FUNCIONAMENTO
NÃO SE APLICA,41,FEDERAL,PÚBLICA,NORTE,PA,MARABÁ,ACADÊMICO,LETRAS,4,2017,EM FUNCIONAMENTO
NÃO SE APLICA,40,FEDERAL,PÚBLICA,NORTE,PA,MARABÁ,ACADÊMICO,HISTÓRIA,3,2019,EM FUNCIONAMENTO
POLÍTICAS E DESENVOLVIMENTO DE TERRITÓRIOS,45,FEDERAL,PÚBLICA,NORTE,PA,MARABÁ,ACADÊMICO,DINÂMICAS TERRITORIAIS E SOCIEDADE NA AMAZÔNIA,4,2012,EM FUNCIONAMENTO
ENSINO DE CIÊNCIAS E MATEMÁTICA,46,FEDERAL,PÚBLICA,NORTE,PA,MARABÁ,ACADÊMICO,EDUCAÇÃO EM CIÊNCIAS EM MATEMÁTICA,3,2018,EM FUNCIONAMENTO
"ENGENHARIA, TECNOLOGIA E GESTÃO",45,FEDERAL,PÚBLICA,NORTE,PA,MARABÁ,PROFISSIONAL,CIÊNCIAS FORENSES,A,2021,EM FUNCIONAMENTO
NÃO SE APLICA,36,FEDERAL,PÚBLICA,NORTE,PA,MARABÁ,ACADÊMICO,GEOGRAFIA,A,2024,EM FUNCIONAMENTO
NÃO SE APLICA,30,FEDERAL,PÚBLICA,NORTE,PA,MARABÁ,ACADÊMICO,PLANEJAMENTO E DESENVOLVIMENTO REGIONAL E URBANO NA AMAZÔNIA,3,2019,EM FUNCIONAMENTO
NÃO SE APLICA,4,FEDERAL,PÚBLICA,NORTE,PA,MARABÁ,ACADÊMICO,QUIMICA,3,2017,EM FUNCIONAMENTO
ECOLOGIA DE ECOSSISTEMAS,7,FEDERAL,PÚBLICA,NORTE,PA,BELÉM,ACADÊMICO,BIODIVERSIDADE E EVOLUÇÃO,4,2015,EM FUNCIONAMENTO
NÃO SE APLICA,35,FEDERAL,PÚBLICA,NORTE,PA,BELÉM,ACADÊMICO,DIVERSIDADE SOCIOCULTURAL,3,2019,EM FUNCIONAMENTO
NÃO SE APLICA,30,FEDERAL,PÚBLICA,NORTE,TO,PALMAS,PROFISSIONAL,GESTÃO DE POLÍTICAS PÚBLICAS,4,2013,EM FUNCIONAMENTO
NÃO SE APLICA,46,FEDERAL,PÚBLICA,NORTE,TO,PALMAS,ACADÊMICO,ENSINO EM CIÊNCIAS E SAÚDE,3,2016,EM FUNCIONAMENTO
NÃO SE APLICA,25,FEDERAL,PÚBLICA,NORTE,TO,PALMAS,ACADÊMICO,CIÊNCIA E TECNOLOGIA DE ALIMENTOS,4,2012,EM FUNCIONAMENTO
NÃO SE APLICA,7,FEDERAL,PÚBLICA,NORTE,TO,PORTO NACIONAL,ACADÊMICO,"BIODIVERSIDADE, ECOLOGIA E CONSERVAÇÃO.",3,2008,EM FUNCIONAMENTO
NÃO SE APLICA,42,FEDERAL,PÚBLICA,NORTE,TO,GURUPI,ACADÊMICO,CIÊNCIAS FLORESTAIS E AMBIENTAIS,4,2013,EM FUNCIONAMENTO
NÃO SE APLICA,49,FEDERAL,PÚBLICA,NORTE,TO,PALMAS,ACADÊMICO,CIÊNCIAS DO AMBIENTE,5,2003,EM FUNCIONAMENTO
NÃO SE APLICA,48,FEDERAL,PÚBLICA,NORTE,TO,GURUPI,ACADÊMICO,BIOTECNOLOGIA,4,2012,EM FUNCIONAMENTO
"SOCIAIS, CULTURAS E HUMANIDADES",45,FEDERAL,PÚBLICA,NORTE,TO,PALMAS,PROFISSIONAL,PRESTAÇÃO JURISDICIONAL E DIREITOS HUMANOS,4,2013,EM FUNCIONAMENTO
NÃO SE APLICA,36,FEDERAL,PÚBLICA,NORTE,TO,PORTO NACIONAL,ACADÊMICO,GEOGRAFIA,4,2011,EM FUNCIONAMENTO
"ENGENHARIA, TECNOLOGIA E GESTÃO",45,FEDERAL,PÚBLICA,NORTE,TO,PALMAS,PROFISSIONAL,GOVERNANÇA E TRANSFORMAÇÃO DIGITAL,5,2012,EM FUNCIONAMENTO
ENGENHARIA DE PROCESSAMENTO DE PRODUTOS AGRÍCOLAS,42,FEDERAL,PÚBLICA,NORTE,TO,PALMAS,ACADÊMICO,AGROENERGIA DIGITAL,3,2008,EM FUNCIONAMENTO
NÃO SE APLICA,40,FEDERAL,PÚBLICA,NORTE,TO,PALMAS,PROFISSIONAL,HISTÓRIA DAS POPULAÇÕES AMAZÔNICAS,3,2019,EM FUNCIONAMENTO
NÃO SE APLICA,4,FEDERAL,PÚBLICA,NORTE,TO,GURUPI,ACADÊMICO,QUÍMICA,3,2017,EM FUNCIONAMENTO
NÃO SE APLICA,10,FEDERAL,PÚBLICA,NORTE,TO,PALMAS,PROFISSIONAL,ENGENHARIA AMBIENTAL,3,2011,EM FUNCIONAMENTO
NÃO SE APLICA,38,FEDERAL,PÚBLICA,NORTE,TO,PALMAS,ACADÊMICO,EDUCAÇAO,3,2012,EM FUNCIONAMENTO
NÃO SE APLICA,30,FEDERAL,PÚBLICA,NORTE,TO,PALMAS,ACADÊMICO,DESENVOLVIMENTO REGIONAL,5,2007,EM FUNCIONAMENTO
NÃO SE APLICA,31,FEDERAL,PÚBLICA,NORTE,TO,PALMAS,ACADÊMICO,COMUNICAÇÃO E SOCIEDADE,3,2016,EM FUNCIONAMENTO
SAÚDE E BIOLÓGICAS,45,FEDERAL,PÚBLICA,NORTE,TO,PALMAS,PROFISSIONAL,CIÊNCIAS DA SAÚDE,4,2007,EM FUNCIONAMENTO
NÃO SE APLICA,33,FEDERAL,PÚBLICA,NORTE,TO,PALMAS,ACADÊMICO,FILOSOFIA,A,2024,EM FUNCIONAMENTO
NÃO SE APLICA,42,FEDERAL,PÚBLICA,NORTE,TO,GURUPI,ACADÊMICO,PRODUÇÃO VEGETAL,5,2006,EM FUNCIONAMENTO
ENSINO-APRENDIZAGEM,38,FEDERAL,PÚBLICA,NORTE,TO,PALMAS,PROFISSIONAL,EDUCAÇÃO,3,2017,EM FUNCIONAMENTO
NÃO SE APLICA,32,FEDERAL,PÚBLICA,NORTE,TO,MIRACEMA DO TOCANTINS,ACADÊMICO,SERVIÇO SOCIAL,3,2019,EM FUNCIONAMENTO
NÃO SE APLICA,41,FEDERAL,PÚBLICA,NORTE,TO,PORTO NACIONAL,ACADÊMICO,LETRAS,4,2015,EM FUNCIONAMENTO
"SOCIAIS, CULTURAS E HUMANIDADES",45,FEDERAL,PÚBLICA,NORTE,TO,ARAGUAÍNA,ACADÊMICO,ESTUDOS DE CULTURA E TERRITÓRIO,4,2015,EM FUNCIONAMENTO
NÃO SE APLICA,41,FEDERAL,PÚBLICA,NORTE,TO,ARAGUAÍNA,ACADÊMICO,LINGUÍSTICA E LITERATURA,5,2010,EM FUNCIONAMENTO
NÃO SE APLICA,36,FEDERAL,PÚBLICA,NORTE,TO,ARAGUAÍNA,ACADÊMICO,GEOGRAFIA,A,2024,EM FUNCIONAMENTO
NÃO SE APLICA,30,FEDERAL,PÚBLICA,NORTE,TO,ARAGUAÍNA,ACADÊMICO,DEMANDAS POPULARES E DINÂMICAS REGIONAIS,3,2017,EM FUNCIONAMENTO
NÃO SE APLICA,46,FEDERAL,PÚBLICA,NORTE,TO,ARAGUAÍNA,ACADÊMICO,ENSINO DE CIÊNCIAS E MATEMÁTICA,3,2019,EM FUNCIONAMENTO
NÃO SE APLICA,23,FEDERAL,PÚBLICA,NORTE,TO,ARAGUAÍNA,ACADÊMICO,INTEGRADO EM ZOOTECNIA NOS TRÓPICOS,4,2006,EM FUNCIONAMENTO
NÃO SE APLICA,24,FEDERAL,PÚBLICA,NORTE,TO,ARAGUAÍNA,ACADÊMICO,SANIDADE ANIMAL E SAÚDE PÚBLICA NOS TRÓPICOS,4,2015,EM FUNCIONAMENTO
CLÍNICA MÉDICA,15,FEDERAL,PÚBLICA,NORDESTE,MA,SÃO LUÍS,ACADÊMICO,CIÊNCIAS DA SAÚDE,5,1999,EM FUNCIONAMENTO
ZOOLOGIA APLICADA,7,FEDERAL,PÚBLICA,NORDESTE,MA,SÃO LUÍS,ACADÊMICO,BIODIVERSIDADE E CONSERVAÇÃO,3,2005,EM FUNCIONAMENTO
NÃO SE APLICA,14,FEDERAL,PÚBLICA,NORDESTE,MA,SÃO LUÍS,ACADÊMICO,ENGENHARIA ELÉTRICA,4,1995,EM FUNCIONAMENTO
NÃO SE APLICA,38,FEDERAL,PÚBLICA,NORDESTE,MA,SÃO LUÍS,ACADÊMICO,EDUCAÇÃO,4,1988,EM FUNCIONAMENTO
NÃO SE APLICA,41,FEDERAL,PÚBLICA,NORDESTE,MA,BACABAL,ACADÊMICO,LETRAS,3,2019,EM FUNCIONAMENTO
NÃO SE APLICA,45,FEDERAL,PÚBLICA,NORDESTE,MA,IMPERATRIZ,ACADÊMICO,SAÚDE E TECNOLOGIA,4,2019,EM FUNCIONAMENTO
NÃO SE APLICA,21,FEDERAL,PÚBLICA,NORDESTE,MA,SÃO LUÍS,ACADÊMICO,EDUCAÇÃO FÍSICA,3,2016,EM FUNCIONAMENTO
ENSINO DE CIÊNCIAS E MATEMÁTICA,46,FEDERAL,PÚBLICA,NORDESTE,MA,SÃO LUÍS,ACADÊMICO,ENSINO DE CIÊNCIAS E MATEMÁTICA,3,2015,EM FUNCIONAMENTO
NÃO SE APLICA,33,FEDERAL,PÚBLICA,NORDESTE,MA,SÃO LUÍS,ACADÊMICO,FILOSOFIA,A,2021,EM FUNCIONAMENTO
NÃO SE APLICA,36,FEDERAL,PÚBLICA,NORDESTE,MA,SÃO LUÍS,ACADÊMICO,"GEOGRAFIA, AMBIENTE E SOCIEDADE",3,2019,EM FUNCIONAMENTO
NÃO SE APLICA,20,FEDERAL,PÚBLICA,NORDESTE,MA,SÃO LUÍS,ACADÊMICO,ENFERMAGEM,3,2011,EM FUNCIONAMENTO
SAÚDE MATERNO-INFANTIL,16,FEDERAL,PÚBLICA,NORDESTE,MA,SÃO LUÍS,ACADÊMICO,SAÚDE DO ADULTO,4,2005,EM FUNCIONAMENTO
NÃO SE APLICA,40,FEDERAL,PÚBLICA,NORDESTE,MA,SÃO LUÍS,ACADÊMICO,HISTÓRIA,4,2011,EM FUNCIONAMENTO
NÃO SE APLICA,23,FEDERAL,PÚBLICA,NORDESTE,MA,CHAPADINHA,ACADÊMICO,CIÊNCIA ANIMAL,3,2012,EM FUNCIONAMENTO
NÃO SE APLICA,26,FEDERAL,PÚBLICA,NORDESTE,MA,SÃO LUÍS,ACADÊMICO,DIREITO E INSTITUIÇÕES DO SISTEMA DE JUSTIÇA,4,2012,EM FUNCIONAMENTO
NÃO SE APLICA,2,FEDERAL,PÚBLICA,NORDESTE,MA,SÃO LUÍS,ACADÊMICO,CIÊNCIA DA COMPUTAÇÃO,4,2011,EM FUNCIONAMENTO
NÃO SE APLICA,34,FEDERAL,PÚBLICA,NORDESTE,MA,SÃO LUÍS,ACADÊMICO,CIÊNCIAS SOCIAIS,4,2003,EM FUNCIONAMENTO
NÃO SE APLICA,38,FEDERAL,PÚBLICA,NORDESTE,MA,IMPERATRIZ,PROFISSIONAL,EDUCAÇÃO E PRÁTICAS EDUCATIVAS,3,2019,EM FUNCIONAMENTO
NÃO SE APLICA,1,FEDERAL,PÚBLICA,NORDESTE,MA,SÃO LUÍS,ACADÊMICO,MATEMATICA,3,2010,EM FUNCIONAMENTO
NÃO SE APLICA,4,FEDERAL,PÚBLICA,NORDESTE,MA,SÃO LUÍS,ACADÊMICO,QUÍMICA UFMA - IFMA,A,2021,EM FUNCIONAMENTO
"SOCIAIS, CULTURAS E HUMANIDADES",45,FEDERAL,PÚBLICA,NORDESTE,MA,SÃO LUÍS,ACADÊMICO,CULTURA E SOCIEDADE,4,2010,EM FUNCIONAMENTO
"ENGENHARIA, TECNOLOGIA E GESTÃO",45,FEDERAL,PÚBLICA,NORDESTE,MA,SÃO LUÍS,PROFISSIONAL,ENERGIA E AMBIENTE,3,2011,EM FUNCIONAMENTO
NÃO SE APLICA,3,FEDERAL,PÚBLICA,NORDESTE,MA,SÃO LUÍS,ACADÊMICO,FÍSICA,5,2005,EM FUNCIONAMENTO
NÃO SE APLICA,5,FEDERAL,PÚBLICA,NORDESTE,MA,SÃO LUÍS,ACADÊMICO,CIÊNCIA E TECNOLOGIA AMBIENTAL,3,2016,EM FUNCIONAMENTO
NÃO SE APLICA,22,FEDERAL,PÚBLICA,NORDESTE,MA,SÃO LUÍS,ACADÊMICO,SAÚDE COLETIVA,5,2007,EM FUNCIONAMENTO
NÃO SE APLICA,32,FEDERAL,PÚBLICA,NORDESTE,MA,SÃO LUÍS,ACADÊMICO,POLÍTICAS PÚBLICAS,6,1993,EM FUNCIONAMENTO
NÃO SE APLICA,49,FEDERAL,PÚBLICA,NORDESTE,MA,SÃO LUÍS,ACADÊMICO,DESENVOLVIMENTO E MEIO AMBIENTE,3,2020,EM FUNCIONAMENTO
NÃO SE APLICA,13,FEDERAL,PÚBLICA,NORDESTE,MA,SÃO LUÍS,ACADÊMICO,ENGENHARIA AEROESPACIAL,3,2019,EM FUNCIONAMENTO
NÃO SE APLICA,38,FEDERAL,PÚBLICA,NORDESTE,MA,SÃO LUÍS,PROFISSIONAL,GESTÃO DE ENSINO DA EDUCAÇÃO BÁSICA,4,2016,EM FUNCIONAMENTO
NÃO SE APLICA,31,FEDERAL,PÚBLICA,NORDESTE,MA,IMPERATRIZ,ACADÊMICO,COMUNICAÇÃO,3,2019,EM FUNCIONAMENTO
NÃO SE APLICA,41,FEDERAL,PÚBLICA,NORDESTE,MA,SÃO LUÍS,ACADÊMICO,LETRAS,3,2015,EM FUNCIONAMENTO
NÃO SE APLICA,29,FEDERAL,PÚBLICA,NORDESTE,MA,SÃO LUÍS,ACADÊMICO,DESIGN,4,2012,EM FUNCIONAMENTO
NÃO SE APLICA,49,FEDERAL,PÚBLICA,NORDESTE,MA,CHAPADINHA,ACADÊMICO,CIÊNCIAS AMBIENTAIS,3,2019,EM FUNCIONAMENTO
NÃO SE APLICA,4,FEDERAL,PÚBLICA,NORDESTE,MA,SÃO LUÍS,ACADÊMICO,QUÍMICA,4,1995,EM FUNCIONAMENTO
NÃO SE APLICA,31,FEDERAL,PÚBLICA,NORDESTE,MA,SÃO LUÍS,PROFISSIONAL,COMUNICAÇÃO,3,2019,EM FUNCIONAMENTO
NÃO SE APLICA,18,FEDERAL,PÚBLICA,NORDESTE,MA,SÃO LUÍS,ACADÊMICO,ODONTOLOGIA,5,2008,EM FUNCIONAMENTO
NÃO SE APLICA,28,FEDERAL,PÚBLICA,NORDESTE,MA,SÃO LUÍS,ACADÊMICO,DESENVOLVIMENTO SOCIOECONÔMICO,3,2011,EM FUNCIONAMENTO
NÃO SE APLICA,2,FEDERAL,PÚBLICA,NORDESTE,MA,SÃO LUÍS,ACADÊMICO,CIÊNCIA DA COMPUTAÇÃO,4,2019,EM FUNCIONAMENTO
TEATRO,11,FEDERAL,PÚBLICA,NORDESTE,MA,SÃO LUÍS,ACADÊMICO,ARTES CÊNICAS,3,2019,EM FUNCIONAMENTO
NÃO SE APLICA,37,FEDERAL,PÚBLICA,NORDESTE,MA,SÃO LUÍS,ACADÊMICO,PSICOLOGIA,3,2012,EM FUNCIONAMENTO
SAÚDE E BIOLÓGICAS,45,FEDERAL,PÚBLICA,NORDESTE,MA,SÃO LUÍS,ACADÊMICO,SAÚDE E AMBIENTE,3,1996,EM FUNCIONAMENTO
NÃO SE APLICA,47,FEDERAL,PÚBLICA,NORDESTE,MA,IMPERATRIZ,ACADÊMICO,CIÊNCIA DOS MATERIAS,4,2013,EM FUNCIONAMENTO
NÃO SE APLICA,34,FEDERAL,PÚBLICA,NORDESTE,MA,IMPERATRIZ,ACADÊMICO,SOCIOLOGIA,3,2019,EM FUNCIONAMENTO
NÃO SE APLICA,42,ESTADUAL,PÚBLICA,NORDESTE,MA,SÃO LUÍS,ACADÊMICO,AGROECOLOGIA,4,1996,EM FUNCIONAMENTO
SAÚDE E BIOLÓGICAS,45,ESTADUAL,PÚBLICA,NORDESTE,MA,CAXIAS,ACADÊMICO,"BIODIVERSIDADE, AMBIENTE E SAÚDE",4,2014,EM FUNCIONAMENTO
NÃO SE APLICA,2,ESTADUAL,PÚBLICA,NORDESTE,MA,SÃO LUÍS,PROFISSIONAL,ENGENHARIA DE COMPUTAÇÃO E SISTEMAS,3,2011,EM FUNCIONAMENTO
PRODUÇÃO ANIMAL,23,ESTADUAL,PÚBLICA,NORDESTE,MA,SÃO LUÍS,ACADÊMICO,PRODUÇÃO ANIMAL,A,2024,EM FUNCIONAMENTO
NÃO SE APLICA,40,ESTADUAL,PÚBLICA,NORDESTE,MA,SÃO LUÍS,PROFISSIONAL,HISTÓRIA,5,2014,EM FUNCIONAMENTO
NÃO SE APLICA,35,ESTADUAL,PÚBLICA,NORDESTE,MA,SÃO LUÍS,ACADÊMICO,CARTOGRAFIA SOCIAL E POLÍTICA DA AMAZÔNIA,4,2013,EM FUNCIONAMENTO
NÃO SE APLICA,36,ESTADUAL,PÚBLICA,NORDESTE,MA,SÃO LUÍS,ACADÊMICO,"GEOGRAFIA, NATUREZA E DINÂMICA DO ESPAÇO",4,2015,EM FUNCIONAMENTO
NÃO SE APLICA,7,ESTADUAL,PÚBLICA,NORDESTE,MA,SÃO LUÍS,ACADÊMICO,ECOLOGIA E CONSERVAÇÃO DA BIODIVERSIDADE,3,2014,EM FUNCIONAMENTO
NÃO SE APLICA,30,ESTADUAL,PÚBLICA,NORDESTE,MA,SÃO LUÍS,ACADÊMICO,DESENVOLVIMENTO SOCIOESPACIAL E REGIONAL,3,2010,EM FUNCIONAMENTO
NÃO SE APLICA,42,ESTADUAL,PÚBLICA,NORDESTE,MA,SÃO LUÍS,ACADÊMICO,AGRICULTURA E AMBIENTE,3,2017,EM FUNCIONAMENTO
NÃO SE APLICA,41,ESTADUAL,PÚBLICA,NORDESTE,MA,SÃO LUÍS,ACADÊMICO,LETRAS,4,2016,EM FUNCIONAMENTO
NÃO SE APLICA,38,ESTADUAL,PÚBLICA,NORDESTE,MA,SÃO LUÍS,PROFISSIONAL,EDUCAÇÃO,3,2019,EM FUNCIONAMENTO
NÃO SE APLICA,24,ESTADUAL,PÚBLICA,NORDESTE,MA,SÃO LUÍS,PROFISSIONAL,DEFESA SANITÁRIA ANIMAL,5,2012,EM FUNCIONAMENTO
NÃO SE APLICA,24,ESTADUAL,PÚBLICA,NORDESTE,MA,SÃO LUÍS,ACADÊMICO,CIÊNCIA ANIMAL,5,2006,EM FUNCIONAMENTO
NÃO SE APLICA,47,FEDERAL,PÚBLICA,NORDESTE,MA,SÃO LUÍS,ACADÊMICO,CIÊNCIA E TECNOLOGIA DE MATERIAIS,3,2005,EM FUNCIONAMENTO
NÃO SE APLICA,4,FEDERAL,PÚBLICA,NORDESTE,MA,SÃO LUÍS,ACADÊMICO,QUÍMICA,3,2016,EM FUNCIONAMENTO
NÃO SE APLICA,26,PARTICULAR,PRIVADA,NORDESTE,MA,SÃO LUÍS,PROFISSIONAL,DIREITO E AFIRMAÇÃO DE VULNERÁVEIS,A,2021,EM FUNCIONAMENTO
NÃO SE APLICA,49,PARTICULAR,PRIVADA,NORDESTE,MA,SÃO LUÍS,ACADÊMICO,MEIO AMBIENTE,4,2016,EM FUNCIONAMENTO
SAÚDE E BIOLÓGICAS,45,PARTICULAR,PRIVADA,NORDESTE,MA,SÃO LUÍS,ACADÊMICO,BIOCIÊNCIAS APLICADAS À SAÚDE,3,2019,EM FUNCIONAMENTO
SAÚDE PÚBLICA,22,PARTICULAR,PRIVADA,NORDESTE,MA,SÃO LUÍS,PROFISSIONAL,GESTÃO E ATENÇÃO À SAÚDE,3,2013,EM FUNCIONAMENTO
ORTODONTIA,18,PARTICULAR,PRIVADA,NORDESTE,MA,SÃO LUÍS,ACADÊMICO,ODONTOLOGIA,4,2007,EM FUNCIONAMENTO
CLÍNICA ODONTOLÓGICA,18,PARTICULAR,PRIVADA,NORDESTE,MA,SÃO LUÍS,ACADÊMICO,ODONTOLOGIA,4,2018,EM FUNCIONAMENTO
SAÚDE E BIOLÓGICAS,45,PARTICULAR,PRIVADA,NORDESTE,MA,SÃO LUÍS,ACADÊMICO,SAÚDE BIOPSICOSSOCIAL,A,2024,EM FUNCIONAMENTO
NÃO SE APLICA,7,FEDERAL,PÚBLICA,NORDESTE,PI,FLORIANO,ACADÊMICO,BIODIVERSIDADE E CONSERVAÇÃO,3,2020,EM FUNCIONAMENTO
CIRURGIA,17,FEDERAL,PÚBLICA,NORDESTE,PI,TERESINA,PROFISSIONAL,SAÚDE DA MULHER,3,2015,EM FUNCIONAMENTO
NÃO SE APLICA,35,FEDERAL,PÚBLICA,NORDESTE,PI,TERESINA,ACADÊMICO,ANTROPOLOGIA,3,2009,EM FUNCIONAMENTO
NÃO SE APLICA,14,FEDERAL,PÚBLICA,NORDESTE,PI,TERESINA,ACADÊMICO,ENGENHARIA ELÉTRICA,3,2016,EM FUNCIONAMENTO
NÃO SE APLICA,23,FEDERAL,PÚBLICA,NORDESTE,PI,TERESINA,ACADÊMICO,ZOOTECNIA TROPICAL,4,1999,EM FUNCIONAMENTO
NÃO SE APLICA,21,FEDERAL,PÚBLICA,NORDESTE,PI,TERESINA,ACADÊMICO,CIÊNCIAS DO MOVIMENTO,A,2024,EM FUNCIONAMENTO
NÃO SE APLICA,42,FEDERAL,PÚBLICA,NORDESTE,PI,TERESINA,ACADÊMICO,AGRONOMIA,4,2003,EM FUNCIONAMENTO
NÃO SE APLICA,39,FEDERAL,PÚBLICA,NORDESTE,PI,TERESINA,ACADÊMICO,CIÊNCIA POLÍTICA,3,2019,EM FUNCIONAMENTO
POLÍTICAS E DESENVOLVIMENTO DE TERRITÓRIOS,45,FEDERAL,PÚBLICA,NORDESTE,PI,TERESINA,PROFISSIONAL,GESTÃO PÚBLICA,3,2016,EM FUNCIONAMENTO
NÃO SE APLICA,22,FEDERAL,PÚBLICA,NORDESTE,PI,TERESINA,ACADÊMICO,SAÚDE E COMUNIDADE,3,2015,EM FUNCIONAMENTO
FÍSICA DA MATÉRIA CONDENSADA,3,FEDERAL,PÚBLICA,NORDESTE,PI,TERESINA,ACADÊMICO,FÍSICA,4,2008,EM FUNCIONAMENTO
NÃO SE APLICA,49,FEDERAL,PÚBLICA,NORDESTE,PI,TERESINA,ACADÊMICO,DESENVOLVIMENTO E MEIO AMBIENTE,4,2002,EM FUNCIONAMENTO
NÃO SE APLICA,35,FEDERAL,PÚBLICA,NORDESTE,PI,TERESINA,ACADÊMICO,ARQUEOLOGIA,3,2012,EM FUNCIONAMENTO
CLÍNICA ODONTOLÓGICA,18,FEDERAL,PÚBLICA,NORDESTE,PI,TERESINA,ACADÊMICO,ODONTOLOGIA,4,2011,EM FUNCIONAMENTO
CIÊNCIA DE ALIMENTOS,25,FEDERAL,PÚBLICA,NORDESTE,PI,TERESINA,ACADÊMICO,ALIMENTOS E NUTRIÇÃO,4,2009,EM FUNCIONAMENTO
FITOTECNIA,42,FEDERAL,PÚBLICA,NORDESTE,PI,BOM JESUS,ACADÊMICO,CIÊNCIAS AGRÁRIAS,4,2011,EM FUNCIONAMENTO
NÃO SE APLICA,4,FEDERAL,PÚBLICA,NORDESTE,PI,TERESINA,ACADÊMICO,QUÍMICA,4,1999,EM FUNCIONAMENTO
SAÚDE E BIOLÓGICAS,45,FEDERAL,PÚBLICA,NORDESTE,PI,TERESINA,ACADÊMICO,CIÊNCIAS E SAÚDE,3,2004,EM FUNCIONAMENTO
NÃO SE APLICA,41,FEDERAL,PÚBLICA,NORDESTE,PI,TERESINA,ACADÊMICO,LETRAS,4,2003,EM FUNCIONAMENTO
NÃO SE APLICA,19,FEDERAL,PÚBLICA,NORDESTE,PI,TERESINA,ACADÊMICO,CIENCIAS FARMACEUTICAS,4,2010,EM FUNCIONAMENTO
NÃO SE APLICA,34,FEDERAL,PÚBLICA,NORDESTE,PI,TERESINA,ACADÊMICO,SOCIOLOGIA,3,2012,EM FUNCIONAMENTO
NÃO SE APLICA,1,FEDERAL,PÚBLICA,NORDESTE,PI,TERESINA,ACADÊMICO,MATEMÁTICA,4,2009,EM FUNCIONAMENTO
NÃO SE APLICA,32,FEDERAL,PÚBLICA,NORDESTE,PI,TERESINA,ACADÊMICO,POLÍTICAS PÚBLICAS,5,2002,EM FUNCIONAMENTO
NÃO SE APLICA,47,FEDERAL,PÚBLICA,NORDESTE,PI,TERESINA,ACADÊMICO,CIÊNCIA E ENGENHARIA DOS MATERIAIS,6,2011,EM FUNCIONAMENTO
NÃO SE APLICA,2,FEDERAL,PÚBLICA,NORDESTE,PI,TERESINA,ACADÊMICO,CIÊNCIA DA COMPUTAÇÃO,4,2012,EM FUNCIONAMENTO
NÃO SE APLICA,20,FEDERAL,PÚBLICA,NORDESTE,PI,TERESINA,ACADÊMICO,ENFERMAGEM,5,2007,EM FUNCIONAMENTO
NÃO SE APLICA,26,FEDERAL,PÚBLICA,NORDESTE,PI,TERESINA,ACADÊMICO,DIREITO,3,2019,EM FUNCIONAMENTO
NÃO SE APLICA,8,FEDERAL,PÚBLICA,NORDESTE,PI,TERESINA,ACADÊMICO,FARMACOLOGIA,4,2007,EM FUNCIONAMENTO
NÃO SE APLICA,24,FEDERAL,PÚBLICA,NORDESTE,PI,TERESINA,ACADÊMICO,TECNOLOGIAS APLICADAS A ANIMAIS DE INTERESSE REGIONAL,4,2019,EM FUNCIONAMENTO
NÃO SE APLICA,33,FEDERAL,PÚBLICA,NORDESTE,PI,TERESINA,ACADÊMICO,FILOSOFIA,5,2008,EM FUNCIONAMENTO
NÃO SE APLICA,38,FEDERAL,PÚBLICA,NORDESTE,PI,TERESINA,ACADÊMICO,EDUCAÇÃO,5,1991,EM FUNCIONAMENTO
NÃO SE APLICA,36,FEDERAL,PÚBLICA,NORDESTE,PI,TERESINA,ACADÊMICO,GEOGRAFIA,4,2011,EM FUNCIONAMENTO
NÃO SE APLICA,40,FEDERAL,PÚBLICA,NORDESTE,PI,TERESINA,ACADÊMICO,HISTÓRIA,4,2004,EM FUNCIONAMENTO
NÃO SE APLICA,31,FEDERAL,PÚBLICA,NORDESTE,PI,TERESINA,ACADÊMICO,COMUNICAÇÃO,3,2011,EM FUNCIONAMENTO
NÃO SE APLICA,41,ESTADUAL,PÚBLICA,NORDESTE,PI,TERESINA,ACADÊMICO,LETRAS,5,2011,EM FUNCIONAMENTO
NÃO SE APLICA,4,ESTADUAL,PÚBLICA,NORDESTE,PI,TERESINA,ACADÊMICO,QUÍMICA,3,2015,EM FUNCIONAMENTO
"SOCIAIS, CULTURAS E HUMANIDADES",45,ESTADUAL,PÚBLICA,NORDESTE,PI,TERESINA,ACADÊMICO,INTERDISCIPLINAR EM SOCIEDADE E CULTURA,A,2022,EM FUNCIONAMENTO
NÃO SE APLICA,36,FEDERAL,PÚBLICA,NORDESTE,PI,TERESINA,PROFISSIONAL,ANÁLISE E PLANEJAMENTO ESPACIAL,3,2019,EM FUNCIONAMENTO
NÃO SE APLICA,47,FEDERAL,PÚBLICA,NORDESTE,PI,TERESINA,PROFISSIONAL,ENGENHARIA DE MATERIAIS,3,2012,EM FUNCIONAMENTO
ENFERMAGEM DE SAÚDE PÚBLICA,20,PARTICULAR,PRIVADA,NORDESTE,PI,TERESINA,PROFISSIONAL,SAÚDE DA FAMÍLIA,3,2011,EM FUNCIONAMENTO
NÃO SE APLICA,13,FEDERAL,PÚBLICA,NORDESTE,MA,SÃO LUÍS,ACADÊMICO,ENGENHARIA MECÂNICA,3,2019,EM FUNCIONAMENTO
NÃO SE APLICA,27,PARTICULAR,PRIVADA,NORDESTE,MA,SÃO LUÍS,ACADÊMICO,CONTABILIDADE E ADMINISTRAÇÃO,3,2017,EM FUNCIONAMENTO
NÃO SE APLICA,41,ESTADUAL,PÚBLICA,NORDESTE,MA,IMPERATRIZ,PROFISSIONAL,LETRAS,3,2019,EM FUNCIONAMENTO
NÃO SE APLICA,8,FEDERAL,PÚBLICA,NORDESTE,CE,FORTALEZA,ACADÊMICO,FARMACOLOGIA,7,1978,EM FUNCIONAMENTO
NÃO SE APLICA,2,FEDERAL,PÚBLICA,NORDESTE,CE,FORTALEZA,ACADÊMICO,CIÊNCIAS DA COMPUTAÇÃO,5,1995,EM FUNCIONAMENTO
"ENGENHARIA, TECNOLOGIA E GESTÃO",45,FEDERAL,PÚBLICA,NORDESTE,CE,FORTALEZA,ACADÊMICO,MODELAGEM E MÉTODOS QUANTITATIVOS,4,2016,EM FUNCIONAMENTO
NÃO SE APLICA,15,FEDERAL,PÚBLICA,NORDESTE,CE,FORTALEZA,ACADÊMICO,MEDICINA TRANSLACIONAL,4,2020,EM FUNCIONAMENTO
CIRURGIA,17,FEDERAL,PÚBLICA,NORDESTE,CE,FORTALEZA,ACADÊMICO,CIÊNCIAS MÉDICO-CIRÚRGICAS,5,1993,EM FUNCIONAMENTO
NÃO SE APLICA,22,FEDERAL,PÚBLICA,NORDESTE,CE,SOBRAL,ACADÊMICO,SAÚDE DA FAMÍLIA,3,2010,EM FUNCIONAMENTO
NÃO SE APLICA,2,FEDERAL,PÚBLICA,NORDESTE,CE,QUIXADÁ,ACADÊMICO,COMPUTAÇÃO,3,2019,EM FUNCIONAMENTO
FITOTECNIA,42,FEDERAL,PÚBLICA,NORDESTE,CE,FORTALEZA,ACADÊMICO,AGRONOMIA (FITOTECNIA),5,1973,EM FUNCIONAMENTO
NÃO SE APLICA,28,FEDERAL,PÚBLICA,NORDESTE,CE,FORTALEZA,ACADÊMICO,ECONOMIA,5,1972,EM FUNCIONAMENTO
CIÊNCIA DO SOLO,42,FEDERAL,PÚBLICA,NORDESTE,CE,FORTALEZA,ACADÊMICO,CIÊNCIA DO SOLO,4,1976,EM FUNCIONAMENTO
NÃO SE APLICA,38,FEDERAL,PÚBLICA,NORDESTE,CE,FORTALEZA,ACADÊMICO,EDUCAÇÃO,4,1977,EM FUNCIONAMENTO
NÃO SE APLICA,7,FEDERAL,PÚBLICA,NORDESTE,CE,FORTALEZA,ACADÊMICO,ECOLOGIA E RECURSOS NATURAIS,4,2008,EM FUNCIONAMENTO
SAÚDE MATERNO-INFANTIL,16,FEDERAL,PÚBLICA,NORDESTE,CE,FORTALEZA,PROFISSIONAL,SAÚDE DA MULHER E DA CRIANÇA,3,2016,EM FUNCIONAMENTO
NÃO SE APLICA,31,FEDERAL,PÚBLICA,NORDESTE,CE,FORTALEZA,ACADÊMICO,COMUNICAÇÃO,4,2008,EM FUNCIONAMENTO
NÃO SE APLICA,7,FEDERAL,PÚBLICA,NORDESTE,CE,FORTALEZA,ACADÊMICO,"SISTEMÁTICA, USO E CONSERVAÇÃO DA BIODIVERSIDADE (PPG-SIS)",4,2019,EM FUNCIONAMENTO
POLÍTICAS E DESENVOLVIMENTO DE TERRITÓRIOS,45,FEDERAL,PÚBLICA,NORDESTE,CE,FORTALEZA,ACADÊMICO,AVALIAÇÃO DE POLÍTICAS PÚBLICAS - PPGAPP,3,2016,EM FUNCIONAMENTO
NÃO SE APLICA,51,FEDERAL,PÚBLICA,NORDESTE,CE,FORTALEZA,PROFISSIONAL,SOCIOLOGIA EM REDE NACIONAL,4,2018,EM FUNCIONAMENTO
NÃO SE APLICA,10,FEDERAL,PÚBLICA,NORDESTE,CE,FORTALEZA,ACADÊMICO,ENGENHARIA CIVIL (RECURSOS HÍDRICOS),7,1975,EM FUNCIONAMENTO
NÃO SE APLICA,47,FEDERAL,PÚBLICA,NORDESTE,CE,FORTALEZA,ACADÊMICO,ENGENHARIA E CIÊNCIA DE MATERIAIS,5,1999,EM FUNCIONAMENTO
TECNOLOGIA DE ALIMENTOS,25,FEDERAL,PÚBLICA,NORDESTE,CE,FORTALEZA,ACADÊMICO,CIÊNCIA E TECNOLOGIA DE ALIMENTOS,4,1975,EM FUNCIONAMENTO
NÃO SE APLICA,13,FEDERAL,PÚBLICA,NORDESTE,CE,FORTALEZA,ACADÊMICO,ENGENHARIA MECÂNICA,4,2007,EM FUNCIONAMENTO
NÃO SE APLICA,49,FEDERAL,PÚBLICA,NORDESTE,CE,FORTALEZA,ACADÊMICO,CIÊNCIAS MARINHAS TROPICAIS,6,2001,EM FUNCIONAMENTO
NÃO SE APLICA,8,FEDERAL,PÚBLICA,NORDESTE,CE,FORTALEZA,PROFISSIONAL,FARMACOLOGIA,5,2001,EM FUNCIONAMENTO
DIREITO PÚBLICO,26,FEDERAL,PÚBLICA,NORDESTE,CE,FORTALEZA,ACADÊMICO,DIREITO,4,1977,EM FUNCIONAMENTO
"SOCIAIS, CULTURAS E HUMANIDADES",45,FEDERAL,PÚBLICA,NORDESTE,CE,FORTALEZA,PROFISSIONAL,AVALIAÇÃO DE POLÍTICAS PÚBLICAS,3,2004,EM FUNCIONAMENTO
NÃO SE APLICA,10,FEDERAL,PÚBLICA,NORDESTE,CE,FORTALEZA,ACADÊMICO,ENGENHARIA DE TRANSPORTES,6,2000,EM FUNCIONAMENTO
ECONOMIAS AGRÁRIA E DOS RECURSOS NATURAIS,28,FEDERAL,PÚBLICA,NORDESTE,CE,FORTALEZA,ACADÊMICO,ECONOMIA RURAL,4,1971,EM FUNCIONAMENTO
NÃO SE APLICA,20,FEDERAL,PÚBLICA,NORDESTE,CE,FORTALEZA,ACADÊMICO,ENFERMAGEM,7,1993,EM FUNCIONAMENTO
NÃO SE APLICA,15,FEDERAL,PÚBLICA,NORDESTE,CE,FORTALEZA,ACADÊMICO,CIÊNCIAS MÉDICAS,6,2005,EM FUNCIONAMENTO
NÃO SE APLICA,14,FEDERAL,PÚBLICA,NORDESTE,CE,FORTALEZA,ACADÊMICO,ENGENHARIA DE TELEINFORMÁTICA,6,2005,EM FUNCIONAMENTO
NÃO SE APLICA,1,FEDERAL,PÚBLICA,NORDESTE,CE,FORTALEZA,ACADÊMICO,MATEMÁTICA,7,1965,EM FUNCIONAMENTO
PROCESSOS INDUSTRIAIS DE ENGENHARIA QUÍMICA,12,FEDERAL,PÚBLICA,NORDESTE,CE,FORTALEZA,ACADÊMICO,ENGENHARIA QUÍMICA,7,2001,EM FUNCIONAMENTO
NÃO SE APLICA,8,FEDERAL,PÚBLICA,NORDESTE,CE,FORTALEZA,ACADÊMICO,CIÊNCIAS MORFOFUNCIONAIS,4,2014,EM FUNCIONAMENTO
NÃO SE APLICA,41,FEDERAL,PÚBLICA,NORDESTE,CE,FORTALEZA,ACADÊMICO,ESTUDOS DA TRADUÇÃO,4,2014,EM FUNCIONAMENTO
NÃO SE APLICA,19,FEDERAL,PÚBLICA,NORDESTE,CE,FORTALEZA,ACADÊMICO,CIÊNCIAS FARMACÊUTICAS,4,2010,EM FUNCIONAMENTO
NÃO SE APLICA,14,FEDERAL,PÚBLICA,NORDESTE,CE,SOBRAL,ACADÊMICO,ENGENHARIA ELÉTRICA E DE COMPUTAÇÃO,3,2013,EM FUNCIONAMENTO
NÃO SE APLICA,10,FEDERAL,PÚBLICA,NORDESTE,CE,FORTALEZA,ACADÊMICO,ENGENHARIA CIVIL,A,2024,EM FUNCIONAMENTO
CLÍNICA MÉDICA,15,FEDERAL,PÚBLICA,NORDESTE,CE,FORTALEZA,ACADÊMICO,CIÊNCIAS CARDIOVASCULARES,3,2019,EM FUNCIONAMENTO
NÃO SE APLICA,5,FEDERAL,PÚBLICA,NORDESTE,CE,FORTALEZA,ACADÊMICO,GEOLOGIA,4,1995,EM FUNCIONAMENTO
NÃO SE APLICA,23,FEDERAL,PÚBLICA,NORDESTE,CE,FORTALEZA,ACADÊMICO,ZOOTECNIA,5,1978,EM FUNCIONAMENTO
NÃO SE APLICA,8,FEDERAL,PÚBLICA,NORDESTE,CE,FORTALEZA,ACADÊMICO,BIOQUÍMICA,6,1971,EM FUNCIONAMENTO
"SOCIAIS, CULTURAS E HUMANIDADES",45,FEDERAL,PÚBLICA,NORDESTE,CE,FORTALEZA,PROFISSIONAL,POLÍTICAS PÚBLICAS E GESTÃO DA EDUCAÇÃO SUPERIOR,3,2007,EM FUNCIONAMENTO
NÃO SE APLICA,37,FEDERAL,PÚBLICA,NORDESTE,CE,SOBRAL,PROFISSIONAL,PSICOLOGIA E POLÍTICAS PÚBLICAS,4,2019,EM FUNCIONAMENTO
NÃO SE APLICA,49,FEDERAL,PÚBLICA,NORDESTE,CE,FORTALEZA,ACADÊMICO,DESENVOLVIMENTO E MEIO AMBIENTE,5,1996,EM FUNCIONAMENTO
NÃO SE APLICA,22,FEDERAL,PÚBLICA,NORDESTE,CE,FORTALEZA,ACADÊMICO,SAÚDE PÚBLICA,5,1994,EM FUNCIONAMENTO
ENSINO-APRENDIZAGEM,38,FEDERAL,PÚBLICA,NORDESTE,CE,FORTALEZA,PROFISSIONAL,TECNOLOGIA EDUCACIONAL,3,2020,EM FUNCIONAMENTO
NÃO SE APLICA,21,FEDERAL,PÚBLICA,NORDESTE,CE,FORTALEZA,ACADÊMICO,FISIOTERAPIA E FUNCIONALIDADE,3,2019,EM FUNCIONAMENTO
NÃO SE APLICA,11,FEDERAL,PÚBLICA,NORDESTE,CE,FORTALEZA,ACADÊMICO,ARTES,4,2013,EM FUNCIONAMENTO
NÃO SE APLICA,31,FEDERAL,PÚBLICA,NORDESTE,CE,FORTALEZA,ACADÊMICO,CIÊNCIA DA INFORMAÇÃO,3,2016,EM FUNCIONAMENTO
NÃO SE APLICA,48,FEDERAL,PÚBLICA,NORDESTE,CE,FORTALEZA,ACADÊMICO,BIOTECNOLOGIA DE RECURSOS NATURAIS,5,2013,EM FUNCIONAMENTO
NÃO SE APLICA,29,FEDERAL,PÚBLICA,NORDESTE,CE,FORTALEZA,ACADÊMICO,ARQUITETURA E URBANISMO E DESIGN,4,2015,EM FUNCIONAMENTO
NÃO SE APLICA,41,FEDERAL,PÚBLICA,NORDESTE,CE,FORTALEZA,ACADÊMICO,LETRAS,5,1989,EM FUNCIONAMENTO
NÃO SE APLICA,34,FEDERAL,PÚBLICA,NORDESTE,CE,FORTALEZA,ACADÊMICO,SOCIOLOGIA,5,1976,EM FUNCIONAMENTO
NÃO SE APLICA,41,FEDERAL,PÚBLICA,NORDESTE,CE,FORTALEZA,ACADÊMICO,LINGÜÍSTICA,5,1993,EM FUNCIONAMENTO
NÃO SE APLICA,27,FEDERAL,PÚBLICA,NORDESTE,CE,FORTALEZA,ACADÊMICO,ADMINISTRAÇÃO E CONTROLADORIA,4,2009,EM FUNCIONAMENTO
NÃO SE APLICA,33,FEDERAL,PÚBLICA,NORDESTE,CE,FORTALEZA,ACADÊMICO,FILOSOFIA,5,1999,EM FUNCIONAMENTO
ENGENHARIA DE ÁGUA E SOLO,42,FEDERAL,PÚBLICA,NORDESTE,CE,FORTALEZA,ACADÊMICO,ENGENHARIA AGRÍCOLA,5,1976,EM FUNCIONAMENTO
NÃO SE APLICA,14,FEDERAL,PÚBLICA,NORDESTE,CE,FORTALEZA,ACADÊMICO,ENGENHARIA ELÉTRICA,4,1999,EM FUNCIONAMENTO
FÍSICA DA MATÉRIA CONDENSADA,3,FEDERAL,PÚBLICA,NORDESTE,CE,FORTALEZA,ACADÊMICO,FÍSICA,7,1976,EM FUNCIONAMENTO
NÃO SE APLICA,37,FEDERAL,PÚBLICA,NORDESTE,CE,FORTALEZA,ACADÊMICO,PSICOLOGIA,4,2003,EM FUNCIONAMENTO
NÃO SE APLICA,48,FEDERAL,PÚBLICA,NORDESTE,CE,SOBRAL,ACADÊMICO,BIOTECNOLOGIA,3,2008,EM FUNCIONAMENTO
NÃO SE APLICA,9,FEDERAL,PÚBLICA,NORDESTE,CE,FORTALEZA,ACADÊMICO,MICROBIOLOGIA MÉDICA,6,2002,EM FUNCIONAMENTO
NÃO SE APLICA,23,FEDERAL,PÚBLICA,NORDESTE,CE,FORTALEZA,ACADÊMICO,ENGENHARIA DE PESCA,4,1992,EM FUNCIONAMENTO
NÃO SE APLICA,18,FEDERAL,PÚBLICA,NORDESTE,CE,FORTALEZA,ACADÊMICO,ODONTOLOGIA,5,2005,EM FUNCIONAMENTO
NÃO SE APLICA,40,FEDERAL,PÚBLICA,NORDESTE,CE,FORTALEZA,ACADÊMICO,HISTÓRIA,5,2000,EM FUNCIONAMENTO
ENSINO DE CIÊNCIAS E MATEMÁTICA,46,FEDERAL,PÚBLICA,NORDESTE,CE,FORTALEZA,PROFISSIONAL,ENSINO DE CIÊNCIAS E MATEMÁTICA,4,2008,EM FUNCIONAMENTO
NÃO SE APLICA,27,FEDERAL,PÚBLICA,NORDESTE,CE,FORTALEZA,PROFISSIONAL,ADMINISTRAÇÃO E CONTROLADORIA,4,2009,EM FUNCIONAMENTO
POLÍTICAS E DESENVOLVIMENTO DE TERRITÓRIOS,45,FEDERAL,PÚBLICA,NORDESTE,CE,FORTALEZA,ACADÊMICO,GASTRONOMIA,A,2021,EM FUNCIONAMENTO
ANATOMIA PATOLÓGICA E PATOLOGIA CLÍNICA,16,FEDERAL,PÚBLICA,NORDESTE,CE,FORTALEZA,ACADÊMICO,PATOLOGIA,4,1991,EM FUNCIONAMENTO
NÃO SE APLICA,10,FEDERAL,PÚBLICA,NORDESTE,CE,FORTALEZA,ACADÊMICO,ENGENHARIA CIVIL: ESTRUTURAS E CONSTRUÇÃO CIVIL,4,2008,EM FUNCIONAMENTO
NÃO SE APLICA,36,FEDERAL,PÚBLICA,NORDESTE,CE,FORTALEZA,ACADÊMICO,GEOGRAFIA,6,2004,EM FUNCIONAMENTO
CLÍNICA MÉDICA,16,FEDERAL,PÚBLICA,NORDESTE,CE,SOBRAL,ACADÊMICO,CIÊNCIAS DA SAÚDE,3,2013,EM FUNCIONAMENTO
QUÍMICA ORGÂNICA,4,FEDERAL,PÚBLICA,NORDESTE,CE,FORTALEZA,ACADÊMICO,QUÍMICA,6,1976,EM FUNCIONAMENTO
NÃO SE APLICA,28,FEDERAL,PÚBLICA,NORDESTE,CE,FORTALEZA,PROFISSIONAL,ECONOMIA,4,2000,EM FUNCIONAMENTO
NÃO SE APLICA,15,PARTICULAR,PRIVADA,NORDESTE,CE,FORTALEZA,ACADÊMICO,CIÊNCIAS MÉDICAS,5,2014,EM FUNCIONAMENTO
NÃO SE APLICA,29,PARTICULAR,PRIVADA,NORDESTE,CE,FORTALEZA,PROFISSIONAL,CIÊNCIAS DA CIDADE,4,2016,EM FUNCIONAMENTO
NÃO SE APLICA,27,PARTICULAR,PRIVADA,NORDESTE,CE,FORTALEZA,PROFISSIONAL,ADMINISTRAÇÃO,4,2015,EM FUNCIONAMENTO
NÃO SE APLICA,20,PARTICULAR,PRIVADA,NORDESTE,CE,FORTALEZA,PROFISSIONAL,TECNOLOGIA E INOVAÇÃO EM ENFERMAGEM,3,2016,EM FUNCIONAMENTO
NÃO SE APLICA,27,PARTICULAR,PRIVADA,NORDESTE,CE,FORTALEZA,ACADÊMICO,ADMINISTRAÇÃO,5,1995,EM FUNCIONAMENTO
NÃO SE APLICA,2,PARTICULAR,PRIVADA,NORDESTE,CE,FORTALEZA,ACADÊMICO,INFORMÁTICA APLICADA,5,1999,EM FUNCIONAMENTO
DIREITO PÚBLICO,26,PARTICULAR,PRIVADA,NORDESTE,CE,FORTALEZA,ACADÊMICO,DIREITO CONSTITUCIONAL,6,1999,EM FUNCIONAMENTO
DIREITOS ESPECIAIS,26,PARTICULAR,PRIVADA,NORDESTE,CE,FORTALEZA,PROFISSIONAL,DIREITO E GESTÃO DE CONFLITOS,4,2015,EM FUNCIONAMENTO
NÃO SE APLICA,37,PARTICULAR,PRIVADA,NORDESTE,CE,FORTALEZA,ACADÊMICO,PSICOLOGIA,5,1997,EM FUNCIONAMENTO
NÃO SE APLICA,22,PARTICULAR,PRIVADA,NORDESTE,CE,FORTALEZA,ACADÊMICO,SAÚDE COLETIVA,5,2003,EM FUNCIONAMENTO
NÃO SE APLICA,18,PARTICULAR,PRIVADA,NORDESTE,CE,FORTALEZA,PROFISSIONAL,ODONTOLOGIA,3,2016,EM FUNCIONAMENTO
NÃO SE APLICA,22,ESTADUAL,PÚBLICA,NORDESTE,CE,FORTALEZA,PROFISSIONAL,GESTÃO EM SAÚDE,3,2016,EM FUNCIONAMENTO
"ENGENHARIA, TECNOLOGIA E GESTÃO",45,ESTADUAL,PÚBLICA,NORDESTE,CE,FORTALEZA,ACADÊMICO,CIÊNCIAS FÍSICAS APLICADAS,3,2005,EM FUNCIONAMENTO
NÃO SE APLICA,32,ESTADUAL,PÚBLICA,NORDESTE,CE,FORTALEZA,ACADÊMICO,"SERVIÇO SOCIAL, TRABALHO E QUESTÃO SOCIAL",4,2012,EM FUNCIONAMENTO
NÃO SE APLICA,24,ESTADUAL,PÚBLICA,NORDESTE,CE,FORTALEZA,ACADÊMICO,CIÊNCIAS VETERINÁRIAS,6,1990,EM FUNCIONAMENTO
NÃO SE APLICA,38,ESTADUAL,PÚBLICA,NORDESTE,CE,LIMOEIRO DO NORTE,ACADÊMICO,EDUCAÇÃO E ENSINO (MAIE),4,2013,EM FUNCIONAMENTO
METEOROLOGIA,5,ESTADUAL,PÚBLICA,NORDESTE,CE,FORTALEZA,PROFISSIONAL,CLIMATOLOGIA,3,2016,EM FUNCIONAMENTO
CIRURGIA,17,ESTADUAL,PÚBLICA,NORDESTE,CE,FORTALEZA,PROFISSIONAL,TRANSPLANTES,3,2016,EM FUNCIONAMENTO
NÃO SE APLICA,50,ESTADUAL,PÚBLICA,NORDESTE,CE,FORTALEZA,ACADÊMICO,NUTRIÇÃO E SAÚDE,4,2011,EM FUNCIONAMENTO
POLÍTICAS E DESENVOLVIMENTO DE TERRITÓRIOS,45,ESTADUAL,PÚBLICA,NORDESTE,CE,FORTALEZA,ACADÊMICO,CIÊNCIAS NATURAIS,5,2013,EM FUNCIONAMENTO
POLÍTICAS PÚBLICAS,39,ESTADUAL,PÚBLICA,NORDESTE,CE,FORTALEZA,ACADÊMICO,POLÍTICAS PÚBLICAS,4,2017,EM FUNCIONAMENTO
POLÍTICAS PÚBLICAS,39,ESTADUAL,PÚBLICA,NORDESTE,CE,FORTALEZA,PROFISSIONAL,PLANEJAMENTO E POLITICAS PÚBLICAS,4,2006,EM FUNCIONAMENTO
NÃO SE APLICA,41,ESTADUAL,PÚBLICA,NORDESTE,CE,FORTALEZA,ACADÊMICO,LINGÜÍSTICA APLICADA,5,1998,EM FUNCIONAMENTO
NÃO SE APLICA,2,ESTADUAL,PÚBLICA,NORDESTE,CE,FORTALEZA,ACADÊMICO,CIÊNCIA DA COMPUTAÇÃO,4,2007,EM FUNCIONAMENTO
NÃO SE APLICA,34,ESTADUAL,PÚBLICA,NORDESTE,CE,FORTALEZA,ACADÊMICO,SOCIOLOGIA,4,2001,EM FUNCIONAMENTO
NÃO SE APLICA,38,ESTADUAL,PÚBLICA,NORDESTE,CE,FORTALEZA,ACADÊMICO,EDUCAÇÃO,5,2003,EM FUNCIONAMENTO
NÃO SE APLICA,8,ESTADUAL,PÚBLICA,NORDESTE,CE,FORTALEZA,ACADÊMICO,CIÊNCIAS FISIOLÓGICAS,4,1999,EM FUNCIONAMENTO
"SOCIAIS, CULTURAS E HUMANIDADES",45,ESTADUAL,PÚBLICA,NORDESTE,CE,QUIXADÁ,ACADÊMICO,INTERDISCIPLINAR EM HISTÓRIA E LETRAS - MIHL,3,2016,EM FUNCIONAMENTO
NÃO SE APLICA,27,ESTADUAL,PÚBLICA,NORDESTE,CE,FORTALEZA,ACADÊMICO,ADMINISTRAÇÃO,4,2005,EM FUNCIONAMENTO
NÃO SE APLICA,48,ESTADUAL,PÚBLICA,NORDESTE,CE,FORTALEZA,PROFISSIONAL,BIOTECNOLOGIA EM SAÚDE HUMANA E ANIMAL,4,2015,EM FUNCIONAMENTO
SAÚDE E BIOLÓGICAS,45,ESTADUAL,PÚBLICA,NORDESTE,CE,FORTALEZA,PROFISSIONAL,ENSINO NA SAÚDE,3,2012,EM FUNCIONAMENTO
NÃO SE APLICA,33,ESTADUAL,PÚBLICA,NORDESTE,CE,FORTALEZA,ACADÊMICO,FILOSOFIA,A,2021,EM FUNCIONAMENTO
SAÚDE PÚBLICA,22,ESTADUAL,PÚBLICA,NORDESTE,CE,FORTALEZA,ACADÊMICO,SAÚDE COLETIVA,4,1994,EM FUNCIONAMENTO
NÃO SE APLICA,40,ESTADUAL,PÚBLICA,NORDESTE,CE,FORTALEZA,ACADÊMICO,"HISTÓRIA, CULTURAS E ESPACIALIDADES",A,2021,EM FUNCIONAMENTO
NÃO SE APLICA,20,ESTADUAL,PÚBLICA,NORDESTE,CE,FORTALEZA,ACADÊMICO,CUIDADOS CLÍNICOS EM ENFERMAGEM E SAÚDE,5,2005,EM FUNCIONAMENTO
NÃO SE APLICA,36,ESTADUAL,PÚBLICA,NORDESTE,CE,FORTALEZA,ACADÊMICO,GEOGRAFIA,4,1996,EM FUNCIONAMENTO
NÃO SE APLICA,36,ESTADUAL,PÚBLICA,NORDESTE,CE,SOBRAL,ACADÊMICO,GEOGRAFIA,4,2013,EM FUNCIONAMENTO
NÃO SE APLICA,23,ESTADUAL,PÚBLICA,NORDESTE,CE,SOBRAL,ACADÊMICO,ZOOTECNIA,3,2006,EM FUNCIONAMENTO
NÃO SE APLICA,33,ESTADUAL,PÚBLICA,NORDESTE,CE,SOBRAL,ACADÊMICO,FILOSOFIA,3,2019,EM FUNCIONAMENTO
NÃO SE APLICA,20,ESTADUAL,PÚBLICA,NORDESTE,CE,CRATO,ACADÊMICO,ENFERMAGEM,3,2014,EM FUNCIONAMENTO
ECONOMIA REGIONAL E URBANA,28,ESTADUAL,PÚBLICA,NORDESTE,CE,CRATO,ACADÊMICO,ECONOMIA REGIONAL E URBANA,A,2021,EM FUNCIONAMENTO
NÃO SE APLICA,38,ESTADUAL,PÚBLICA,NORDESTE,CE,CRATO,PROFISSIONAL,EDUCAÇÃO,4,2017,EM FUNCIONAMENTO
BIOLOGIA MOLECULAR,8,ESTADUAL,PÚBLICA,NORDESTE,CE,CRATO,ACADÊMICO,QUÍMICA BIOLÓGICA,5,2017,EM FUNCIONAMENTO
NÃO SE APLICA,7,ESTADUAL,PÚBLICA,NORDESTE,CE,CRATO,ACADÊMICO,DIVERSIDADE BIOLÓGICA E RECURSOS NATURAIS,4,2007,EM FUNCIONAMENTO
NÃO SE APLICA,41,ESTADUAL,PÚBLICA,NORDESTE,CE,CRATO,ACADÊMICO,LETRAS,3,2019,EM FUNCIONAMENTO
NÃO SE APLICA,10,FEDERAL,PÚBLICA,NORDESTE,CE,FORTALEZA,ACADÊMICO,TECNOLOGIA E GESTÃO AMBIENTAL,4,2008,EM FUNCIONAMENTO
NÃO SE APLICA,46,FEDERAL,PÚBLICA,NORDESTE,CE,FORTALEZA,PROFISSIONAL,ENSINO E FORMAÇÃO DOCENTE,3,2019,EM FUNCIONAMENTO
NÃO SE APLICA,25,FEDERAL,PÚBLICA,NORDESTE,CE,LIMOEIRO DO NORTE,ACADÊMICO,TECNOLOGIA DE ALIMENTOS,3,2012,EM FUNCIONAMENTO
ENSINO DE CIÊNCIAS E MATEMÁTICA,46,FEDERAL,PÚBLICA,NORDESTE,CE,FORTALEZA,ACADÊMICO,ENSINO DE CIÊNCIAS E MATEMÁTICA,3,2015,EM FUNCIONAMENTO
"ENGENHARIA, TECNOLOGIA E GESTÃO",45,FEDERAL,PÚBLICA,NORDESTE,CE,FORTALEZA,ACADÊMICO,MEIO AMBIENTE,A,2024,EM FUNCIONAMENTO
NÃO SE APLICA,11,FEDERAL,PÚBLICA,NORDESTE,CE,FORTALEZA,PROFISSIONAL,ARTES,4,2017,EM FUNCIONAMENTO
NÃO SE APLICA,2,FEDERAL,PÚBLICA,NORDESTE,CE,FORTALEZA,ACADÊMICO,CIÊNCIA DA COMPUTAÇÃO,4,2014,EM FUNCIONAMENTO
NÃO SE APLICA,14,FEDERAL,PÚBLICA,NORDESTE,CE,FORTALEZA,ACADÊMICO,ENGENHARIA DE TELECOMUNICAÇÕES,3,2013,EM FUNCIONAMENTO
"ENGENHARIA, TECNOLOGIA E GESTÃO",45,FEDERAL,PÚBLICA,NORDESTE,CE,MARACANAÚ,ACADÊMICO,ENERGIAS RENOVÁVEIS,3,2014,EM FUNCIONAMENTO
NÃO SE APLICA,41,FEDERAL,PÚBLICA,NORDESTE,CE,ACARAPE,ACADÊMICO,ESTUDOS DA LINGUAGEM,3,2019,EM FUNCIONAMENTO
NÃO SE APLICA,10,FEDERAL,PÚBLICA,NORDESTE,CE,REDENÇÃO,ACADÊMICO,ENERGIA E AMBIENTE,3,2019,EM FUNCIONAMENTO
POLÍTICAS E DESENVOLVIMENTO DE TERRITÓRIOS,45,FEDERAL,PÚBLICA,NORDESTE,CE,REDENÇÃO,ACADÊMICO,SOCIOBIODIVERSIDADE E TECNOLOGIAS SUSTENTÁVEIS,3,2014,EM FUNCIONAMENTO
"SOCIAIS, CULTURAS E HUMANIDADES",45,FEDERAL,PÚBLICA,NORDESTE,CE,REDENÇÃO,ACADÊMICO,INTERDISCIPLINAR EM HUMANIDADES,3,2016,EM FUNCIONAMENTO
NÃO SE APLICA,35,FEDERAL,PÚBLICA,NORDESTE,CE,REDENÇÃO,ACADÊMICO,ANTROPOLOGIA,3,2017,EM FUNCIONAMENTO
NÃO SE APLICA,20,FEDERAL,PÚBLICA,NORDESTE,CE,REDENÇÃO,ACADÊMICO,ENFERMAGEM,4,2016,EM FUNCIONAMENTO
NÃO SE APLICA,41,FEDERAL,PÚBLICA,NORDESTE,BA,SÃO FRANCISCO DO CONDE,ACADÊMICO,ESTUDOS DE LINGUAGENS: CONTEXTOS LUSÓFONOS BRASIL-ÁFRICA,A,2022,EM FUNCIONAMENTO
NÃO SE APLICA,26,PARTICULAR,PRIVADA,NORDESTE,CE,FORTALEZA,ACADÊMICO,DIREITO,4,2016,EM FUNCIONAMENTO
NÃO SE APLICA,46,PARTICULAR,PRIVADA,NORDESTE,CE,JUAZEIRO DO NORTE,PROFISSIONAL,ENSINO EM SAÚDE,3,2019,EM FUNCIONAMENTO
CLÍNICA MÉDICA,16,PARTICULAR,PRIVADA,NORDESTE,CE,SOBRAL,ACADÊMICO,BIOTECNOLOGIA,3,2014,EM FUNCIONAMENTO
CLÍNICA MÉDICA,16,FEDERAL,PÚBLICA,NORDESTE,CE,BARBALHA,ACADÊMICO,CIÊNCIAS DA SAÚDE,A,2021,EM FUNCIONAMENTO
NÃO SE APLICA,49,FEDERAL,PÚBLICA,NORDESTE,CE,CRATO,ACADÊMICO,DESENVOLVIMENTO REGIONAL SUSTENTÁVEL,4,2011,EM FUNCIONAMENTO
NÃO SE APLICA,27,FEDERAL,PÚBLICA,NORDESTE,CE,JUAZEIRO DO NORTE,ACADÊMICO,ADMINISTRAÇÃO,A,2024,EM FUNCIONAMENTO
BIBLIOTECONOMIA,31,FEDERAL,PÚBLICA,NORDESTE,CE,JUAZEIRO DO NORTE,PROFISSIONAL,BIBLIOTECONOMIA,3,2016,EM FUNCIONAMENTO
NÃO SE APLICA,31,FEDERAL,PÚBLICA,NORDESTE,PI,PARNAÍBA,PROFISSIONAL,"ARTES, PATRIMÔNIO E MUSEOLOGIA",4,2021,EM FUNCIONAMENTO
NÃO SE APLICA,48,FEDERAL,PÚBLICA,NORDESTE,PI,PARNAÍBA,ACADÊMICO,BIOTECNOLOGIA,5,2021,EM FUNCIONAMENTO
NÃO SE APLICA,37,FEDERAL,PÚBLICA,NORDESTE,PI,PARNAÍBA,ACADÊMICO,PSICOLOGIA,4,2021,EM FUNCIONAMENTO
NÃO SE APLICA,15,FEDERAL,PÚBLICA,NORDESTE,PI,PARNAÍBA,ACADÊMICO,CIÊNCIAS BIOMÉDICAS,4,2021,EM FUNCIONAMENTO
NÃO SE APLICA,29,FEDERAL,PÚBLICA,NORDESTE,RN,NATAL,PROFISSIONAL,"ARQUITETURA, PROJETO E MEIO AMBIENTE",5,2010,EM FUNCIONAMENTO
ADMINISTRAÇÃO PÚBLICA,27,FEDERAL,PÚBLICA,NORDESTE,RN,NATAL,PROFISSIONAL,GESTÃO PÚBLICA,4,2011,EM FUNCIONAMENTO
NÃO SE APLICA,26,FEDERAL,PÚBLICA,NORDESTE,RN,NATAL,ACADÊMICO,DIREITO,3,2003,EM FUNCIONAMENTO
NÃO SE APLICA,2,FEDERAL,PÚBLICA,NORDESTE,RN,NATAL,ACADÊMICO,SISTEMAS E COMPUTAÇÃO,5,1999,EM FUNCIONAMENTO
NÃO SE APLICA,13,FEDERAL,PÚBLICA,NORDESTE,RN,NATAL,ACADÊMICO,ENGENHARIA MECATRÔNICA,3,2014,EM FUNCIONAMENTO
NÃO SE APLICA,22,FEDERAL,PÚBLICA,NORDESTE,RN,NATAL,ACADÊMICO,SAÚDE COLETIVA,5,2003,EM FUNCIONAMENTO
NÃO SE APLICA,8,FEDERAL,PÚBLICA,NORDESTE,RN,NATAL,ACADÊMICO,BIOQUÍMICA E BIOLOGIA MOLECULAR,4,1996,EM FUNCIONAMENTO
NÃO SE APLICA,47,FEDERAL,PÚBLICA,NORDESTE,RN,NATAL,ACADÊMICO,CIÊNCIA E ENGENHARIA DE MATERIAIS,7,1998,EM FUNCIONAMENTO
NÃO SE APLICA,40,FEDERAL,PÚBLICA,NORDESTE,RN,CAICÓ,ACADÊMICO,HISTÓRIA,3,2019,EM FUNCIONAMENTO
NÃO SE APLICA,36,FEDERAL,PÚBLICA,NORDESTE,RN,NATAL,ACADÊMICO,GEOGRAFIA,5,2000,EM FUNCIONAMENTO
NÃO SE APLICA,14,FEDERAL,PÚBLICA,NORDESTE,RN,NATAL,PROFISSIONAL,ENERGIA ELÉTRICA,3,2013,EM FUNCIONAMENTO
FISIOLOGIA DOS ÓRGÃOS E SISTEMAS,8,FEDERAL,PÚBLICA,NORDESTE,RN,NATAL,ACADÊMICO,NEUROCIÊNCIAS,5,2010,EM FUNCIONAMENTO
NÃO SE APLICA,37,FEDERAL,PÚBLICA,NORDESTE,RN,NATAL,ACADÊMICO,PSICOLOGIA,5,1999,EM FUNCIONAMENTO
NÃO SE APLICA,30,FEDERAL,PÚBLICA,NORDESTE,RN,NATAL,ACADÊMICO,DEMOGRAFIA,5,2011,EM FUNCIONAMENTO
NÃO SE APLICA,7,FEDERAL,PÚBLICA,NORDESTE,RN,NATAL,ACADÊMICO,SISTEMÁTICA E EVOLUÇÃO,5,2011,EM FUNCIONAMENTO
NÃO SE APLICA,6,FEDERAL,PÚBLICA,NORDESTE,RN,NATAL,ACADÊMICO,BIOINFORMÁTICA,5,2016,EM FUNCIONAMENTO
"ENGENHARIA, TECNOLOGIA E GESTÃO",45,FEDERAL,PÚBLICA,NORDESTE,RN,NATAL,PROFISSIONAL,"CIÊNCIA, TECNOLOGIA E INOVAÇÃO",3,2015,EM FUNCIONAMENTO
NÃO SE APLICA,13,FEDERAL,PÚBLICA,NORDESTE,RN,NATAL,ACADÊMICO,ENGENHARIA MECÂNICA,4,1983,EM FUNCIONAMENTO
NÃO SE APLICA,50,FEDERAL,PÚBLICA,NORDESTE,RN,NATAL,ACADÊMICO,NUTRIÇÃO,4,2014,EM FUNCIONAMENTO
NÃO SE APLICA,41,FEDERAL,PÚBLICA,NORDESTE,RN,NATAL,ACADÊMICO,ESTUDOS DA LINGUAGEM,4,1993,EM FUNCIONAMENTO
TECNOLOGIA QUÍMICA,12,FEDERAL,PÚBLICA,NORDESTE,RN,NATAL,ACADÊMICO,ENGENHARIA TÊXTIL,3,2017,EM FUNCIONAMENTO
NÃO SE APLICA,22,FEDERAL,PÚBLICA,NORDESTE,RN,NATAL,PROFISSIONAL,GESTÃO DA QUALIDADE EM SERVIÇOS DE SAÚDE,4,2014,EM FUNCIONAMENTO
NÃO SE APLICA,5,FEDERAL,PÚBLICA,NORDESTE,RN,NATAL,ACADÊMICO,CIÊNCIAS CLIMÁTICAS,4,2010,EM FUNCIONAMENTO
NÃO SE APLICA,37,FEDERAL,PÚBLICA,NORDESTE,RN,NATAL,ACADÊMICO,PSICOBIOLOGIA,6,1985,EM FUNCIONAMENTO
NÃO SE APLICA,8,FEDERAL,PÚBLICA,NORDESTE,RN,NATAL,ACADÊMICO,BIOLOGIA ESTRUTURAL E FUNCIONAL,4,2013,EM FUNCIONAMENTO
NÃO SE APLICA,14,FEDERAL,PÚBLICA,NORDESTE,RN,NATAL,ACADÊMICO,ENGENHARIA ELÉTRICA E DE COMPUTAÇÃO,5,1983,EM FUNCIONAMENTO
NÃO SE APLICA,22,FEDERAL,PÚBLICA,NORDESTE,RN,NATAL,PROFISSIONAL,"GESTÃO, TRABALHO, EDUCAÇÃO E SAÚDE",3,2019,EM FUNCIONAMENTO
NÃO SE APLICA,27,FEDERAL,PÚBLICA,NORDESTE,RN,NATAL,ACADÊMICO,TURISMO,5,2008,EM FUNCIONAMENTO
NÃO SE APLICA,31,FEDERAL,PÚBLICA,NORDESTE,RN,NATAL,PROFISSIONAL,CIÊNCIA DA INFORMAÇÃO,4,2015,EM FUNCIONAMENTO
MÚSICA,11,FEDERAL,PÚBLICA,NORDESTE,RN,NATAL,ACADÊMICO,MÚSICA,4,2013,EM FUNCIONAMENTO
NÃO SE APLICA,2,FEDERAL,PÚBLICA,NORDESTE,RN,NATAL,PROFISSIONAL,TECNOLOGIA DA INFORMAÇÃO,4,2014,EM FUNCIONAMENTO
TEATRO,11,FEDERAL,PÚBLICA,NORDESTE,RN,NATAL,ACADÊMICO,ARTES CÊNICAS,4,2008,EM FUNCIONAMENTO
NÃO SE APLICA,36,FEDERAL,PÚBLICA,NORDESTE,RN,CAICÓ,PROFISSIONAL,GEOGRAFIA,4,2015,EM FUNCIONAMENTO
NÃO SE APLICA,21,FEDERAL,PÚBLICA,NORDESTE,RN,NATAL,ACADÊMICO,FONOAUDIOLOGIA,4,2017,EM FUNCIONAMENTO
FÍSICA DA MATÉRIA CONDENSADA,3,FEDERAL,PÚBLICA,NORDESTE,RN,NATAL,ACADÊMICO,FÍSICA,5,1986,EM FUNCIONAMENTO
NÃO SE APLICA,18,FEDERAL,PÚBLICA,NORDESTE,RN,NATAL,ACADÊMICO,CIÊNCIAS ODONTOLÓGICAS,5,1978,EM FUNCIONAMENTO
NÃO SE APLICA,33,FEDERAL,PÚBLICA,NORDESTE,RN,NATAL,ACADÊMICO,FILOSOFIA,5,2001,EM FUNCIONAMENTO
NÃO SE APLICA,7,FEDERAL,PÚBLICA,NORDESTE,RN,NATAL,ACADÊMICO,ECOLOGIA,7,1995,EM FUNCIONAMENTO
NÃO SE APLICA,13,FEDERAL,PÚBLICA,NORDESTE,RN,NATAL,ACADÊMICO,ENGENHARIA DE PRODUÇÃO,3,1999,EM FUNCIONAMENTO
SAÚDE E BIOLÓGICAS,45,FEDERAL,PÚBLICA,NORDESTE,RN,NATAL,PROFISSIONAL,GESTÃO E INOVAÇÃO EM SAÚDE,4,2017,EM FUNCIONAMENTO
TÓPICOS ESPECÍFICOS DE EDUCAÇÃO,38,FEDERAL,PÚBLICA,NORDESTE,RN,NATAL,PROFISSIONAL,EDUCAÇÃO ESPECIAL,3,2020,EM FUNCIONAMENTO
NÃO SE APLICA,13,FEDERAL,PÚBLICA,NORDESTE,RN,NATAL,ACADÊMICO,ENERGIA E PETRÓLEO,3,2006,EM FUNCIONAMENTO
NÃO SE APLICA,21,FEDERAL,PÚBLICA,NORDESTE,RN,SANTA CRUZ,ACADÊMICO,CIÊNCIAS DA REABILITAÇÃO,4,2016,EM FUNCIONAMENTO
NÃO SE APLICA,40,FEDERAL,PÚBLICA,NORDESTE,RN,NATAL,ACADÊMICO,HISTÓRIA,4,2005,EM FUNCIONAMENTO
NÃO SE APLICA,35,FEDERAL,PÚBLICA,NORDESTE,RN,NATAL,ACADÊMICO,ANTROPOLOGIA SOCIAL,5,2005,EM FUNCIONAMENTO
CLÍNICA MÉDICA,17,FEDERAL,PÚBLICA,NORDESTE,RN,NATAL,ACADÊMICO,CIÊNCIAS APLICADAS À SAÚDE DA MULHER,3,2020,EM FUNCIONAMENTO
NÃO SE APLICA,1,FEDERAL,PÚBLICA,NORDESTE,RN,NATAL,ACADÊMICO,MATEMÁTICA APLICADA E ESTATISTICA,3,2006,EM FUNCIONAMENTO
"SOCIAIS, CULTURAS E HUMANIDADES",45,FEDERAL,PÚBLICA,NORDESTE,RN,NATAL,PROFISSIONAL,GESTÃO DE PROCESSOS INSTITUCIONAIS,4,2013,EM FUNCIONAMENTO
NÃO SE APLICA,21,FEDERAL,PÚBLICA,NORDESTE,RN,NATAL,ACADÊMICO,FISIOTERAPIA,5,2007,EM FUNCIONAMENTO
SOCIOLOGIA DO DESENVOLVIMENTO,34,FEDERAL,PÚBLICA,NORDESTE,RN,NATAL,ACADÊMICO,CIÊNCIAS SOCIAIS,4,1979,EM FUNCIONAMENTO
NÃO SE APLICA,12,FEDERAL,PÚBLICA,NORDESTE,RN,NATAL,ACADÊMICO,ENGENHARIA QUÍMICA,5,1988,EM FUNCIONAMENTO
ENSINO DE CIÊNCIAS E MATEMÁTICA,46,FEDERAL,PÚBLICA,NORDESTE,RN,NATAL,PROFISSIONAL,ENSINO DE CIÊNCIAS NATURAIS E MATEMÁTICA,4,2002,EM FUNCIONAMENTO
NÃO SE APLICA,22,FEDERAL,PÚBLICA,NORDESTE,RN,SANTA CRUZ,ACADÊMICO,SAÚDE COLETIVA,4,2015,EM FUNCIONAMENTO
NÃO SE APLICA,20,FEDERAL,PÚBLICA,NORDESTE,RN,NATAL,ACADÊMICO,ENFERMAGEM,5,2001,EM FUNCIONAMENTO
NÃO SE APLICA,28,FEDERAL,PÚBLICA,NORDESTE,RN,NATAL,ACADÊMICO,ECONOMIA,4,2005,EM FUNCIONAMENTO
NÃO SE APLICA,46,FEDERAL,PÚBLICA,NORDESTE,RN,NATAL,PROFISSIONAL,ENSINO NA SAÚDE,4,2013,EM FUNCIONAMENTO
NÃO SE APLICA,36,FEDERAL,PÚBLICA,NORDESTE,RN,CAICÓ,ACADÊMICO,GEOGRAFIA,3,2019,EM FUNCIONAMENTO
NÃO SE APLICA,19,FEDERAL,PÚBLICA,NORDESTE,RN,NATAL,ACADÊMICO,CIÊNCIAS FARMACÊUTICAS,4,2005,EM FUNCIONAMENTO
NÃO SE APLICA,31,FEDERAL,PÚBLICA,NORDESTE,RN,NATAL,ACADÊMICO,ESTUDOS DA MÍDIA,4,2009,EM FUNCIONAMENTO
CIÊNCIAS CONTÁBEIS,27,FEDERAL,PÚBLICA,NORDESTE,RN,NATAL,ACADÊMICO,CIÊNCIAS CONTÁBEIS,3,2015,EM FUNCIONAMENTO
NÃO SE APLICA,46,FEDERAL,PÚBLICA,NORDESTE,RN,CAICÓ,PROFISSIONAL,"EDUCAÇÃO, TRABALHO E INOVAÇÃO EM MEDICINA",3,2016,EM FUNCIONAMENTO
NÃO SE APLICA,38,FEDERAL,PÚBLICA,NORDESTE,RN,NATAL,ACADÊMICO,EDUCAÇÃO,5,1978,EM FUNCIONAMENTO
NÃO SE APLICA,49,FEDERAL,PÚBLICA,NORDESTE,RN,NATAL,ACADÊMICO,DESENVOLVIMENTO E MEIO AMBIENTE,5,2004,EM FUNCIONAMENTO
NÃO SE APLICA,32,FEDERAL,PÚBLICA,NORDESTE,RN,NATAL,ACADÊMICO,SERVIÇO SOCIAL,4,2000,EM FUNCIONAMENTO
NÃO SE APLICA,51,FEDERAL,PÚBLICA,NORDESTE,RN,NATAL,PROFISSIONAL,LETRAS,4,2013,EM FUNCIONAMENTO
"SOCIAIS, CULTURAS E HUMANIDADES",45,FEDERAL,PÚBLICA,NORDESTE,RN,NATAL,PROFISSIONAL,INOVAÇÃO EM TECNOLOGIAS EDUCACIONAIS,4,2017,EM FUNCIONAMENTO
NÃO SE APLICA,9,FEDERAL,PÚBLICA,NORDESTE,RN,NATAL,ACADÊMICO,BIOLOGIA PARASITÁRIA,4,2014,EM FUNCIONAMENTO
NÃO SE APLICA,30,FEDERAL,PÚBLICA,NORDESTE,RN,NATAL,ACADÊMICO,ESTUDOS URBANOS E REGIONAIS,4,2010,EM FUNCIONAMENTO
NÃO SE APLICA,4,FEDERAL,PÚBLICA,NORDESTE,RN,NATAL,ACADÊMICO,QUÍMICA,6,1990,EM FUNCIONAMENTO
NÃO SE APLICA,27,FEDERAL,PÚBLICA,NORDESTE,RN,NATAL,ACADÊMICO,ADMINISTRAÇÃO,5,1978,EM FUNCIONAMENTO
NÃO SE APLICA,21,FEDERAL,PÚBLICA,NORDESTE,RN,NATAL,ACADÊMICO,EDUCAÇÃO FÍSICA,4,2011,EM FUNCIONAMENTO
NÃO SE APLICA,10,FEDERAL,PÚBLICA,NORDESTE,RN,NATAL,ACADÊMICO,ENGENHARIA CIVIL E AMBIENTAL,4,1999,EM FUNCIONAMENTO
NÃO SE APLICA,20,FEDERAL,PÚBLICA,NORDESTE,RN,NATAL,PROFISSIONAL,SAÚDE E SOCIEDADE,3,2017,EM FUNCIONAMENTO
NÃO SE APLICA,5,FEDERAL,PÚBLICA,NORDESTE,RN,NATAL,ACADÊMICO,GEODINÂMICA E GEOFÍSICA,5,1996,EM FUNCIONAMENTO
NÃO SE APLICA,29,FEDERAL,PÚBLICA,NORDESTE,RN,NATAL,ACADÊMICO,ARQUITETURA E URBANISMO,5,1999,EM FUNCIONAMENTO
NÃO SE APLICA,42,FEDERAL,PÚBLICA,NORDESTE,RN,MACAÍBA,ACADÊMICO,CIÊNCIAS FLORESTAIS,3,2012,EM FUNCIONAMENTO
ENSINO DE CIÊNCIAS E MATEMÁTICA,46,FEDERAL,PÚBLICA,NORDESTE,RN,NATAL,ACADÊMICO,ENSINO DE CIÊNCIAS E MATEMÁTICA,4,2015,EM FUNCIONAMENTO
CLÍNICA MÉDICA,16,FEDERAL,PÚBLICA,NORDESTE,RN,NATAL,ACADÊMICO,CIÊNCIAS DA SAÚDE,6,2001,EM FUNCIONAMENTO
NÃO SE APLICA,49,FEDERAL,PÚBLICA,NORDESTE,RN,NATAL,ACADÊMICO,DESENVOLVIMENTO E MEIO AMBIENTE UFPI-UFRN-FUFSE-UESC-UFPB/JP-UFERSA,5,2010,EM FUNCIONAMENTO
NÃO SE APLICA,41,ESTADUAL,PÚBLICA,NORDESTE,RN,MOSSORÓ,ACADÊMICO,CIÊNCIAS DA LINGUAGEM,3,2016,EM FUNCIONAMENTO
NÃO SE APLICA,46,ESTADUAL,PÚBLICA,NORDESTE,RN,MOSSORÓ,ACADÊMICO,ENSINO,4,2016,EM FUNCIONAMENTO
CLÍNICA MÉDICA,16,ESTADUAL,PÚBLICA,NORDESTE,RN,MOSSORÓ,ACADÊMICO,SAÚDE E SOCIEDADE,3,2012,EM FUNCIONAMENTO
"SOCIAIS, CULTURAS E HUMANIDADES",45,ESTADUAL,PÚBLICA,NORDESTE,RN,MOSSORÓ,ACADÊMICO,CIÊNCIAS SOCIAIS E HUMANAS,3,2012,EM FUNCIONAMENTO
NÃO SE APLICA,46,ESTADUAL,PÚBLICA,NORDESTE,RN,PAU DOS FERROS,ACADÊMICO,ENSINO,3,2014,EM FUNCIONAMENTO
NÃO SE APLICA,28,ESTADUAL,PÚBLICA,NORDESTE,RN,MOSSORÓ,ACADÊMICO,ECONOMIA,3,2016,EM FUNCIONAMENTO
NÃO SE APLICA,30,ESTADUAL,PÚBLICA,NORDESTE,RN,PAU DOS FERROS,ACADÊMICO,PLANEJAMENTO E DINÂMICAS TERRITORIAIS NO SEMIÁRIDO,4,2015,EM FUNCIONAMENTO
NÃO SE APLICA,41,ESTADUAL,PÚBLICA,NORDESTE,RN,PAU DOS FERROS,ACADÊMICO,LETRAS,5,2008,EM FUNCIONAMENTO
NÃO SE APLICA,32,ESTADUAL,PÚBLICA,NORDESTE,RN,MOSSORÓ,ACADÊMICO,SERVIÇO SOCIAL E DIREITOS SOCIAIS,3,2014,EM FUNCIONAMENTO
NÃO SE APLICA,2,ESTADUAL,PÚBLICA,NORDESTE,RN,MOSSORÓ,ACADÊMICO,CIÊNCIA DA COMPUTAÇÃO - UERN - UFERSA,3,2008,EM FUNCIONAMENTO
NÃO SE APLICA,38,ESTADUAL,PÚBLICA,NORDESTE,RN,MOSSORÓ,ACADÊMICO,EDUCAÇÃO,3,2011,EM FUNCIONAMENTO
NÃO SE APLICA,36,ESTADUAL,PÚBLICA,NORDESTE,RN,MOSSORÓ,ACADÊMICO,GEOGRAFIA,4,2016,EM FUNCIONAMENTO
NÃO SE APLICA,49,ESTADUAL,PÚBLICA,NORDESTE,RN,MOSSORÓ,ACADÊMICO,CIÊNCIAS NATURAIS,4,2011,EM FUNCIONAMENTO
FÍSICA DA MATÉRIA CONDENSADA,3,ESTADUAL,PÚBLICA,NORDESTE,RN,MOSSORÓ,ACADÊMICO,FÍSICA,4,2008,EM FUNCIONAMENTO
NÃO SE APLICA,7,FEDERAL,PÚBLICA,NORDESTE,RN,MOSSORÓ,ACADÊMICO,ECOLOGIA E CONSERVAÇÃO,3,2013,EM FUNCIONAMENTO
NÃO SE APLICA,42,FEDERAL,PÚBLICA,NORDESTE,RN,MOSSORÓ,ACADÊMICO,FITOTECNIA,6,1989,EM FUNCIONAMENTO
NÃO SE APLICA,47,FEDERAL,PÚBLICA,NORDESTE,RN,MOSSORÓ,ACADÊMICO,CIÊNCIA E ENGENHARIA DE MATERIAIS,4,2015,EM FUNCIONAMENTO
NÃO SE APLICA,42,FEDERAL,PÚBLICA,NORDESTE,RN,MOSSORÓ,ACADÊMICO,MANEJO DE SOLO E ÁGUA,4,2012,EM FUNCIONAMENTO
NÃO SE APLICA,27,FEDERAL,PÚBLICA,NORDESTE,RN,MOSSORÓ,ACADÊMICO,ADMINISTRAÇÃO,3,2020,EM FUNCIONAMENTO
NÃO SE APLICA,24,FEDERAL,PÚBLICA,NORDESTE,RN,MOSSORÓ,ACADÊMICO,CIÊNCIA ANIMAL,5,2006,EM FUNCIONAMENTO
NÃO SE APLICA,26,FEDERAL,PÚBLICA,NORDESTE,RN,MOSSORÓ,ACADÊMICO,DIREITO,3,2019,EM FUNCIONAMENTO
NÃO SE APLICA,23,FEDERAL,PÚBLICA,NORDESTE,RN,MOSSORÓ,ACADÊMICO,PRODUÇÃO ANIMAL,3,2009,EM FUNCIONAMENTO
"SOCIAIS, CULTURAS E HUMANIDADES",45,FEDERAL,PÚBLICA,NORDESTE,RN,MOSSORÓ,ACADÊMICO,"COGNIÇÃO, TECNOLOGIAS E INSTITUIÇÕES",4,2016,EM FUNCIONAMENTO
NÃO SE APLICA,49,FEDERAL,PÚBLICA,NORDESTE,RN,MOSSORÓ,ACADÊMICO,"AMBIENTE, TECNOLOGIA E SOCIEDADE",4,2011,EM FUNCIONAMENTO
NÃO SE APLICA,14,FEDERAL,PÚBLICA,NORDESTE,RN,MOSSORÓ,ACADÊMICO,ENGENHARIA ELÉTRICA,3,2011,EM FUNCIONAMENTO
NÃO SE APLICA,27,PARTICULAR,PRIVADA,NORDESTE,RN,NATAL,PROFISSIONAL,ADMINISTRAÇÃO,4,2006,EM FUNCIONAMENTO
PSICOLOGIA DO TRABALHO E ORGANIZACIONAL,37,PARTICULAR,PRIVADA,NORDESTE,RN,NATAL,PROFISSIONAL,PSICOLOGIA ORGANIZACIONAL E DO TRABALHO,3,2015,EM FUNCIONAMENTO
NÃO SE APLICA,27,PARTICULAR,PRIVADA,NORDESTE,RN,NATAL,ACADÊMICO,ADMINISTRAÇÃO,4,2016,EM FUNCIONAMENTO
NÃO SE APLICA,48,PARTICULAR,PRIVADA,NORDESTE,RN,NATAL,PROFISSIONAL,BIOTECNOLOGIA,4,2012,EM FUNCIONAMENTO
NÃO SE APLICA,49,FEDERAL,PÚBLICA,NORDESTE,RN,NATAL,PROFISSIONAL,USO SUSTENTÁVEL DE RECURSOS NATURAIS,3,2015,EM FUNCIONAMENTO
NÃO SE APLICA,38,FEDERAL,PÚBLICA,NORDESTE,RN,NATAL,ACADÊMICO,EDUCAÇÃO PROFISSIONAL,5,2013,EM FUNCIONAMENTO
NÃO SE APLICA,26,PARTICULAR,PRIVADA,NORDESTE,CE,FORTALEZA,ACADÊMICO,DIREITO,4,2017,EM FUNCIONAMENTO
CIRURGIA,17,PARTICULAR,PRIVADA,NORDESTE,CE,FORTALEZA,PROFISSIONAL,TECNOLOGIA MINIMAMENTE INVASIVA E SIMULAÇÃO NA ÁREA DE SAÚDE,4,2015,EM FUNCIONAMENTO
NÃO SE APLICA,46,PARTICULAR,PRIVADA,NORDESTE,CE,FORTALEZA,PROFISSIONAL,ENSINO NA SAÚDE E TECNOLOGIAS EDUCACIONAIS,3,2020,EM FUNCIONAMENTO
NÃO SE APLICA,18,PARTICULAR,PRIVADA,NORDESTE,CE,FORTALEZA,ACADÊMICO,CIÊNCIAS ODONTOLÓGICAS,4,2017,EM FUNCIONAMENTO
CLÍNICA ODONTOLÓGICA,18,PARTICULAR,PRIVADA,NORDESTE,CE,FORTALEZA,PROFISSIONAL,CLÍNICA ODONTOLÓGICA,4,2019,EM FUNCIONAMENTO
CLÍNICA MÉDICA,15,PARTICULAR,PRIVADA,NORDESTE,CE,FORTALEZA,ACADÊMICO,ONCOLOGIA,A,2022,EM FUNCIONAMENTO
NÃO SE APLICA,44,FEDERAL,PÚBLICA,NORDESTE,PB,JOÃO PESSOA,ACADÊMICO,CIÊNCIAS DAS RELIGIÕES,4,2007,EM FUNCIONAMENTO
NÃO SE APLICA,10,FEDERAL,PÚBLICA,NORDESTE,PB,JOÃO PESSOA,ACADÊMICO,ENGENHARIA CIVIL E AMBIENTAL,5,2002,EM FUNCIONAMENTO
"ENGENHARIA, TECNOLOGIA E GESTÃO",45,FEDERAL,PÚBLICA,NORDESTE,PB,JOÃO PESSOA,ACADÊMICO,MODELOS DE DECISÃO E SAÚDE,6,2009,EM FUNCIONAMENTO
NÃO SE APLICA,12,FEDERAL,PÚBLICA,NORDESTE,PB,JOÃO PESSOA,ACADÊMICO,ENGENHARIA QUÍMICA,3,2015,EM FUNCIONAMENTO
SISTEMA DE COMPUTAÇÃO,2,FEDERAL,PÚBLICA,NORDESTE,PB,JOÃO PESSOA,ACADÊMICO,INFORMÁTICA,4,2006,EM FUNCIONAMENTO
NÃO SE APLICA,33,FEDERAL,PÚBLICA,NORDESTE,PB,JOÃO PESSOA,ACADÊMICO,FILOSOFIA,4,1979,EM FUNCIONAMENTO
NÃO SE APLICA,22,FEDERAL,PÚBLICA,NORDESTE,PB,JOÃO PESSOA,ACADÊMICO,SAÚDE COLETIVA,3,2019,EM FUNCIONAMENTO
JORNALISMO E EDITORAÇÃO,31,FEDERAL,PÚBLICA,NORDESTE,PB,JOÃO PESSOA,PROFISSIONAL,JORNALISMO,4,2013,EM FUNCIONAMENTO
NÃO SE APLICA,50,FEDERAL,PÚBLICA,NORDESTE,PB,JOÃO PESSOA,ACADÊMICO,CIÊNCIAS DA NUTRIÇÃO,5,1995,EM FUNCIONAMENTO
CIÊNCIAS CONTÁBEIS,27,FEDERAL,PÚBLICA,NORDESTE,PB,JOÃO PESSOA,ACADÊMICO,CIÊNCIAS CONTÁBEIS,5,2015,EM FUNCIONAMENTO
ADMINISTRAÇÃO PÚBLICA,27,FEDERAL,PÚBLICA,NORDESTE,PB,JOÃO PESSOA,ACADÊMICO,GESTÃO PÚBLICA E COOPERAÇÃO INTERNACIONAL,3,2016,EM FUNCIONAMENTO
NÃO SE APLICA,37,FEDERAL,PÚBLICA,NORDESTE,PB,JOÃO PESSOA,PROFISSIONAL,PSICOLOGIA CLÍNICA,A,2024,EM FUNCIONAMENTO
NÃO SE APLICA,35,FEDERAL,PÚBLICA,NORDESTE,PB,JOÃO PESSOA,ACADÊMICO,ANTROPOLOGIA,4,2011,EM FUNCIONAMENTO
NÃO SE APLICA,6,FEDERAL,PÚBLICA,NORDESTE,PB,JOÃO PESSOA,ACADÊMICO,BIOLOGIA CELULAR E MOLECULAR,3,2010,EM FUNCIONAMENTO
TÓPICOS ESPECÍFICOS DE EDUCAÇÃO,38,FEDERAL,PÚBLICA,NORDESTE,PB,JOÃO PESSOA,ACADÊMICO,EDUCAÇÃO,4,1977,EM FUNCIONAMENTO
ENGENHARIA TÉRMICA,13,FEDERAL,PÚBLICA,NORDESTE,PB,JOÃO PESSOA,ACADÊMICO,ENERGIAS RENOVÁVEIS,4,2014,EM FUNCIONAMENTO
NÃO SE APLICA,49,FEDERAL,PÚBLICA,NORDESTE,PB,JOÃO PESSOA,ACADÊMICO,DESENVOLVIMENTO E MEIO AMBIENTE - PRODEMA,4,1996,EM FUNCIONAMENTO
"SOCIAIS, CULTURAS E HUMANIDADES",45,FEDERAL,PÚBLICA,NORDESTE,PB,JOÃO PESSOA,ACADÊMICO,"DIREITOS HUMANOS, CIDADANIA E POLÍTICAS PÚBLICAS",4,2012,EM FUNCIONAMENTO
NÃO SE APLICA,25,FEDERAL,PÚBLICA,NORDESTE,PB,JOÃO PESSOA,ACADÊMICO,CIÊNCIA E TECNOLOGIA DE ALIMENTOS,5,1978,EM FUNCIONAMENTO
ECONOMIA DOS RECURSOS HUMANOS,28,FEDERAL,PÚBLICA,NORDESTE,PB,JOÃO PESSOA,ACADÊMICO,ECONOMIA,5,1980,EM FUNCIONAMENTO
NÃO SE APLICA,39,FEDERAL,PÚBLICA,NORDESTE,PB,JOÃO PESSOA,ACADÊMICO,CIÊNCIA POLÍTICA E RELAÇÕES INTERNACIONAIS,4,2016,EM FUNCIONAMENTO
NÃO SE APLICA,32,FEDERAL,PÚBLICA,NORDESTE,PB,JOÃO PESSOA,ACADÊMICO,SERVIÇO SOCIAL,4,1978,EM FUNCIONAMENTO
NÃO SE APLICA,13,FEDERAL,PÚBLICA,NORDESTE,PB,JOÃO PESSOA,ACADÊMICO,ENGENHARIA MECÂNICA,4,1975,EM FUNCIONAMENTO
NÃO SE APLICA,41,FEDERAL,PÚBLICA,NORDESTE,PB,JOÃO PESSOA,PROFISSIONAL,LINGUÍSTICA E ENSINO,4,2012,EM FUNCIONAMENTO
NÃO SE APLICA,3,FEDERAL,PÚBLICA,NORDESTE,PB,JOÃO PESSOA,ACADÊMICO,FÍSICA,5,1973,EM FUNCIONAMENTO
NÃO SE APLICA,7,FEDERAL,PÚBLICA,NORDESTE,PB,JOÃO PESSOA,ACADÊMICO,CIÊNCIAS BIOLÓGICAS (ZOOLOGIA),5,1981,EM FUNCIONAMENTO
NÃO SE APLICA,29,FEDERAL,PÚBLICA,NORDESTE,PB,JOÃO PESSOA,ACADÊMICO,ARQUITETURA E URBANISMO,5,2008,EM FUNCIONAMENTO
PSICOLOGIA SOCIAL,37,FEDERAL,PÚBLICA,NORDESTE,PB,JOÃO PESSOA,ACADÊMICO,PSICOLOGIA SOCIAL,5,2012,EM FUNCIONAMENTO
NÃO SE APLICA,28,FEDERAL,PÚBLICA,NORDESTE,PB,JOÃO PESSOA,PROFISSIONAL,ECONOMIA DO SETOR PÚBLICO,3,2015,EM FUNCIONAMENTO
NÃO SE APLICA,31,FEDERAL,PÚBLICA,NORDESTE,PB,JOÃO PESSOA,ACADÊMICO,CIÊNCIA DA INFORMAÇÃO,4,2007,EM FUNCIONAMENTO
NÃO SE APLICA,31,FEDERAL,PÚBLICA,NORDESTE,PB,JOÃO PESSOA,ACADÊMICO,COMUNICAÇÃO E CULTURAS MIDIÁTICAS,3,2008,EM FUNCIONAMENTO
NÃO SE APLICA,21,FEDERAL,PÚBLICA,NORDESTE,PB,JOÃO PESSOA,ACADÊMICO,FISIOTERAPIA,3,2018,EM FUNCIONAMENTO
NÃO SE APLICA,41,FEDERAL,PÚBLICA,NORDESTE,PB,JOÃO PESSOA,ACADÊMICO,LETRAS,5,2006,EM FUNCIONAMENTO
NÃO SE APLICA,4,FEDERAL,PÚBLICA,NORDESTE,PB,JOÃO PESSOA,ACADÊMICO,QUÍMICA,5,1986,EM FUNCIONAMENTO
NÃO SE APLICA,47,FEDERAL,PÚBLICA,NORDESTE,PB,JOÃO PESSOA,ACADÊMICO,CIÊNCIA E ENGENHARIA DE MATERIAIS,5,2011,EM FUNCIONAMENTO
NÃO SE APLICA,26,FEDERAL,PÚBLICA,NORDESTE,PB,JOÃO PESSOA,ACADÊMICO,CIÊNCIAS JURÍDICAS,4,1996,EM FUNCIONAMENTO
NÃO SE APLICA,27,FEDERAL,PÚBLICA,NORDESTE,PB,JOÃO PESSOA,PROFISSIONAL,GESTÃO EM ORGANIZAÇÕES APRENDENTES,3,2010,EM FUNCIONAMENTO
NÃO SE APLICA,34,FEDERAL,PÚBLICA,NORDESTE,PB,JOÃO PESSOA,ACADÊMICO,SOCIOLOGIA,5,1979,EM FUNCIONAMENTO
NÃO SE APLICA,13,FEDERAL,PÚBLICA,NORDESTE,PB,JOÃO PESSOA,ACADÊMICO,ENGENHARIA DE PRODUÇÃO E SISTEMAS,3,2020,EM FUNCIONAMENTO
NÃO SE APLICA,38,FEDERAL,PÚBLICA,NORDESTE,PB,JOÃO PESSOA,PROFISSIONAL,"POLÍTICAS PÚBLICAS, GESTÃO E AVALIAÇÃO DA EDUCAÇÃO SUPERIOR",4,2015,EM FUNCIONAMENTO
ADMINISTRAÇÃO DE EMPRESAS,27,FEDERAL,PÚBLICA,NORDESTE,PB,JOÃO PESSOA,ACADÊMICO,ADMINISTRAÇÃO,5,1976,EM FUNCIONAMENTO
NÃO SE APLICA,41,FEDERAL,PÚBLICA,NORDESTE,PB,JOÃO PESSOA,ACADÊMICO,LINGÜÍSTICA,6,2006,EM FUNCIONAMENTO
MÚSICA,11,FEDERAL,PÚBLICA,NORDESTE,PB,JOÃO PESSOA,ACADÊMICO,MÚSICA,4,2004,EM FUNCIONAMENTO
NÃO SE APLICA,48,FEDERAL,PÚBLICA,NORDESTE,PB,JOÃO PESSOA,ACADÊMICO,BIOTECNOLOGIA,4,2014,EM FUNCIONAMENTO
NÃO SE APLICA,19,FEDERAL,PÚBLICA,NORDESTE,PB,JOÃO PESSOA,ACADÊMICO,DESENVOLVIMENTO E INOVAÇÃO TECNOLÓGICA EM MEDICAMENTOS,4,2009,EM FUNCIONAMENTO
PSICOLOGIA FISIOLÓGICA,37,FEDERAL,PÚBLICA,NORDESTE,PB,JOÃO PESSOA,ACADÊMICO,NEUROCIÊNCIA COGNITIVA E COMPORTAMENTO,5,2013,EM FUNCIONAMENTO
NÃO SE APLICA,36,FEDERAL,PÚBLICA,NORDESTE,PB,JOÃO PESSOA,ACADÊMICO,GEOGRAFIA,4,2003,EM FUNCIONAMENTO
NÃO SE APLICA,11,FEDERAL,PÚBLICA,NORDESTE,PB,JOÃO PESSOA,ACADÊMICO,ARTES VISUAIS (UFPB J.P. - UFPE),4,2010,EM FUNCIONAMENTO
NÃO SE APLICA,20,FEDERAL,PÚBLICA,NORDESTE,PB,JOÃO PESSOA,ACADÊMICO,ENFERMAGEM,5,1979,EM FUNCIONAMENTO
NÃO SE APLICA,40,FEDERAL,PÚBLICA,NORDESTE,PB,JOÃO PESSOA,ACADÊMICO,HISTÓRIA,4,2005,EM FUNCIONAMENTO
NÃO SE APLICA,1,FEDERAL,PÚBLICA,NORDESTE,PB,JOÃO PESSOA,ACADÊMICO,MATEMÁTICA,5,1994,EM FUNCIONAMENTO
NÃO SE APLICA,18,FEDERAL,PÚBLICA,NORDESTE,PB,JOÃO PESSOA,ACADÊMICO,ODONTOLOGIA,4,1990,EM FUNCIONAMENTO
NÃO SE APLICA,14,FEDERAL,PÚBLICA,NORDESTE,PB,JOÃO PESSOA,ACADÊMICO,ENGENHARIA ELÉTRICA,3,2011,EM FUNCIONAMENTO
NÃO SE APLICA,19,FEDERAL,PÚBLICA,NORDESTE,PB,JOÃO PESSOA,ACADÊMICO,PRODUTOS NATURAIS E SINTÉTICOS BIOATIVOS,6,1978,EM FUNCIONAMENTO
NÃO SE APLICA,20,FEDERAL,PÚBLICA,NORDESTE,PB,JOÃO PESSOA,PROFISSIONAL,GERONTOLOGIA,4,2016,EM FUNCIONAMENTO
NÃO SE APLICA,7,FEDERAL,PÚBLICA,NORDESTE,PB,AREIA,ACADÊMICO,BIODIVERSIDADE,3,2014,EM FUNCIONAMENTO
NÃO SE APLICA,24,FEDERAL,PÚBLICA,NORDESTE,PB,AREIA,ACADÊMICO,CIÊNCIA ANIMAL,4,2012,EM FUNCIONAMENTO
NÃO SE APLICA,42,FEDERAL,PÚBLICA,NORDESTE,PB,AREIA,ACADÊMICO,AGRONOMIA,5,1979,EM FUNCIONAMENTO
CIÊNCIA DO SOLO,42,FEDERAL,PÚBLICA,NORDESTE,PB,AREIA,ACADÊMICO,CIÊNCIA DO SOLO,3,1977,EM FUNCIONAMENTO
NÃO SE APLICA,7,FEDERAL,PÚBLICA,NORDESTE,PB,RIO TINTO,ACADÊMICO,ECOLOGIA E MONITORAMENTO AMBIENTAL,4,2011,EM FUNCIONAMENTO
NÃO SE APLICA,26,PARTICULAR,PRIVADA,NORDESTE,PB,JOÃO PESSOA,ACADÊMICO,DIREITO,3,2014,EM FUNCIONAMENTO
NÃO SE APLICA,30,ESTADUAL,PÚBLICA,NORDESTE,PB,CAMPINA GRANDE,ACADÊMICO,DESENVOLVIMENTO REGIONAL,3,2009,EM FUNCIONAMENTO
NÃO SE APLICA,15,ESTADUAL,PÚBLICA,NORDESTE,PB,CAMPINA GRANDE,PROFISSIONAL,CIÊNCIA E TECNOLOGIA EM SAÚDE,3,2013,EM FUNCIONAMENTO
ENSINO DE CIÊNCIAS E MATEMÁTICA,46,ESTADUAL,PÚBLICA,NORDESTE,PB,CAMPINA GRANDE,ACADÊMICO,ENSINO DE CIÊNCIAS E EDUCAÇÃO MATEMÁTICA,4,2013,EM FUNCIONAMENTO
ENSINO DE CIÊNCIAS E MATEMÁTICA,46,ESTADUAL,PÚBLICA,NORDESTE,PB,CAMPINA GRANDE,PROFISSIONAL,ENSINO DE CIÊNCIAS E MATEMÁTICA,4,2007,EM FUNCIONAMENTO
NÃO SE APLICA,32,ESTADUAL,PÚBLICA,NORDESTE,PB,CAMPINA GRANDE,ACADÊMICO,SERVIÇO SOCIAL,3,2013,EM FUNCIONAMENTO
NÃO SE APLICA,10,ESTADUAL,PÚBLICA,NORDESTE,PB,CAMPINA GRANDE,ACADÊMICO,CIÊNCIA E TECNOLOGIA AMBIENTAL,4,2007,EM FUNCIONAMENTO
NÃO SE APLICA,39,ESTADUAL,PÚBLICA,NORDESTE,PB,JOÃO PESSOA,ACADÊMICO,RELAÇOES INTERNACIONAIS,3,2008,EM FUNCIONAMENTO
TEORIA LITERARIA,41,ESTADUAL,PÚBLICA,NORDESTE,PB,CAMPINA GRANDE,ACADÊMICO,LITERATURA E INTERCULTURALIDADE,4,2006,EM FUNCIONAMENTO
NÃO SE APLICA,18,ESTADUAL,PÚBLICA,NORDESTE,PB,CAMPINA GRANDE,ACADÊMICO,ODONTOLOGIA,4,2009,EM FUNCIONAMENTO
SAÚDE PÚBLICA,22,ESTADUAL,PÚBLICA,NORDESTE,PB,CAMPINA GRANDE,ACADÊMICO,SAÚDE PÚBLICA,3,2009,EM FUNCIONAMENTO
NÃO SE APLICA,38,ESTADUAL,PÚBLICA,NORDESTE,PB,CAMPINA GRANDE,PROFISSIONAL,FORMAÇÃO DE PROFESSORES,3,2011,EM FUNCIONAMENTO
NÃO SE APLICA,42,ESTADUAL,PÚBLICA,NORDESTE,PB,CAMPINA GRANDE,ACADÊMICO,CIÊNCIAS AGRÁRIAS,5,2010,EM FUNCIONAMENTO
NÃO SE APLICA,19,ESTADUAL,PÚBLICA,NORDESTE,PB,CAMPINA GRANDE,ACADÊMICO,CIÊNCIAS FARMACÊUTICAS,3,2011,EM FUNCIONAMENTO
NÃO SE APLICA,37,ESTADUAL,PÚBLICA,NORDESTE,PB,CAMPINA GRANDE,ACADÊMICO,PSICOLOGIA DA SAÚDE,4,2015,EM FUNCIONAMENTO
ARQUIVOLOGIA,31,ESTADUAL,PÚBLICA,NORDESTE,PB,CAMPINA GRANDE,PROFISSIONAL,GESTÃO DE DOCUMENTOS E GOVERNANÇA ARQUIVÍSTICA,A,2024,EM FUNCIONAMENTO
NÃO SE APLICA,7,ESTADUAL,PÚBLICA,NORDESTE,PB,CAMPINA GRANDE,ACADÊMICO,ECOLOGIA E CONSERVAÇÃO,4,2010,EM FUNCIONAMENTO
NÃO SE APLICA,4,ESTADUAL,PÚBLICA,NORDESTE,PB,CAMPINA GRANDE,ACADÊMICO,QUÍMICA,3,2015,EM FUNCIONAMENTO
NÃO SE APLICA,2,FEDERAL,PÚBLICA,NORDESTE,PB,JOÃO PESSOA,PROFISSIONAL,TECNOLOGIA DA INFORMAÇÃO,3,2019,EM FUNCIONAMENTO
NÃO SE APLICA,14,FEDERAL,PÚBLICA,NORDESTE,PB,JOÃO PESSOA,ACADÊMICO,ENGENHARIA ELÉTRICA,3,2012,EM FUNCIONAMENTO
NÃO SE APLICA,13,FEDERAL,PÚBLICA,NORDESTE,PB,CAMPINA GRANDE,ACADÊMICO,ENGENHARIA MECÂNICA,3,2010,EM FUNCIONAMENTO
NÃO SE APLICA,12,FEDERAL,PÚBLICA,NORDESTE,PB,CAMPINA GRANDE,ACADÊMICO,CIÊNCIA E ENGENHARIA DE MATERIAIS,6,2003,EM FUNCIONAMENTO
METEOROLOGIA,5,FEDERAL,PÚBLICA,NORDESTE,PB,CAMPINA GRANDE,ACADÊMICO,METEOROLOGIA,4,1978,EM FUNCIONAMENTO
NÃO SE APLICA,40,FEDERAL,PÚBLICA,NORDESTE,PB,CAMPINA GRANDE,ACADÊMICO,HISTÓRIA,3,2007,EM FUNCIONAMENTO
NÃO SE APLICA,12,FEDERAL,PÚBLICA,NORDESTE,PB,CAMPINA GRANDE,ACADÊMICO,ENGENHARIA QUÍMICA,4,1979,EM FUNCIONAMENTO
NÃO SE APLICA,48,FEDERAL,PÚBLICA,NORDESTE,PB,CAMPINA GRANDE,ACADÊMICO,CIÊNCIAS NATURAIS E BIOTECNOLOGIA,4,2013,EM FUNCIONAMENTO
NÃO SE APLICA,10,FEDERAL,PÚBLICA,NORDESTE,PB,CAMPINA GRANDE,ACADÊMICO,ENGENHARIA CIVIL E AMBIENTAL,5,1971,EM FUNCIONAMENTO
NÃO SE APLICA,42,FEDERAL,PÚBLICA,NORDESTE,PB,CAMPINA GRANDE,ACADÊMICO,ENGENHARIA AGRÍCOLA,5,1987,EM FUNCIONAMENTO
NÃO SE APLICA,29,FEDERAL,PÚBLICA,NORDESTE,PB,CAMPINA GRANDE,ACADÊMICO,DESIGN,4,2014,EM FUNCIONAMENTO
NÃO SE APLICA,27,FEDERAL,PÚBLICA,NORDESTE,PB,CAMPINA GRANDE,ACADÊMICO,ADMINISTRAÇÃO,3,2018,EM FUNCIONAMENTO
NÃO SE APLICA,1,FEDERAL,PÚBLICA,NORDESTE,PB,CAMPINA GRANDE,ACADÊMICO,MATEMÁTICA,4,2003,EM FUNCIONAMENTO
NÃO SE APLICA,39,FEDERAL,PÚBLICA,NORDESTE,PB,CAMPINA GRANDE,ACADÊMICO,CIÊNCIA POLÍTICA,3,2017,EM FUNCIONAMENTO
NÃO SE APLICA,42,FEDERAL,PÚBLICA,NORDESTE,PB,CAMPINA GRANDE,ACADÊMICO,CIÊNCIAS FLORESTAIS,3,2008,EM FUNCIONAMENTO
NÃO SE APLICA,34,FEDERAL,PÚBLICA,NORDESTE,PB,CAMPINA GRANDE,ACADÊMICO,CIÊNCIAS SOCIAIS,4,2007,EM FUNCIONAMENTO
NÃO SE APLICA,42,FEDERAL,PÚBLICA,NORDESTE,PB,POMBAL,ACADÊMICO,HORTICULTURA TROPICAL,3,2012,EM FUNCIONAMENTO
NÃO SE APLICA,38,FEDERAL,PÚBLICA,NORDESTE,PB,CAMPINA GRANDE,ACADÊMICO,EDUCAÇÃO,3,2016,EM FUNCIONAMENTO
NÃO SE APLICA,12,FEDERAL,PÚBLICA,NORDESTE,PB,CAMPINA GRANDE,ACADÊMICO,ENGENHARIA DE PROCESSOS,4,1999,EM FUNCIONAMENTO
NÃO SE APLICA,49,FEDERAL,PÚBLICA,NORDESTE,PB,CAMPINA GRANDE,PROFISSIONAL,GESTÃO E SISTEMAS AGROINDUSTRIAIS,3,2011,EM FUNCIONAMENTO
NÃO SE APLICA,1,FEDERAL,PÚBLICA,NORDESTE,PB,CAMPINA GRANDE,ACADÊMICO,MATEMÁTICA - UFPB-J.P. - UFCG,5,2010,EM FUNCIONAMENTO
NÃO SE APLICA,41,FEDERAL,PÚBLICA,NORDESTE,PB,CAMPINA GRANDE,ACADÊMICO,LINGUAGEM E ENSINO,4,2004,EM FUNCIONAMENTO
ENGENHARIA DE ALIMENTOS,25,FEDERAL,PÚBLICA,NORDESTE,PB,CAMPINA GRANDE,ACADÊMICO,ENGENHARIA DE ALIMENTOS,3,2019,EM FUNCIONAMENTO
NÃO SE APLICA,2,FEDERAL,PÚBLICA,NORDESTE,PB,CAMPINA GRANDE,ACADÊMICO,CIÊNCIA DA COMPUTAÇÃO,4,1973,EM FUNCIONAMENTO
NÃO SE APLICA,3,FEDERAL,PÚBLICA,NORDESTE,PB,CAMPINA GRANDE,ACADÊMICO,FÍSICA,4,2007,EM FUNCIONAMENTO
NÃO SE APLICA,24,FEDERAL,PÚBLICA,NORDESTE,PB,PATOS,ACADÊMICO,CIÊNCIA E SAÚDE ANIMAL,5,2003,EM FUNCIONAMENTO
NÃO SE APLICA,49,FEDERAL,PÚBLICA,NORDESTE,PB,CAMPINA GRANDE,ACADÊMICO,SISTEMAS AGROINDUSTRIAIS,3,2015,EM FUNCIONAMENTO
NÃO SE APLICA,23,FEDERAL,PÚBLICA,NORDESTE,PB,PATOS,ACADÊMICO,CIÊNCIA ANIMAL,3,2003,EM FUNCIONAMENTO
NÃO SE APLICA,14,FEDERAL,PÚBLICA,NORDESTE,PB,CAMPINA GRANDE,ACADÊMICO,ENGENHARIA ELÉTRICA,6,1970,EM FUNCIONAMENTO
NÃO SE APLICA,49,FEDERAL,PÚBLICA,NORDESTE,PB,CAMPINA GRANDE,ACADÊMICO,ENGENHARIA E GESTÃO DE RECURSOS NATURAIS,4,1997,EM FUNCIONAMENTO
NÃO SE APLICA,42,FEDERAL,PÚBLICA,NORDESTE,PB,BANANEIRAS,ACADÊMICO,CIÊNCIAS AGRÁRIAS (AGROECOLOGIA),3,2023,EM FUNCIONAMENTO
NÃO SE APLICA,25,FEDERAL,PÚBLICA,NORDESTE,PB,BANANEIRAS,ACADÊMICO,TECNOLOGIA AGROALIMENTAR,3,2023,EM FUNCIONAMENTO
NÃO SE APLICA,21,FEDERAL,PÚBLICA,NORDESTE,PE,RECIFE,ACADÊMICO,SAÚDE DA COMUNICAÇÃO HUMANA,4,2017,EM FUNCIONAMENTO
NÃO SE APLICA,13,FEDERAL,PÚBLICA,NORDESTE,PE,RECIFE,ACADÊMICO,ENGENHARIA MECÂNICA,4,1996,EM FUNCIONAMENTO
NÃO SE APLICA,26,FEDERAL,PÚBLICA,NORDESTE,PE,RECIFE,ACADÊMICO,DIREITO,5,1972,EM FUNCIONAMENTO
NÃO SE APLICA,3,FEDERAL,PÚBLICA,NORDESTE,PE,RECIFE,ACADÊMICO,FÍSICA,7,1973,EM FUNCIONAMENTO
NÃO SE APLICA,21,FEDERAL,PÚBLICA,NORDESTE,PE,RECIFE,ACADÊMICO,FISIOTERAPIA,4,2009,EM FUNCIONAMENTO
ANATOMIA PATOLÓGICA E PATOLOGIA CLÍNICA,16,FEDERAL,PÚBLICA,NORDESTE,PE,RECIFE,ACADÊMICO,SAÚDE TRANSLACIONAL,3,2019,EM FUNCIONAMENTO
NÃO SE APLICA,37,FEDERAL,PÚBLICA,NORDESTE,PE,RECIFE,ACADÊMICO,PSICOLOGIA,5,2006,EM FUNCIONAMENTO
NÃO SE APLICA,34,FEDERAL,PÚBLICA,NORDESTE,PE,RECIFE,ACADÊMICO,SOCIOLOGIA,5,1967,EM FUNCIONAMENTO
CIRURGIA,17,FEDERAL,PÚBLICA,NORDESTE,PE,RECIFE,ACADÊMICO,CIRURGIA,3,1973,EM FUNCIONAMENTO
NÃO SE APLICA,33,FEDERAL,PÚBLICA,NORDESTE,PE,RECIFE,ACADÊMICO,FILOSOFIA,4,2015,EM FUNCIONAMENTO
NÃO SE APLICA,2,FEDERAL,PÚBLICA,NORDESTE,PE,RECIFE,PROFISSIONAL,CIÊNCIAS DA COMPUTAÇÃO,4,2006,EM FUNCIONAMENTO
NÃO SE APLICA,6,FEDERAL,PÚBLICA,NORDESTE,PE,RECIFE,ACADÊMICO,BIOLOGIA APLICADA À SAÚDE,5,2010,EM FUNCIONAMENTO
CLÍNICA MÉDICA,16,FEDERAL,PÚBLICA,NORDESTE,PE,RECIFE,ACADÊMICO,SAÚDE DA CRIANÇA E DO ADOLESCENTE,3,1973,EM FUNCIONAMENTO
CLÍNICA MÉDICA,16,FEDERAL,PÚBLICA,NORDESTE,PE,RECIFE,ACADÊMICO,MEDICINA TROPICAL,5,1973,EM FUNCIONAMENTO
NÃO SE APLICA,32,FEDERAL,PÚBLICA,NORDESTE,PE,RECIFE,ACADÊMICO,SERVIÇO SOCIAL,6,1979,EM FUNCIONAMENTO
NÃO SE APLICA,1,FEDERAL,PÚBLICA,NORDESTE,PE,RECIFE,ACADÊMICO,MATEMÁTICA,5,1967,EM FUNCIONAMENTO
NÃO SE APLICA,22,FEDERAL,PÚBLICA,NORDESTE,PE,RECIFE,ACADÊMICO,SAÚDE COLETIVA,4,2009,EM FUNCIONAMENTO
NÃO SE APLICA,31,FEDERAL,PÚBLICA,NORDESTE,PE,RECIFE,ACADÊMICO,COMUNICAÇÃO,4,2001,EM FUNCIONAMENTO
NÃO SE APLICA,8,FEDERAL,PÚBLICA,NORDESTE,PE,RECIFE,ACADÊMICO,BIOQUÍMICA E FISIOLOGIA,5,1967,EM FUNCIONAMENTO
NÃO SE APLICA,14,FEDERAL,PÚBLICA,NORDESTE,PE,RECIFE,ACADÊMICO,ENGENHARIA ELÉTRICA,5,1978,EM FUNCIONAMENTO
NÃO SE APLICA,29,FEDERAL,PÚBLICA,NORDESTE,PE,RECIFE,ACADÊMICO,DESIGN,5,2003,EM FUNCIONAMENTO
ENSINO-APRENDIZAGEM,38,FEDERAL,PÚBLICA,NORDESTE,PE,RECIFE,PROFISSIONAL,EDUCAÇÃO BÁSICA,A,2022,EM FUNCIONAMENTO
NÃO SE APLICA,35,FEDERAL,PÚBLICA,NORDESTE,PE,RECIFE,ACADÊMICO,ARQUEOLOGIA,5,2003,EM FUNCIONAMENTO
ENSINO DE CIÊNCIAS E MATEMÁTICA,46,FEDERAL,PÚBLICA,NORDESTE,PE,RECIFE,ACADÊMICO,EDUCAÇÃO MATEMÁTICA E TECNOLÓGICA,5,2008,EM FUNCIONAMENTO
NÃO SE APLICA,5,FEDERAL,PÚBLICA,NORDESTE,PE,RECIFE,ACADÊMICO,CIÊNCIAS GEODÉSICAS E TECNOLOGIAS DA GEOINFORMAÇÃO,4,2001,EM FUNCIONAMENTO
NÃO SE APLICA,6,FEDERAL,PÚBLICA,NORDESTE,PE,RECIFE,ACADÊMICO,CIÊNCIAS BIOLÓGICAS,6,1994,EM FUNCIONAMENTO
NÃO SE APLICA,2,FEDERAL,PÚBLICA,NORDESTE,PE,RECIFE,ACADÊMICO,CIÊNCIAS DA COMPUTAÇÃO,7,1975,EM FUNCIONAMENTO
NÃO SE APLICA,19,FEDERAL,PÚBLICA,NORDESTE,PE,RECIFE,ACADÊMICO,INOVAÇÃO TERAPÊUTICA,5,2008,EM FUNCIONAMENTO
NÃO SE APLICA,39,FEDERAL,PÚBLICA,NORDESTE,PE,RECIFE,ACADÊMICO,CIÊNCIA POLÍTICA,6,1982,EM FUNCIONAMENTO
NÃO SE APLICA,19,FEDERAL,PÚBLICA,NORDESTE,PE,RECIFE,ACADÊMICO,CIÊNCIAS FARMACÊUTICAS,4,1976,EM FUNCIONAMENTO
NÃO SE APLICA,39,FEDERAL,PÚBLICA,NORDESTE,PE,RECIFE,PROFISSIONAL,POLÍTICAS PÚBLICAS,4,2014,EM FUNCIONAMENTO
NÃO SE APLICA,50,FEDERAL,PÚBLICA,NORDESTE,PE,RECIFE,ACADÊMICO,NUTRIÇÃO,5,1971,EM FUNCIONAMENTO
NÃO SE APLICA,28,FEDERAL,PÚBLICA,NORDESTE,PE,RECIFE,ACADÊMICO,ECONOMIA,6,1967,EM FUNCIONAMENTO
NÃO SE APLICA,7,FEDERAL,PÚBLICA,NORDESTE,PE,RECIFE,ACADÊMICO,OCEANOGRAFIA,5,1982,EM FUNCIONAMENTO
NÃO SE APLICA,18,FEDERAL,PÚBLICA,NORDESTE,PE,RECIFE,ACADÊMICO,ODONTOLOGIA,4,2001,EM FUNCIONAMENTO
NÃO SE APLICA,27,FEDERAL,PÚBLICA,NORDESTE,PE,RECIFE,ACADÊMICO,HOTELARIA E TURISMO,3,2017,EM FUNCIONAMENTO
NÃO SE APLICA,1,FEDERAL,PÚBLICA,NORDESTE,PE,RECIFE,ACADÊMICO,ESTATÍSTICA,5,1996,EM FUNCIONAMENTO
NÃO SE APLICA,10,FEDERAL,PÚBLICA,NORDESTE,PE,RECIFE,ACADÊMICO,ENGENHARIA CIVIL,6,1992,EM FUNCIONAMENTO
NÃO SE APLICA,31,FEDERAL,PÚBLICA,NORDESTE,PE,RECIFE,ACADÊMICO,CIÊNCIA DA INFORMAÇÃO,5,2009,EM FUNCIONAMENTO
NÃO SE APLICA,27,FEDERAL,PÚBLICA,NORDESTE,PE,RECIFE,ACADÊMICO,ADMINISTRAÇÃO,5,1995,EM FUNCIONAMENTO
NÃO SE APLICA,40,FEDERAL,PÚBLICA,NORDESTE,PE,RECIFE,ACADÊMICO,HISTÓRIA,5,1974,EM FUNCIONAMENTO
NÃO SE APLICA,41,FEDERAL,PÚBLICA,NORDESTE,PE,RECIFE,ACADÊMICO,LETRAS,5,1976,EM FUNCIONAMENTO
NÃO SE APLICA,7,FEDERAL,PÚBLICA,NORDESTE,PE,RECIFE,ACADÊMICO,BIOLOGIA ANIMAL,6,1994,EM FUNCIONAMENTO
NÃO SE APLICA,5,FEDERAL,PÚBLICA,NORDESTE,PE,RECIFE,ACADÊMICO,GEOCIÊNCIAS,4,1973,EM FUNCIONAMENTO
NÃO SE APLICA,47,FEDERAL,PÚBLICA,NORDESTE,PE,RECIFE,ACADÊMICO,CIÊNCIA DE MATERIAIS,5,2001,EM FUNCIONAMENTO
NÃO SE APLICA,27,FEDERAL,PÚBLICA,NORDESTE,PE,CARUARU,ACADÊMICO,"GESTÃO, INOVAÇÃO E CONSUMO",3,2019,EM FUNCIONAMENTO
TAXONOMIA VEGETAL,7,FEDERAL,PÚBLICA,NORDESTE,PE,RECIFE,ACADÊMICO,BIOLOGIA DE FUNGOS,6,1980,EM FUNCIONAMENTO
"SOCIAIS, CULTURAS E HUMANIDADES",45,FEDERAL,PÚBLICA,NORDESTE,PE,RECIFE,ACADÊMICO,DIREITOS HUMANOS,3,2013,EM FUNCIONAMENTO
NÃO SE APLICA,4,FEDERAL,PÚBLICA,NORDESTE,PE,RECIFE,ACADÊMICO,QUÍMICA,5,1989,EM FUNCIONAMENTO
NÃO SE APLICA,20,FEDERAL,PÚBLICA,NORDESTE,PE,RECIFE,ACADÊMICO,ENFERMAGEM,4,2010,EM FUNCIONAMENTO
NÃO SE APLICA,10,FEDERAL,PÚBLICA,NORDESTE,PE,CARUARU,ACADÊMICO,ENGENHARIA CIVIL E AMBIENTAL,4,2010,EM FUNCIONAMENTO
NÃO SE APLICA,7,FEDERAL,PÚBLICA,NORDESTE,PE,RECIFE,ACADÊMICO,BIOLOGIA VEGETAL,7,1992,EM FUNCIONAMENTO
PLANEJAMENTO E AVALIAÇÃO EDUCACIONAL,38,FEDERAL,PÚBLICA,NORDESTE,PE,RECIFE,ACADÊMICO,EDUCAÇÃO,5,1978,EM FUNCIONAMENTO
NÃO SE APLICA,12,FEDERAL,PÚBLICA,NORDESTE,PE,RECIFE,ACADÊMICO,TECNOLOGIAS ENERGÉTICAS E NUCLEARES,5,1977,EM FUNCIONAMENTO
NÃO SE APLICA,14,FEDERAL,PÚBLICA,NORDESTE,PE,RECIFE,ACADÊMICO,ENGENHARIA BIOMÉDICA,3,2012,EM FUNCIONAMENTO
SAÚDE E BIOLÓGICAS,45,FEDERAL,PÚBLICA,NORDESTE,PE,RECIFE,ACADÊMICO,GERONTOLOGIA,4,2014,EM FUNCIONAMENTO
NÃO SE APLICA,49,FEDERAL,PÚBLICA,NORDESTE,PE,RECIFE,ACADÊMICO,DESENVOLVIMENTO E MEIO AMBIENTE,5,1998,EM FUNCIONAMENTO
NÃO SE APLICA,28,FEDERAL,PÚBLICA,NORDESTE,PE,CARUARU,ACADÊMICO,ECONOMIA - CAMPUS AGRESTE,4,2011,EM FUNCIONAMENTO
CIÊNCIAS CONTÁBEIS,27,FEDERAL,PÚBLICA,NORDESTE,PE,RECIFE,ACADÊMICO,CIÊNCIAS CONTÁBEIS,4,2007,EM FUNCIONAMENTO
NÃO SE APLICA,21,FEDERAL,PÚBLICA,NORDESTE,PE,RECIFE,ACADÊMICO,EDUCAÇÃO FÍSICA,3,2016,EM FUNCIONAMENTO
NÃO SE APLICA,36,FEDERAL,PÚBLICA,NORDESTE,PE,RECIFE,ACADÊMICO,GEOGRAFIA,5,1976,EM FUNCIONAMENTO
MÚSICA,11,FEDERAL,PÚBLICA,NORDESTE,PE,RECIFE,ACADÊMICO,MÚSICA,3,2016,EM FUNCIONAMENTO
NÃO SE APLICA,38,FEDERAL,PÚBLICA,NORDESTE,PE,CARUARU,ACADÊMICO,EDUCAÇÃO CONTEMPORÂNEA,4,2011,EM FUNCIONAMENTO
NÃO SE APLICA,6,FEDERAL,PÚBLICA,NORDESTE,PE,RECIFE,ACADÊMICO,GENÉTICA E BIOLOGIA MOLECULAR,4,1992,EM FUNCIONAMENTO
NÃO SE APLICA,8,FEDERAL,PÚBLICA,NORDESTE,PE,RECIFE,ACADÊMICO,MORFOTECNOLOGIA,3,2015,EM FUNCIONAMENTO
NÃO SE APLICA,13,FEDERAL,PÚBLICA,NORDESTE,PE,CARUARU,ACADÊMICO,ENGENHARIA DE PRODUÇÃO - CENTRO ACADÊMICO DO AGRESTE,3,2013,EM FUNCIONAMENTO
CLÍNICA MÉDICA,16,FEDERAL,PÚBLICA,NORDESTE,PE,RECIFE,ACADÊMICO,NEUROPSIQUIATRIA E CIÊNCIAS DO COMPORTAMENTO,4,1994,EM FUNCIONAMENTO
NÃO SE APLICA,48,FEDERAL,PÚBLICA,NORDESTE,PE,RECIFE,ACADÊMICO,BIOTECNOLOGIA,4,2010,EM FUNCIONAMENTO
ENSINO DE CIÊNCIAS E MATEMÁTICA,46,FEDERAL,PÚBLICA,NORDESTE,PE,CARUARU,ACADÊMICO,EDUCAÇÃO EM CIÊNCIAS E MATEMÁTICA,3,2015,EM FUNCIONAMENTO
NÃO SE APLICA,50,FEDERAL,PÚBLICA,NORDESTE,PE,VITÓRIA DE SANTO ANTÃO,ACADÊMICO,"NUTRIÇÃO, ATIVIDADE FÍSICA E PLASTICIDADE FENOTÍPICA",4,2014,EM FUNCIONAMENTO
NÃO SE APLICA,13,FEDERAL,PÚBLICA,NORDESTE,PE,RECIFE,PROFISSIONAL,ENGENHARIA DE PRODUÇÃO,4,2000,EM FUNCIONAMENTO
"SOCIAIS, CULTURAS E HUMANIDADES",45,FEDERAL,PÚBLICA,NORDESTE,PE,RECIFE,PROFISSIONAL,GESTÃO PÚBLICA PARA O DESENVOLVIMENTO DO NORDESTE,3,2001,EM FUNCIONAMENTO
NÃO SE APLICA,13,FEDERAL,PÚBLICA,NORDESTE,PE,RECIFE,ACADÊMICO,ENGENHARIA DE PRODUÇÃO,7,1979,EM FUNCIONAMENTO
PSICOLOGIA COGNITIVA,37,FEDERAL,PÚBLICA,NORDESTE,PE,RECIFE,ACADÊMICO,PSICOLOGIA COGNITIVA,5,1976,EM FUNCIONAMENTO
NÃO SE APLICA,29,FEDERAL,PÚBLICA,NORDESTE,PE,RECIFE,PROFISSIONAL,ERGONOMIA,4,2013,EM FUNCIONAMENTO
NÃO SE APLICA,30,FEDERAL,PÚBLICA,NORDESTE,PE,RECIFE,ACADÊMICO,DESENVOLVIMENTO URBANO,4,1975,EM FUNCIONAMENTO
NÃO SE APLICA,28,FEDERAL,PÚBLICA,NORDESTE,PE,RECIFE,PROFISSIONAL,GESTÃO E ECONOMIA DA SAÚDE,5,2012,EM FUNCIONAMENTO
NÃO SE APLICA,35,FEDERAL,PÚBLICA,NORDESTE,PE,RECIFE,ACADÊMICO,ANTROPOLOGIA,5,1977,EM FUNCIONAMENTO
NÃO SE APLICA,12,FEDERAL,PÚBLICA,NORDESTE,PE,RECIFE,ACADÊMICO,ENGENHARIA QUÍMICA,5,1994,EM FUNCIONAMENTO
PSICOLINGUÍSTICA,41,PARTICULAR,PRIVADA,NORDESTE,PE,RECIFE,ACADÊMICO,CIÊNCIAS DA LINGUAGEM,5,2003,EM FUNCIONAMENTO
NÃO SE APLICA,44,PARTICULAR,PRIVADA,NORDESTE,PE,RECIFE,ACADÊMICO,TEOLOGIA,3,2015,EM FUNCIONAMENTO
NÃO SE APLICA,40,PARTICULAR,PRIVADA,NORDESTE,PE,RECIFE,PROFISSIONAL,HISTÓRIA,3,2017,EM FUNCIONAMENTO
NÃO SE APLICA,31,PARTICULAR,PRIVADA,NORDESTE,PE,RECIFE,PROFISSIONAL,INDÚSTRIAS CRIATIVAS,4,2017,EM FUNCIONAMENTO
NÃO SE APLICA,33,PARTICULAR,PRIVADA,NORDESTE,PE,RECIFE,ACADÊMICO,FILOSOFIA,3,2020,EM FUNCIONAMENTO
NÃO SE APLICA,26,PARTICULAR,PRIVADA,NORDESTE,PE,RECIFE,PROFISSIONAL,DIREITO E INOVAÇÃO,A,2024,EM FUNCIONAMENTO
NÃO SE APLICA,26,PARTICULAR,PRIVADA,NORDESTE,PE,RECIFE,ACADÊMICO,DIREITO,5,2005,EM FUNCIONAMENTO
OPERAÇÕES INDUSTRIAIS E EQUIPAMENTOS PARA ENG. QUÍMICA,12,PARTICULAR,PRIVADA,NORDESTE,PE,RECIFE,ACADÊMICO,DESENVOLVIMENTO DE PROCESSOS AMBIENTAIS,4,2005,EM FUNCIONAMENTO
TRATAMENTO E PREVENÇÃO PSICOLÓGICA,37,PARTICULAR,PRIVADA,NORDESTE,PE,RECIFE,ACADÊMICO,PSICOLOGIA CLÍNICA,4,1999,EM FUNCIONAMENTO
NÃO SE APLICA,44,PARTICULAR,PRIVADA,NORDESTE,PE,RECIFE,ACADÊMICO,CIÊNCIAS DA RELIGIÃO,4,2005,EM FUNCIONAMENTO
NÃO SE APLICA,14,FEDERAL,PÚBLICA,NORDESTE,PE,CABO DE SANTO AGOSTINHO,ACADÊMICO,ENGENHARIA DE SISTEMAS DE ENERGIA (PPGESE),A,2024,EM FUNCIONAMENTO
NÃO SE APLICA,42,FEDERAL,PÚBLICA,NORDESTE,PE,RECIFE,ACADÊMICO,ENTOMOLOGIA,6,1976,EM FUNCIONAMENTO
NÃO SE APLICA,25,FEDERAL,PÚBLICA,NORDESTE,PE,RECIFE,ACADÊMICO,CIÊNCIA E TECNOLOGIA DE ALIMENTOS,3,2007,EM FUNCIONAMENTO
NÃO SE APLICA,10,FEDERAL,PÚBLICA,NORDESTE,PE,RECIFE,ACADÊMICO,ENGENHARIA AMBIENTAL,5,2013,EM FUNCIONAMENTO
ENSINO DE CIÊNCIAS E MATEMÁTICA,46,FEDERAL,PÚBLICA,NORDESTE,PE,RECIFE,ACADÊMICO,ENSINO DAS CIÊNCIAS,5,1995,EM FUNCIONAMENTO
HISTÓRIA DO BRASIL,40,FEDERAL,PÚBLICA,NORDESTE,PE,RECIFE,ACADÊMICO,HISTÓRIA,4,2006,EM FUNCIONAMENTO
NÃO SE APLICA,27,FEDERAL,PÚBLICA,NORDESTE,PE,RECIFE,ACADÊMICO,ADMINISTRAÇÃO E DESENVOLVIMENTO,4,2003,EM FUNCIONAMENTO
FITOTECNIA,42,FEDERAL,PÚBLICA,NORDESTE,PE,RECIFE,ACADÊMICO,AGRONOMIA ( MELHORAMENTO GENÉTICO DE PLANTAS),4,2003,EM FUNCIONAMENTO
NÃO SE APLICA,4,FEDERAL,PÚBLICA,NORDESTE,PE,RECIFE,ACADÊMICO,QUIMICA,4,2007,EM FUNCIONAMENTO
NÃO SE APLICA,42,FEDERAL,PÚBLICA,NORDESTE,PE,RECIFE,ACADÊMICO,ENGENHARIA AGRÍCOLA,6,2005,EM FUNCIONAMENTO
NÃO SE APLICA,41,FEDERAL,PÚBLICA,NORDESTE,PE,RECIFE,ACADÊMICO,ESTUDOS DA LINGUAGEM,3,2019,EM FUNCIONAMENTO
NÃO SE APLICA,42,FEDERAL,PÚBLICA,NORDESTE,PE,RECIFE,ACADÊMICO,FITOPATOLOGIA,5,1976,EM FUNCIONAMENTO
NÃO SE APLICA,47,FEDERAL,PÚBLICA,NORDESTE,PE,CABO DE SANTO AGOSTINHO,ACADÊMICO,ENGENHARIA FÍSICA,3,2019,EM FUNCIONAMENTO
NÃO SE APLICA,38,FEDERAL,PÚBLICA,NORDESTE,PE,RECIFE,ACADÊMICO,"EDUCAÇÃO, CULTURAS E IDENTIDADES",4,2014,EM FUNCIONAMENTO
MEDICINA VETERINÁRIA PREVENTIVA,24,FEDERAL,PÚBLICA,NORDESTE,PE,RECIFE,PROFISSIONAL,SAÚDE ÚNICA,3,2019,EM FUNCIONAMENTO
NÃO SE APLICA,23,FEDERAL,PÚBLICA,NORDESTE,PE,RECIFE,ACADÊMICO,RECURSOS PESQUEIROS E AQUICULTURA,5,2001,EM FUNCIONAMENTO
NÃO SE APLICA,42,FEDERAL,PÚBLICA,NORDESTE,PE,RECIFE,ACADÊMICO,CIÊNCIAS FLORESTAIS,4,2002,EM FUNCIONAMENTO
NÃO SE APLICA,3,FEDERAL,PÚBLICA,NORDESTE,PE,RECIFE,ACADÊMICO,FÍSICA APLICADA,4,2009,EM FUNCIONAMENTO
NÃO SE APLICA,7,FEDERAL,PÚBLICA,NORDESTE,PE,RECIFE,ACADÊMICO,ETNOBIOLOGIA E CONSERVAÇÃO DA NATUREZA,5,2012,EM FUNCIONAMENTO
ENSINO-APRENDIZAGEM,38,FEDERAL,PÚBLICA,NORDESTE,PE,RECIFE,PROFISSIONAL,TECNOLOGIA E GESTÃO EM EDUCAÇÃO A DISTÂNCIA,3,2011,EM FUNCIONAMENTO
CIÊNCIA DO SOLO,42,FEDERAL,PÚBLICA,NORDESTE,PE,RECIFE,ACADÊMICO,CIÊNCIA DO SOLO,5,1977,EM FUNCIONAMENTO
NÃO SE APLICA,42,FEDERAL,PÚBLICA,NORDESTE,PE,RECIFE,ACADÊMICO,BIOMETRIA E ESTATÍSTICA APLICADA,5,1997,EM FUNCIONAMENTO
NÃO SE APLICA,34,FEDERAL,PÚBLICA,NORDESTE,PE,RECIFE,ACADÊMICO,CIÊNCIAS SOCIAIS,A,2024,EM FUNCIONAMENTO
NÃO SE APLICA,42,FEDERAL,PÚBLICA,NORDESTE,PE,SERRA TALHADA,ACADÊMICO,PRODUÇÃO VEGETAL,4,2011,EM FUNCIONAMENTO
NÃO SE APLICA,2,FEDERAL,PÚBLICA,NORDESTE,PE,RECIFE,ACADÊMICO,INFORMÁTICA APLICADA,3,2011,EM FUNCIONAMENTO
NÃO SE APLICA,24,FEDERAL,PÚBLICA,NORDESTE,PE,RECIFE,ACADÊMICO,MEDICINA VETERINÁRIA,4,1978,EM FUNCIONAMENTO
CIÊNCIAS CONTÁBEIS,27,FEDERAL,PÚBLICA,NORDESTE,PE,RECIFE,ACADÊMICO,CONTROLADORIA,4,2015,EM FUNCIONAMENTO
NÃO SE APLICA,7,FEDERAL,PÚBLICA,NORDESTE,PE,RECIFE,ACADÊMICO,BIODIVERSIDADE,5,1973,EM FUNCIONAMENTO
NÃO SE APLICA,23,FEDERAL,PÚBLICA,NORDESTE,PE,RECIFE,ACADÊMICO,ZOOTECNIA,4,1981,EM FUNCIONAMENTO
NÃO SE APLICA,24,FEDERAL,PÚBLICA,NORDESTE,PE,RECIFE,ACADÊMICO,BIOCIÊNCIA ANIMAL,6,2008,EM FUNCIONAMENTO
NÃO SE APLICA,7,FEDERAL,PÚBLICA,NORDESTE,PE,SERRA TALHADA,ACADÊMICO,BIODIVERSIDADE E CONSERVAÇÃO,3,2015,EM FUNCIONAMENTO
SAÚDE E BIOLÓGICAS,45,ESTADUAL,PÚBLICA,NORDESTE,PE,GARANHUNS,ACADÊMICO,SAÚDE E DESENVOLVIMENTO SOCIOAMBIENTAL,3,2020,EM FUNCIONAMENTO
NÃO SE APLICA,21,ESTADUAL,PÚBLICA,NORDESTE,PE,RECIFE,ACADÊMICO,EDUCAÇÃO FÍSICA,5,2008,EM FUNCIONAMENTO
NÃO SE APLICA,21,ESTADUAL,PÚBLICA,NORDESTE,PE,PETROLINA,ACADÊMICO,REABILITAÇÃO E DESEMPENHO FUNCIONAL,4,2020,EM FUNCIONAMENTO
NÃO SE APLICA,2,ESTADUAL,PÚBLICA,NORDESTE,PE,RECIFE,ACADÊMICO,ENGENHARIA DA COMPUTAÇÃO,4,2006,EM FUNCIONAMENTO
NÃO SE APLICA,38,ESTADUAL,PÚBLICA,NORDESTE,PE,NAZARÉ DA MATA,PROFISSIONAL,EDUCAÇÃO,4,2014,EM FUNCIONAMENTO
NÃO SE APLICA,18,ESTADUAL,PÚBLICA,NORDESTE,PE,RECIFE,ACADÊMICO,ODONTOLOGIA,4,1972,EM FUNCIONAMENTO
NÃO SE APLICA,38,ESTADUAL,PÚBLICA,NORDESTE,PE,PETROLINA,PROFISSIONAL,FORMAÇÃO DE PROFESSORES E PRÁTICAS INTERDISCIPLINARES,4,2015,EM FUNCIONAMENTO
TRATAMENTO E PREVENÇÃO PSICOLÓGICA,37,ESTADUAL,PÚBLICA,NORDESTE,PE,GARANHUNS,PROFISSIONAL,PRÁTICAS E INOVAÇÃO EM SAÚDE MENTAL,4,2015,EM FUNCIONAMENTO
NÃO SE APLICA,49,ESTADUAL,PÚBLICA,NORDESTE,PE,PETROLINA,ACADÊMICO,CIÊNCIA E TECNOLOGIA AMBIENTAL,4,2017,EM FUNCIONAMENTO
NÃO SE APLICA,14,ESTADUAL,PÚBLICA,NORDESTE,PE,RECIFE,ACADÊMICO,ENGENHARIA DE SISTEMAS,4,2010,EM FUNCIONAMENTO
NÃO SE APLICA,20,ESTADUAL,PÚBLICA,NORDESTE,PE,RECIFE,ACADÊMICO,ENFERMAGEM - FESP-UPE - UEPB,4,2009,EM FUNCIONAMENTO
NÃO SE APLICA,45,ESTADUAL,PÚBLICA,NORDESTE,PE,RECIFE,ACADÊMICO,PERÍCIAS FORENSES,4,2009,EM FUNCIONAMENTO
NÃO SE APLICA,6,ESTADUAL,PÚBLICA,NORDESTE,PE,RECIFE,ACADÊMICO,BIOLOGIA CELULAR E MOLECULAR APLICADA,4,2008,EM FUNCIONAMENTO
NÃO SE APLICA,15,ESTADUAL,PÚBLICA,NORDESTE,PE,RECIFE,ACADÊMICO,CIENCIAS DA SAUDE,5,2005,EM FUNCIONAMENTO
SAÚDE E BIOLÓGICAS,45,ESTADUAL,PÚBLICA,NORDESTE,PE,RECIFE,ACADÊMICO,HEBIATRIA - DETERMINANTES DE SAÚDE NA ADOLESCENCIA,5,2005,EM FUNCIONAMENTO
NÃO SE APLICA,27,ESTADUAL,PÚBLICA,NORDESTE,PE,RECIFE,PROFISSIONAL,GESTÃO DO DESENVOLVIMENTO LOCAL SUSTENTÁVEL,4,2006,EM FUNCIONAMENTO
NÃO SE APLICA,10,ESTADUAL,PÚBLICA,NORDESTE,PE,RECIFE,ACADÊMICO,ENGENHARIA CIVIL,4,2007,EM FUNCIONAMENTO
SAÚDE MATERNO-INFANTIL,16,PARTICULAR,PRIVADA,NORDESTE,PE,RECIFE,ACADÊMICO,SAÚDE INTEGRAL,6,1993,EM FUNCIONAMENTO
NÃO SE APLICA,15,PARTICULAR,PRIVADA,NORDESTE,PE,RECIFE,PROFISSIONAL,CUIDADOS INTENSIVOS,3,2011,EM FUNCIONAMENTO
NÃO SE APLICA,15,PARTICULAR,PRIVADA,NORDESTE,PE,RECIFE,PROFISSIONAL,CUIDADOS PALIATIVOS,4,2011,EM FUNCIONAMENTO
NÃO SE APLICA,22,PARTICULAR,PRIVADA,NORDESTE,PE,RECIFE,PROFISSIONAL,AVALIAÇÃO EM SAÚDE,5,2010,EM FUNCIONAMENTO
NÃO SE APLICA,22,FEDERAL,PÚBLICA,NORDESTE,PE,RECIFE,ACADÊMICO,SAÚDE PÚBLICA,5,1996,EM FUNCIONAMENTO
NÃO SE APLICA,22,FEDERAL,PÚBLICA,NORDESTE,PE,RECIFE,PROFISSIONAL,SAÚDE PÚBLICA,5,2005,EM FUNCIONAMENTO
NÃO SE APLICA,49,FEDERAL,PÚBLICA,NORDESTE,PE,RECIFE,PROFISSIONAL,GESTÃO AMBIENTAL,3,2013,EM FUNCIONAMENTO
NÃO SE APLICA,49,PARTICULAR,PRIVADA,NORDESTE,PE,RECIFE,PROFISSIONAL,TECNOLOGIA AMBIENTAL,4,2004,EM FUNCIONAMENTO
NÃO SE APLICA,27,PARTICULAR,PRIVADA,NORDESTE,PE,RECIFE,PROFISSIONAL,GESTÃO EMPRESARIAL,3,2005,EM FUNCIONAMENTO
NÃO SE APLICA,29,PARTICULAR,PRIVADA,NORDESTE,PE,RECIFE,PROFISSIONAL,DESIGN,3,2014,EM FUNCIONAMENTO
METODOLOGIA E TÉCNICAS DA COMPUTAÇÃO,2,PARTICULAR,PRIVADA,NORDESTE,PE,RECIFE,PROFISSIONAL,ENGENHARIA DE SOFTWARE,4,2007,EM FUNCIONAMENTO
POLÍTICAS E DESENVOLVIMENTO DE TERRITÓRIOS,45,FEDERAL,PÚBLICA,NORDESTE,BA,JUAZEIRO,PROFISSIONAL,EXTENSÃO RURAL,3,2016,EM FUNCIONAMENTO
NÃO SE APLICA,42,FEDERAL,PÚBLICA,NORDESTE,PE,PETROLINA,ACADÊMICO,AGRONOMIA PRODUÇÃO VEGETAL,4,2014,EM FUNCIONAMENTO
"SOCIAIS, CULTURAS E HUMANIDADES",45,FEDERAL,PÚBLICA,NORDESTE,PE,PETROLINA,PROFISSIONAL,DINÂMICAS DE DESENVOLVIMENTO DO SEMIÁRIDO,3,2017,EM FUNCIONAMENTO
POLÍTICAS E DESENVOLVIMENTO DE TERRITÓRIOS,45,FEDERAL,PÚBLICA,NORDESTE,BA,JUAZEIRO,PROFISSIONAL,AGROECOLOGIA E DESENVOLVIMENTO TERRITORIAL,4,2019,EM FUNCIONAMENTO
SAÚDE E BIOLÓGICAS,45,FEDERAL,PÚBLICA,NORDESTE,PE,PETROLINA,ACADÊMICO,CIÊNCIAS DA SAÚDE E BIOLÓGICAS,4,2013,EM FUNCIONAMENTO
NÃO SE APLICA,23,FEDERAL,PÚBLICA,NORDESTE,PE,PETROLINA,ACADÊMICO,CIÊNCIA ANIMAL,4,2008,EM FUNCIONAMENTO
TEORIA E MÉTODO EM ARQUEOLOGIA,35,FEDERAL,PÚBLICA,NORDESTE,PI,SÃO RAIMUNDO NONATO,ACADÊMICO,ARQUEOLOGIA,3,2019,EM FUNCIONAMENTO
NÃO SE APLICA,42,FEDERAL,PÚBLICA,NORDESTE,BA,JUAZEIRO,ACADÊMICO,ENGENHARIA AGRÍCOLA,4,2011,EM FUNCIONAMENTO
NÃO SE APLICA,19,FEDERAL,PÚBLICA,NORDESTE,PE,PETROLINA,ACADÊMICO,BIOCIÊNCIAS,4,2011,EM FUNCIONAMENTO
NÃO SE APLICA,24,FEDERAL,PÚBLICA,NORDESTE,PE,PETROLINA,ACADÊMICO,CIÊNCIAS VETERINÁRIAS NO SEMIÁRIDO,5,2013,EM FUNCIONAMENTO
NÃO SE APLICA,21,FEDERAL,PÚBLICA,NORDESTE,PE,PETROLINA,ACADÊMICO,EDUCAÇÃO FÍSICA,3,2015,EM FUNCIONAMENTO
NÃO SE APLICA,37,FEDERAL,PÚBLICA,NORDESTE,PE,PETROLINA,ACADÊMICO,PSICOLOGIA,3,2015,EM FUNCIONAMENTO
NÃO SE APLICA,35,FEDERAL,PÚBLICA,NORDESTE,BA,JUAZEIRO,ACADÊMICO,"POLÍTICA, CULTURA E AMBIENTE",A,2024,EM FUNCIONAMENTO
NÃO SE APLICA,47,FEDERAL,PÚBLICA,NORDESTE,PE,PETROLINA,ACADÊMICO,CIÊNCIA DOS MATERIAIS,4,2007,EM FUNCIONAMENTO
NÃO SE APLICA,46,PARTICULAR,PRIVADA,NORDESTE,PE,RECIFE,PROFISSIONAL,EDUCAÇÃO PARA O ENSINO NA ÁREA DE SAÚDE,3,2011,EM FUNCIONAMENTO
NÃO SE APLICA,37,PARTICULAR,PRIVADA,NORDESTE,PE,RECIFE,PROFISSIONAL,PSICOLOGIA DA SAÚDE,3,2016,EM FUNCIONAMENTO
ENFERMAGEM DE SAÚDE PÚBLICA,20,PARTICULAR,PRIVADA,NORDESTE,PB,JOÃO PESSOA,PROFISSIONAL,SAÚDE DA FAMÍLIA,3,2015,EM FUNCIONAMENTO
NÃO SE APLICA,2,FEDERAL,PÚBLICA,NORDESTE,AL,MACEIÓ,ACADÊMICO,INFORMÁTICA,3,2012,EM FUNCIONAMENTO
NÃO SE APLICA,36,FEDERAL,PÚBLICA,NORDESTE,AL,MACEIÓ,ACADÊMICO,GEOGRAFIA,4,2014,EM FUNCIONAMENTO
"SOCIAIS, CULTURAS E HUMANIDADES",45,FEDERAL,PÚBLICA,NORDESTE,AL,MACEIÓ,PROFISSIONAL,PROFNIT - PROPRIEDADE INTELECTUAL E TRANSFERÊNCIA DE TECNOLOGIA PARA INOVAÇÃO,4,2016,EM FUNCIONAMENTO
NÃO SE APLICA,50,FEDERAL,PÚBLICA,NORDESTE,AL,MACEIÓ,ACADÊMICO,NUTRIÇÃO,4,2005,EM FUNCIONAMENTO
NÃO SE APLICA,35,FEDERAL,PÚBLICA,NORDESTE,AL,MACEIÓ,ACADÊMICO,ANTROPOLOGIA SOCIAL,3,2015,EM FUNCIONAMENTO
ENSINO DE CIÊNCIAS E MATEMÁTICA,46,FEDERAL,PÚBLICA,NORDESTE,AL,MACEIÓ,PROFISSIONAL,ENSINO DE CIÊNCIAS E MATEMÁTICA,4,2010,EM FUNCIONAMENTO
NÃO SE APLICA,46,FEDERAL,PÚBLICA,NORDESTE,AL,MACEIÓ,PROFISSIONAL,ENSINO NA SAÚDE,3,2011,EM FUNCIONAMENTO
NÃO SE APLICA,40,FEDERAL,PÚBLICA,NORDESTE,AL,MACEIÓ,ACADÊMICO,HISTÓRIA,4,2012,EM FUNCIONAMENTO
NÃO SE APLICA,1,FEDERAL,PÚBLICA,NORDESTE,AL,MACEIÓ,ACADÊMICO,MATEMÁTICA,4,2004,EM FUNCIONAMENTO
FITOSSANIDADE,42,FEDERAL,PÚBLICA,NORDESTE,AL,RIO LARGO,ACADÊMICO,PROTEÇÃO DE PLANTAS,4,2011,EM FUNCIONAMENTO
NÃO SE APLICA,37,FEDERAL,PÚBLICA,NORDESTE,AL,MACEIÓ,ACADÊMICO,PSICOLOGIA,4,2011,EM FUNCIONAMENTO
NÃO SE APLICA,10,FEDERAL,PÚBLICA,NORDESTE,AL,MACEIÓ,ACADÊMICO,RECURSOS HIDRICOS E SANEAMENTO,4,2005,EM FUNCIONAMENTO
NÃO SE APLICA,46,FEDERAL,PÚBLICA,NORDESTE,AL,ARAPIRACA,ACADÊMICO,ENSINO E FORMAÇÃO DE PROFESSORES,A,2021,EM FUNCIONAMENTO
NÃO SE APLICA,48,FEDERAL,PÚBLICA,NORDESTE,AL,MACEIÓ,ACADÊMICO,BIOTECNOLOGIA - REDE RENORBIO,6,2006,EM FUNCIONAMENTO
NÃO SE APLICA,29,FEDERAL,PÚBLICA,NORDESTE,AL,MACEIÓ,ACADÊMICO,DINÂMICA DO ESPAÇO HABITADO,4,2003,EM FUNCIONAMENTO
NÃO SE APLICA,42,FEDERAL,PÚBLICA,NORDESTE,AL,RIO LARGO,ACADÊMICO,AGRONOMIA (PRODUÇÃO VEGETAL),4,1999,EM FUNCIONAMENTO
QUÍMICA ORGÂNICA,4,FEDERAL,PÚBLICA,NORDESTE,AL,MACEIÓ,ACADÊMICO,QUÍMICA E BIOTECNOLOGIA,4,1992,EM FUNCIONAMENTO
NÃO SE APLICA,21,FEDERAL,PÚBLICA,NORDESTE,AL,MACEIÓ,ACADÊMICO,CIÊNCIAS DO MOVIMENTO,A,2024,EM FUNCIONAMENTO
NÃO SE APLICA,24,FEDERAL,PÚBLICA,NORDESTE,AL,RIO LARGO,ACADÊMICO,CIÊNCIA ANIMAL,4,2016,EM FUNCIONAMENTO
NÃO SE APLICA,12,FEDERAL,PÚBLICA,NORDESTE,AL,MACEIÓ,ACADÊMICO,ENERGIAS RENOVÁVEIS,A,2024,EM FUNCIONAMENTO
NÃO SE APLICA,38,FEDERAL,PÚBLICA,NORDESTE,AL,MACEIÓ,ACADÊMICO,EDUCAÇÃO,3,2001,EM FUNCIONAMENTO
NÃO SE APLICA,20,FEDERAL,PÚBLICA,NORDESTE,AL,MACEIÓ,ACADÊMICO,ENFERMAGEM,4,2011,EM FUNCIONAMENTO
NÃO SE APLICA,15,FEDERAL,PÚBLICA,NORDESTE,AL,MACEIÓ,ACADÊMICO,CIÊNCIAS MÉDICAS,3,2019,EM FUNCIONAMENTO
NÃO SE APLICA,32,FEDERAL,PÚBLICA,NORDESTE,AL,MACEIÓ,ACADÊMICO,SERVIÇO SOCIAL,5,2004,EM FUNCIONAMENTO
NÃO SE APLICA,26,FEDERAL,PÚBLICA,NORDESTE,AL,MACEIÓ,ACADÊMICO,DIREITO,3,2002,EM FUNCIONAMENTO
NÃO SE APLICA,47,FEDERAL,PÚBLICA,NORDESTE,AL,MACEIÓ,ACADÊMICO,MATERIAIS,4,2010,EM FUNCIONAMENTO
NÃO SE APLICA,34,FEDERAL,PÚBLICA,NORDESTE,AL,MACEIÓ,ACADÊMICO,SOCIOLOGIA,4,2003,EM FUNCIONAMENTO
NÃO SE APLICA,19,FEDERAL,PÚBLICA,NORDESTE,AL,MACEIÓ,ACADÊMICO,CIÊNCIAS FARMACÊUTICAS,4,2012,EM FUNCIONAMENTO
NÃO SE APLICA,7,FEDERAL,PÚBLICA,NORDESTE,AL,MACEIÓ,ACADÊMICO,DIVERSIDADE BIOLÓGICA E CONSERVAÇÃO NOS TRÓPICOS,5,2009,EM FUNCIONAMENTO
CLÍNICA MÉDICA,16,FEDERAL,PÚBLICA,NORDESTE,AL,MACEIÓ,ACADÊMICO,CIÊNCIAS DA SAÚDE,5,2006,EM FUNCIONAMENTO
NÃO SE APLICA,33,FEDERAL,PÚBLICA,NORDESTE,AL,MACEIÓ,ACADÊMICO,FILOSOFIA,3,2019,EM FUNCIONAMENTO
NÃO SE APLICA,5,FEDERAL,PÚBLICA,NORDESTE,AL,MACEIÓ,ACADÊMICO,METEOROLOGIA,4,1999,EM FUNCIONAMENTO
NÃO SE APLICA,28,FEDERAL,PÚBLICA,NORDESTE,AL,MACEIÓ,ACADÊMICO,ECONOMIA,3,2008,EM FUNCIONAMENTO
FÍSICA DA MATÉRIA CONDENSADA,3,FEDERAL,PÚBLICA,NORDESTE,AL,MACEIÓ,ACADÊMICO,FÍSICA,5,1992,EM FUNCIONAMENTO
NÃO SE APLICA,31,FEDERAL,PÚBLICA,NORDESTE,AL,MACEIÓ,ACADÊMICO,CIÊNCIA DA INFORMAÇÃO,3,2019,EM FUNCIONAMENTO
NÃO SE APLICA,41,FEDERAL,PÚBLICA,NORDESTE,AL,MACEIÓ,ACADÊMICO,LINGUÍSTICA E LITERATURA,4,1989,EM FUNCIONAMENTO
NÃO SE APLICA,12,FEDERAL,PÚBLICA,NORDESTE,AL,MACEIÓ,ACADÊMICO,ENGENHARIA QUÍMICA,4,2006,EM FUNCIONAMENTO
NÃO SE APLICA,42,FEDERAL,PÚBLICA,NORDESTE,AL,ARAPIRACA,ACADÊMICO,AGRICULTURA E AMBIENTE,3,2012,EM FUNCIONAMENTO
NÃO SE APLICA,10,FEDERAL,PÚBLICA,NORDESTE,AL,MACEIÓ,ACADÊMICO,ENGENHARIA CIVIL,4,2001,EM FUNCIONAMENTO
NÃO SE APLICA,49,FEDERAL,PÚBLICA,NORDESTE,AL,MARECHAL DEODORO,PROFISSIONAL,TECNOLOGIAS AMBIENTAIS,3,2017,EM FUNCIONAMENTO
TÓPICOS ESPECÍFICOS DE EDUCAÇÃO,38,ESTADUAL,PÚBLICA,NORDESTE,AL,MACEIÓ,PROFISSIONAL,EDUCAÇÃO ESPECIAL,A,2024,EM FUNCIONAMENTO
NÃO SE APLICA,46,ESTADUAL,PÚBLICA,NORDESTE,AL,MACEIÓ,PROFISSIONAL,ENSINO EM SAÚDE E TECNOLOGIA,4,2017,EM FUNCIONAMENTO
"SOCIAIS, CULTURAS E HUMANIDADES",45,ESTADUAL,PÚBLICA,NORDESTE,AL,ARAPIRACA,ACADÊMICO,DINÂMICAS TERRITORIAIS E CULTURA,3,2016,EM FUNCIONAMENTO
NÃO SE APLICA,26,PARTICULAR,PRIVADA,NORDESTE,AL,MACEIÓ,ACADÊMICO,DIREITO,A,2021,EM FUNCIONAMENTO
NÃO SE APLICA,18,PARTICULAR,PRIVADA,NORDESTE,AL,MACEIÓ,PROFISSIONAL,PESQUISA EM SAÚDE,4,2012,EM FUNCIONAMENTO
NÃO SE APLICA,49,PARTICULAR,PRIVADA,NORDESTE,AL,MACEIÓ,PROFISSIONAL,ANÁLISE DE SISTEMAS AMBIENTAIS,4,2016,EM FUNCIONAMENTO
TEORIA DO DIREITO,26,PARTICULAR,PRIVADA,NORDESTE,PE,RECIFE,ACADÊMICO,DIREITO,3,2015,EM FUNCIONAMENTO
NÃO SE APLICA,42,FEDERAL,PÚBLICA,NORDESTE,PE,GARANHUNS,ACADÊMICO,PRODUÇÃO AGRÍCOLA,5,2023,EM FUNCIONAMENTO
NÃO SE APLICA,24,FEDERAL,PÚBLICA,NORDESTE,PE,GARANHUNS,ACADÊMICO,SANIDADE E REPRODUÇÃO DE ANIMAIS DE PRODUÇÃO,4,2023,EM FUNCIONAMENTO
NÃO SE APLICA,49,FEDERAL,PÚBLICA,NORDESTE,PE,GARANHUNS,ACADÊMICO,CIÊNCIAS AMBIENTAIS,4,2023,EM FUNCIONAMENTO
NÃO SE APLICA,23,FEDERAL,PÚBLICA,NORDESTE,PE,GARANHUNS,ACADÊMICO,CIÊNCIA ANIMAL E PASTAGENS,3,2023,EM FUNCIONAMENTO
NÃO SE APLICA,31,FEDERAL,PÚBLICA,NORDESTE,SE,SÃO CRISTÓVÃO,PROFISSIONAL,CIÊNCIA DA INFORMAÇÃO,4,2017,EM FUNCIONAMENTO
NÃO SE APLICA,9,FEDERAL,PÚBLICA,NORDESTE,SE,SÃO CRISTÓVÃO,ACADÊMICO,BIOLOGIA PARASITARIA,4,2010,EM FUNCIONAMENTO
NÃO SE APLICA,38,FEDERAL,PÚBLICA,NORDESTE,SE,SÃO CRISTÓVÃO,ACADÊMICO,EDUCAÇÃO,5,1994,EM FUNCIONAMENTO
NÃO SE APLICA,41,FEDERAL,PÚBLICA,NORDESTE,SE,SÃO CRISTÓVÃO,ACADÊMICO,LETRAS,4,2008,EM FUNCIONAMENTO
NÃO SE APLICA,40,FEDERAL,PÚBLICA,NORDESTE,SE,SÃO CRISTÓVÃO,ACADÊMICO,HISTÓRIA,4,2012,EM FUNCIONAMENTO
NÃO SE APLICA,20,FEDERAL,PÚBLICA,NORDESTE,SE,SÃO CRISTÓVÃO,ACADÊMICO,ENFERMAGEM,4,2014,EM FUNCIONAMENTO
ENSINO DE CIÊNCIAS E MATEMÁTICA,46,FEDERAL,PÚBLICA,NORDESTE,SE,SÃO CRISTÓVÃO,ACADÊMICO,ENSINO DE CIÊNCIAS E MATEMÁTICA,4,2009,EM FUNCIONAMENTO
"SOCIAIS, CULTURAS E HUMANIDADES",45,FEDERAL,PÚBLICA,NORDESTE,SE,SÃO CRISTÓVÃO,ACADÊMICO,INTERDISCIPLINAR EM CINEMA,4,2016,EM FUNCIONAMENTO
NÃO SE APLICA,46,FEDERAL,PÚBLICA,NORDESTE,SE,SÃO CRISTÓVÃO,ACADÊMICO,REDE NORDESTE DE ENSINO - RENOEN,A,2021,EM FUNCIONAMENTO
NÃO SE APLICA,12,FEDERAL,PÚBLICA,NORDESTE,SE,SÃO CRISTÓVÃO,ACADÊMICO,CIÊNCIA E ENGENHARIA DE MATERIAIS,4,2008,EM FUNCIONAMENTO
NÃO SE APLICA,34,FEDERAL,PÚBLICA,NORDESTE,SE,SÃO CRISTÓVÃO,ACADÊMICO,SOCIOLOGIA,5,2001,EM FUNCIONAMENTO
NÃO SE APLICA,7,FEDERAL,PÚBLICA,NORDESTE,SE,SÃO CRISTÓVÃO,ACADÊMICO,ECOLOGIA E CONSERVAÇÃO,5,2008,EM FUNCIONAMENTO
SAÚDE PÚBLICA,22,FEDERAL,PÚBLICA,NORDESTE,SE,ARACAJU,PROFISSIONAL,GESTÃO E INOVAÇÃO TECNOLÓGICA EM SAÚDE,3,2019,EM FUNCIONAMENTO
NÃO SE APLICA,5,FEDERAL,PÚBLICA,NORDESTE,SE,SÃO CRISTÓVÃO,ACADÊMICO,GEOCIÊNCIAS E ANÁLISE DE BACIAS - PGAB,4,2011,EM FUNCIONAMENTO
NÃO SE APLICA,32,FEDERAL,PÚBLICA,NORDESTE,SE,SÃO CRISTÓVÃO,ACADÊMICO,SERVIÇO SOCIAL,4,2011,EM FUNCIONAMENTO
NÃO SE APLICA,27,FEDERAL,PÚBLICA,NORDESTE,SE,SÃO CRISTÓVÃO,ACADÊMICO,ADMINISTRAÇÃO,4,2011,EM FUNCIONAMENTO
DIREITO PÚBLICO,26,FEDERAL,PÚBLICA,NORDESTE,SE,SÃO CRISTÓVÃO,ACADÊMICO,DIREITO,4,2011,EM FUNCIONAMENTO
NÃO SE APLICA,48,FEDERAL,PÚBLICA,NORDESTE,SE,SÃO CRISTÓVÃO,ACADÊMICO,BIOTECNOLOGIA,4,2016,EM FUNCIONAMENTO
NÃO SE APLICA,21,FEDERAL,PÚBLICA,NORDESTE,SE,SÃO CRISTÓVÃO,ACADÊMICO,CIÊNCIAS DO MOVIMENTO,4,2012,EM FUNCIONAMENTO
NÃO SE APLICA,28,FEDERAL,PÚBLICA,NORDESTE,SE,SÃO CRISTÓVÃO,ACADÊMICO,ECONOMIA,3,2015,EM FUNCIONAMENTO
NÃO SE APLICA,12,FEDERAL,PÚBLICA,NORDESTE,SE,SÃO CRISTÓVÃO,ACADÊMICO,ENGENHARIA QUÍMICA,3,2007,EM FUNCIONAMENTO
NÃO SE APLICA,3,FEDERAL,PÚBLICA,NORDESTE,SE,SÃO CRISTÓVÃO,ACADÊMICO,FÍSICA,4,1994,EM FUNCIONAMENTO
NÃO SE APLICA,10,FEDERAL,PÚBLICA,NORDESTE,SE,SÃO CRISTÓVÃO,ACADÊMICO,ENGENHARIA CIVIL,3,2011,EM FUNCIONAMENTO
NÃO SE APLICA,50,FEDERAL,PÚBLICA,NORDESTE,SE,SÃO CRISTÓVÃO,ACADÊMICO,CIÊNCIAS DA NUTRIÇÃO,3,2016,EM FUNCIONAMENTO
NÃO SE APLICA,36,FEDERAL,PÚBLICA,NORDESTE,SE,SÃO CRISTÓVÃO,ACADÊMICO,GEOGRAFIA,5,1985,EM FUNCIONAMENTO
NÃO SE APLICA,18,FEDERAL,PÚBLICA,NORDESTE,SE,ARACAJU,ACADÊMICO,ODONTOLOGIA,4,2012,EM FUNCIONAMENTO
NÃO SE APLICA,19,FEDERAL,PÚBLICA,NORDESTE,SE,SÃO CRISTÓVÃO,ACADÊMICO,CIÊNCIAS FARMACÊUTICAS,4,2008,EM FUNCIONAMENTO
NÃO SE APLICA,15,FEDERAL,PÚBLICA,NORDESTE,SE,SÃO CRISTÓVÃO,ACADÊMICO,CIÊNCIAS DA SAUDE,6,2002,EM FUNCIONAMENTO
NÃO SE APLICA,1,FEDERAL,PÚBLICA,NORDESTE,SE,SÃO CRISTÓVÃO,ACADÊMICO,MATEMÁTICA,3,2017,EM FUNCIONAMENTO
NÃO SE APLICA,35,FEDERAL,PÚBLICA,NORDESTE,SE,SÃO CRISTÓVÃO,ACADÊMICO,ANTROPOLOGIA,3,2009,EM FUNCIONAMENTO
NÃO SE APLICA,10,FEDERAL,PÚBLICA,NORDESTE,SE,SÃO CRISTÓVÃO,ACADÊMICO,RECURSOS HÍDRICOS,4,2012,EM FUNCIONAMENTO
NÃO SE APLICA,44,FEDERAL,PÚBLICA,NORDESTE,SE,SÃO CRISTÓVÃO,ACADÊMICO,CIÊNCIAS DA RELIGIÃO,3,2014,EM FUNCIONAMENTO
NÃO SE APLICA,8,FEDERAL,PÚBLICA,NORDESTE,SE,SÃO CRISTÓVÃO,ACADÊMICO,CIÊNCIAS FISIOLÓGICAS,4,2011,EM FUNCIONAMENTO
NÃO SE APLICA,33,FEDERAL,PÚBLICA,NORDESTE,SE,SÃO CRISTÓVÃO,ACADÊMICO,FILOSOFIA,4,2012,EM FUNCIONAMENTO
NÃO SE APLICA,49,FEDERAL,PÚBLICA,NORDESTE,SE,SÃO CRISTÓVÃO,ACADÊMICO,DESENVOLVIMENTO E MEIO AMBIENTE,4,1995,EM FUNCIONAMENTO
NÃO SE APLICA,15,FEDERAL,PÚBLICA,NORDESTE,SE,LAGARTO,ACADÊMICO,CIÊNCIAS APLICADAS À SAÚDE,4,2014,EM FUNCIONAMENTO
NÃO SE APLICA,25,FEDERAL,PÚBLICA,NORDESTE,SE,SÃO CRISTÓVÃO,ACADÊMICO,CIÊNCIA E TECNOLOGIA DE ALIMENTOS,3,2008,EM FUNCIONAMENTO
NÃO SE APLICA,10,FEDERAL,PÚBLICA,NORDESTE,SE,SÃO CRISTÓVÃO,ACADÊMICO,ENGENHARIA E CIÊNCIAS AMBIENTAIS,3,2017,EM FUNCIONAMENTO
NÃO SE APLICA,4,FEDERAL,PÚBLICA,NORDESTE,SE,SÃO CRISTÓVÃO,ACADÊMICO,QUÍMICA,5,2003,EM FUNCIONAMENTO
NÃO SE APLICA,2,FEDERAL,PÚBLICA,NORDESTE,SE,SÃO CRISTÓVÃO,ACADÊMICO,CIÊNCIA DA COMPUTAÇÃO,3,2010,EM FUNCIONAMENTO
NÃO SE APLICA,14,FEDERAL,PÚBLICA,NORDESTE,SE,SÃO CRISTÓVÃO,ACADÊMICO,ENGENHARIA ELÉTRICA,3,2010,EM FUNCIONAMENTO
NÃO SE APLICA,35,FEDERAL,PÚBLICA,NORDESTE,SE,LARANJEIRAS,ACADÊMICO,ARQUEOLOGIA,4,2011,EM FUNCIONAMENTO
PSICOLOGIA SOCIAL,37,FEDERAL,PÚBLICA,NORDESTE,SE,SÃO CRISTÓVÃO,ACADÊMICO,PSICOLOGIA,4,2008,EM FUNCIONAMENTO
NÃO SE APLICA,31,FEDERAL,PÚBLICA,NORDESTE,SE,SÃO CRISTÓVÃO,ACADÊMICO,COMUNICAÇÃO,4,2012,EM FUNCIONAMENTO
NÃO SE APLICA,28,FEDERAL,PÚBLICA,NORDESTE,SE,SÃO CRISTÓVÃO,PROFISSIONAL,ECONOMIA,3,2006,EM FUNCIONAMENTO
NÃO SE APLICA,42,FEDERAL,PÚBLICA,NORDESTE,SE,SÃO CRISTÓVÃO,ACADÊMICO,AGRICULTURA E BIODIVERSIDADE,5,2014,EM FUNCIONAMENTO
"ENGENHARIA, TECNOLOGIA E GESTÃO",45,FEDERAL,PÚBLICA,NORDESTE,SE,SÃO CRISTÓVÃO,ACADÊMICO,CIÊNCIA DA PROPRIEDADE INTELECTUAL,4,2013,EM FUNCIONAMENTO
SAÚDE E BIOLÓGICAS,45,FEDERAL,PÚBLICA,NORDESTE,SE,ITABAIANA,ACADÊMICO,CIÊNCIAS NATURAIS,3,2020,EM FUNCIONAMENTO
NÃO SE APLICA,48,PARTICULAR,PRIVADA,NORDESTE,SE,ARACAJU,ACADÊMICO,BIOTECNOLOGIA INDUSTRIAL,6,2011,EM FUNCIONAMENTO
SAÚDE E BIOLÓGICAS,45,PARTICULAR,PRIVADA,NORDESTE,SE,ARACAJU,ACADÊMICO,SAÚDE E AMBIENTE,5,2006,EM FUNCIONAMENTO
NÃO SE APLICA,38,PARTICULAR,PRIVADA,NORDESTE,SE,ARACAJU,ACADÊMICO,EDUCAÇÃO,5,2010,EM FUNCIONAMENTO
NÃO SE APLICA,12,PARTICULAR,PRIVADA,NORDESTE,SE,ARACAJU,ACADÊMICO,ENGENHARIA DE PROCESSOS,6,2005,EM FUNCIONAMENTO
NÃO SE APLICA,26,PARTICULAR,PRIVADA,NORDESTE,SE,ARACAJU,ACADÊMICO,DIREITOS HUMANOS,4,2013,EM FUNCIONAMENTO
NÃO SE APLICA,27,FEDERAL,PÚBLICA,NORDESTE,SE,ARACAJU,PROFISSIONAL,TURISMO,3,2016,EM FUNCIONAMENTO
"SOCIAIS, CULTURAS E HUMANIDADES",45,PARTICULAR,PRIVADA,NORDESTE,AL,MACEIÓ,ACADÊMICO,"SOCIEDADE, TECNOLOGIAS E POLÍTICAS PÚBLICAS",5,2016,EM FUNCIONAMENTO
NÃO SE APLICA,12,FEDERAL,PÚBLICA,NORDESTE,BA,SALVADOR,ACADÊMICO,ENGENHARIA QUÍMICA - UFBA-UNIFACS,4,2007,EM FUNCIONAMENTO
ANATOMIA PATOLÓGICA E PATOLOGIA CLÍNICA,16,FEDERAL,PÚBLICA,NORDESTE,BA,SALVADOR,ACADÊMICO,PATOLOGIA HUMANA,6,1973,EM FUNCIONAMENTO
NÃO SE APLICA,3,FEDERAL,PÚBLICA,NORDESTE,BA,SALVADOR,ACADÊMICO,FÍSICA,4,1975,EM FUNCIONAMENTO
NÃO SE APLICA,22,FEDERAL,PÚBLICA,NORDESTE,BA,SALVADOR,PROFISSIONAL,SAÚDE COLETIVA,5,2001,EM FUNCIONAMENTO
NÃO SE APLICA,13,FEDERAL,PÚBLICA,NORDESTE,BA,SALVADOR,PROFISSIONAL,ENGENHARIA INDUSTRIAL,4,2009,EM FUNCIONAMENTO
NÃO SE APLICA,21,FEDERAL,PÚBLICA,NORDESTE,BA,SALVADOR,ACADÊMICO,CIÊNCIAS DA REABILITAÇÃO,A,2021,EM FUNCIONAMENTO
NÃO SE APLICA,15,FEDERAL,PÚBLICA,NORDESTE,BA,SALVADOR,ACADÊMICO,CIÊNCIAS DA SAÚDE,4,2009,EM FUNCIONAMENTO
NÃO SE APLICA,23,FEDERAL,PÚBLICA,NORDESTE,BA,SALVADOR,ACADÊMICO,ZOOTECNIA,4,2011,EM FUNCIONAMENTO
NÃO SE APLICA,9,FEDERAL,PÚBLICA,NORDESTE,BA,SALVADOR,ACADÊMICO,IMUNOLOGIA,5,1989,EM FUNCIONAMENTO
DANÇA,11,FEDERAL,PÚBLICA,NORDESTE,BA,SALVADOR,ACADÊMICO,DANÇA,5,2006,EM FUNCIONAMENTO
NÃO SE APLICA,10,FEDERAL,PÚBLICA,NORDESTE,BA,SALVADOR,ACADÊMICO,"MEIO AMBIENTE , ÁGUAS E SANEAMENTO",4,2010,EM FUNCIONAMENTO
NÃO SE APLICA,22,FEDERAL,PÚBLICA,NORDESTE,BA,SALVADOR,ACADÊMICO,SAÚDE COLETIVA,7,1974,EM FUNCIONAMENTO
NÃO SE APLICA,39,FEDERAL,PÚBLICA,NORDESTE,BA,SALVADOR,ACADÊMICO,CIÊNCIA POLÍTICA,A,2021,EM FUNCIONAMENTO
"SOCIAIS, CULTURAS E HUMANIDADES",45,FEDERAL,PÚBLICA,NORDESTE,BA,SALVADOR,ACADÊMICO,ESTUDOS INTERDISCIPLINARES SOBRE A UNIVERSIDADE,4,2011,EM FUNCIONAMENTO
NÃO SE APLICA,26,FEDERAL,PÚBLICA,NORDESTE,BA,SALVADOR,ACADÊMICO,DIREITO,5,1975,EM FUNCIONAMENTO
NÃO SE APLICA,24,FEDERAL,PÚBLICA,NORDESTE,BA,SALVADOR,ACADÊMICO,CIÊNCIA ANIMAL NOS TRÓPICOS,5,2000,EM FUNCIONAMENTO
POLÍTICA INTERNACIONAL,39,FEDERAL,PÚBLICA,NORDESTE,BA,SALVADOR,ACADÊMICO,RELAÇÕES INTERNACIONAIS,4,2014,EM FUNCIONAMENTO
NÃO SE APLICA,7,FEDERAL,PÚBLICA,NORDESTE,BA,SALVADOR,ACADÊMICO,BIODIVERSIDADE E EVOLUÇÃO,5,2008,EM FUNCIONAMENTO
NÃO SE APLICA,35,FEDERAL,PÚBLICA,NORDESTE,BA,SALVADOR,ACADÊMICO,ANTROPOLOGIA,4,2007,EM FUNCIONAMENTO
NÃO SE APLICA,36,FEDERAL,PÚBLICA,NORDESTE,BA,SALVADOR,ACADÊMICO,GEOGRAFIA,4,1994,EM FUNCIONAMENTO
GEOFÍSICA,5,FEDERAL,PÚBLICA,NORDESTE,BA,SALVADOR,ACADÊMICO,GEOFÍSICA,4,1969,EM FUNCIONAMENTO
NÃO SE APLICA,11,FEDERAL,PÚBLICA,NORDESTE,BA,SALVADOR,ACADÊMICO,ARTES VISUAIS,4,1992,EM FUNCIONAMENTO
"SOCIAIS, CULTURAS E HUMANIDADES",45,FEDERAL,PÚBLICA,NORDESTE,BA,SALVADOR,ACADÊMICO,"ESTUDOS INTERDISCIPLINARES SOBRE MULHERES, GÊNERO E FEMINISMO",4,2006,EM FUNCIONAMENTO
NÃO SE APLICA,27,FEDERAL,PÚBLICA,NORDESTE,BA,SALVADOR,PROFISSIONAL,ADMINISTRAÇÃO,4,1998,EM FUNCIONAMENTO
"SOCIAIS, CULTURAS E HUMANIDADES",45,FEDERAL,PÚBLICA,NORDESTE,BA,SALVADOR,ACADÊMICO,ESTUDOS ÉTNICOS E AFRICANOS,4,2005,EM FUNCIONAMENTO
NÃO SE APLICA,31,FEDERAL,PÚBLICA,NORDESTE,BA,SALVADOR,ACADÊMICO,CIÊNCIA DA INFORMAÇÃO,4,2000,EM FUNCIONAMENTO
DANÇA,11,FEDERAL,PÚBLICA,NORDESTE,BA,SALVADOR,PROFISSIONAL,DANÇA,3,2019,EM FUNCIONAMENTO
NÃO SE APLICA,22,FEDERAL,PÚBLICA,NORDESTE,BA,SALVADOR,ACADÊMICO,"SAÚDE, AMBIENTE E TRABALHO",4,2007,EM FUNCIONAMENTO
CLÍNICA MÉDICA,15,FEDERAL,PÚBLICA,NORDESTE,BA,SALVADOR,ACADÊMICO,MEDICINA E SAÚDE,5,1972,EM FUNCIONAMENTO
NÃO SE APLICA,27,FEDERAL,PÚBLICA,NORDESTE,BA,SALVADOR,ACADÊMICO,ADMINISTRAÇÃO,4,1983,EM FUNCIONAMENTO
NÃO SE APLICA,22,FEDERAL,PÚBLICA,NORDESTE,BA,VITÓRIA DA CONQUISTA,ACADÊMICO,SAÚDE COLETIVA,4,2016,EM FUNCIONAMENTO
NÃO SE APLICA,40,FEDERAL,PÚBLICA,NORDESTE,BA,SALVADOR,ACADÊMICO,HISTÓRIA,5,1990,EM FUNCIONAMENTO
CIÊNCIA DE ALIMENTOS,25,FEDERAL,PÚBLICA,NORDESTE,BA,SALVADOR,ACADÊMICO,CIÊNCIA DE ALIMENTOS,4,2006,EM FUNCIONAMENTO
NÃO SE APLICA,38,FEDERAL,PÚBLICA,NORDESTE,BA,SALVADOR,ACADÊMICO,EDUCAÇÃO,6,1972,EM FUNCIONAMENTO
NÃO SE APLICA,20,FEDERAL,PÚBLICA,NORDESTE,BA,SALVADOR,ACADÊMICO,ENFERMAGEM E SAÚDE,5,1979,EM FUNCIONAMENTO
"SOCIAIS, CULTURAS E HUMANIDADES",45,FEDERAL,PÚBLICA,NORDESTE,BA,SALVADOR,ACADÊMICO,DIFUSÃO DO CONHECIMENTO IFBA - SENAI/CIMATEC - LNCC - UNEB - UEFS,5,2008,EM FUNCIONAMENTO
NÃO SE APLICA,9,FEDERAL,PÚBLICA,NORDESTE,BA,SALVADOR,ACADÊMICO,MICROBIOLOGIA,3,2016,EM FUNCIONAMENTO
NÃO SE APLICA,32,FEDERAL,PÚBLICA,NORDESTE,BA,SALVADOR,ACADÊMICO,SERVIÇO SOCIAL,3,2019,EM FUNCIONAMENTO
NÃO SE APLICA,29,FEDERAL,PÚBLICA,NORDESTE,BA,SALVADOR,PROFISSIONAL,CECRE - CONSERVAÇÃO E RESTAURAÇÃO,5,2010,EM FUNCIONAMENTO
NÃO SE APLICA,19,FEDERAL,PÚBLICA,NORDESTE,BA,SALVADOR,ACADÊMICO,FARMÁCIA,4,2009,EM FUNCIONAMENTO
NÃO SE APLICA,29,FEDERAL,PÚBLICA,NORDESTE,BA,SALVADOR,ACADÊMICO,ARQUITETURA E URBANISMO,6,1983,EM FUNCIONAMENTO
"SOCIAIS, CULTURAS E HUMANIDADES",45,FEDERAL,PÚBLICA,NORDESTE,BA,SALVADOR,PROFISSIONAL,"SEGURANÇA PÚBLICA, JUSTIÇA E CIDADANIA",3,2011,EM FUNCIONAMENTO
NÃO SE APLICA,38,FEDERAL,PÚBLICA,NORDESTE,BA,SALVADOR,PROFISSIONAL,"CURRÍCULO, LINGUAGENS E INOVAÇÕES PEDAGÓGICAS.",3,2013,EM FUNCIONAMENTO
SAÚDE E BIOLÓGICAS,45,FEDERAL,PÚBLICA,NORDESTE,BA,SALVADOR,ACADÊMICO,PROCESSOS INTERATIVOS DOS ÓRGÃOS E SISTEMAS,5,2009,EM FUNCIONAMENTO
"SOCIAIS, CULTURAS E HUMANIDADES",45,FEDERAL,PÚBLICA,NORDESTE,BA,SALVADOR,PROFISSIONAL,DESENVOLVIMENTO E GESTÃO SOCIAL,3,2006,EM FUNCIONAMENTO
MÚSICA,11,FEDERAL,PÚBLICA,NORDESTE,BA,SALVADOR,PROFISSIONAL,MÚSICA,4,2013,EM FUNCIONAMENTO
NÃO SE APLICA,33,FEDERAL,PÚBLICA,NORDESTE,BA,SALVADOR,ACADÊMICO,FILOSOFIA,6,2001,EM FUNCIONAMENTO
NÃO SE APLICA,4,FEDERAL,PÚBLICA,NORDESTE,BA,SALVADOR,ACADÊMICO,QUÍMICA,4,1968,EM FUNCIONAMENTO
GEOLOGIA,5,FEDERAL,PÚBLICA,NORDESTE,BA,SALVADOR,ACADÊMICO,GEOLOGIA,4,1976,EM FUNCIONAMENTO
GEOLOGIA,5,FEDERAL,PÚBLICA,NORDESTE,BA,SALVADOR,ACADÊMICO,GEOQUÍMICA: PETRÓLEO E MEIO AMBIENTE,4,2009,EM FUNCIONAMENTO
NÃO SE APLICA,48,FEDERAL,PÚBLICA,NORDESTE,BA,SALVADOR,ACADÊMICO,BIOTECNOLOGIA,5,2010,EM FUNCIONAMENTO
NÃO SE APLICA,1,FEDERAL,PÚBLICA,NORDESTE,BA,SALVADOR,ACADÊMICO,MATEMÁTICA - UFBA-UFAL,4,2010,EM FUNCIONAMENTO
NÃO SE APLICA,11,FEDERAL,PÚBLICA,NORDESTE,BA,SALVADOR,ACADÊMICO,ARTES CÊNICAS,6,1997,EM FUNCIONAMENTO
ENSINO DE CIÊNCIAS E MATEMÁTICA,46,FEDERAL,PÚBLICA,NORDESTE,BA,SALVADOR,ACADÊMICO,"ENSINO, FILOSOFIA E HISTÓRIA DAS CIÊNCIAS",5,2000,EM FUNCIONAMENTO
NÃO SE APLICA,37,FEDERAL,PÚBLICA,NORDESTE,BA,VITÓRIA DA CONQUISTA,PROFISSIONAL,PSICOLOGIA DA SAÚDE,3,2019,EM FUNCIONAMENTO
"SOCIAIS, CULTURAS E HUMANIDADES",45,FEDERAL,PÚBLICA,NORDESTE,BA,SALVADOR,ACADÊMICO,CULTURA E SOCIEDADE,4,2005,EM FUNCIONAMENTO
CIÊNCIAS CONTÁBEIS,27,FEDERAL,PÚBLICA,NORDESTE,BA,SALVADOR,ACADÊMICO,CONTABILIDADE,4,2007,EM FUNCIONAMENTO
"ENGENHARIA, TECNOLOGIA E GESTÃO",45,FEDERAL,PÚBLICA,NORDESTE,BA,SALVADOR,ACADÊMICO,ENERGIA E AMBIENTE,4,2006,EM FUNCIONAMENTO
NÃO SE APLICA,18,FEDERAL,PÚBLICA,NORDESTE,BA,SALVADOR,ACADÊMICO,ODONTOLOGIA E SAUDE,5,1992,EM FUNCIONAMENTO
NÃO SE APLICA,10,FEDERAL,PÚBLICA,NORDESTE,BA,SALVADOR,ACADÊMICO,ENGENHARIA CIVIL,5,2016,EM FUNCIONAMENTO
NÃO SE APLICA,41,FEDERAL,PÚBLICA,NORDESTE,BA,SALVADOR,ACADÊMICO,LÍNGUA E CULTURA,5,2010,EM FUNCIONAMENTO
NÃO SE APLICA,31,FEDERAL,PÚBLICA,NORDESTE,BA,SALVADOR,ACADÊMICO,MUSEOLOGIA,3,2013,EM FUNCIONAMENTO
NÃO SE APLICA,1,FEDERAL,PÚBLICA,NORDESTE,BA,SALVADOR,ACADÊMICO,MATEMÁTICA,4,1969,EM FUNCIONAMENTO
NÃO SE APLICA,28,FEDERAL,PÚBLICA,NORDESTE,BA,SALVADOR,ACADÊMICO,ECONOMIA,4,1973,EM FUNCIONAMENTO
NÃO SE APLICA,13,FEDERAL,PÚBLICA,NORDESTE,BA,SALVADOR,ACADÊMICO,ENGENHARIA INDUSTRIAL,5,2007,EM FUNCIONAMENTO
NÃO SE APLICA,41,FEDERAL,PÚBLICA,NORDESTE,BA,SALVADOR,ACADÊMICO,LITERATURA E CULTURA,5,2010,EM FUNCIONAMENTO
ESTATÍSTICA,1,FEDERAL,PÚBLICA,NORDESTE,BA,SALVADOR,ACADÊMICO,ESTATÍSTICA E CIÊNCIA DE DADOS,A,2024,EM FUNCIONAMENTO
MÚSICA,11,FEDERAL,PÚBLICA,NORDESTE,BA,SALVADOR,ACADÊMICO,MÚSICA,4,1990,EM FUNCIONAMENTO
NÃO SE APLICA,13,FEDERAL,PÚBLICA,NORDESTE,BA,SALVADOR,ACADÊMICO,MECATRÔNICA,4,2003,EM FUNCIONAMENTO
NÃO SE APLICA,50,FEDERAL,PÚBLICA,NORDESTE,BA,SALVADOR,ACADÊMICO,"ALIMENTOS, NUTRIÇÃO E SAÚDE",4,2005,EM FUNCIONAMENTO
NÃO SE APLICA,31,FEDERAL,PÚBLICA,NORDESTE,BA,SALVADOR,ACADÊMICO,COMUNICAÇÃO E CULTURA CONTEMPORÂNEAS,6,1990,EM FUNCIONAMENTO
NÃO SE APLICA,37,FEDERAL,PÚBLICA,NORDESTE,BA,SALVADOR,ACADÊMICO,PSICOLOGIA,6,2002,EM FUNCIONAMENTO
NÃO SE APLICA,34,FEDERAL,PÚBLICA,NORDESTE,BA,SALVADOR,ACADÊMICO,CIÊNCIAS SOCIAIS,5,1990,EM FUNCIONAMENTO
NÃO SE APLICA,14,FEDERAL,PÚBLICA,NORDESTE,BA,SALVADOR,ACADÊMICO,ENGENHARIAS ELÉTRICA E DE COMPUTAÇÃO,4,1994,EM FUNCIONAMENTO
NÃO SE APLICA,2,FEDERAL,PÚBLICA,NORDESTE,BA,SALVADOR,ACADÊMICO,CIÊNCIA DA COMPUTAÇÃO,5,2014,EM FUNCIONAMENTO
NÃO SE APLICA,7,FEDERAL,PÚBLICA,NORDESTE,BA,SALVADOR,ACADÊMICO,"ECOLOGIA: TEORIA, APLICAÇÃO E VALORES",4,2000,EM FUNCIONAMENTO
NÃO SE APLICA,6,FEDERAL,PÚBLICA,NORDESTE,BA,VITÓRIA DA CONQUISTA,ACADÊMICO,BIOCIÊNCIAS,4,2012,EM FUNCIONAMENTO
NÃO SE APLICA,46,ESTADUAL,PÚBLICA,NORDESTE,BA,FEIRA DE SANTANA,PROFISSIONAL,ASTRONOMIA,4,2013,EM FUNCIONAMENTO
NÃO SE APLICA,42,ESTADUAL,PÚBLICA,NORDESTE,BA,FEIRA DE SANTANA,ACADÊMICO,RECURSOS GENÉTICOS VEGETAIS,4,2007,EM FUNCIONAMENTO
"SOCIAIS, CULTURAS E HUMANIDADES",45,ESTADUAL,PÚBLICA,NORDESTE,BA,FEIRA DE SANTANA,ACADÊMICO,"DESENHO, CULTURA E INTERATIVIDADE",3,2006,EM FUNCIONAMENTO
NÃO SE APLICA,46,ESTADUAL,PÚBLICA,NORDESTE,BA,FEIRA DE SANTANA,ACADÊMICO,ENSINO DE MATEMÁTICA,A,2024,EM FUNCIONAMENTO
NÃO SE APLICA,40,ESTADUAL,PÚBLICA,NORDESTE,BA,FEIRA DE SANTANA,ACADÊMICO,HISTÓRIA,3,2007,EM FUNCIONAMENTO
NÃO SE APLICA,19,ESTADUAL,PÚBLICA,NORDESTE,BA,FEIRA DE SANTANA,ACADÊMICO,CIÊNCIAS FARMACÊUTICAS,3,2013,EM FUNCIONAMENTO
NÃO SE APLICA,22,ESTADUAL,PÚBLICA,NORDESTE,BA,FEIRA DE SANTANA,ACADÊMICO,SAÚDE COLETIVA,5,2003,EM FUNCIONAMENTO
NÃO SE APLICA,36,ESTADUAL,PÚBLICA,NORDESTE,BA,FEIRA DE SANTANA,PROFISSIONAL,PLANEJAMENTO TERRITORIAL,4,2013,EM FUNCIONAMENTO
NÃO SE APLICA,7,ESTADUAL,PÚBLICA,NORDESTE,BA,FEIRA DE SANTANA,ACADÊMICO,ECOLOGIA E EVOLUÇÃO,3,2008,EM FUNCIONAMENTO
NÃO SE APLICA,20,ESTADUAL,PÚBLICA,NORDESTE,BA,FEIRA DE SANTANA,PROFISSIONAL,ENFERMAGEM,3,2012,EM FUNCIONAMENTO
NÃO SE APLICA,41,ESTADUAL,PÚBLICA,NORDESTE,BA,FEIRA DE SANTANA,ACADÊMICO,ESTUDOS LITERÁRIOS,5,2000,EM FUNCIONAMENTO
NÃO SE APLICA,49,ESTADUAL,PÚBLICA,NORDESTE,BA,FEIRA DE SANTANA,ACADÊMICO,MODELAGEM EM CIÊNCIAS DA TERRA E DO AMBIENTE,4,2006,EM FUNCIONAMENTO
NÃO SE APLICA,2,ESTADUAL,PÚBLICA,NORDESTE,BA,FEIRA DE SANTANA,ACADÊMICO,CIÊNCIA DA COMPUTAÇÃO,3,2019,EM FUNCIONAMENTO
NÃO SE APLICA,38,ESTADUAL,PÚBLICA,NORDESTE,BA,FEIRA DE SANTANA,ACADÊMICO,EDUCAÇÃO,4,2011,EM FUNCIONAMENTO
NÃO SE APLICA,41,ESTADUAL,PÚBLICA,NORDESTE,BA,FEIRA DE SANTANA,ACADÊMICO,ESTUDOS LINGUÍSTICOS,5,2010,EM FUNCIONAMENTO
NÃO SE APLICA,48,ESTADUAL,PÚBLICA,NORDESTE,BA,FEIRA DE SANTANA,ACADÊMICO,BIOTECNOLOGIA,5,2005,EM FUNCIONAMENTO
NÃO SE APLICA,22,ESTADUAL,PÚBLICA,NORDESTE,BA,FEIRA DE SANTANA,PROFISSIONAL,SAÚDE COLETIVA,3,2011,EM FUNCIONAMENTO
NÃO SE APLICA,7,ESTADUAL,PÚBLICA,NORDESTE,BA,FEIRA DE SANTANA,ACADÊMICO,BOTÂNICA,5,2000,EM FUNCIONAMENTO
NÃO SE APLICA,10,ESTADUAL,PÚBLICA,NORDESTE,BA,FEIRA DE SANTANA,ACADÊMICO,ENGENHARIA CIVIL E AMBIENTAL,3,2006,EM FUNCIONAMENTO
"SOCIAIS, CULTURAS E HUMANIDADES",45,PARTICULAR,PRIVADA,NORDESTE,BA,SALVADOR,ACADÊMICO,FAMÍLIA NA SOCIEDADE CONTEMPORÃNEA,4,2006,EM FUNCIONAMENTO
"SOCIAIS, CULTURAS E HUMANIDADES",45,PARTICULAR,PRIVADA,NORDESTE,BA,SALVADOR,ACADÊMICO,POLÍTICAS SOCIAIS E CIDADANIA,4,2006,EM FUNCIONAMENTO
NÃO SE APLICA,26,PARTICULAR,PRIVADA,NORDESTE,BA,SALVADOR,ACADÊMICO,DIREITO,3,2019,EM FUNCIONAMENTO
NÃO SE APLICA,30,PARTICULAR,PRIVADA,NORDESTE,BA,SALVADOR,ACADÊMICO,"TERRITÓRIO, AMBIENTE E SOCIEDADE",4,2005,EM FUNCIONAMENTO
NÃO SE APLICA,4,ESTADUAL,PÚBLICA,NORDESTE,BA,SALVADOR,ACADÊMICO,QUÍMICA APLICADA,3,2006,EM FUNCIONAMENTO
NÃO SE APLICA,46,ESTADUAL,PÚBLICA,NORDESTE,BA,JUAZEIRO,ACADÊMICO,"EDUCAÇÃO, CULTURA E TERRITÓRIOS SEMIÁRIDOS",3,2014,EM FUNCIONAMENTO
NÃO SE APLICA,22,ESTADUAL,PÚBLICA,NORDESTE,BA,SALVADOR,PROFISSIONAL,SAÚDE COLETIVA,3,2019,EM FUNCIONAMENTO
NÃO SE APLICA,41,ESTADUAL,PÚBLICA,NORDESTE,BA,SALVADOR,ACADÊMICO,ESTUDO DE LINGUAGENS,4,2006,EM FUNCIONAMENTO
NÃO SE APLICA,42,ESTADUAL,PÚBLICA,NORDESTE,BA,JUAZEIRO,ACADÊMICO,AGRONOMIA: HORTICULTURA IRRIGADA,4,2006,EM FUNCIONAMENTO
NÃO SE APLICA,36,ESTADUAL,PÚBLICA,NORDESTE,BA,SALVADOR,ACADÊMICO,ESTUDOS TERRITORIAIS,3,2019,EM FUNCIONAMENTO
NÃO SE APLICA,7,ESTADUAL,PÚBLICA,NORDESTE,BA,PAULO AFONSO,ACADÊMICO,BIODIVERSIDADE VEGETAL,3,2010,EM FUNCIONAMENTO
HISTÓRIA DO BRASIL,40,ESTADUAL,PÚBLICA,NORDESTE,BA,SANTO ANTÔNIO DE JESUS,ACADÊMICO,HISTÓRIA REGIONAL E LOCAL,4,2007,EM FUNCIONAMENTO
NÃO SE APLICA,38,ESTADUAL,PÚBLICA,NORDESTE,BA,SALVADOR,ACADÊMICO,EDUCAÇÃO E FORMAÇÃO DOCENTE (PPGEDUF),A,2024,EM FUNCIONAMENTO
NÃO SE APLICA,46,ESTADUAL,PÚBLICA,NORDESTE,BA,CAETITÉ,PROFISSIONAL,"ENSINO, LINGUAGEM E SOCIEDADE",3,2019,EM FUNCIONAMENTO
"ENGENHARIA, TECNOLOGIA E GESTÃO",45,ESTADUAL,PÚBLICA,NORDESTE,BA,ALAGOINHAS,ACADÊMICO,MODELAGEM E SIMULACÃO DE BIOSSISTEMAS,A,2021,EM FUNCIONAMENTO
NÃO SE APLICA,38,ESTADUAL,PÚBLICA,NORDESTE,BA,JACOBINA,PROFISSIONAL,EDUCAÇÃO E DIVERSIDADE,4,2014,EM FUNCIONAMENTO
NÃO SE APLICA,41,ESTADUAL,PÚBLICA,NORDESTE,BA,TEIXEIRA DE FREITAS,ACADÊMICO,LETRAS,A,2021,EM FUNCIONAMENTO
NÃO SE APLICA,40,ESTADUAL,PÚBLICA,NORDESTE,BA,IRECÊ,ACADÊMICO,"ESTUDOS AFRICANOS, POVOS INDÍGENAS E CULTURAS NEGRAS",3,2018,EM FUNCIONAMENTO
"SOCIAIS, CULTURAS E HUMANIDADES",45,ESTADUAL,PÚBLICA,NORDESTE,BA,SERRINHA,PROFISSIONAL,INTERVENÇÃO EDUCATIVA E SOCIAL,4,2019,EM FUNCIONAMENTO
NÃO SE APLICA,40,ESTADUAL,PÚBLICA,NORDESTE,BA,ALAGOINHAS,ACADÊMICO,HISTÓRIA,3,2016,EM FUNCIONAMENTO
POLÍTICAS E DESENVOLVIMENTO DE TERRITÓRIOS,45,ESTADUAL,PÚBLICA,NORDESTE,BA,JUAZEIRO,ACADÊMICO,ECOLOGIA HUMANA E GESTÃO SOCIOAMBIENTAL,4,2010,EM FUNCIONAMENTO
NÃO SE APLICA,38,ESTADUAL,PÚBLICA,NORDESTE,BA,SALVADOR,PROFISSIONAL,GESTÃO E TECNOLOGIAS APLICADAS À EDUCAÇÃO,4,2011,EM FUNCIONAMENTO
NÃO SE APLICA,41,ESTADUAL,PÚBLICA,NORDESTE,BA,ALAGOINHAS,ACADÊMICO,CRÍTICA CULTURAL,5,2009,EM FUNCIONAMENTO
NÃO SE APLICA,41,ESTADUAL,PÚBLICA,NORDESTE,BA,SALVADOR,ACADÊMICO,TECNOLOGIAS DAS LINGUAGENS,A,2024,EM FUNCIONAMENTO
NÃO SE APLICA,38,ESTADUAL,PÚBLICA,NORDESTE,BA,SALVADOR,ACADÊMICO,EDUCAÇÃO E CONTEMPORANEIDADE,4,2001,EM FUNCIONAMENTO
NÃO SE APLICA,19,ESTADUAL,PÚBLICA,NORDESTE,BA,SALVADOR,ACADÊMICO,CIÊNCIAS FARMACÊUTICAS,3,2018,EM FUNCIONAMENTO
TÓPICOS ESPECÍFICOS DE EDUCAÇÃO,38,ESTADUAL,PÚBLICA,NORDESTE,BA,SALVADOR,PROFISSIONAL,EDUCAÇÃO DE JOVENS E ADULTOS,4,2013,EM FUNCIONAMENTO
ENFERMAGEM DE SAÚDE PÚBLICA,20,ESTADUAL,PÚBLICA,NORDESTE,BA,JEQUIÉ,ACADÊMICO,ENFERMAGEM E SAÚDE,4,2009,EM FUNCIONAMENTO
NÃO SE APLICA,41,ESTADUAL,PÚBLICA,NORDESTE,BA,VITÓRIA DA CONQUISTA,ACADÊMICO,LINGUÍSTICA,5,2011,EM FUNCIONAMENTO
NÃO SE APLICA,42,ESTADUAL,PÚBLICA,NORDESTE,BA,VITÓRIA DA CONQUISTA,ACADÊMICO,CIÊNCIAS FLORESTAIS,3,2014,EM FUNCIONAMENTO
"SOCIAIS, CULTURAS E HUMANIDADES",45,ESTADUAL,PÚBLICA,NORDESTE,BA,JEQUIÉ,ACADÊMICO,RELAÇÕES ÉTNICAS E CONTEMPORANEIDADE,4,2014,EM FUNCIONAMENTO
NÃO SE APLICA,36,ESTADUAL,PÚBLICA,NORDESTE,BA,VITÓRIA DA CONQUISTA,ACADÊMICO,GEOGRAFIA,4,2016,EM FUNCIONAMENTO
NÃO SE APLICA,38,ESTADUAL,PÚBLICA,NORDESTE,BA,VITÓRIA DA CONQUISTA,ACADÊMICO,EDUCAÇÃO,4,2013,EM FUNCIONAMENTO
NÃO SE APLICA,46,ESTADUAL,PÚBLICA,NORDESTE,BA,VITÓRIA DA CONQUISTA,ACADÊMICO,ENSINO,4,2016,EM FUNCIONAMENTO
NÃO SE APLICA,7,ESTADUAL,PÚBLICA,NORDESTE,BA,JEQUIÉ,ACADÊMICO,"GENÉTICA, BIODIVERSIDADE E CONSERVAÇÃO",3,2010,EM FUNCIONAMENTO
NÃO SE APLICA,4,ESTADUAL,PÚBLICA,NORDESTE,BA,JEQUIÉ,ACADÊMICO,QUIMICA,4,2005,EM FUNCIONAMENTO
ENGENHARIA DE ALIMENTOS,25,ESTADUAL,PÚBLICA,NORDESTE,BA,ITAPETINGA,ACADÊMICO,ENGENHARIA E CIÊNCIA DE ALIMENTOS,4,2006,EM FUNCIONAMENTO
"SOCIAIS, CULTURAS E HUMANIDADES",45,ESTADUAL,PÚBLICA,NORDESTE,BA,VITÓRIA DA CONQUISTA,ACADÊMICO,MEMÓRIA:LINGUAGEM E SOCIEDADE,6,2008,EM FUNCIONAMENTO
NÃO SE APLICA,23,ESTADUAL,PÚBLICA,NORDESTE,BA,ITAPETINGA,ACADÊMICO,ZOOTECNIA,5,2003,EM FUNCIONAMENTO
NÃO SE APLICA,41,ESTADUAL,PÚBLICA,NORDESTE,BA,VITÓRIA DA CONQUISTA,ACADÊMICO,"LETRAS: CULTURA, EDUCAÇÃO E LINGUAGENS",3,2010,EM FUNCIONAMENTO
NÃO SE APLICA,21,ESTADUAL,PÚBLICA,NORDESTE,BA,VITÓRIA DA CONQUISTA,ACADÊMICO,EDUCAÇÃO FÍSICA,A,2021,EM FUNCIONAMENTO
ENSINO DE CIÊNCIAS E MATEMÁTICA,46,ESTADUAL,PÚBLICA,NORDESTE,BA,JEQUIÉ,ACADÊMICO,EDUCAÇÃO CIENTÍFICA E FORMAÇÃO DE PROFESSORES,4,2011,EM FUNCIONAMENTO
NÃO SE APLICA,49,ESTADUAL,PÚBLICA,NORDESTE,BA,ITAPETINGA,ACADÊMICO,CIÊNCIAS AMBIENTAIS,3,2011,EM FUNCIONAMENTO
FITOTECNIA,42,ESTADUAL,PÚBLICA,NORDESTE,BA,VITÓRIA DA CONQUISTA,ACADÊMICO,AGRONOMIA (FITOTECNIA),4,2002,EM FUNCIONAMENTO
NÃO SE APLICA,7,ESTADUAL,PÚBLICA,NORDESTE,BA,ILHÉUS,ACADÊMICO,ZOOLOGIA,5,2003,EM FUNCIONAMENTO
NÃO SE APLICA,7,ESTADUAL,PÚBLICA,NORDESTE,BA,ILHÉUS,ACADÊMICO,ECOLOGIA E CONSERVAÇÃO DA BIODIVERSIDADE,6,2009,EM FUNCIONAMENTO
NÃO SE APLICA,38,ESTADUAL,PÚBLICA,NORDESTE,BA,ILHÉUS,PROFISSIONAL,EDUCAÇÃO,4,2013,EM FUNCIONAMENTO
NÃO SE APLICA,47,ESTADUAL,PÚBLICA,NORDESTE,BA,ILHÉUS,ACADÊMICO,"CIÊNCIA, INOVAÇÃO E MODELAGEM EM MATERIAIS",4,2010,EM FUNCIONAMENTO
NÃO SE APLICA,40,ESTADUAL,PÚBLICA,NORDESTE,BA,ILHÉUS,ACADÊMICO,HISTÓRIA: ATLÂNTICO E DIÁSPORA AFRICANA,3,2019,EM FUNCIONAMENTO
CLÍNICA MÉDICA,16,ESTADUAL,PÚBLICA,NORDESTE,BA,ILHÉUS,ACADÊMICO,CIÊNCIAS DA SAÚDE,3,2015,EM FUNCIONAMENTO
NÃO SE APLICA,20,ESTADUAL,PÚBLICA,NORDESTE,BA,ILHÉUS,PROFISSIONAL,ENFERMAGEM,3,2019,EM FUNCIONAMENTO
NÃO SE APLICA,24,ESTADUAL,PÚBLICA,NORDESTE,BA,ILHÉUS,ACADÊMICO,CIÊNCIA ANIMAL,5,2007,EM FUNCIONAMENTO
NÃO SE APLICA,4,ESTADUAL,PÚBLICA,NORDESTE,BA,ILHÉUS,ACADÊMICO,QUÍMICA,3,2013,EM FUNCIONAMENTO
NÃO SE APLICA,49,ESTADUAL,PÚBLICA,NORDESTE,BA,ILHÉUS,ACADÊMICO,DESENVOLVIMENTO REGIONAL E MEIO AMBIENTE,5,1998,EM FUNCIONAMENTO
NÃO SE APLICA,48,ESTADUAL,PÚBLICA,NORDESTE,BA,ILHÉUS,ACADÊMICO,BIOLOGIA E BIOTECNOLOGIA DE MICRORGANISMOS,4,2008,EM FUNCIONAMENTO
NÃO SE APLICA,7,ESTADUAL,PÚBLICA,NORDESTE,BA,ILHÉUS,ACADÊMICO,SISTEMAS AQUÁTICOS TROPICAIS,3,2004,EM FUNCIONAMENTO
"SOCIAIS, CULTURAS E HUMANIDADES",45,ESTADUAL,PÚBLICA,NORDESTE,BA,ILHÉUS,ACADÊMICO,ECONOMIA REGIONAL E POLÍTICAS PÚBLICAS,4,2013,EM FUNCIONAMENTO
NÃO SE APLICA,41,ESTADUAL,PÚBLICA,NORDESTE,BA,ILHÉUS,ACADÊMICO,LINGUAGENS E REPRESENTAÇÕES,4,2008,EM FUNCIONAMENTO
NÃO SE APLICA,3,ESTADUAL,PÚBLICA,NORDESTE,BA,ILHÉUS,ACADÊMICO,FÍSICA,3,2008,EM FUNCIONAMENTO
NÃO SE APLICA,42,ESTADUAL,PÚBLICA,NORDESTE,BA,ILHÉUS,ACADÊMICO,PRODUÇÃO VEGETAL,5,2004,EM FUNCIONAMENTO
NÃO SE APLICA,42,ESTADUAL,PÚBLICA,NORDESTE,BA,ILHÉUS,ACADÊMICO,GENÉTICA E BIOLOGIA MOLECULAR,5,2002,EM FUNCIONAMENTO
ENSINO DE CIÊNCIAS E MATEMÁTICA,46,ESTADUAL,PÚBLICA,NORDESTE,BA,ILHÉUS,ACADÊMICO,EDUCAÇÃO EM CIÊNCIAS E MATEMÁTICA,4,2013,EM FUNCIONAMENTO
"ENGENHARIA, TECNOLOGIA E GESTÃO",45,ESTADUAL,PÚBLICA,NORDESTE,BA,ILHÉUS,ACADÊMICO,MODELAGEM COMPUTACIONAL EM CIÊNCIA E TECNOLOGIA,4,2013,EM FUNCIONAMENTO
NÃO SE APLICA,15,PARTICULAR,PRIVADA,NORDESTE,BA,SALVADOR,ACADÊMICO,MEDICINA E SAÚDE HUMANA,4,2000,EM FUNCIONAMENTO
NÃO SE APLICA,37,PARTICULAR,PRIVADA,NORDESTE,BA,SALVADOR,PROFISSIONAL,PSICOLOGIA E INTERVENÇÕES EM SAÚDE,3,2019,EM FUNCIONAMENTO
CLÍNICA MÉDICA,16,PARTICULAR,PRIVADA,NORDESTE,BA,SALVADOR,PROFISSIONAL,TECNOLOGIAS EM SAÚDE,3,2012,EM FUNCIONAMENTO
"ENGENHARIA, TECNOLOGIA E GESTÃO",45,FEDERAL,PÚBLICA,NORDESTE,BA,SALVADOR,PROFISSIONAL,ENGENHARIA DE SISTEMAS E PRODUTOS,4,2016,EM FUNCIONAMENTO
NÃO SE APLICA,47,FEDERAL,PÚBLICA,NORDESTE,BA,SALVADOR,PROFISSIONAL,ENGENHARIA DE MATERIAIS,3,2019,EM FUNCIONAMENTO
SISTEMA DE COMPUTAÇÃO,2,PARTICULAR,PRIVADA,NORDESTE,BA,SALVADOR,ACADÊMICO,SISTEMAS E COMPUTAÇÃO,3,2006,EM FUNCIONAMENTO
NÃO SE APLICA,30,PARTICULAR,PRIVADA,NORDESTE,BA,SALVADOR,ACADÊMICO,DESENVOLVIMENTO REGIONAL E URBANO,4,1999,EM FUNCIONAMENTO
"SOCIAIS, CULTURAS E HUMANIDADES",45,PARTICULAR,PRIVADA,NORDESTE,BA,SALVADOR,PROFISSIONAL,"DIREITO, GOVERNANÇA E POLÍTICAS PÚBLICAS",4,2015,EM FUNCIONAMENTO
NÃO SE APLICA,27,PARTICULAR,PRIVADA,NORDESTE,BA,SALVADOR,ACADÊMICO,ADMINISTRAÇÃO,4,2000,EM FUNCIONAMENTO
NÃO SE APLICA,23,FEDERAL,PÚBLICA,NORDESTE,BA,CRUZ DAS ALMAS,ACADÊMICO,ZOOTECNIA,4,2008,EM FUNCIONAMENTO
NÃO SE APLICA,42,FEDERAL,PÚBLICA,NORDESTE,BA,CRUZ DAS ALMAS,ACADÊMICO,ENGENHARIA AGRÍCOLA,4,2012,EM FUNCIONAMENTO
TÓPICOS ESPECÍFICOS DE EDUCAÇÃO,38,FEDERAL,PÚBLICA,NORDESTE,BA,AMARGOSA,PROFISSIONAL,EDUCAÇÃO DO CAMPO,3,2013,EM FUNCIONAMENTO
NÃO SE APLICA,46,FEDERAL,PÚBLICA,NORDESTE,BA,CRUZ DAS ALMAS,PROFISSIONAL,"EDUCAÇÃO CIENTÍFICA, INCLUSÃO E DIVERSIDADE",3,2019,EM FUNCIONAMENTO
NÃO SE APLICA,40,FEDERAL,PÚBLICA,NORDESTE,BA,CACHOEIRA,PROFISSIONAL,"HISTÓRIA DA ÁFRICA, DA DIÁSPORA E DOS POVOS INDÍGENAS",4,2014,EM FUNCIONAMENTO
FITOSSANIDADE,42,FEDERAL,PÚBLICA,NORDESTE,BA,CRUZ DAS ALMAS,PROFISSIONAL,DEFESA AGROPECUÁRIA,4,2010,EM FUNCIONAMENTO
NÃO SE APLICA,42,FEDERAL,PÚBLICA,NORDESTE,BA,CRUZ DAS ALMAS,ACADÊMICO,RECURSOS GENÉTICOS VEGETAIS,5,2008,EM FUNCIONAMENTO
NÃO SE APLICA,35,FEDERAL,PÚBLICA,NORDESTE,BA,CACHOEIRA,ACADÊMICO,ARQUEOLOGIA E PATRIMÔNIO CULTURAL,4,2019,EM FUNCIONAMENTO
SAÚDE PÚBLICA,22,FEDERAL,PÚBLICA,NORDESTE,BA,SANTO ANTÔNIO DE JESUS,PROFISSIONAL,SAÚDE DA POPULAÇÃO NEGRA E INDÍGENA,3,2020,EM FUNCIONAMENTO
POLÍTICAS PÚBLICAS,39,FEDERAL,PÚBLICA,NORDESTE,BA,CRUZ DAS ALMAS,PROFISSIONAL,GESTÃO DE POLÍTICAS PÚBLICAS,4,2011,EM FUNCIONAMENTO
NÃO SE APLICA,42,FEDERAL,PÚBLICA,NORDESTE,BA,CRUZ DAS ALMAS,ACADÊMICO,CIÊNCIAS AGRÁRIAS,4,1979,EM FUNCIONAMENTO
NÃO SE APLICA,32,FEDERAL,PÚBLICA,NORDESTE,BA,CACHOEIRA,ACADÊMICO,POLÍTICA SOCIAL E TERRITÓRIOS,3,2019,EM FUNCIONAMENTO
NÃO SE APLICA,34,FEDERAL,PÚBLICA,NORDESTE,BA,CACHOEIRA,ACADÊMICO,CIÊNCIAS SOCIAIS,4,2010,EM FUNCIONAMENTO
NÃO SE APLICA,31,FEDERAL,PÚBLICA,NORDESTE,BA,CACHOEIRA,ACADÊMICO,COMUNICAÇÃO,4,2017,EM FUNCIONAMENTO
"ENGENHARIA, TECNOLOGIA E GESTÃO",45,PARTICULAR,PRIVADA,NORDESTE,BA,SALVADOR,PROFISSIONAL,GESTÃO E TECNOLOGIA INDUSTRIAL - GETEC,5,2008,EM FUNCIONAMENTO
"ENGENHARIA, TECNOLOGIA E GESTÃO",45,PARTICULAR,PRIVADA,NORDESTE,BA,SALVADOR,ACADÊMICO,MODELAGEM COMPUTACIONAL E TECNOLOGIA INDUSTRIAL,6,2008,EM FUNCIONAMENTO
"ENGENHARIA, TECNOLOGIA E GESTÃO",45,PARTICULAR,PRIVADA,NORDESTE,BA,SALVADOR,PROFISSIONAL,GESTÃO E TECNOLOGIA INDUSTRIAL - GETEC,4,2017,EM FUNCIONAMENTO
NÃO SE APLICA,4,PARTICULAR,PRIVADA,NORDESTE,BA,SALVADOR,PROFISSIONAL,DESENVOLVIMENTO SUSTENTÁVEL,4,2019,EM FUNCIONAMENTO
ANATOMIA PATOLÓGICA E PATOLOGIA CLÍNICA,16,FEDERAL,PÚBLICA,NORDESTE,BA,SALVADOR,ACADÊMICO,BIOTECNOLOGIA EM SAÚDE E MEDICINA INVESTIGATIVA,6,2006,EM FUNCIONAMENTO
NÃO SE APLICA,15,FEDERAL,PÚBLICA,NORDESTE,BA,SALVADOR,PROFISSIONAL,PESQUISA CLINICA E TRANSLACIONAL,3,2020,EM FUNCIONAMENTO
NÃO SE APLICA,49,PARTICULAR,PRIVADA,NORDESTE,BA,GOVERNADOR MANGABEIRA,PROFISSIONAL,DESENVOLVIMENTO REGIONAL E MEIO AMBIENTE,3,2013,EM FUNCIONAMENTO
NÃO SE APLICA,49,FEDERAL,PÚBLICA,NORDESTE,BA,BARREIRAS,ACADÊMICO,CIÊNCIAS AMBIENTAIS,3,2011,EM FUNCIONAMENTO
NÃO SE APLICA,46,FEDERAL,PÚBLICA,NORDESTE,BA,BARREIRAS,ACADÊMICO,ENSINO,A,2021,EM FUNCIONAMENTO
ANATOMIA PATOLÓGICA E PATOLOGIA CLÍNICA,16,FEDERAL,PÚBLICA,NORDESTE,BA,BARREIRAS,PROFISSIONAL,PATOLOGIA INVESTIGATIVA,3,2020,EM FUNCIONAMENTO
NÃO SE APLICA,4,FEDERAL,PÚBLICA,NORDESTE,BA,BARREIRAS,ACADÊMICO,QUÍMICA PURA E APLICADA,3,2016,EM FUNCIONAMENTO
NÃO SE APLICA,19,FEDERAL,PÚBLICA,NORDESTE,BA,BARREIRAS,ACADÊMICO,BIOCIÊNCIAS E SAÚDE,A,2024,EM FUNCIONAMENTO
"SOCIAIS, CULTURAS E HUMANIDADES",45,FEDERAL,PÚBLICA,NORDESTE,BA,BARREIRAS,ACADÊMICO,CIÊNCIAS HUMANAS E SOCIAIS,3,2019,EM FUNCIONAMENTO
NÃO SE APLICA,47,FEDERAL,PÚBLICA,NORDESTE,BA,BARREIRAS,ACADÊMICO,CIÊNCIA DOS MATERIAIS (PROMAT),A,2024,EM FUNCIONAMENTO
FITOTECNIA,42,FEDERAL,PÚBLICA,NORDESTE,BA,SALVADOR,PROFISSIONAL,PRODUÇÃO VEGETAL NO SEMIÁRIDO,3,2015,EM FUNCIONAMENTO
NÃO SE APLICA,49,FEDERAL,PÚBLICA,NORDESTE,BA,SERRINHA,PROFISSIONAL,CIÊNCIAS AMBIENTAIS,3,2020,EM FUNCIONAMENTO
NÃO SE APLICA,11,FEDERAL,PÚBLICA,NORDESTE,BA,ITABUNA,ACADÊMICO,ARTES,A,2024,EM FUNCIONAMENTO
NÃO SE APLICA,10,FEDERAL,PÚBLICA,NORDESTE,BA,ITABUNA,ACADÊMICO,ENGENHARIA CIVIL E AMBIENTAL,A,2024,EM FUNCIONAMENTO
NÃO SE APLICA,49,FEDERAL,PÚBLICA,NORDESTE,BA,PORTO SEGURO,ACADÊMICO,CIÊNCIAS E TECNOLOGIAS AMBIENTAIS,3,2017,EM FUNCIONAMENTO
SAÚDE E BIOLÓGICAS,45,FEDERAL,PÚBLICA,NORDESTE,BA,TEIXEIRA DE FREITAS,ACADÊMICO,"SAÚDE, AMBIENTE E BIODIVERSIDADE",A,2021,EM FUNCIONAMENTO
POLÍTICAS E DESENVOLVIMENTO DE TERRITÓRIOS,45,FEDERAL,PÚBLICA,NORDESTE,BA,TEIXEIRA DE FREITAS,ACADÊMICO,CIÊNCIAS E SUSTENTABILIDADE,A,2021,EM FUNCIONAMENTO
NÃO SE APLICA,46,FEDERAL,PÚBLICA,NORDESTE,BA,PORTO SEGURO,PROFISSIONAL,ENSINO E RELAÇÕES ÉTNICO-RACIAIS,4,2017,EM FUNCIONAMENTO
NÃO SE APLICA,49,FEDERAL,PÚBLICA,NORDESTE,BA,ITABUNA,ACADÊMICO,BIOSSISTEMAS,4,2020,EM FUNCIONAMENTO
"SOCIAIS, CULTURAS E HUMANIDADES",45,FEDERAL,PÚBLICA,NORDESTE,BA,PORTO SEGURO,ACADÊMICO,ESTADO E SOCIEDADE,4,2017,EM FUNCIONAMENTO
NÃO SE APLICA,22,FEDERAL,PÚBLICA,SUDESTE,ES,VITÓRIA,ACADÊMICO,SAÚDE COLETIVA,5,1999,EM FUNCIONAMENTO
NÃO SE APLICA,42,FEDERAL,PÚBLICA,SUDESTE,ES,JERÔNIMO MONTEIRO,ACADÊMICO,CIÊNCIAS FLORESTAIS,5,2008,EM FUNCIONAMENTO
NÃO SE APLICA,1,FEDERAL,PÚBLICA,SUDESTE,ES,VITÓRIA,ACADÊMICO,MATEMÁTICA,3,2006,EM FUNCIONAMENTO
NÃO SE APLICA,37,FEDERAL,PÚBLICA,SUDESTE,ES,VITÓRIA,ACADÊMICO,PSICOLOGIA,5,1992,EM FUNCIONAMENTO
NÃO SE APLICA,42,FEDERAL,PÚBLICA,SUDESTE,ES,ALEGRE,ACADÊMICO,AGRONOMIA,4,2004,EM FUNCIONAMENTO
NÃO SE APLICA,7,FEDERAL,PÚBLICA,SUDESTE,ES,VITÓRIA,ACADÊMICO,CIÊNCIAS BIOLÓGICAS,5,2001,EM FUNCIONAMENTO
NÃO SE APLICA,46,FEDERAL,PÚBLICA,SUDESTE,ES,SÃO MATEUS,ACADÊMICO,ENSINO NA EDUCAÇÃO BÁSICA,4,2014,EM FUNCIONAMENTO
NÃO SE APLICA,28,FEDERAL,PÚBLICA,SUDESTE,ES,VITÓRIA,ACADÊMICO,ECONOMIA,4,1994,EM FUNCIONAMENTO
NÃO SE APLICA,38,FEDERAL,PÚBLICA,SUDESTE,ES,VITÓRIA,ACADÊMICO,EDUCAÇÃO,6,1978,EM FUNCIONAMENTO
NÃO SE APLICA,48,FEDERAL,PÚBLICA,SUDESTE,ES,VITÓRIA,ACADÊMICO,BIOTECNOLOGIA,5,2007,EM FUNCIONAMENTO
ENSINO DE CIÊNCIAS E MATEMÁTICA,46,FEDERAL,PÚBLICA,SUDESTE,ES,VITÓRIA,PROFISSIONAL,ENSINO DE FÍSICA,3,2011,EM FUNCIONAMENTO
NÃO SE APLICA,27,FEDERAL,PÚBLICA,SUDESTE,ES,VITÓRIA,ACADÊMICO,ADMINISTRAÇÃO,4,2000,EM FUNCIONAMENTO
NÃO SE APLICA,8,FEDERAL,PÚBLICA,SUDESTE,ES,VITÓRIA,ACADÊMICO,CIÊNCIAS FISIOLÓGICAS,5,1989,EM FUNCIONAMENTO
NÃO SE APLICA,2,FEDERAL,PÚBLICA,SUDESTE,ES,VITÓRIA,ACADÊMICO,INFORMÁTICA,4,1994,EM FUNCIONAMENTO
NÃO SE APLICA,42,FEDERAL,PÚBLICA,SUDESTE,ES,SÃO MATEUS,ACADÊMICO,AGRICULTURA TROPICAL,4,2010,EM FUNCIONAMENTO
NÃO SE APLICA,3,FEDERAL,PÚBLICA,SUDESTE,ES,VITÓRIA,ACADÊMICO,FÍSICA,5,1992,EM FUNCIONAMENTO
ADMINISTRAÇÃO PÚBLICA,27,FEDERAL,PÚBLICA,SUDESTE,ES,VITÓRIA,PROFISSIONAL,GESTÃO PÚBLICA,4,2011,EM FUNCIONAMENTO
"ENGENHARIA, TECNOLOGIA E GESTÃO",45,FEDERAL,PÚBLICA,SUDESTE,ES,SÃO MATEUS,ACADÊMICO,ENERGIA,4,2011,EM FUNCIONAMENTO
NÃO SE APLICA,18,FEDERAL,PÚBLICA,SUDESTE,ES,VITÓRIA,ACADÊMICO,CIÊNCIAS ODONTOLÓGICAS,3,2020,EM FUNCIONAMENTO
NÃO SE APLICA,42,FEDERAL,PÚBLICA,SUDESTE,ES,ALEGRE,ACADÊMICO,AGROQUÍMICA,4,2016,EM FUNCIONAMENTO
NÃO SE APLICA,12,FEDERAL,PÚBLICA,SUDESTE,ES,ALEGRE,ACADÊMICO,ENGENHARIA QUÍMICA,3,2014,EM FUNCIONAMENTO
NÃO SE APLICA,32,FEDERAL,PÚBLICA,SUDESTE,ES,VITÓRIA,ACADÊMICO,POLÍTICA SOCIAL,6,2004,EM FUNCIONAMENTO
CLÍNICA MÉDICA,16,FEDERAL,PÚBLICA,SUDESTE,ES,VITÓRIA,ACADÊMICO,DOENÇAS INFECCIOSAS,5,1996,EM FUNCIONAMENTO
NÃO SE APLICA,34,FEDERAL,PÚBLICA,SUDESTE,ES,VITÓRIA,ACADÊMICO,CIÊNCIAS SOCIAIS,4,2009,EM FUNCIONAMENTO
FITOTECNIA,42,FEDERAL,PÚBLICA,SUDESTE,ES,ALEGRE,ACADÊMICO,GENÉTICA E MELHORAMENTO,5,2013,EM FUNCIONAMENTO
CIÊNCIAS CONTÁBEIS,27,FEDERAL,PÚBLICA,SUDESTE,ES,VITÓRIA,ACADÊMICO,CIÊNCIAS CONTÁBEIS,4,2010,EM FUNCIONAMENTO
NÃO SE APLICA,14,FEDERAL,PÚBLICA,SUDESTE,ES,VITÓRIA,ACADÊMICO,ENGENHARIA ELÉTRICA,5,1991,EM FUNCIONAMENTO
NÃO SE APLICA,24,FEDERAL,PÚBLICA,SUDESTE,ES,ALEGRE,ACADÊMICO,CIÊNCIAS VETERINÁRIAS,4,2008,EM FUNCIONAMENTO
DIREITO PÚBLICO,26,FEDERAL,PÚBLICA,SUDESTE,ES,VITÓRIA,ACADÊMICO,DIREITO PROCESSUAL,4,2006,EM FUNCIONAMENTO
NÃO SE APLICA,41,FEDERAL,PÚBLICA,SUDESTE,ES,VITÓRIA,ACADÊMICO,LETRAS,5,1999,EM FUNCIONAMENTO
NÃO SE APLICA,33,FEDERAL,PÚBLICA,SUDESTE,ES,VITÓRIA,ACADÊMICO,FILOSOFIA,4,2008,EM FUNCIONAMENTO
NÃO SE APLICA,31,FEDERAL,PÚBLICA,SUDESTE,ES,VITÓRIA,ACADÊMICO,CIÊNCIA DA INFORMAÇÃO,3,2019,EM FUNCIONAMENTO
NÃO SE APLICA,22,FEDERAL,PÚBLICA,SUDESTE,ES,SÃO MATEUS,PROFISSIONAL,SAÚDE COLETIVA,A,2024,EM FUNCIONAMENTO
NÃO SE APLICA,31,FEDERAL,PÚBLICA,SUDESTE,ES,VITÓRIA,ACADÊMICO,COMUNICAÇÃO E TERRITORIALIDADES,4,2014,EM FUNCIONAMENTO
NÃO SE APLICA,50,FEDERAL,PÚBLICA,SUDESTE,ES,VITÓRIA,ACADÊMICO,NUTRIÇÃO E SAÚDE,4,2015,EM FUNCIONAMENTO
NÃO SE APLICA,37,FEDERAL,PÚBLICA,SUDESTE,ES,VITÓRIA,ACADÊMICO,PSICOLOGIA INSTITUCIONAL,4,2007,EM FUNCIONAMENTO
NÃO SE APLICA,29,FEDERAL,PÚBLICA,SUDESTE,ES,VITÓRIA,ACADÊMICO,ARQUITETURA E URBANISMO,5,2007,EM FUNCIONAMENTO
NÃO SE APLICA,42,FEDERAL,PÚBLICA,SUDESTE,ES,VITÓRIA,ACADÊMICO,BIOLOGIA VEGETAL,4,2003,EM FUNCIONAMENTO
NÃO SE APLICA,19,FEDERAL,PÚBLICA,SUDESTE,ES,VITÓRIA,ACADÊMICO,CIÊNCIAS FARMACÊUTICAS,4,2014,EM FUNCIONAMENTO
NÃO SE APLICA,25,FEDERAL,PÚBLICA,SUDESTE,ES,ALEGRE,ACADÊMICO,CIÊNCIA E TECNOLOGIA DE ALIMENTOS,4,2011,EM FUNCIONAMENTO
NÃO SE APLICA,13,FEDERAL,PÚBLICA,SUDESTE,ES,VITÓRIA,ACADÊMICO,ENGENHARIA MECÂNICA,4,1996,EM FUNCIONAMENTO
NÃO SE APLICA,3,FEDERAL,PÚBLICA,SUDESTE,ES,VITÓRIA,ACADÊMICO,"ASTROFÍSICA, COSMOLOGIA E GRAVITAÇÃO",5,2016,EM FUNCIONAMENTO
NÃO SE APLICA,36,FEDERAL,PÚBLICA,SUDESTE,ES,VITÓRIA,ACADÊMICO,GEOGRAFIA,4,2008,EM FUNCIONAMENTO
NÃO SE APLICA,40,FEDERAL,PÚBLICA,SUDESTE,ES,VITÓRIA,ACADÊMICO,HISTÓRIA,5,2003,EM FUNCIONAMENTO
NÃO SE APLICA,10,FEDERAL,PÚBLICA,SUDESTE,ES,VITÓRIA,ACADÊMICO,ENGENHARIA CIVIL,4,1997,EM FUNCIONAMENTO
NÃO SE APLICA,10,FEDERAL,PÚBLICA,SUDESTE,ES,VITÓRIA,ACADÊMICO,ENGENHARIA AMBIENTAL,5,1989,EM FUNCIONAMENTO
NÃO SE APLICA,11,FEDERAL,PÚBLICA,SUDESTE,ES,VITÓRIA,ACADÊMICO,ARTES,4,2006,EM FUNCIONAMENTO
NÃO SE APLICA,8,FEDERAL,PÚBLICA,SUDESTE,ES,VITÓRIA,ACADÊMICO,BIOQUÍMICA,4,2012,EM FUNCIONAMENTO
NÃO SE APLICA,46,FEDERAL,PÚBLICA,SUDESTE,ES,ALEGRE,ACADÊMICO,"ENSINO, EDUCAÇÃO BÁSICA E FORMAÇÃO DE PROFESSORES",3,2016,EM FUNCIONAMENTO
NÃO SE APLICA,10,FEDERAL,PÚBLICA,SUDESTE,ES,VITÓRIA,PROFISSIONAL,ENGENHARIA E DESENVOLVIMENTO SUSTENTÁVEL,3,2010,EM FUNCIONAMENTO
NÃO SE APLICA,20,FEDERAL,PÚBLICA,SUDESTE,ES,VITÓRIA,PROFISSIONAL,ENFERMAGEM,4,2011,EM FUNCIONAMENTO
NÃO SE APLICA,41,FEDERAL,PÚBLICA,SUDESTE,ES,VITÓRIA,ACADÊMICO,LINGÜÍSTICA,5,2006,EM FUNCIONAMENTO
NÃO SE APLICA,38,FEDERAL,PÚBLICA,SUDESTE,ES,VITÓRIA,PROFISSIONAL,PROFISSIONAL EM EDUCAÇÃO,4,2017,EM FUNCIONAMENTO
NÃO SE APLICA,49,FEDERAL,PÚBLICA,SUDESTE,ES,VITÓRIA,ACADÊMICO,OCEANOGRAFIA AMBIENTAL,4,2007,EM FUNCIONAMENTO
NÃO SE APLICA,4,FEDERAL,PÚBLICA,SUDESTE,ES,VITÓRIA,ACADÊMICO,QUÍMICA,5,2006,EM FUNCIONAMENTO
NÃO SE APLICA,21,FEDERAL,PÚBLICA,SUDESTE,ES,VITÓRIA,ACADÊMICO,EDUCAÇÃO FÍSICA,5,2006,EM FUNCIONAMENTO
NÃO SE APLICA,46,FEDERAL,PÚBLICA,SUDESTE,ES,VITÓRIA,PROFISSIONAL,EDUCAÇÃO PROFISSIONAL E TECNOLÓGICA,3,2017,EM FUNCIONAMENTO
NÃO SE APLICA,2,FEDERAL,PÚBLICA,SUDESTE,ES,SERRA,PROFISSIONAL,COMPUTAÇÃO APLICADA,3,2019,EM FUNCIONAMENTO
NÃO SE APLICA,14,FEDERAL,PÚBLICA,SUDESTE,ES,SERRA,PROFISSIONAL,ENGENHARIA DE CONTROLE E AUTOMAÇÃO,3,2015,EM FUNCIONAMENTO
ENSINO DE CIÊNCIAS E MATEMÁTICA,46,FEDERAL,PÚBLICA,SUDESTE,ES,VILA VELHA,PROFISSIONAL,EDUCAÇÃO EM CIÊNCIAS E MATEMÁTICA,4,2011,EM FUNCIONAMENTO
NÃO SE APLICA,46,FEDERAL,PÚBLICA,SUDESTE,ES,VITÓRIA,PROFISSIONAL,ENSINO DE HUMANIDADES,4,2016,EM FUNCIONAMENTO
NÃO SE APLICA,12,FEDERAL,PÚBLICA,SUDESTE,ES,VITÓRIA,ACADÊMICO,ENGENHARIA METALÚRGICA E DE MATERIAIS,4,2009,EM FUNCIONAMENTO
"ENGENHARIA, TECNOLOGIA E GESTÃO",45,FEDERAL,PÚBLICA,SUDESTE,ES,VITÓRIA,PROFISSIONAL,TECNOLOGIAS SUSTENTÁVEIS,3,2016,EM FUNCIONAMENTO
NÃO SE APLICA,42,FEDERAL,PÚBLICA,SUDESTE,ES,ALEGRE,PROFISSIONAL,AGROECOLOGIA,4,2016,EM FUNCIONAMENTO
CIÊNCIAS CONTÁBEIS,27,PARTICULAR,PRIVADA,SUDESTE,ES,VITÓRIA,ACADÊMICO,ADMINISTRAÇÃO E CIÊNCIAS CONTÁBEIS,6,2009,EM FUNCIONAMENTO
CIÊNCIAS CONTÁBEIS,27,PARTICULAR,PRIVADA,SUDESTE,ES,VITÓRIA,PROFISSIONAL,CIÊNCIAS CONTÁBEIS E ADMINISTRAÇÃO,5,2001,EM FUNCIONAMENTO
NÃO SE APLICA,26,PARTICULAR,PRIVADA,SUDESTE,ES,VITÓRIA,ACADÊMICO,DIREITO,5,2001,EM FUNCIONAMENTO
NÃO SE APLICA,29,PARTICULAR,PRIVADA,SUDESTE,ES,VILA VELHA,ACADÊMICO,ARQUITETURA E CIDADE,4,2017,EM FUNCIONAMENTO
"SOCIAIS, CULTURAS E HUMANIDADES",45,PARTICULAR,PRIVADA,SUDESTE,ES,VILA VELHA,PROFISSIONAL,SEGURANÇA PÚBLICA,4,2013,EM FUNCIONAMENTO
NÃO SE APLICA,24,PARTICULAR,PRIVADA,SUDESTE,ES,VILA VELHA,ACADÊMICO,CIÊNCIA ANIMAL,4,2008,EM FUNCIONAMENTO
NÃO SE APLICA,34,PARTICULAR,PRIVADA,SUDESTE,ES,VILA VELHA,ACADÊMICO,SOCIOLOGIA POLÍTICA,4,2012,EM FUNCIONAMENTO
NÃO SE APLICA,19,PARTICULAR,PRIVADA,SUDESTE,ES,VILA VELHA,ACADÊMICO,CIÊNCIAS FARMACÊUTICAS,4,2010,EM FUNCIONAMENTO
SERVIÇO SOCIAL APLICADO,32,PARTICULAR,PRIVADA,SUDESTE,ES,VITÓRIA,ACADÊMICO,POLÍTICAS PÚBLICAS E DESENVOLVIMENTO LOCAL,3,2009,EM FUNCIONAMENTO
NÃO SE APLICA,44,PARTICULAR,PRIVADA,SUDESTE,ES,VITÓRIA,PROFISSIONAL,CIÊNCIAS DAS RELIGIÕES,4,2011,EM FUNCIONAMENTO
"SOCIAIS, CULTURAS E HUMANIDADES",45,PARTICULAR,PRIVADA,SUDESTE,ES,SÃO MATEUS,PROFISSIONAL,"CIÊNCIA, TECNOLOGIA E EDUCAÇÃO",3,2016,EM FUNCIONAMENTO
NÃO SE APLICA,14,FEDERAL,PÚBLICA,SUDESTE,RJ,RIO DE JANEIRO,ACADÊMICO,ENGENHARIA ELÉTRICA,6,1966,EM FUNCIONAMENTO
NÃO SE APLICA,8,FEDERAL,PÚBLICA,SUDESTE,RJ,RIO DE JANEIRO,ACADÊMICO,CIÊNCIAS BIOLÓGICAS (FISIOLOGIA),7,1996,EM FUNCIONAMENTO
NÃO SE APLICA,9,FEDERAL,PÚBLICA,SUDESTE,RJ,RIO DE JANEIRO,ACADÊMICO,CIÊNCIAS (MICROBIOLOGIA),7,1965,EM FUNCIONAMENTO
NÃO SE APLICA,1,FEDERAL,PÚBLICA,SUDESTE,RJ,RIO DE JANEIRO,ACADÊMICO,MATEMÁTICA,7,1970,EM FUNCIONAMENTO
NÃO SE APLICA,51,FEDERAL,PÚBLICA,SUDESTE,RJ,RIO DE JANEIRO,PROFISSIONAL,QUÍMICA EM REDE NACIONAL,4,2017,EM FUNCIONAMENTO
TEORIA LITERARIA,41,FEDERAL,PÚBLICA,SUDESTE,RJ,RIO DE JANEIRO,ACADÊMICO,LETRAS (CIÊNCIA DA LITERATURA),6,1970,EM FUNCIONAMENTO
NÃO SE APLICA,48,FEDERAL,PÚBLICA,SUDESTE,RJ,RIO DE JANEIRO,ACADÊMICO,BIOTECNOLOGIA VEGETAL E BIOPROCESSOS,6,1993,EM FUNCIONAMENTO
RADIOLOGIA MÉDICA,16,FEDERAL,PÚBLICA,SUDESTE,RJ,RIO DE JANEIRO,ACADÊMICO,MEDICINA (RADIOLOGIA),5,1972,EM FUNCIONAMENTO
NÃO SE APLICA,8,FEDERAL,PÚBLICA,SUDESTE,RJ,RIO DE JANEIRO,PROFISSIONAL,BIOIMAGEM E BIOESTRUTURA,A,2024,EM FUNCIONAMENTO
NÃO SE APLICA,8,FEDERAL,PÚBLICA,SUDESTE,RJ,RIO DE JANEIRO,PROFISSIONAL,"EDUCAÇÃO, GESTÃO E DIFUSÃO EM BIOCIÊNCIAS",4,2012,EM FUNCIONAMENTO
NÃO SE APLICA,8,FEDERAL,PÚBLICA,SUDESTE,RJ,RIO DE JANEIRO,PROFISSIONAL,FORMAÇÃO PARA A PESQUISA BIOMÉDICA,4,2012,EM FUNCIONAMENTO
NÃO SE APLICA,29,FEDERAL,PÚBLICA,SUDESTE,RJ,RIO DE JANEIRO,ACADÊMICO,ARQUITETURA,6,1985,EM FUNCIONAMENTO
MÚSICA,11,FEDERAL,PÚBLICA,SUDESTE,RJ,RIO DE JANEIRO,PROFISSIONAL,MÚSICA,4,2016,EM FUNCIONAMENTO
NÃO SE APLICA,11,FEDERAL,PÚBLICA,SUDESTE,RJ,RIO DE JANEIRO,ACADÊMICO,ARTES VISUAIS,6,1985,EM FUNCIONAMENTO
NÃO SE APLICA,3,FEDERAL,PÚBLICA,SUDESTE,RJ,RIO DE JANEIRO,ACADÊMICO,FÍSICA,7,1972,EM FUNCIONAMENTO
NÃO SE APLICA,19,FEDERAL,PÚBLICA,SUDESTE,RJ,MACAÉ,ACADÊMICO,PRODUTOS BIOATIVOS E BIOCIÊNCIAS,4,2011,EM FUNCIONAMENTO
NÃO SE APLICA,30,FEDERAL,PÚBLICA,SUDESTE,RJ,RIO DE JANEIRO,ACADÊMICO,PLANEJAMENTO URBANO E REGIONAL,5,1972,EM FUNCIONAMENTO
NÃO SE APLICA,50,FEDERAL,PÚBLICA,SUDESTE,RJ,RIO DE JANEIRO,ACADÊMICO,NUTRIÇÃO,6,1985,EM FUNCIONAMENTO
NÃO SE APLICA,8,FEDERAL,PÚBLICA,SUDESTE,RJ,RIO DE JANEIRO,ACADÊMICO,CIÊNCIAS BIOLÓGICAS (FARMACOLOGIA E QUÍMICA MEDICINAL),6,1974,EM FUNCIONAMENTO
OUTRAS SOCIOLOGIAS ESPECÍFICAS,34,FEDERAL,PÚBLICA,SUDESTE,RJ,RIO DE JANEIRO,ACADÊMICO,SOCIOLOGIA E ANTROPOLOGIA,7,1980,EM FUNCIONAMENTO
NÃO SE APLICA,41,FEDERAL,PÚBLICA,SUDESTE,RJ,RIO DE JANEIRO,ACADÊMICO,INTERDISCIPLINAR LINGÜÍSTICA APLICADA,5,1970,EM FUNCIONAMENTO
NÃO SE APLICA,31,FEDERAL,PÚBLICA,SUDESTE,RJ,RIO DE JANEIRO,ACADÊMICO,COMUNICAÇÃO,7,1972,EM FUNCIONAMENTO
NÃO SE APLICA,41,FEDERAL,PÚBLICA,SUDESTE,RJ,RIO DE JANEIRO,ACADÊMICO,LETRAS (LETRAS CLÁSSICAS),4,1970,EM FUNCIONAMENTO
NÃO SE APLICA,10,FEDERAL,PÚBLICA,SUDESTE,RJ,RIO DE JANEIRO,ACADÊMICO,ENGENHARIA DE TRANSPORTES,6,1979,EM FUNCIONAMENTO
PSIQUIATRIA,16,FEDERAL,PÚBLICA,SUDESTE,RJ,RIO DE JANEIRO,ACADÊMICO,PSIQUIATRIA E SAÚDE MENTAL,5,1972,EM FUNCIONAMENTO
NÃO SE APLICA,8,FEDERAL,PÚBLICA,SUDESTE,RJ,RIO DE JANEIRO,ACADÊMICO,CIÊNCIAS MORFOLÓGICAS,7,1995,EM FUNCIONAMENTO
CLÍNICA MÉDICA,15,FEDERAL,PÚBLICA,SUDESTE,RJ,RIO DE JANEIRO,ACADÊMICO,CLÍNICA MÉDICA,7,1978,EM FUNCIONAMENTO
NÃO SE APLICA,8,FEDERAL,PÚBLICA,SUDESTE,RJ,RIO DE JANEIRO,ACADÊMICO,CIÊNCIAS BIOLÓGICAS (BIOFÍSICA),7,1963,EM FUNCIONAMENTO
NÃO SE APLICA,46,FEDERAL,PÚBLICA,SUDESTE,RJ,RIO DE JANEIRO,PROFISSIONAL,ENSINO DE QUÍMICA,4,2014,EM FUNCIONAMENTO
NÃO SE APLICA,10,FEDERAL,PÚBLICA,SUDESTE,RJ,RIO DE JANEIRO,ACADÊMICO,ENGENHARIA AMBIENTAL,3,2008,EM FUNCIONAMENTO
ENSINO DE CIÊNCIAS E MATEMÁTICA,46,FEDERAL,PÚBLICA,SUDESTE,RJ,RIO DE JANEIRO,ACADÊMICO,ENSINO DE MATEMÁTICA,5,2006,EM FUNCIONAMENTO
NÃO SE APLICA,3,FEDERAL,PÚBLICA,SUDESTE,RJ,RIO DE JANEIRO,ACADÊMICO,ASTRONOMIA,4,2003,EM FUNCIONAMENTO
NÃO SE APLICA,12,FEDERAL,PÚBLICA,SUDESTE,RJ,RIO DE JANEIRO,ACADÊMICO,ENGENHARIA NUCLEAR,6,1968,EM FUNCIONAMENTO
DANÇA,11,FEDERAL,PÚBLICA,SUDESTE,RJ,RIO DE JANEIRO,ACADÊMICO,DANÇA,3,2019,EM FUNCIONAMENTO
CIÊNCIA DE ALIMENTOS,25,FEDERAL,PÚBLICA,SUDESTE,RJ,RIO DE JANEIRO,ACADÊMICO,CIÊNCIA DE ALIMENTOS,6,1999,EM FUNCIONAMENTO
NÃO SE APLICA,26,FEDERAL,PÚBLICA,SUDESTE,RJ,RIO DE JANEIRO,ACADÊMICO,DIREITO,6,2009,EM FUNCIONAMENTO
NÃO SE APLICA,10,FEDERAL,PÚBLICA,SUDESTE,RJ,RIO DE JANEIRO,ACADÊMICO,ENGENHARIA AMBIENTAL,4,2016,EM FUNCIONAMENTO
CLÍNICA MÉDICA,15,FEDERAL,PÚBLICA,SUDESTE,RJ,RIO DE JANEIRO,ACADÊMICO,MEDICINA (ENDOCRINOLOGIA),5,1974,EM FUNCIONAMENTO
MÚSICA,11,FEDERAL,PÚBLICA,SUDESTE,RJ,RIO DE JANEIRO,ACADÊMICO,MÚSICA,4,1980,EM FUNCIONAMENTO
NÃO SE APLICA,29,FEDERAL,PÚBLICA,SUDESTE,RJ,RIO DE JANEIRO,ACADÊMICO,DESIGN,4,2017,EM FUNCIONAMENTO
NÃO SE APLICA,49,FEDERAL,PÚBLICA,SUDESTE,RJ,MACAÉ,ACADÊMICO,CIÊNCIAS AMBIENTAIS E CONSERVAÇÃO,4,2011,EM FUNCIONAMENTO
CLÍNICA MÉDICA,16,FEDERAL,PÚBLICA,SUDESTE,RJ,RIO DE JANEIRO,ACADÊMICO,MEDICINA (DOENÇAS INFECCIOSAS E PARASITÁRIAS),5,1970,EM FUNCIONAMENTO
NÃO SE APLICA,50,FEDERAL,PÚBLICA,SUDESTE,RJ,RIO DE JANEIRO,PROFISSIONAL,NUTRIÇÃO CLÍNICA,3,2013,EM FUNCIONAMENTO
NÃO SE APLICA,21,FEDERAL,PÚBLICA,SUDESTE,RJ,RIO DE JANEIRO,ACADÊMICO,CIÊNCIAS DA REABILITAÇÃO,A,2024,EM FUNCIONAMENTO
NÃO SE APLICA,5,FEDERAL,PÚBLICA,SUDESTE,RJ,RIO DE JANEIRO,ACADÊMICO,GEOCIÊNCIAS: PATRIMÔNIO GEOPALEONTOLÓGICO,3,2015,EM FUNCIONAMENTO
NÃO SE APLICA,20,FEDERAL,PÚBLICA,SUDESTE,RJ,RIO DE JANEIRO,ACADÊMICO,ENFERMAGEM,6,1972,EM FUNCIONAMENTO
NÃO SE APLICA,35,FEDERAL,PÚBLICA,SUDESTE,RJ,RIO DE JANEIRO,ACADÊMICO,ARQUEOLOGIA,5,2006,EM FUNCIONAMENTO
NÃO SE APLICA,41,FEDERAL,PÚBLICA,SUDESTE,RJ,RIO DE JANEIRO,ACADÊMICO,LETRAS NEOLATINAS,6,1970,EM FUNCIONAMENTO
NÃO SE APLICA,19,FEDERAL,PÚBLICA,SUDESTE,RJ,RIO DE JANEIRO,ACADÊMICO,CIÊNCIAS FARMACÊUTICAS,5,1991,EM FUNCIONAMENTO
NÃO SE APLICA,28,FEDERAL,PÚBLICA,SUDESTE,RJ,RIO DE JANEIRO,ACADÊMICO,ECONOMIA DA INDÚSTRIA E DA TECNOLOGIA,6,1979,EM FUNCIONAMENTO
NÃO SE APLICA,27,FEDERAL,PÚBLICA,SUDESTE,RJ,RIO DE JANEIRO,ACADÊMICO,ADMINISTRAÇÃO,7,1973,EM FUNCIONAMENTO
NÃO SE APLICA,13,FEDERAL,PÚBLICA,SUDESTE,RJ,RIO DE JANEIRO,ACADÊMICO,ENGENHARIA DE PRODUÇÃO,5,1967,EM FUNCIONAMENTO
ORTODONTIA,18,FEDERAL,PÚBLICA,SUDESTE,RJ,RIO DE JANEIRO,ACADÊMICO,ODONTOLOGIA,5,1960,EM FUNCIONAMENTO
NÃO SE APLICA,22,FEDERAL,PÚBLICA,SUDESTE,RJ,RIO DE JANEIRO,ACADÊMICO,SAÚDE COLETIVA,5,1997,EM FUNCIONAMENTO
NÃO SE APLICA,2,FEDERAL,PÚBLICA,SUDESTE,RJ,RIO DE JANEIRO,ACADÊMICO,INFORMÁTICA,4,1997,EM FUNCIONAMENTO
NÃO SE APLICA,12,FEDERAL,PÚBLICA,SUDESTE,RJ,RIO DE JANEIRO,PROFISSIONAL,TECNOLOGIA DE PROCESSOS SUSTENTÁVEIS,4,2009,EM FUNCIONAMENTO
NÃO SE APLICA,3,FEDERAL,PÚBLICA,SUDESTE,RJ,RIO DE JANEIRO,ACADÊMICO,MULTIDISCIPLINAR EM FÍSICA APLICADA,4,2018,EM FUNCIONAMENTO
QUÍMICA ORGÂNICA,4,FEDERAL,PÚBLICA,SUDESTE,RJ,RIO DE JANEIRO,ACADÊMICO,QUÍMICA DE PRODUTOS NATURAIS,4,1964,EM FUNCIONAMENTO
NÃO SE APLICA,36,FEDERAL,PÚBLICA,SUDESTE,RJ,RIO DE JANEIRO,ACADÊMICO,GEOGRAFIA,7,1972,EM FUNCIONAMENTO
NÃO SE APLICA,7,FEDERAL,PÚBLICA,SUDESTE,RJ,RIO DE JANEIRO,ACADÊMICO,CIÊNCIAS BIOLÓGICAS (BOTÂNICA),5,1972,EM FUNCIONAMENTO
NÃO SE APLICA,45,FEDERAL,PÚBLICA,SUDESTE,RJ,RIO DE JANEIRO,ACADÊMICO,NANOBIOSSISTEMAS,4,2019,EM FUNCIONAMENTO
METEOROLOGIA,5,FEDERAL,PÚBLICA,SUDESTE,RJ,RIO DE JANEIRO,ACADÊMICO,METEOROLOGIA,4,2009,EM FUNCIONAMENTO
NÃO SE APLICA,12,FEDERAL,PÚBLICA,SUDESTE,RJ,RIO DE JANEIRO,ACADÊMICO,ENGENHARIA DA NANOTECNOLOGIA,4,2014,EM FUNCIONAMENTO
NÃO SE APLICA,37,FEDERAL,PÚBLICA,SUDESTE,RJ,RIO DE JANEIRO,ACADÊMICO,TEORIA PSICANALÍTICA,5,1988,EM FUNCIONAMENTO
OCEANOGRAFIA BIOLÓGICA,7,FEDERAL,PÚBLICA,SUDESTE,RJ,RIO DE JANEIRO,ACADÊMICO,BIODIVERSIDADE E BIOLOGIA EVOLUTIVA,7,2011,EM FUNCIONAMENTO
NÃO SE APLICA,19,FEDERAL,PÚBLICA,SUDESTE,RJ,RIO DE JANEIRO,PROFISSIONAL,CIÊNCIA E TECNOLOGIA FARMACÊUTICA,3,2013,EM FUNCIONAMENTO
NÃO SE APLICA,35,FEDERAL,PÚBLICA,SUDESTE,RJ,RIO DE JANEIRO,ACADÊMICO,ANTROPOLOGIA SOCIAL,7,1968,EM FUNCIONAMENTO
NÃO SE APLICA,8,FEDERAL,PÚBLICA,SUDESTE,RJ,RIO DE JANEIRO,ACADÊMICO,NEUROCIÊNCIA TRANSLACIONAL,4,2017,EM FUNCIONAMENTO
"SOCIAIS, CULTURAS E HUMANIDADES",45,FEDERAL,PÚBLICA,SUDESTE,RJ,RIO DE JANEIRO,ACADÊMICO,HISTÓRIA DAS CIÊNCIAS E DAS TÉCNICAS E EPISTEMOLOGIA,4,2005,EM FUNCIONAMENTO
NÃO SE APLICA,12,FEDERAL,PÚBLICA,SUDESTE,RJ,RIO DE JANEIRO,ACADÊMICO,ENGENHARIA QUÍMICA,7,1963,EM FUNCIONAMENTO
NÃO SE APLICA,32,FEDERAL,PÚBLICA,SUDESTE,RJ,RIO DE JANEIRO,ACADÊMICO,SERVIÇO SOCIAL,5,1976,EM FUNCIONAMENTO
NÃO SE APLICA,39,FEDERAL,PÚBLICA,SUDESTE,RJ,RIO DE JANEIRO,ACADÊMICO,ECONOMIA POLÍTICA INTERNACIONAL,4,2009,EM FUNCIONAMENTO
NÃO SE APLICA,39,FEDERAL,PÚBLICA,SUDESTE,RJ,RIO DE JANEIRO,ACADÊMICO,POLÍTICAS PÚBLICAS EM DIREITOS HUMANOS,3,2015,EM FUNCIONAMENTO
SISTEMA DE COMPUTAÇÃO,2,FEDERAL,PÚBLICA,SUDESTE,RJ,RIO DE JANEIRO,ACADÊMICO,ENGENHARIA DE SISTEMAS E COMPUTAÇÃO,7,1971,EM FUNCIONAMENTO
"ENGENHARIA, TECNOLOGIA E GESTÃO",45,FEDERAL,PÚBLICA,SUDESTE,RJ,RIO DE JANEIRO,PROFISSIONAL,TECNOLOGIA PARA O DESENVOLVIMENTO SOCIAL,4,2016,EM FUNCIONAMENTO
NÃO SE APLICA,9,FEDERAL,PÚBLICA,SUDESTE,RJ,RIO DE JANEIRO,ACADÊMICO,IMUNOLOGIA E INFLAMAÇAO,6,2012,EM FUNCIONAMENTO
NÃO SE APLICA,8,FEDERAL,PÚBLICA,SUDESTE,RJ,RIO DE JANEIRO,ACADÊMICO,QUÍMICA BIOLÓGICA,7,1988,EM FUNCIONAMENTO
NÃO SE APLICA,37,FEDERAL,PÚBLICA,SUDESTE,RJ,RIO DE JANEIRO,ACADÊMICO,PSICOSSOCIOLOGIA DE COMUNID.E ECOLOGIA SOCIAL,4,1992,EM FUNCIONAMENTO
NÃO SE APLICA,41,FEDERAL,PÚBLICA,SUDESTE,RJ,RIO DE JANEIRO,PROFISSIONAL,LINGUÍSTICA E LÍNGUAS INDÍGENAS,4,2016,EM FUNCIONAMENTO
NÃO SE APLICA,12,FEDERAL,PÚBLICA,SUDESTE,RJ,RIO DE JANEIRO,ACADÊMICO,ENGENHARIA METALÚRGICA E DE MATERIAIS,6,1967,EM FUNCIONAMENTO
CLÍNICA MÉDICA,15,FEDERAL,PÚBLICA,SUDESTE,RJ,RIO DE JANEIRO,ACADÊMICO,MEDICINA (CARDIOLOGIA),5,1971,EM FUNCIONAMENTO
MATERIAIS NÃO-METÁLICOS,12,FEDERAL,PÚBLICA,SUDESTE,RJ,RIO DE JANEIRO,ACADÊMICO,CIÊNCIA E TECNOLOGIA DE POLÍMEROS,6,1977,EM FUNCIONAMENTO
"SOCIAIS, CULTURAS E HUMANIDADES",45,FEDERAL,PÚBLICA,SUDESTE,RJ,RIO DE JANEIRO,ACADÊMICO,"POLÍTICAS PÚBLICAS, ESTRATÉGIAS E DESENVOLVIMENTO",4,2008,EM FUNCIONAMENTO
NÃO SE APLICA,7,FEDERAL,PÚBLICA,SUDESTE,RJ,RIO DE JANEIRO,ACADÊMICO,ECOLOGIA,7,1990,EM FUNCIONAMENTO
NÃO SE APLICA,6,FEDERAL,PÚBLICA,SUDESTE,RJ,RIO DE JANEIRO,ACADÊMICO,CIÊNCIAS BIOLÓGICAS (GENÉTICA),7,1976,EM FUNCIONAMENTO
NÃO SE APLICA,40,FEDERAL,PÚBLICA,SUDESTE,RJ,RIO DE JANEIRO,ACADÊMICO,HISTÓRIA SOCIAL,7,1982,EM FUNCIONAMENTO
NÃO SE APLICA,37,FEDERAL,PÚBLICA,SUDESTE,RJ,RIO DE JANEIRO,PROFISSIONAL,ATENÇÃO PSICOSSOCIAL,4,2016,EM FUNCIONAMENTO
NÃO SE APLICA,41,FEDERAL,PÚBLICA,SUDESTE,RJ,RIO DE JANEIRO,ACADÊMICO,LINGÜÍSTICA,6,1968,EM FUNCIONAMENTO
NÃO SE APLICA,13,FEDERAL,PÚBLICA,SUDESTE,RJ,RIO DE JANEIRO,ACADÊMICO,PLANEJAMENTO ENERGÉTICO,6,1991,EM FUNCIONAMENTO
NÃO SE APLICA,22,FEDERAL,PÚBLICA,SUDESTE,RJ,RIO DE JANEIRO,PROFISSIONAL,ATENÇÃO PRIMÁRIA À SAÚDE,3,2015,EM FUNCIONAMENTO
NÃO SE APLICA,14,FEDERAL,PÚBLICA,SUDESTE,RJ,RIO DE JANEIRO,ACADÊMICO,ENGENHARIA BIOMÉDICA,6,1971,EM FUNCIONAMENTO
NÃO SE APLICA,10,FEDERAL,PÚBLICA,SUDESTE,RJ,RIO DE JANEIRO,PROFISSIONAL,ENGENHARIA URBANA,5,2009,EM FUNCIONAMENTO
SAÚDE MATERNO-INFANTIL,16,FEDERAL,PÚBLICA,SUDESTE,RJ,RIO DE JANEIRO,ACADÊMICO,SAÚDE MATERNO-INFANTIL,3,2017,EM FUNCIONAMENTO
NÃO SE APLICA,10,FEDERAL,PÚBLICA,SUDESTE,RJ,RIO DE JANEIRO,ACADÊMICO,ENGENHARIA CIVIL,7,1967,EM FUNCIONAMENTO
NÃO SE APLICA,7,FEDERAL,PÚBLICA,SUDESTE,RJ,RIO DE JANEIRO,ACADÊMICO,CIÊNCIAS BIOLÓGICAS (ZOOLOGIA),6,1972,EM FUNCIONAMENTO
NÃO SE APLICA,33,FEDERAL,PÚBLICA,SUDESTE,RJ,RIO DE JANEIRO,ACADÊMICO,FILOSOFIA,6,1977,EM FUNCIONAMENTO
NÃO SE APLICA,10,FEDERAL,PÚBLICA,SUDESTE,RJ,RIO DE JANEIRO,PROFISSIONAL,PROJETO DE ESTRUTURAS,3,2009,EM FUNCIONAMENTO
PROCESSOS INDUSTRIAIS DE ENGENHARIA QUÍMICA,12,FEDERAL,PÚBLICA,SUDESTE,RJ,RIO DE JANEIRO,ACADÊMICO,ENGENHARIA DE PROCESSOS QUÍMICOS E BIOQUÍMICOS,6,1976,EM FUNCIONAMENTO
NÃO SE APLICA,48,FEDERAL,PÚBLICA,SUDESTE,RJ,RIO DE JANEIRO,ACADÊMICO,BIOQUÍMICA,7,1963,EM FUNCIONAMENTO
CIÊNCIAS CONTÁBEIS,27,FEDERAL,PÚBLICA,SUDESTE,RJ,RIO DE JANEIRO,ACADÊMICO,CIÊNCIAS CONTÁBEIS,5,1998,EM FUNCIONAMENTO
NÃO SE APLICA,18,FEDERAL,PÚBLICA,SUDESTE,RJ,RIO DE JANEIRO,PROFISSIONAL,ODONTOLOGIA,4,2013,EM FUNCIONAMENTO
NÃO SE APLICA,8,FEDERAL,PÚBLICA,SUDESTE,RJ,RIO DE JANEIRO,PROFISSIONAL,FORMAÇÃO EM CIÊNCIAS PARA PROFESSORES.,3,2011,EM FUNCIONAMENTO
CIRURGIA,17,FEDERAL,PÚBLICA,SUDESTE,RJ,RIO DE JANEIRO,ACADÊMICO,CIÊNCIAS CIRÚRGICAS,4,2009,EM FUNCIONAMENTO
NÃO SE APLICA,21,FEDERAL,PÚBLICA,SUDESTE,RJ,RIO DE JANEIRO,ACADÊMICO,EDUCAÇÃO FÍSICA,4,2009,EM FUNCIONAMENTO
ESTATÍSTICA,1,FEDERAL,PÚBLICA,SUDESTE,RJ,RIO DE JANEIRO,ACADÊMICO,ESTATÍSTICA,5,1981,EM FUNCIONAMENTO
NÃO SE APLICA,40,FEDERAL,PÚBLICA,SUDESTE,RJ,RIO DE JANEIRO,ACADÊMICO,HISTÓRIA COMPARADA,5,2002,EM FUNCIONAMENTO
NÃO SE APLICA,11,FEDERAL,PÚBLICA,SUDESTE,RJ,RIO DE JANEIRO,ACADÊMICO,ARTES DA CENA,4,2014,EM FUNCIONAMENTO
NÃO SE APLICA,37,FEDERAL,PÚBLICA,SUDESTE,RJ,RIO DE JANEIRO,ACADÊMICO,PSICOLOGIA,5,1992,EM FUNCIONAMENTO
QUÍMICA ORGÂNICA,4,FEDERAL,PÚBLICA,SUDESTE,RJ,RIO DE JANEIRO,ACADÊMICO,QUÍMICA,6,1963,EM FUNCIONAMENTO
ANATOMIA PATOLÓGICA E PATOLOGIA CLÍNICA,16,FEDERAL,PÚBLICA,SUDESTE,RJ,RIO DE JANEIRO,ACADÊMICO,MEDICINA (ANATOMIA PATOLÓGICA),4,1978,EM FUNCIONAMENTO
NÃO SE APLICA,33,FEDERAL,PÚBLICA,SUDESTE,RJ,RIO DE JANEIRO,ACADÊMICO,LÓGICA E METAFÍSICA,5,2006,EM FUNCIONAMENTO
NÃO SE APLICA,51,FEDERAL,PÚBLICA,SUDESTE,RJ,RIO DE JANEIRO,PROFISSIONAL,ENSINO DE HISTÓRIA,5,2014,EM FUNCIONAMENTO
NÃO SE APLICA,29,FEDERAL,PÚBLICA,SUDESTE,RJ,RIO DE JANEIRO,ACADÊMICO,URBANISMO,7,1994,EM FUNCIONAMENTO
NÃO SE APLICA,29,FEDERAL,PÚBLICA,SUDESTE,RJ,RIO DE JANEIRO,PROFISSIONAL,ARQUITETURA PAISAGÍSTICA,5,2010,EM FUNCIONAMENTO
NÃO SE APLICA,49,FEDERAL,PÚBLICA,SUDESTE,RJ,MACAÉ,PROFISSIONAL,"AMBIENTE, SOCIEDADE E DESENVOLVIMENTO",3,2019,EM FUNCIONAMENTO
ENSINO DE CIÊNCIAS E MATEMÁTICA,46,FEDERAL,PÚBLICA,SUDESTE,RJ,RIO DE JANEIRO,PROFISSIONAL,ENSINO DE FÍSICA,4,2008,EM FUNCIONAMENTO
NÃO SE APLICA,13,FEDERAL,PÚBLICA,SUDESTE,RJ,RIO DE JANEIRO,ACADÊMICO,ENGENHARIA OCEÂNICA,5,1967,EM FUNCIONAMENTO
NÃO SE APLICA,29,FEDERAL,PÚBLICA,SUDESTE,RJ,RIO DE JANEIRO,PROFISSIONAL,PROJETO E PATRIMÔNIO,5,2013,EM FUNCIONAMENTO
NÃO SE APLICA,38,FEDERAL,PÚBLICA,SUDESTE,RJ,RIO DE JANEIRO,ACADÊMICO,EDUCAÇÃO,6,1972,EM FUNCIONAMENTO
NÃO SE APLICA,13,FEDERAL,PÚBLICA,SUDESTE,RJ,RIO DE JANEIRO,ACADÊMICO,ENGENHARIA MECÂNICA,7,1965,EM FUNCIONAMENTO
NÃO SE APLICA,31,FEDERAL,PÚBLICA,SUDESTE,RJ,RIO DE JANEIRO,PROFISSIONAL,MÍDIAS CRIATIVAS,3,2016,EM FUNCIONAMENTO
ENSINO DE CIÊNCIAS E MATEMÁTICA,46,FEDERAL,PÚBLICA,SUDESTE,RJ,RIO DE JANEIRO,ACADÊMICO,EDUCAÇÃO EM CIÊNCIAS E SAÚDE,7,1995,EM FUNCIONAMENTO
GEOLOGIA,5,FEDERAL,PÚBLICA,SUDESTE,RJ,RIO DE JANEIRO,ACADÊMICO,GEOLOGIA,4,1968,EM FUNCIONAMENTO
NÃO SE APLICA,41,FEDERAL,PÚBLICA,SUDESTE,RJ,RIO DE JANEIRO,ACADÊMICO,LETRAS (LETRAS VERNÁCULAS),7,1970,EM FUNCIONAMENTO
NÃO SE APLICA,38,FEDERAL,PÚBLICA,SUDESTE,RJ,SEROPÉDICA,ACADÊMICO,"EDUCAÇÃO, CONTEXTOS CONTEMPORÂNEOS E DEMANDAS POPULARES",4,2009,EM FUNCIONAMENTO
NÃO SE APLICA,12,FEDERAL,PÚBLICA,SUDESTE,RJ,SEROPÉDICA,ACADÊMICO,CIÊNCIA E ENGENHARIA DE MATERIAIS,A,2024,EM FUNCIONAMENTO
NÃO SE APLICA,12,FEDERAL,PÚBLICA,SUDESTE,RJ,SEROPÉDICA,ACADÊMICO,ENGENHARIA QUÍMICA,4,2000,EM FUNCIONAMENTO
NÃO SE APLICA,4,FEDERAL,PÚBLICA,SUDESTE,RJ,SEROPÉDICA,ACADÊMICO,QUÍMICA,4,1966,EM FUNCIONAMENTO
CIÊNCIA DO SOLO,42,FEDERAL,PÚBLICA,SUDESTE,RJ,SEROPÉDICA,ACADÊMICO,AGRONOMIA (CIÊNCIAS DO SOLO),7,1972,EM FUNCIONAMENTO
NÃO SE APLICA,42,FEDERAL,PÚBLICA,SUDESTE,RJ,SEROPÉDICA,ACADÊMICO,ENGENHARIA AGRÍCOLA E AMBIENTAL,4,2014,EM FUNCIONAMENTO
GEOLOGIA,5,FEDERAL,PÚBLICA,SUDESTE,RJ,SEROPÉDICA,ACADÊMICO,MODELAGEM E EVOLUÇÃO GEOLÓGICA,3,2018,EM FUNCIONAMENTO
NÃO SE APLICA,28,FEDERAL,PÚBLICA,SUDESTE,RJ,SEROPÉDICA,ACADÊMICO,ECONOMIA REGIONAL E DESENVOLVIMENTO,3,2018,EM FUNCIONAMENTO
POLÍTICAS E DESENVOLVIMENTO DE TERRITÓRIOS,45,FEDERAL,PÚBLICA,SUDESTE,RJ,SEROPÉDICA,ACADÊMICO,CIÊNCIA TECNOLOGIA E INOVAÇÃO EM AGROPECUÁRIA,4,2009,EM FUNCIONAMENTO
NÃO SE APLICA,30,FEDERAL,PÚBLICA,SUDESTE,RJ,SEROPÉDICA,ACADÊMICO,DESENVOLVIMENTO TERRITORIAL E POLÍTICAS PÚBLICAS,4,2012,EM FUNCIONAMENTO
NÃO SE APLICA,34,FEDERAL,PÚBLICA,SUDESTE,RJ,SEROPÉDICA,ACADÊMICO,CIÊNCIAS SOCIAIS,4,2012,EM FUNCIONAMENTO
NÃO SE APLICA,42,FEDERAL,PÚBLICA,SUDESTE,RJ,SEROPÉDICA,ACADÊMICO,FITOSSANIDADE E BIOTECNOLOGIA APLICADA,3,2006,EM FUNCIONAMENTO
NÃO SE APLICA,27,FEDERAL,PÚBLICA,SUDESTE,RJ,SEROPÉDICA,PROFISSIONAL,GESTÃO E ESTRATÉGIA,4,2000,EM FUNCIONAMENTO
NÃO SE APLICA,37,FEDERAL,PÚBLICA,SUDESTE,RJ,SEROPÉDICA,ACADÊMICO,PSICOLOGIA,4,2012,EM FUNCIONAMENTO
TÓPICOS ESPECÍFICOS DE EDUCAÇÃO,38,FEDERAL,PÚBLICA,SUDESTE,RJ,SEROPÉDICA,ACADÊMICO,EDUCAÇÃO AGRÍCOLA,3,2003,EM FUNCIONAMENTO
NÃO SE APLICA,41,FEDERAL,PÚBLICA,SUDESTE,RJ,SEROPÉDICA,ACADÊMICO,LETRAS: ESTUDOS DE LINGUAGEM E LITERATURA,A,2024,EM FUNCIONAMENTO
"ENGENHARIA, TECNOLOGIA E GESTÃO",45,FEDERAL,PÚBLICA,SUDESTE,RJ,SEROPÉDICA,ACADÊMICO,MODELAGEM MATEMÁTICA E COMPUTACIONAL,3,2012,EM FUNCIONAMENTO
NÃO SE APLICA,40,FEDERAL,PÚBLICA,SUDESTE,RJ,SEROPÉDICA,ACADÊMICO,HISTÓRIA,5,2008,EM FUNCIONAMENTO
NÃO SE APLICA,42,FEDERAL,PÚBLICA,SUDESTE,RJ,SEROPÉDICA,ACADÊMICO,FITOTECNIA,4,1989,EM FUNCIONAMENTO
NÃO SE APLICA,7,FEDERAL,PÚBLICA,SUDESTE,RJ,SEROPÉDICA,ACADÊMICO,BIOLOGIA ANIMAL,4,1995,EM FUNCIONAMENTO
NÃO SE APLICA,42,FEDERAL,PÚBLICA,SUDESTE,RJ,SEROPÉDICA,PROFISSIONAL,AGRICULTURA ORGÂNICA,4,2010,EM FUNCIONAMENTO
NÃO SE APLICA,33,FEDERAL,PÚBLICA,SUDESTE,RJ,SEROPÉDICA,ACADÊMICO,FILOSOFIA,4,2014,EM FUNCIONAMENTO
POLÍTICAS E DESENVOLVIMENTO DE TERRITÓRIOS,45,FEDERAL,PÚBLICA,SUDESTE,RJ,SEROPÉDICA,PROFISSIONAL,PRÁTICAS EM DESENVOLVIMENTO SUSTENTÁVEL,3,2011,EM FUNCIONAMENTO
NÃO SE APLICA,46,FEDERAL,PÚBLICA,SUDESTE,RJ,SEROPÉDICA,PROFISSIONAL,EDUCAÇÃO EM CIÊNCIAS E MATEMÁTICA,4,2015,EM FUNCIONAMENTO
NÃO SE APLICA,36,FEDERAL,PÚBLICA,SUDESTE,RJ,SEROPÉDICA,ACADÊMICO,GEOGRAFIA,4,2015,EM FUNCIONAMENTO
NÃO SE APLICA,24,FEDERAL,PÚBLICA,SUDESTE,RJ,SEROPÉDICA,ACADÊMICO,MEDICINA VETERINÁRIA (PATOLOGIA E CIÊNCIAS CLÍNICAS),4,2006,EM FUNCIONAMENTO
NÃO SE APLICA,34,FEDERAL,PÚBLICA,SUDESTE,RJ,SEROPÉDICA,ACADÊMICO,"CIÊNCIAS SOCIAIS EM DESENVOLVIMENTO, AGRICULTURA E SOCIEDADE",5,1976,EM FUNCIONAMENTO
NÃO SE APLICA,42,FEDERAL,PÚBLICA,SUDESTE,RJ,SEROPÉDICA,ACADÊMICO,CIÊNCIAS AMBIENTAIS E FLORESTAIS,5,1993,EM FUNCIONAMENTO
NÃO SE APLICA,24,FEDERAL,PÚBLICA,SUDESTE,RJ,SEROPÉDICA,ACADÊMICO,CIÊNCIAS VETERINÁRIAS,6,1972,EM FUNCIONAMENTO
NÃO SE APLICA,25,FEDERAL,PÚBLICA,SUDESTE,RJ,SEROPÉDICA,ACADÊMICO,CIÊNCIA E TECNOLOGIA DE ALIMENTOS,4,1976,EM FUNCIONAMENTO
SAÚDE MATERNO-INFANTIL,16,FEDERAL,PÚBLICA,SUDESTE,RJ,NITERÓI,PROFISSIONAL,SAÚDE MATERNO-INFANTIL,4,2011,EM FUNCIONAMENTO
NÃO SE APLICA,13,FEDERAL,PÚBLICA,SUDESTE,RJ,NITERÓI,ACADÊMICO,ENGENHARIA DE PRODUÇÃO,4,1972,EM FUNCIONAMENTO
NÃO SE APLICA,24,FEDERAL,PÚBLICA,SUDESTE,RJ,RIO DE JANEIRO,ACADÊMICO,MEDICINA VETERINÁRIA ( CLÍNICA E REPRODUÇÃO ANIMAL),5,1987,EM FUNCIONAMENTO
NÃO SE APLICA,14,FEDERAL,PÚBLICA,SUDESTE,RJ,NITERÓI,ACADÊMICO,ENGENHARIA ELÉTRICA E DE TELECOMUNICAÇÕES,4,2001,EM FUNCIONAMENTO
CLÍNICA MÉDICA,15,FEDERAL,PÚBLICA,SUDESTE,RJ,NITERÓI,ACADÊMICO,CIÊNCIAS CARDIOVASCULARES,5,1985,EM FUNCIONAMENTO
CLÍNICA MÉDICA,16,FEDERAL,PÚBLICA,SUDESTE,RJ,NITERÓI,ACADÊMICO,MEDICINA (NEUROLOGIA),3,1989,EM FUNCIONAMENTO
NÃO SE APLICA,24,FEDERAL,PÚBLICA,SUDESTE,RJ,NITERÓI,ACADÊMICO,MEDIC.VETERIN.(HIG.VETER.PROC.TECN.PROD.ORIG.ANIMAL),5,1974,EM FUNCIONAMENTO
NÃO SE APLICA,50,FEDERAL,PÚBLICA,SUDESTE,RJ,NITERÓI,ACADÊMICO,CIÊNCIAS DA NUTRIÇÃO,3,2017,EM FUNCIONAMENTO
NÃO SE APLICA,15,FEDERAL,PÚBLICA,SUDESTE,RJ,NITERÓI,ACADÊMICO,CIÊNCIAS MÉDICAS,5,2002,EM FUNCIONAMENTO
NÃO SE APLICA,18,FEDERAL,PÚBLICA,SUDESTE,RJ,NOVA FRIBURGO,ACADÊMICO,ODONTOLOGIA,4,2013,EM FUNCIONAMENTO
NÃO SE APLICA,39,FEDERAL,PÚBLICA,SUDESTE,RJ,NITERÓI,PROFISSIONAL,DEFESA E SEGURANÇA CIVIL,4,2007,EM FUNCIONAMENTO
NÃO SE APLICA,31,FEDERAL,PÚBLICA,SUDESTE,RJ,NITERÓI,ACADÊMICO,MÍDIA E COTIDIANO,5,2013,EM FUNCIONAMENTO
NÃO SE APLICA,34,FEDERAL,PÚBLICA,SUDESTE,RJ,NITERÓI,ACADÊMICO,SOCIOLOGIA,4,2011,EM FUNCIONAMENTO
MATEMÁTICA APLICADA,1,FEDERAL,PÚBLICA,SUDESTE,RJ,NITERÓI,ACADÊMICO,MATEMÁTICA,6,1969,EM FUNCIONAMENTO
NÃO SE APLICA,32,FEDERAL,PÚBLICA,SUDESTE,RJ,NITERÓI,ACADÊMICO,POLÍTICA SOCIAL,5,2002,EM FUNCIONAMENTO
NÃO SE APLICA,46,FEDERAL,PÚBLICA,SUDESTE,RJ,NITERÓI,PROFISSIONAL,DIVERSIDADE E INCLUSÃO,3,2013,EM FUNCIONAMENTO
GEOLOGIA,5,FEDERAL,PÚBLICA,SUDESTE,RJ,NITERÓI,ACADÊMICO,GEOCIÊNCIAS (GEOQUÍMICA),6,1972,EM FUNCIONAMENTO
FISIOLOGIA DOS ÓRGÃOS E SISTEMAS,8,FEDERAL,PÚBLICA,SUDESTE,RJ,NITERÓI,ACADÊMICO,CIÊNCIAS BIOMÉDICAS (FISIOLOGIA E FARMACOLOGIA),5,2014,EM FUNCIONAMENTO
NÃO SE APLICA,29,FEDERAL,PÚBLICA,SUDESTE,RJ,NITERÓI,ACADÊMICO,ARQUITETURA E URBANISMO,5,2002,EM FUNCIONAMENTO
TEORIA ECONÔMICA,28,FEDERAL,PÚBLICA,SUDESTE,RJ,NITERÓI,ACADÊMICO,ECONOMIA,6,1987,EM FUNCIONAMENTO
SAÚDE E BIOLÓGICAS,45,FEDERAL,PÚBLICA,SUDESTE,RJ,NITERÓI,ACADÊMICO,CIÊNCIAS E BIOTECNOLOGIA,5,2011,EM FUNCIONAMENTO
NÃO SE APLICA,27,FEDERAL,PÚBLICA,SUDESTE,RJ,NITERÓI,ACADÊMICO,TURISMO,4,2015,EM FUNCIONAMENTO
NÃO SE APLICA,36,FEDERAL,PÚBLICA,SUDESTE,RJ,CAMPOS DOS GOYTACAZES,ACADÊMICO,GEOGRAFIA,4,2014,EM FUNCIONAMENTO
NÃO SE APLICA,11,FEDERAL,PÚBLICA,SUDESTE,RJ,NITERÓI,ACADÊMICO,ESTUDOS CONTEMPORANEOS DAS ARTES,4,1995,EM FUNCIONAMENTO
NÃO SE APLICA,12,FEDERAL,PÚBLICA,SUDESTE,RJ,NITERÓI,ACADÊMICO,ENGENHARIA QUÍMICA,3,2009,EM FUNCIONAMENTO
NÃO SE APLICA,22,FEDERAL,PÚBLICA,SUDESTE,RJ,NITERÓI,ACADÊMICO,SAÚDE COLETIVA,4,2008,EM FUNCIONAMENTO
NÃO SE APLICA,33,FEDERAL,PÚBLICA,SUDESTE,RJ,NITERÓI,ACADÊMICO,FILOSOFIA,4,2011,EM FUNCIONAMENTO
SAÚDE E BIOLÓGICAS,45,FEDERAL,PÚBLICA,SUDESTE,RJ,NITERÓI,ACADÊMICO,CIÊNCIAS APLICADAS A PRODUTOS PARA SAÚDE,5,2009,EM FUNCIONAMENTO
NÃO SE APLICA,40,FEDERAL,PÚBLICA,SUDESTE,RJ,NITERÓI,ACADÊMICO,HISTÓRIA,7,1971,EM FUNCIONAMENTO
"SOCIAIS, CULTURAS E HUMANIDADES",45,FEDERAL,PÚBLICA,SUDESTE,RJ,NITERÓI,ACADÊMICO,CULTURA E TERRITORIALIDADES,4,2013,EM FUNCIONAMENTO
NÃO SE APLICA,41,FEDERAL,PÚBLICA,SUDESTE,RJ,NITERÓI,ACADÊMICO,ESTUDOS DE LITERATURA,7,2010,EM FUNCIONAMENTO
NÃO SE APLICA,46,FEDERAL,PÚBLICA,SUDESTE,RJ,NITERÓI,PROFISSIONAL,ENSINO DE CIÊNCIAS DA NATUREZA,4,2012,EM FUNCIONAMENTO
NÃO SE APLICA,26,FEDERAL,PÚBLICA,SUDESTE,RJ,NITERÓI,ACADÊMICO,"DIREITOS, INSTITUIÇÕES E NEGÓCIOS",4,2016,EM FUNCIONAMENTO
NÃO SE APLICA,36,FEDERAL,PÚBLICA,SUDESTE,RJ,NITERÓI,ACADÊMICO,GEOGRAFIA,6,1999,EM FUNCIONAMENTO
DIREITO PÚBLICO,26,FEDERAL,PÚBLICA,SUDESTE,RJ,NITERÓI,ACADÊMICO,DIREITO CONSTITUCIONAL,4,2011,EM FUNCIONAMENTO
NÃO SE APLICA,31,FEDERAL,PÚBLICA,SUDESTE,RJ,NITERÓI,ACADÊMICO,COMUNICAÇÃO,7,1997,EM FUNCIONAMENTO
"SOCIAIS, CULTURAS E HUMANIDADES",45,FEDERAL,PÚBLICA,SUDESTE,RJ,NITERÓI,ACADÊMICO,SOCIOLOGIA E DIREITO,5,1999,EM FUNCIONAMENTO
NÃO SE APLICA,31,FEDERAL,PÚBLICA,SUDESTE,RJ,NITERÓI,ACADÊMICO,CIÊNCIA DA INFORMAÇÃO,4,2009,EM FUNCIONAMENTO
NÃO SE APLICA,13,FEDERAL,PÚBLICA,SUDESTE,RJ,RIO DAS OSTRAS,PROFISSIONAL,ENGENHARIA DE PRODUÇÃO E SISTEMAS COMPUTACIONAIS,3,2013,EM FUNCIONAMENTO
"ENGENHARIA, TECNOLOGIA E GESTÃO",45,FEDERAL,PÚBLICA,SUDESTE,RJ,VOLTA REDONDA,ACADÊMICO,MODELAGEM COMPUTACIONAL EM CIÊNCIA E TECNOLOGIA,3,2010,EM FUNCIONAMENTO
NÃO SE APLICA,46,FEDERAL,PÚBLICA,SUDESTE,RJ,SANTO ANTÔNIO DE PÁDUA,ACADÊMICO,ENSINO,4,2015,EM FUNCIONAMENTO
NÃO SE APLICA,38,FEDERAL,PÚBLICA,SUDESTE,RJ,NITERÓI,ACADÊMICO,EDUCAÇÃO,5,1971,EM FUNCIONAMENTO
NÃO SE APLICA,2,FEDERAL,PÚBLICA,SUDESTE,RJ,NITERÓI,ACADÊMICO,COMPUTAÇÃO,6,1995,EM FUNCIONAMENTO
TEORIA ANTROPOLÓGICA,35,FEDERAL,PÚBLICA,SUDESTE,RJ,NITERÓI,ACADÊMICO,JUSTIÇA E SEGURANÇA,3,2019,EM FUNCIONAMENTO
NÃO SE APLICA,18,FEDERAL,PÚBLICA,SUDESTE,RJ,NITERÓI,ACADÊMICO,ODONTOLOGIA,5,2002,EM FUNCIONAMENTO
NÃO SE APLICA,20,FEDERAL,PÚBLICA,SUDESTE,RJ,NITERÓI,ACADÊMICO,ENFERMAGEM,4,2009,EM FUNCIONAMENTO
NÃO SE APLICA,10,FEDERAL,PÚBLICA,SUDESTE,RJ,NITERÓI,ACADÊMICO,ENGENHARIA CIVIL,4,1972,EM FUNCIONAMENTO
NÃO SE APLICA,49,FEDERAL,PÚBLICA,SUDESTE,RJ,VOLTA REDONDA,ACADÊMICO,TECNOLOGIA AMBIENTAL,3,2013,EM FUNCIONAMENTO
NÃO SE APLICA,30,FEDERAL,PÚBLICA,SUDESTE,RJ,CAMPOS DOS GOYTACAZES,ACADÊMICO,"DESENVOLVIMENTO REGIONAL, AMBIENTE E POLÍTICAS PÚBLICAS",3,2016,EM FUNCIONAMENTO
NÃO SE APLICA,27,FEDERAL,PÚBLICA,SUDESTE,RJ,NITERÓI,ACADÊMICO,ADMINISTRAÇÃO,4,2011,EM FUNCIONAMENTO
"SOCIAIS, CULTURAS E HUMANIDADES",45,FEDERAL,PÚBLICA,SUDESTE,RJ,NITERÓI,PROFISSIONAL,JUSTIÇA ADMINISTRATIVA,4,2010,EM FUNCIONAMENTO
ANATOMIA PATOLÓGICA E PATOLOGIA CLÍNICA,16,FEDERAL,PÚBLICA,SUDESTE,RJ,NITERÓI,ACADÊMICO,PATOLOGIA,4,1980,EM FUNCIONAMENTO
NÃO SE APLICA,12,FEDERAL,PÚBLICA,SUDESTE,RJ,VOLTA REDONDA,ACADÊMICO,ENGENHARIA METALÚRGICA,4,1994,EM FUNCIONAMENTO
NÃO SE APLICA,46,FEDERAL,PÚBLICA,SUDESTE,RJ,NITERÓI,ACADÊMICO,"CIÊNCIAS, TECNOLOGIAS E INCLUSÃO",4,2019,EM FUNCIONAMENTO
NÃO SE APLICA,13,FEDERAL,PÚBLICA,SUDESTE,RJ,NITERÓI,ACADÊMICO,ENGENHARIA MECÂNICA,5,1995,EM FUNCIONAMENTO
"ENGENHARIA, TECNOLOGIA E GESTÃO",45,FEDERAL,PÚBLICA,SUDESTE,RJ,NITERÓI,PROFISSIONAL,SISTEMAS DE GESTÃO,4,2000,EM FUNCIONAMENTO
NÃO SE APLICA,39,FEDERAL,PÚBLICA,SUDESTE,RJ,NITERÓI,ACADÊMICO,CIÊNCIA POLÍTICA,4,1994,EM FUNCIONAMENTO
NÃO SE APLICA,31,FEDERAL,PÚBLICA,SUDESTE,RJ,NITERÓI,ACADÊMICO,CINEMA E AUDIOVISUAL,4,2017,EM FUNCIONAMENTO
NÃO SE APLICA,41,FEDERAL,PÚBLICA,SUDESTE,RJ,NITERÓI,ACADÊMICO,ESTUDOS DE LINGUAGEM,6,2010,EM FUNCIONAMENTO
MICROBIOLOGIA APLICADA,9,FEDERAL,PÚBLICA,SUDESTE,RJ,NITERÓI,ACADÊMICO,MICROBIOLOGIA E PARASITOLOGIA APLICADAS,4,2007,EM FUNCIONAMENTO
NÃO SE APLICA,8,FEDERAL,PÚBLICA,SUDESTE,RJ,NITERÓI,ACADÊMICO,NEUROCIÊNCIAS,4,1998,EM FUNCIONAMENTO
NÃO SE APLICA,19,FEDERAL,PÚBLICA,SUDESTE,RJ,NITERÓI,PROFISSIONAL,ADMINISTRAÇÃO E GESTÃO DA ASSISTÊNCIA FARMACÊUTICA,4,2012,EM FUNCIONAMENTO
NÃO SE APLICA,32,FEDERAL,PÚBLICA,SUDESTE,RJ,NITERÓI,ACADÊMICO,SERVIÇO SOCIAL E DESENVOLVIMENTO REGIONAL,4,2011,EM FUNCIONAMENTO
NÃO SE APLICA,5,FEDERAL,PÚBLICA,SUDESTE,RJ,NITERÓI,ACADÊMICO,DINÂMICA DOS OCEANOS E DA TERRA,4,1991,EM FUNCIONAMENTO
ESTADO E GOVERNO,39,FEDERAL,PÚBLICA,SUDESTE,RJ,NITERÓI,ACADÊMICO,ESTUDOS ESTRATÉGICOS DA DEFESA E DA SEGURANÇA,4,2008,EM FUNCIONAMENTO
NÃO SE APLICA,4,FEDERAL,PÚBLICA,SUDESTE,RJ,NITERÓI,ACADÊMICO,QUÍMICA,6,1991,EM FUNCIONAMENTO
NÃO SE APLICA,3,FEDERAL,PÚBLICA,SUDESTE,RJ,NITERÓI,ACADÊMICO,FÍSICA,6,1977,EM FUNCIONAMENTO
NÃO SE APLICA,13,FEDERAL,PÚBLICA,SUDESTE,RJ,VOLTA REDONDA,PROFISSIONAL,ENGENHARIA DE PRODUÇÃO,3,2015,EM FUNCIONAMENTO
NÃO SE APLICA,27,FEDERAL,PÚBLICA,SUDESTE,RJ,VOLTA REDONDA,PROFISSIONAL,ADMINISTRAÇÃO,5,2013,EM FUNCIONAMENTO
NÃO SE APLICA,20,FEDERAL,PÚBLICA,SUDESTE,RJ,NITERÓI,PROFISSIONAL,ENFERMAGEM,5,2002,EM FUNCIONAMENTO
OCEANOGRAFIA BIOLÓGICA,7,FEDERAL,PÚBLICA,SUDESTE,RJ,NITERÓI,ACADÊMICO,BIOLOGIA MARINHA E AMBIENTES COSTEIROS,4,1996,EM FUNCIONAMENTO
NÃO SE APLICA,37,FEDERAL,PÚBLICA,SUDESTE,RJ,NITERÓI,ACADÊMICO,PSICOLOGIA,4,1999,EM FUNCIONAMENTO
NÃO SE APLICA,46,FEDERAL,PÚBLICA,SUDESTE,RJ,NITERÓI,PROFISSIONAL,ENSINO NA SAÚDE:FORMAÇÃO DOCENTE INTERDISCIPLINAR PARA O SUS,4,2011,EM FUNCIONAMENTO
"ENGENHARIA, TECNOLOGIA E GESTÃO",45,FEDERAL,PÚBLICA,SUDESTE,RJ,NITERÓI,ACADÊMICO,SISTEMAS DE GESTÃO SUSTENTÁVEIS,4,2014,EM FUNCIONAMENTO
NÃO SE APLICA,35,FEDERAL,PÚBLICA,SUDESTE,RJ,NITERÓI,ACADÊMICO,ANTROPOLOGIA,6,1994,EM FUNCIONAMENTO
NÃO SE APLICA,49,FEDERAL,PÚBLICA,SUDESTE,RJ,NITERÓI,ACADÊMICO,ENGENHARIA DE BIOSSISTEMAS,4,2012,EM FUNCIONAMENTO
NÃO SE APLICA,13,FEDERAL,PÚBLICA,SUDESTE,RJ,NITERÓI,PROFISSIONAL,MONTAGEM INDUSTRIAL,4,2012,EM FUNCIONAMENTO
"ENGENHARIA, TECNOLOGIA E GESTÃO",45,ESTADUAL,PÚBLICA,SUDESTE,RJ,RIO DE JANEIRO,ACADÊMICO,CIÊNCIAS COMPUTACIONAIS E MODELAGEM MATEMÁTICA,4,2008,EM FUNCIONAMENTO
TÓPICOS ESPECÍFICOS DE EDUCAÇÃO,38,ESTADUAL,PÚBLICA,SUDESTE,RJ,DUQUE DE CAXIAS,ACADÊMICO,"EDUCAÇÃO, CULTURA E COMUNICAÇÃO",4,2007,EM FUNCIONAMENTO
CLÍNICA MÉDICA,15,ESTADUAL,PÚBLICA,SUDESTE,RJ,RIO DE JANEIRO,ACADÊMICO,FISIOPATOLOGIA CLÍNICA E EXPERIMENTAL,5,1997,EM FUNCIONAMENTO
NÃO SE APLICA,36,ESTADUAL,PÚBLICA,SUDESTE,RJ,SÃO GONÇALO,ACADÊMICO,GEOGRAFIA,4,2012,EM FUNCIONAMENTO
OCEANOGRAFIA GEOLÓGICA,5,ESTADUAL,PÚBLICA,SUDESTE,RJ,RIO DE JANEIRO,ACADÊMICO,OCEANOGRAFIA,4,2008,EM FUNCIONAMENTO
NÃO SE APLICA,11,ESTADUAL,PÚBLICA,SUDESTE,RJ,RIO DE JANEIRO,ACADÊMICO,ARTES,5,2005,EM FUNCIONAMENTO
POLÍTICA INTERNACIONAL,39,ESTADUAL,PÚBLICA,SUDESTE,RJ,RIO DE JANEIRO,ACADÊMICO,RELAÇÕES INTERNACIONAIS,4,2009,EM FUNCIONAMENTO
TRATAMENTO E PREVENÇÃO PSICOLÓGICA,37,ESTADUAL,PÚBLICA,SUDESTE,RJ,RIO DE JANEIRO,ACADÊMICO,PSICANÁLISE,4,1998,EM FUNCIONAMENTO
NÃO SE APLICA,41,ESTADUAL,PÚBLICA,SUDESTE,RJ,RIO DE JANEIRO,ACADÊMICO,LETRAS,5,1988,EM FUNCIONAMENTO
NÃO SE APLICA,22,ESTADUAL,PÚBLICA,SUDESTE,RJ,RIO DE JANEIRO,ACADÊMICO,SAÚDE COLETIVA,7,1974,EM FUNCIONAMENTO
NÃO SE APLICA,9,ESTADUAL,PÚBLICA,SUDESTE,RJ,RIO DE JANEIRO,ACADÊMICO,MICROBIOLOGIA,4,1994,EM FUNCIONAMENTO
NÃO SE APLICA,34,ESTADUAL,PÚBLICA,SUDESTE,RJ,RIO DE JANEIRO,ACADÊMICO,SOCIOLOGIA,7,2010,EM FUNCIONAMENTO
NÃO SE APLICA,7,ESTADUAL,PÚBLICA,SUDESTE,RJ,RIO DE JANEIRO,ACADÊMICO,BIOLOGIA VEGETAL,4,2009,EM FUNCIONAMENTO
NÃO SE APLICA,31,ESTADUAL,PÚBLICA,SUDESTE,RJ,RIO DE JANEIRO,ACADÊMICO,COMUNICAÇÃO,5,2002,EM FUNCIONAMENTO
NÃO SE APLICA,34,ESTADUAL,PÚBLICA,SUDESTE,RJ,RIO DE JANEIRO,ACADÊMICO,CIÊNCIAS SOCIAIS,4,1994,EM FUNCIONAMENTO
NÃO SE APLICA,15,ESTADUAL,PÚBLICA,SUDESTE,RJ,RIO DE JANEIRO,PROFISSIONAL,TELESSAÚDE E SAÚDE DIGITAL,4,2015,EM FUNCIONAMENTO
NÃO SE APLICA,38,ESTADUAL,PÚBLICA,SUDESTE,RJ,SÃO GONÇALO,ACADÊMICO,EDUCAÇÃO - PROCESSOS FORMATIVOS E DESIGUALDADES SOCIAIS,4,2009,EM FUNCIONAMENTO
NÃO SE APLICA,15,ESTADUAL,PÚBLICA,SUDESTE,RJ,RIO DE JANEIRO,ACADÊMICO,CIÊNCIAS MÉDICAS,5,2002,EM FUNCIONAMENTO
NÃO SE APLICA,29,ESTADUAL,PÚBLICA,SUDESTE,RJ,RIO DE JANEIRO,ACADÊMICO,DESIGN,4,2005,EM FUNCIONAMENTO
NÃO SE APLICA,36,ESTADUAL,PÚBLICA,SUDESTE,RJ,RIO DE JANEIRO,ACADÊMICO,GEOGRAFIA,5,2002,EM FUNCIONAMENTO
CIRURGIA,17,ESTADUAL,PÚBLICA,SUDESTE,RJ,RIO DE JANEIRO,ACADÊMICO,FISIOPATOLOGIA E CIÊNCIAS CIRÚRGICAS,5,2006,EM FUNCIONAMENTO
NÃO SE APLICA,33,ESTADUAL,PÚBLICA,SUDESTE,RJ,RIO DE JANEIRO,ACADÊMICO,FILOSOFIA,5,1992,EM FUNCIONAMENTO
NÃO SE APLICA,7,ESTADUAL,PÚBLICA,SUDESTE,RJ,RIO DE JANEIRO,ACADÊMICO,ECOLOGIA E EVOLUÇÃO,6,2006,EM FUNCIONAMENTO
NÃO SE APLICA,21,ESTADUAL,PÚBLICA,SUDESTE,RJ,RIO DE JANEIRO,ACADÊMICO,CIÊNCIAS DO EXERCÍCIO E DO ESPORTE,4,2015,EM FUNCIONAMENTO
NÃO SE APLICA,18,ESTADUAL,PÚBLICA,SUDESTE,RJ,RIO DE JANEIRO,ACADÊMICO,ODONTOLOGIA,5,1982,EM FUNCIONAMENTO
NÃO SE APLICA,3,ESTADUAL,PÚBLICA,SUDESTE,RJ,RIO DE JANEIRO,ACADÊMICO,FÍSICA,5,1997,EM FUNCIONAMENTO
NÃO SE APLICA,49,ESTADUAL,PÚBLICA,SUDESTE,RJ,RIO DE JANEIRO,ACADÊMICO,MEIO AMBIENTE,4,2006,EM FUNCIONAMENTO
NÃO SE APLICA,6,ESTADUAL,PÚBLICA,SUDESTE,RJ,RIO DE JANEIRO,ACADÊMICO,BIOLOGIA HUMANA E EXPERIMENTAL,4,1993,EM FUNCIONAMENTO
NÃO SE APLICA,50,ESTADUAL,PÚBLICA,SUDESTE,RJ,RIO DE JANEIRO,ACADÊMICO,"ALIMENTAÇÃO, NUTRIÇÃO E SAÚDE",4,2008,EM FUNCIONAMENTO
NÃO SE APLICA,37,ESTADUAL,PÚBLICA,SUDESTE,RJ,RIO DE JANEIRO,ACADÊMICO,PSICOLOGIA SOCIAL,5,1991,EM FUNCIONAMENTO
"SOCIAIS, CULTURAS E HUMANIDADES",45,ESTADUAL,PÚBLICA,SUDESTE,RJ,RIO DE JANEIRO,ACADÊMICO,POLÍTICAS PÚBLICAS E FORMAÇÃO HUMANA,7,2005,EM FUNCIONAMENTO
NÃO SE APLICA,5,ESTADUAL,PÚBLICA,SUDESTE,RJ,RIO DE JANEIRO,ACADÊMICO,GEOCIÊNCIAS,4,1995,EM FUNCIONAMENTO
NÃO SE APLICA,6,ESTADUAL,PÚBLICA,SUDESTE,RJ,RIO DE JANEIRO,ACADÊMICO,BIOCIÊNCIAS,6,1975,EM FUNCIONAMENTO
NÃO SE APLICA,41,ESTADUAL,PÚBLICA,SUDESTE,RJ,RIO DE JANEIRO,ACADÊMICO,LINGUÍSTICA E LÍNGUA PORTUGUESA,A,2024,EM FUNCIONAMENTO
NÃO SE APLICA,12,ESTADUAL,PÚBLICA,SUDESTE,RJ,NOVA FRIBURGO,ACADÊMICO,CIÊNCIA E TECNOLOGIA DE MATERIAIS,3,2007,EM FUNCIONAMENTO
NÃO SE APLICA,28,ESTADUAL,PÚBLICA,SUDESTE,RJ,RIO DE JANEIRO,ACADÊMICO,CIÊNCIAS ECONÔMICAS,4,2003,EM FUNCIONAMENTO
NÃO SE APLICA,41,ESTADUAL,PÚBLICA,SUDESTE,RJ,SÃO GONÇALO,ACADÊMICO,LETRAS E LINGUÍSTICA,4,2016,EM FUNCIONAMENTO
NÃO SE APLICA,38,ESTADUAL,PÚBLICA,SUDESTE,RJ,RIO DE JANEIRO,ACADÊMICO,EDUCAÇÃO,7,1979,EM FUNCIONAMENTO
TRATAMENTO E PREVENÇÃO PSICOLÓGICA,37,ESTADUAL,PÚBLICA,SUDESTE,RJ,RIO DE JANEIRO,PROFISSIONAL,PSICANÁLISE,3,2016,EM FUNCIONAMENTO
NÃO SE APLICA,39,ESTADUAL,PÚBLICA,SUDESTE,RJ,RIO DE JANEIRO,ACADÊMICO,CIÊNCIA POLÍTICA,6,2010,EM FUNCIONAMENTO
RADIOLOGIA MÉDICA,16,ESTADUAL,PÚBLICA,SUDESTE,RJ,RIO DE JANEIRO,PROFISSIONAL,FÍSICA MÉDICA,3,2016,EM FUNCIONAMENTO
NÃO SE APLICA,20,ESTADUAL,PÚBLICA,SUDESTE,RJ,RIO DE JANEIRO,ACADÊMICO,ENFERMAGEM,5,1998,EM FUNCIONAMENTO
NÃO SE APLICA,26,ESTADUAL,PÚBLICA,SUDESTE,RJ,RIO DE JANEIRO,ACADÊMICO,DIREITO,6,1991,EM FUNCIONAMENTO
NÃO SE APLICA,46,ESTADUAL,PÚBLICA,SUDESTE,RJ,RIO DE JANEIRO,PROFISSIONAL,ENSINO EM EDUCAÇÃO BÁSICA,5,2014,EM FUNCIONAMENTO
NÃO SE APLICA,4,ESTADUAL,PÚBLICA,SUDESTE,RJ,RIO DE JANEIRO,ACADÊMICO,QUÍMICA,4,2004,EM FUNCIONAMENTO
NÃO SE APLICA,27,ESTADUAL,PÚBLICA,SUDESTE,RJ,RIO DE JANEIRO,ACADÊMICO,CIÊNCIAS CONTÁBEIS,3,2006,EM FUNCIONAMENTO
NÃO SE APLICA,32,ESTADUAL,PÚBLICA,SUDESTE,RJ,RIO DE JANEIRO,ACADÊMICO,SERVIÇO SOCIAL,6,1998,EM FUNCIONAMENTO
"ENGENHARIA, TECNOLOGIA E GESTÃO",45,ESTADUAL,PÚBLICA,SUDESTE,RJ,NOVA FRIBURGO,ACADÊMICO,MODELAGEM COMPUTACIONAL,6,1995,EM FUNCIONAMENTO
NÃO SE APLICA,40,ESTADUAL,PÚBLICA,SUDESTE,RJ,RIO DE JANEIRO,ACADÊMICO,HISTÓRIA,5,1995,EM FUNCIONAMENTO
SANEAMENTO AMBIENTAL,10,ESTADUAL,PÚBLICA,SUDESTE,RJ,RIO DE JANEIRO,ACADÊMICO,ENGENHARIA AMBIENTAL - DEAMB,5,2015,EM FUNCIONAMENTO
FUNDAMENTOS E CRÍTICA DAS ARTES,11,ESTADUAL,PÚBLICA,SUDESTE,RJ,RIO DE JANEIRO,ACADÊMICO,HISTÓRIA DA ARTE,4,2019,EM FUNCIONAMENTO
NÃO SE APLICA,12,ESTADUAL,PÚBLICA,SUDESTE,RJ,RIO DE JANEIRO,ACADÊMICO,ENGENHARIA QUÍMICA,5,2004,EM FUNCIONAMENTO
NÃO SE APLICA,10,ESTADUAL,PÚBLICA,SUDESTE,RJ,RIO DE JANEIRO,ACADÊMICO,ENGENHARIA CIVIL,4,2003,EM FUNCIONAMENTO
ANATOMIA PATOLÓGICA E PATOLOGIA CLÍNICA,16,ESTADUAL,PÚBLICA,SUDESTE,RJ,RIO DE JANEIRO,PROFISSIONAL,"SAUDE, MEDICINA LABORATORIAL E TECNOLOGIA FORENSE",3,2012,EM FUNCIONAMENTO
NÃO SE APLICA,14,ESTADUAL,PÚBLICA,SUDESTE,RJ,RIO DE JANEIRO,ACADÊMICO,ENGENHARIA ELETRÔNICA,4,2006,EM FUNCIONAMENTO
NÃO SE APLICA,10,ESTADUAL,PÚBLICA,SUDESTE,RJ,RIO DE JANEIRO,PROFISSIONAL,ENGENHARIA AMBIENTAL,4,1999,EM FUNCIONAMENTO
NÃO SE APLICA,40,ESTADUAL,PÚBLICA,SUDESTE,RJ,SÃO GONÇALO,ACADÊMICO,HISTÓRIA SOCIAL,5,2006,EM FUNCIONAMENTO
NÃO SE APLICA,13,ESTADUAL,PÚBLICA,SUDESTE,RJ,RIO DE JANEIRO,ACADÊMICO,ENGENHARIA MECÂNICA,3,2006,EM FUNCIONAMENTO
NÃO SE APLICA,46,ESTADUAL,PÚBLICA,SUDESTE,RJ,SÃO GONÇALO,ACADÊMICO,"ENSINO DE CIÊNCIAS, AMBIENTE E SOCIEDADE",4,2012,EM FUNCIONAMENTO
NÃO SE APLICA,22,ESTADUAL,PÚBLICA,SUDESTE,RJ,RIO DE JANEIRO,PROFISSIONAL,SAÚDE COLETIVA,4,2000,EM FUNCIONAMENTO
NÃO SE APLICA,27,ESTADUAL,PÚBLICA,SUDESTE,RJ,RIO DE JANEIRO,PROFISSIONAL,CONTROLADORIA E GESTÃO PÚBLICA,3,2019,EM FUNCIONAMENTO
GERÊNCIA DE PRODUÇÃO,13,PARTICULAR,PRIVADA,SUDESTE,RJ,RIO DE JANEIRO,ACADÊMICO,METROLOGIA,5,1996,EM FUNCIONAMENTO
NÃO SE APLICA,41,PARTICULAR,PRIVADA,SUDESTE,RJ,RIO DE JANEIRO,ACADÊMICO,"LITERATURA, CULTURA E CONTEMPORANEIDADE",6,2011,EM FUNCIONAMENTO
NÃO SE APLICA,41,PARTICULAR,PRIVADA,SUDESTE,RJ,RIO DE JANEIRO,ACADÊMICO,ESTUDOS DA LINGUAGEM,6,2011,EM FUNCIONAMENTO
NÃO SE APLICA,29,PARTICULAR,PRIVADA,SUDESTE,RJ,RIO DE JANEIRO,ACADÊMICO,ARQUITETURA,4,2013,EM FUNCIONAMENTO
NÃO SE APLICA,10,PARTICULAR,PRIVADA,SUDESTE,RJ,RIO DE JANEIRO,ACADÊMICO,ENGENHARIA CIVIL,6,1965,EM FUNCIONAMENTO
TEORIA DO DIREITO,26,PARTICULAR,PRIVADA,SUDESTE,RJ,RIO DE JANEIRO,ACADÊMICO,DIREITO,6,1972,EM FUNCIONAMENTO
FUNDAMENTOS DO SERVIÇO SOCIAL,32,PARTICULAR,PRIVADA,SUDESTE,RJ,RIO DE JANEIRO,ACADÊMICO,SERVIÇO SOCIAL,6,1972,EM FUNCIONAMENTO
NÃO SE APLICA,34,PARTICULAR,PRIVADA,SUDESTE,RJ,RIO DE JANEIRO,ACADÊMICO,CIÊNCIAS SOCIAIS,5,2005,EM FUNCIONAMENTO
POLÍTICA INTERNACIONAL,39,PARTICULAR,PRIVADA,SUDESTE,RJ,RIO DE JANEIRO,PROFISSIONAL,ANÁLISE E GESTÃO DE POLÍTICAS INTERNACIONAIS: RESOLUÇÃO DE CONFLITOS E COOPERAÇÃO PARA O DESENVOLVIMENTO,4,2016,EM FUNCIONAMENTO
NÃO SE APLICA,29,PARTICULAR,PRIVADA,SUDESTE,RJ,RIO DE JANEIRO,ACADÊMICO,DESIGN,6,1994,EM FUNCIONAMENTO
NÃO SE APLICA,1,PARTICULAR,PRIVADA,SUDESTE,RJ,RIO DE JANEIRO,ACADÊMICO,MATEMÁTICA,7,1969,EM FUNCIONAMENTO
NÃO SE APLICA,2,PARTICULAR,PRIVADA,SUDESTE,RJ,RIO DE JANEIRO,ACADÊMICO,INFORMÁTICA,7,1967,EM FUNCIONAMENTO
DIREITO PRIVADO,26,PARTICULAR,PRIVADA,SUDESTE,RJ,RIO DE JANEIRO,PROFISSIONAL,DIREITO CIVIL CONTEMPORÂNEO E PRÁTICA JURÍDICA,3,2020,EM FUNCIONAMENTO
NÃO SE APLICA,14,PARTICULAR,PRIVADA,SUDESTE,RJ,RIO DE JANEIRO,ACADÊMICO,ENGENHARIA ELÉTRICA,6,1963,EM FUNCIONAMENTO
NÃO SE APLICA,10,PARTICULAR,PRIVADA,SUDESTE,RJ,RIO DE JANEIRO,PROFISSIONAL,ENGENHARIA URBANA E AMBIENTAL,3,2009,EM FUNCIONAMENTO
NÃO SE APLICA,44,PARTICULAR,PRIVADA,SUDESTE,RJ,RIO DE JANEIRO,ACADÊMICO,TEOLOGIA,5,1972,EM FUNCIONAMENTO
NÃO SE APLICA,12,PARTICULAR,PRIVADA,SUDESTE,RJ,RIO DE JANEIRO,ACADÊMICO,"ENGENHARIA QUÍMICA, DE MATERIAIS E PROCESSOS AMBIENTAIS",5,1971,EM FUNCIONAMENTO
NÃO SE APLICA,49,PARTICULAR,PRIVADA,SUDESTE,RJ,RIO DE JANEIRO,PROFISSIONAL,CIÊNCIAS DA CONSERVAÇÃO E SUSTENTABILIDADE,3,2020,EM FUNCIONAMENTO
NÃO SE APLICA,3,PARTICULAR,PRIVADA,SUDESTE,RJ,RIO DE JANEIRO,ACADÊMICO,FÍSICA,7,1965,EM FUNCIONAMENTO
NÃO SE APLICA,31,PARTICULAR,PRIVADA,SUDESTE,RJ,RIO DE JANEIRO,ACADÊMICO,COMUNICAÇÃO,5,2003,EM FUNCIONAMENTO
NÃO SE APLICA,13,PARTICULAR,PRIVADA,SUDESTE,RJ,RIO DE JANEIRO,ACADÊMICO,ENGENHARIA DE PRODUÇÃO,7,1967,EM FUNCIONAMENTO
NÃO SE APLICA,13,PARTICULAR,PRIVADA,SUDESTE,RJ,RIO DE JANEIRO,ACADÊMICO,ENGENHARIA MECÂNICA,7,1964,EM FUNCIONAMENTO
NÃO SE APLICA,4,PARTICULAR,PRIVADA,SUDESTE,RJ,RIO DE JANEIRO,ACADÊMICO,QUÍMICA,5,1969,EM FUNCIONAMENTO
ADMINISTRAÇÃO DE EMPRESAS,27,PARTICULAR,PRIVADA,SUDESTE,RJ,RIO DE JANEIRO,ACADÊMICO,ADMINISTRAÇÃO DE EMPRESAS,6,1972,EM FUNCIONAMENTO
NÃO SE APLICA,40,PARTICULAR,PRIVADA,SUDESTE,RJ,RIO DE JANEIRO,ACADÊMICO,HISTÓRIA SOCIAL DA CULTURA,6,1987,EM FUNCIONAMENTO
NÃO SE APLICA,36,PARTICULAR,PRIVADA,SUDESTE,RJ,RIO DE JANEIRO,ACADÊMICO,GEOGRAFIA,5,2007,EM FUNCIONAMENTO
EPISTEMOLOGIA,33,PARTICULAR,PRIVADA,SUDESTE,RJ,RIO DE JANEIRO,ACADÊMICO,FILOSOFIA,5,1973,EM FUNCIONAMENTO
ADMINISTRAÇÃO DE EMPRESAS,27,PARTICULAR,PRIVADA,SUDESTE,RJ,RIO DE JANEIRO,PROFISSIONAL,ADMINISTRAÇÃO DE EMPRESAS,4,1999,EM FUNCIONAMENTO
POLÍTICA INTERNACIONAL,39,PARTICULAR,PRIVADA,SUDESTE,RJ,RIO DE JANEIRO,ACADÊMICO,RELAÇÕES INTERNACIONAIS,6,1987,EM FUNCIONAMENTO
NÃO SE APLICA,38,PARTICULAR,PRIVADA,SUDESTE,RJ,RIO DE JANEIRO,ACADÊMICO,EDUCAÇÃO,6,1965,EM FUNCIONAMENTO
NÃO SE APLICA,28,PARTICULAR,PRIVADA,SUDESTE,RJ,RIO DE JANEIRO,ACADÊMICO,ECONOMIA,7,1978,EM FUNCIONAMENTO
TRATAMENTO E PREVENÇÃO PSICOLÓGICA,37,PARTICULAR,PRIVADA,SUDESTE,RJ,RIO DE JANEIRO,ACADÊMICO,PSICOLOGIA (PSICOLOGIA CLÍNICA),6,1966,EM FUNCIONAMENTO
NÃO SE APLICA,13,FEDERAL,PÚBLICA,SUDESTE,RJ,RIO DE JANEIRO,ACADÊMICO,PGMEC,A,2021,EM FUNCIONAMENTO
NÃO SE APLICA,10,FEDERAL,PÚBLICA,SUDESTE,RJ,RIO DE JANEIRO,ACADÊMICO,ENGENHARIA DE TRANSPORTES,4,1994,EM FUNCIONAMENTO
"ENGENHARIA, TECNOLOGIA E GESTÃO",45,FEDERAL,PÚBLICA,SUDESTE,RJ,RIO DE JANEIRO,ACADÊMICO,ENGENHARIA DE DEFESA,4,2009,EM FUNCIONAMENTO
NÃO SE APLICA,14,FEDERAL,PÚBLICA,SUDESTE,RJ,RIO DE JANEIRO,ACADÊMICO,ENGENHARIA ELÉTRICA,4,1971,EM FUNCIONAMENTO
NÃO SE APLICA,4,FEDERAL,PÚBLICA,SUDESTE,RJ,RIO DE JANEIRO,ACADÊMICO,QUÍMICA,4,1969,EM FUNCIONAMENTO
NÃO SE APLICA,12,FEDERAL,PÚBLICA,SUDESTE,RJ,RIO DE JANEIRO,ACADÊMICO,ENGENHARIA NUCLEAR,3,1969,EM FUNCIONAMENTO
NÃO SE APLICA,2,FEDERAL,PÚBLICA,SUDESTE,RJ,RIO DE JANEIRO,ACADÊMICO,SISTEMAS E COMPUTAÇÃO,3,1971,EM FUNCIONAMENTO
NÃO SE APLICA,12,FEDERAL,PÚBLICA,SUDESTE,RJ,RIO DE JANEIRO,ACADÊMICO,CIÊNCIA E ENGENHARIA DE MATERIAIS,7,1971,EM FUNCIONAMENTO
NÃO SE APLICA,1,PARTICULAR,PRIVADA,SUDESTE,RJ,RIO DE JANEIRO,ACADÊMICO,MATEMÁTICA,7,1962,EM FUNCIONAMENTO
MATEMÁTICA APLICADA,1,PARTICULAR,PRIVADA,SUDESTE,RJ,RIO DE JANEIRO,PROFISSIONAL,MÉTODOS MATEMÁTICOS EM FINANÇAS,4,2008,EM FUNCIONAMENTO
NÃO SE APLICA,3,FEDERAL,PÚBLICA,SUDESTE,RJ,RIO DE JANEIRO,ACADÊMICO,FÍSICA,7,1962,EM FUNCIONAMENTO
NÃO SE APLICA,3,FEDERAL,PÚBLICA,SUDESTE,RJ,RIO DE JANEIRO,PROFISSIONAL,FÍSICA,5,1999,EM FUNCIONAMENTO
SAÚDE E BIOLÓGICAS,45,FEDERAL,PÚBLICA,SUDESTE,RJ,RIO DE JANEIRO,PROFISSIONAL,VIGILÂNCIA SANITÁRIA,5,2006,EM FUNCIONAMENTO
NÃO SE APLICA,15,FEDERAL,PÚBLICA,SUDESTE,RJ,RIO DE JANEIRO,ACADÊMICO,PESQUISA CLINICA EM DOENÇAS INFECCIOSAS,6,2004,EM FUNCIONAMENTO
NÃO SE APLICA,7,FEDERAL,PÚBLICA,SUDESTE,RJ,RIO DE JANEIRO,ACADÊMICO,BIODIVERSIDADE E SAÚDE,5,2011,EM FUNCIONAMENTO
NÃO SE APLICA,8,FEDERAL,PÚBLICA,SUDESTE,RJ,RIO DE JANEIRO,ACADÊMICO,BIOLOGIA CELULAR E MOLECULAR,7,1989,EM FUNCIONAMENTO
SAÚDE E BIOLÓGICAS,45,FEDERAL,PÚBLICA,SUDESTE,RJ,RIO DE JANEIRO,ACADÊMICO,VIGILÂNCIA SANITÁRIA,6,2001,EM FUNCIONAMENTO
NÃO SE APLICA,40,FEDERAL,PÚBLICA,SUDESTE,RJ,RIO DE JANEIRO,ACADÊMICO,HISTÓRIA DAS CIÊNCIAS E DA SAÚDE,6,2001,EM FUNCIONAMENTO
NÃO SE APLICA,19,FEDERAL,PÚBLICA,SUDESTE,RJ,RIO DE JANEIRO,ACADÊMICO,PESQUISA TRANSLACIONAL EM FÁRMACOS E MEDICAMENTOS,4,2019,EM FUNCIONAMENTO
NÃO SE APLICA,24,FEDERAL,PÚBLICA,SUDESTE,RJ,RIO DE JANEIRO,PROFISSIONAL,CIÊNCIA EM ANIMAIS DE LABORATÓRIO,4,2016,EM FUNCIONAMENTO
NÃO SE APLICA,19,FEDERAL,PÚBLICA,SUDESTE,RJ,RIO DE JANEIRO,PROFISSIONAL,"GESTÃO, PESQUISA E DESENVOLVIMENTO NA INDÚSTRIA FARMACÊUTICA",4,2010,EM FUNCIONAMENTO
SAÚDE PÚBLICA,22,FEDERAL,PÚBLICA,SUDESTE,RJ,RIO DE JANEIRO,ACADÊMICO,SAÚDE PÚBLICA E MEIO AMBIENTE,5,2006,EM FUNCIONAMENTO
EPIDEMIOLOGIA,22,FEDERAL,PÚBLICA,SUDESTE,RJ,RIO DE JANEIRO,PROFISSIONAL,EPIDEMIOLOGIA EM SAÚDE PÚBLICA,5,2010,EM FUNCIONAMENTO
GENÉTICA MOLECULAR E DE MICROORGANISMOS,6,FEDERAL,PÚBLICA,SUL,PR,CURITIBA,ACADÊMICO,BIOCIÊNCIAS E BIOTECNOLOGIA,5,2010,EM FUNCIONAMENTO
CLÍNICA MÉDICA,16,FEDERAL,PÚBLICA,SUDESTE,RJ,RIO DE JANEIRO,ACADÊMICO,MEDICINA TROPICAL,6,1980,EM FUNCIONAMENTO
NÃO SE APLICA,9,FEDERAL,PÚBLICA,SUDESTE,RJ,RIO DE JANEIRO,ACADÊMICO,BIOLOGIA PARASITÁRIA,7,1976,EM FUNCIONAMENTO
NÃO SE APLICA,22,FEDERAL,PÚBLICA,SUDESTE,MG,BELO HORIZONTE,ACADÊMICO,SAÚDE COLETIVA,5,2013,EM FUNCIONAMENTO
SAÚDE PÚBLICA,22,FEDERAL,PÚBLICA,SUDESTE,RJ,RIO DE JANEIRO,ACADÊMICO,SAÚDE PÚBLICA,6,1977,EM FUNCIONAMENTO
"SOCIAIS, CULTURAS E HUMANIDADES",45,FEDERAL,PÚBLICA,SUDESTE,RJ,RIO DE JANEIRO,ACADÊMICO,"DIVULGAÇÃO DA CIÊNCIA, TECNOLOGIA E SAÚDE",4,2016,EM FUNCIONAMENTO
SAÚDE PÚBLICA,22,FEDERAL,PÚBLICA,SUDESTE,RJ,RIO DE JANEIRO,ACADÊMICO,SAÚDE DA CRIANÇA E DA MULHER,6,1988,EM FUNCIONAMENTO
SAÚDE MATERNO-INFANTIL,16,FEDERAL,PÚBLICA,SUDESTE,RJ,RIO DE JANEIRO,ACADÊMICO,PESQUISA APLICADA À SAÚDE DA CRIANÇA E DA MULHER,4,2011,EM FUNCIONAMENTO
SAÚDE PÚBLICA,22,FEDERAL,PÚBLICA,SUDESTE,RJ,RIO DE JANEIRO,PROFISSIONAL,SAÚDE DA CRIANÇA E DA MULHER,4,2004,EM FUNCIONAMENTO
NÃO SE APLICA,22,FEDERAL,PÚBLICA,SUDESTE,RJ,RIO DE JANEIRO,PROFISSIONAL,SAÚDE DA FAMÍLIA,4,2012,EM FUNCIONAMENTO
SAÚDE PÚBLICA,22,FEDERAL,PÚBLICA,SUDESTE,RJ,RIO DE JANEIRO,PROFISSIONAL,SAÚDE PÚBLICA,5,2002,EM FUNCIONAMENTO
NÃO SE APLICA,8,FEDERAL,PÚBLICA,SUDESTE,RJ,RIO DE JANEIRO,PROFISSIONAL,TECNOLOGIA DE IMUNOBIOLÓGICOS,4,2003,EM FUNCIONAMENTO
NÃO SE APLICA,9,FEDERAL,PÚBLICA,SUDESTE,RJ,RIO DE JANEIRO,ACADÊMICO,BIOCIÊNCIAS E BIOTECNOLOGIA EM SAÚDE,5,2012,EM FUNCIONAMENTO
"SOCIAIS, CULTURAS E HUMANIDADES",45,FEDERAL,PÚBLICA,SUDESTE,RJ,RIO DE JANEIRO,ACADÊMICO,INFORMAÇÃO E COMUNICAÇÃO EM SAÚDE ( PPGICS ),6,2009,EM FUNCIONAMENTO
ENSINO DE CIÊNCIAS E MATEMÁTICA,46,FEDERAL,PÚBLICA,SUDESTE,RJ,RIO DE JANEIRO,ACADÊMICO,ENSINO EM BIOCIÊNCIAS E SAÚDE,7,2003,EM FUNCIONAMENTO
"SOCIAIS, CULTURAS E HUMANIDADES",45,FEDERAL,PÚBLICA,SUDESTE,RJ,RIO DE JANEIRO,PROFISSIONAL,EDUCAÇÃO PROFISSIONAL EM SAÚDE,4,2008,EM FUNCIONAMENTO
NÃO SE APLICA,22,FEDERAL,PÚBLICA,SUDESTE,RJ,RIO DE JANEIRO,ACADÊMICO,EPIDEMIOLOGIA EM SAÚDE PÚBLICA,6,2008,EM FUNCIONAMENTO
NÃO SE APLICA,22,FEDERAL,PÚBLICA,SUDESTE,RJ,RIO DE JANEIRO,PROFISSIONAL,VIGILÂNCIA E CONTROLE DE VETORES,4,2017,EM FUNCIONAMENTO
CLÍNICA MÉDICA,16,FEDERAL,PÚBLICA,SUDESTE,RJ,RIO DE JANEIRO,PROFISSIONAL,PESQUISA CLÍNICA,4,2011,EM FUNCIONAMENTO
"SOCIAIS, CULTURAS E HUMANIDADES",45,FEDERAL,PÚBLICA,SUDESTE,RJ,RIO DE JANEIRO,PROFISSIONAL,PRESERVAÇÃO E GESTÃO DO PATRIMÔNIO CULTURAL DAS CIÊNCIAS E DA SAÚDE,4,2016,EM FUNCIONAMENTO
SAÚDE E BIOLÓGICAS,45,FEDERAL,PÚBLICA,SUDESTE,RJ,RIO DE JANEIRO,ACADÊMICO,BIOLOGIA COMPUTACIONAL E SISTEMAS,5,2008,EM FUNCIONAMENTO
NÃO SE APLICA,22,FEDERAL,PÚBLICA,SUDESTE,RJ,RIO DE JANEIRO,ACADÊMICO,"BIOÉTICA, ÉTICA APLICADA E SAÚDE COLETIVA",4,2010,EM FUNCIONAMENTO
ADMINISTRAÇÃO PÚBLICA,27,PARTICULAR,PRIVADA,SUDESTE,RJ,RIO DE JANEIRO,PROFISSIONAL,ADMINISTRAÇÃO,5,2012,EM FUNCIONAMENTO
NÃO SE APLICA,28,PARTICULAR,PRIVADA,SUDESTE,RJ,RIO DE JANEIRO,PROFISSIONAL,ECONOMIA,5,2001,EM FUNCIONAMENTO
NÃO SE APLICA,27,PARTICULAR,PRIVADA,SUDESTE,RJ,RIO DE JANEIRO,ACADÊMICO,ADMINISTRAÇÃO,7,1967,EM FUNCIONAMENTO
NÃO SE APLICA,31,PARTICULAR,PRIVADA,SUDESTE,RJ,RIO DE JANEIRO,PROFISSIONAL,"COMUNICAÇÃO, SOCIEDADE E CULTURA DIGITAL",A,2024,EM FUNCIONAMENTO
NÃO SE APLICA,40,PARTICULAR,PRIVADA,SUDESTE,RJ,RIO DE JANEIRO,PROFISSIONAL,"HISTÓRIA, POLÍTICA E BENS CULTURAIS",5,2003,EM FUNCIONAMENTO
MATEMÁTICA APLICADA,1,PARTICULAR,PRIVADA,SUDESTE,RJ,RIO DE JANEIRO,ACADÊMICO,MATEMÁTICA APLICADA E CIÊNCIA DE DADOS,4,2011,EM FUNCIONAMENTO
ADMINISTRAÇÃO DE EMPRESAS,27,PARTICULAR,PRIVADA,SUDESTE,RJ,RIO DE JANEIRO,PROFISSIONAL,ADMINISTRAÇÃO,5,2002,EM FUNCIONAMENTO
NÃO SE APLICA,40,PARTICULAR,PRIVADA,SUDESTE,RJ,RIO DE JANEIRO,ACADÊMICO,"HISTÓRIA, POLÍTICA E BENS CULTURAIS",5,2007,EM FUNCIONAMENTO
NÃO SE APLICA,26,PARTICULAR,PRIVADA,SUDESTE,RJ,RIO DE JANEIRO,ACADÊMICO,DIREITO DA REGULAÇÃO,5,2014,EM FUNCIONAMENTO
NÃO SE APLICA,28,PARTICULAR,PRIVADA,SUDESTE,RJ,RIO DE JANEIRO,ACADÊMICO,ECONOMIA,7,1961,EM FUNCIONAMENTO
GEOFÍSICA,5,FEDERAL,PÚBLICA,SUDESTE,RJ,RIO DE JANEIRO,ACADÊMICO,GEOFÍSICA,5,1999,EM FUNCIONAMENTO
NÃO SE APLICA,3,FEDERAL,PÚBLICA,SUDESTE,RJ,RIO DE JANEIRO,ACADÊMICO,ASTRONOMIA,6,1969,EM FUNCIONAMENTO
"ENGENHARIA, TECNOLOGIA E GESTÃO",45,PARTICULAR,PRIVADA,SUDESTE,RJ,RIO DE JANEIRO,PROFISSIONAL,GESTÃO DO TRABALHO PARA A QUALIDADE DO AMBIENTE CONTRUÍDO,3,2015,EM FUNCIONAMENTO
NÃO SE APLICA,22,PARTICULAR,PRIVADA,SUDESTE,RJ,RIO DE JANEIRO,PROFISSIONAL,SAÚDE DA FAMÍLA,5,2005,EM FUNCIONAMENTO
NÃO SE APLICA,38,PARTICULAR,PRIVADA,SUDESTE,RJ,RIO DE JANEIRO,ACADÊMICO,EDUCAÇÃO,4,2000,EM FUNCIONAMENTO
NÃO SE APLICA,18,PARTICULAR,PRIVADA,SUDESTE,RJ,RIO DE JANEIRO,ACADÊMICO,ODONTOLOGIA,4,2010,EM FUNCIONAMENTO
NÃO SE APLICA,27,PARTICULAR,PRIVADA,SUDESTE,RJ,RIO DE JANEIRO,PROFISSIONAL,ADMINISTRAÇÃO E DESENVOLVIMENTO EMPRESARIAL,4,1994,EM FUNCIONAMENTO
NÃO SE APLICA,26,PARTICULAR,PRIVADA,SUDESTE,RJ,RIO DE JANEIRO,ACADÊMICO,DIREITO,5,1994,EM FUNCIONAMENTO
NÃO SE APLICA,37,PARTICULAR,PRIVADA,SUDESTE,RJ,PETRÓPOLIS,ACADÊMICO,PSICOLOGIA,3,2012,EM FUNCIONAMENTO
"ENGENHARIA, TECNOLOGIA E GESTÃO",45,PARTICULAR,PRIVADA,SUDESTE,RJ,PETRÓPOLIS,PROFISSIONAL,GESTÃO DE SISTEMAS DE ENGENHARIA,3,2013,EM FUNCIONAMENTO
NÃO SE APLICA,38,PARTICULAR,PRIVADA,SUDESTE,RJ,PETRÓPOLIS,ACADÊMICO,EDUCAÇÃO,4,1986,EM FUNCIONAMENTO
NÃO SE APLICA,26,PARTICULAR,PRIVADA,SUDESTE,RJ,PETRÓPOLIS,ACADÊMICO,DIREITO,4,2012,EM FUNCIONAMENTO
NÃO SE APLICA,49,FEDERAL,PÚBLICA,SUDESTE,RJ,RIO DE JANEIRO,PROFISSIONAL,ECOTURISMO E CONSERVAÇÃO,4,2016,EM FUNCIONAMENTO
TEATRO,11,FEDERAL,PÚBLICA,SUDESTE,RJ,RIO DE JANEIRO,PROFISSIONAL,ENSINO DE ARTES CÊNICAS,4,2013,EM FUNCIONAMENTO
NÃO SE APLICA,20,FEDERAL,PÚBLICA,SUDESTE,RJ,RIO DE JANEIRO,PROFISSIONAL,SAÚDE E TECNOLOGIA NO ESPAÇO HOSPITALAR,3,2013,EM FUNCIONAMENTO
CLÍNICA MÉDICA,16,FEDERAL,PÚBLICA,SUDESTE,RJ,RIO DE JANEIRO,ACADÊMICO,NEUROLOGIA,4,2004,EM FUNCIONAMENTO
NÃO SE APLICA,26,FEDERAL,PÚBLICA,SUDESTE,RJ,RIO DE JANEIRO,ACADÊMICO,DIREITO,4,2012,EM FUNCIONAMENTO
CIRURGIA,17,FEDERAL,PÚBLICA,SUDESTE,RJ,RIO DE JANEIRO,PROFISSIONAL,MEDICINA,3,2011,EM FUNCIONAMENTO
NÃO SE APLICA,7,FEDERAL,PÚBLICA,SUDESTE,RJ,RIO DE JANEIRO,ACADÊMICO,CIÊNCIAS BIOLÓGICAS (BIODIVERSIDADE NEOTROPICAL),5,2011,EM FUNCIONAMENTO
NÃO SE APLICA,50,FEDERAL,PÚBLICA,SUDESTE,RJ,RIO DE JANEIRO,PROFISSIONAL,SEGURANÇA ALIMENTAR E NUTRICIONAL,3,2019,EM FUNCIONAMENTO
BIBLIOTECONOMIA,31,FEDERAL,PÚBLICA,SUDESTE,RJ,RIO DE JANEIRO,PROFISSIONAL,BIBLIOTECONOMIA,4,2012,EM FUNCIONAMENTO
NÃO SE APLICA,6,FEDERAL,PÚBLICA,SUDESTE,RJ,RIO DE JANEIRO,ACADÊMICO,BIOLOGIA MOLECULAR E CELULAR,4,2011,EM FUNCIONAMENTO
NÃO SE APLICA,2,FEDERAL,PÚBLICA,SUDESTE,RJ,RIO DE JANEIRO,ACADÊMICO,INFORMÁTICA,4,2007,EM FUNCIONAMENTO
NÃO SE APLICA,25,FEDERAL,PÚBLICA,SUDESTE,RJ,RIO DE JANEIRO,ACADÊMICO,ALIMENTOS E NUTRIÇÃO,4,2011,EM FUNCIONAMENTO
NÃO SE APLICA,40,FEDERAL,PÚBLICA,SUDESTE,RJ,RIO DE JANEIRO,ACADÊMICO,HISTORIA,6,2007,EM FUNCIONAMENTO
ARQUIVOLOGIA,31,FEDERAL,PÚBLICA,SUDESTE,RJ,RIO DE JANEIRO,PROFISSIONAL,GESTÃO DE DOCUMENTOS E ARQUIVOS,4,2012,EM FUNCIONAMENTO
NÃO SE APLICA,11,FEDERAL,PÚBLICA,SUDESTE,RJ,RIO DE JANEIRO,ACADÊMICO,ARTES CÊNICAS,6,1991,EM FUNCIONAMENTO
"SOCIAIS, CULTURAS E HUMANIDADES",45,FEDERAL,PÚBLICA,SUDESTE,RJ,RIO DE JANEIRO,ACADÊMICO,MEMÓRIA SOCIAL,4,1987,EM FUNCIONAMENTO
MÚSICA,11,FEDERAL,PÚBLICA,SUDESTE,RJ,RIO DE JANEIRO,PROFISSIONAL,ENSINO DAS PRÁTICAS MUSICAIS,3,2014,EM FUNCIONAMENTO
NÃO SE APLICA,20,FEDERAL,PÚBLICA,SUDESTE,RJ,RIO DE JANEIRO,ACADÊMICO,ENFERMAGEM,4,1982,EM FUNCIONAMENTO
NÃO SE APLICA,20,FEDERAL,PÚBLICA,SUDESTE,RJ,RIO DE JANEIRO,ACADÊMICO,ENFERMAGEM E BIOCIÊNCIAS,4,2010,EM FUNCIONAMENTO
NÃO SE APLICA,39,FEDERAL,PÚBLICA,SUDESTE,RJ,RIO DE JANEIRO,ACADÊMICO,CIÊNCIA POLÍTICA,4,2017,EM FUNCIONAMENTO
NÃO SE APLICA,31,FEDERAL,PÚBLICA,SUDESTE,RJ,RIO DE JANEIRO,ACADÊMICO,MUSEOLOGIA E PATRIMÖNIO,4,2006,EM FUNCIONAMENTO
CLÍNICA MÉDICA,16,FEDERAL,PÚBLICA,SUDESTE,RJ,RIO DE JANEIRO,PROFISSIONAL,INFECÇÃO HIV/AIDS E HEPATITES VIRAIS,3,2013,EM FUNCIONAMENTO
MÚSICA,11,FEDERAL,PÚBLICA,SUDESTE,RJ,RIO DE JANEIRO,ACADÊMICO,MÚSICA,5,1993,EM FUNCIONAMENTO
NÃO SE APLICA,38,FEDERAL,PÚBLICA,SUDESTE,RJ,RIO DE JANEIRO,ACADÊMICO,EDUCAÇÃO,5,2004,EM FUNCIONAMENTO
"SOCIAIS, CULTURAS E HUMANIDADES",45,FEDERAL,PÚBLICA,SUDESTE,RJ,RIO DE JANEIRO,ACADÊMICO,RELAÇÕES ÉTNICO-RACIAIS,4,2011,EM FUNCIONAMENTO
NÃO SE APLICA,33,FEDERAL,PÚBLICA,SUDESTE,RJ,RIO DE JANEIRO,PROFISSIONAL,FILOSOFIA E ENSINO,4,2015,EM FUNCIONAMENTO
NÃO SE APLICA,14,FEDERAL,PÚBLICA,SUDESTE,RJ,RIO DE JANEIRO,ACADÊMICO,INSTRUMENTAÇÃO E ÓPTICA APLICADA,4,2015,EM FUNCIONAMENTO
NÃO SE APLICA,30,FEDERAL,PÚBLICA,SUDESTE,RJ,NOVA IGUAÇU,ACADÊMICO,DESENVOLVIMENTO REGIONAL E SISTEMAS PRODUTIVOS,3,2019,EM FUNCIONAMENTO
NÃO SE APLICA,13,FEDERAL,PÚBLICA,SUDESTE,RJ,RIO DE JANEIRO,ACADÊMICO,ENGENHARIA DE PRODUÇÃO E SISTEMAS,4,1992,EM FUNCIONAMENTO
NÃO SE APLICA,14,FEDERAL,PÚBLICA,SUDESTE,RJ,RIO DE JANEIRO,ACADÊMICO,ENGENHARIA ELÉTRICA,3,2009,EM FUNCIONAMENTO
NÃO SE APLICA,47,FEDERAL,PÚBLICA,SUDESTE,RJ,RIO DE JANEIRO,ACADÊMICO,ENGENHARIA MECÂNICA E TECNOLOGIA DE MATERIAIS,4,2008,EM FUNCIONAMENTO
NÃO SE APLICA,2,FEDERAL,PÚBLICA,SUDESTE,RJ,RIO DE JANEIRO,ACADÊMICO,CIÊNCIA DA COMPUTAÇÃO,3,2016,EM FUNCIONAMENTO
ENSINO DE CIÊNCIAS E MATEMÁTICA,46,FEDERAL,PÚBLICA,SUDESTE,RJ,RIO DE JANEIRO,ACADÊMICO,CIÊNCIA TECNOLOGIA E EDUCAÇÃO,6,2010,EM FUNCIONAMENTO
PSICOLOGIA SOCIAL,37,PARTICULAR,PRIVADA,SUDESTE,RJ,NITERÓI,ACADÊMICO,PSICOLOGIA,5,2006,EM FUNCIONAMENTO
NÃO SE APLICA,40,PARTICULAR,PRIVADA,SUDESTE,RJ,NITERÓI,ACADÊMICO,HISTÓRIA,4,2006,EM FUNCIONAMENTO
NÃO SE APLICA,21,PARTICULAR,PRIVADA,SUDESTE,RJ,NITERÓI,ACADÊMICO,CIÊNCIAS DA ATIVIDADE FÍSICA,3,2006,EM FUNCIONAMENTO
CIRURGIA,17,PARTICULAR,PRIVADA,SUDESTE,RJ,VASSOURAS,PROFISSIONAL,CIÊNCIAS APLICADAS EM SAÚDE,4,2016,EM FUNCIONAMENTO
NÃO SE APLICA,24,PARTICULAR,PRIVADA,SUDESTE,RJ,VASSOURAS,PROFISSIONAL,DIAGNÓSTICO EM MEDICINA VETERINÁRIA,3,2017,EM FUNCIONAMENTO
NÃO SE APLICA,49,PARTICULAR,PRIVADA,SUDESTE,RJ,VASSOURAS,PROFISSIONAL,CIÊNCIAS AMBIENTAIS,3,2011,EM FUNCIONAMENTO
"SOCIAIS, CULTURAS E HUMANIDADES",45,PARTICULAR,PRIVADA,SUDESTE,RJ,RIO DE JANEIRO,ACADÊMICO,"PSICANÁLISE, SAÚDE E SOCIEDADE",4,2006,EM FUNCIONAMENTO
NÃO SE APLICA,49,PARTICULAR,PRIVADA,SUDESTE,RJ,RIO DE JANEIRO,PROFISSIONAL,CIÊNCIAS DO MEIO AMBIENTE,3,2013,EM FUNCIONAMENTO
NÃO SE APLICA,18,PARTICULAR,PRIVADA,SUDESTE,RJ,RIO DE JANEIRO,ACADÊMICO,ODONTOLOGIA,4,2003,EM FUNCIONAMENTO
NÃO SE APLICA,18,PARTICULAR,PRIVADA,SUDESTE,RJ,RIO DE JANEIRO,ACADÊMICO,ODONTOLOGIA,4,2018,EM FUNCIONAMENTO
NÃO SE APLICA,26,PARTICULAR,PRIVADA,SUDESTE,RJ,RIO DE JANEIRO,ACADÊMICO,DIREITO,4,2014,EM FUNCIONAMENTO
NÃO SE APLICA,30,PARTICULAR,PRIVADA,SUDESTE,RJ,CAMPOS DOS GOYTACAZES,ACADÊMICO,PLANEJAMENTO REGIONAL E GESTÃO DA CIDADE,5,2001,EM FUNCIONAMENTO
NÃO SE APLICA,28,PARTICULAR,PRIVADA,SUDESTE,RJ,RIO DE JANEIRO,PROFISSIONAL,ECONOMIA E GESTÃO EMPRESARIAL,3,1992,EM FUNCIONAMENTO
NÃO SE APLICA,34,PARTICULAR,PRIVADA,SUDESTE,RJ,RIO DE JANEIRO,ACADÊMICO,SOCIOLOGIA POLÍTICA,4,2015,EM FUNCIONAMENTO
NÃO SE APLICA,34,ESTADUAL,PÚBLICA,SUDESTE,RJ,CAMPOS DOS GOYTACAZES,ACADÊMICO,SOCIOLOGIA POLÍTICA,5,2007,EM FUNCIONAMENTO
NÃO SE APLICA,10,ESTADUAL,PÚBLICA,SUDESTE,RJ,CAMPOS DOS GOYTACAZES,ACADÊMICO,ENGENHARIA CIVIL,4,2003,EM FUNCIONAMENTO
"ENGENHARIA, TECNOLOGIA E GESTÃO",45,ESTADUAL,PÚBLICA,SUDESTE,RJ,CAMPOS DOS GOYTACAZES,ACADÊMICO,CIÊNCIAS NATURAIS,5,2003,EM FUNCIONAMENTO
NÃO SE APLICA,5,ESTADUAL,PÚBLICA,SUDESTE,RJ,CAMPOS DOS GOYTACAZES,PROFISSIONAL,CLIMA E ENERGIA,A,2024,EM FUNCIONAMENTO
NÃO SE APLICA,23,ESTADUAL,PÚBLICA,SUDESTE,RJ,CAMPOS DOS GOYTACAZES,ACADÊMICO,CIÊNCIA ANIMAL,4,1994,EM FUNCIONAMENTO
NÃO SE APLICA,6,ESTADUAL,PÚBLICA,SUDESTE,RJ,CAMPOS DOS GOYTACAZES,ACADÊMICO,BIOCIÊNCIAS E BIOTECNOLOGIA,4,1994,EM FUNCIONAMENTO
"SOCIAIS, CULTURAS E HUMANIDADES",45,ESTADUAL,PÚBLICA,SUDESTE,RJ,CAMPOS DOS GOYTACAZES,ACADÊMICO,POLÍTICAS SOCIAIS,4,1999,EM FUNCIONAMENTO
"SOCIAIS, CULTURAS E HUMANIDADES",45,ESTADUAL,PÚBLICA,SUDESTE,RJ,CAMPOS DOS GOYTACAZES,ACADÊMICO,COGNIÇÃO E LINGUAGEM,5,1999,EM FUNCIONAMENTO
NÃO SE APLICA,12,ESTADUAL,PÚBLICA,SUDESTE,RJ,CAMPOS DOS GOYTACAZES,ACADÊMICO,ENGENHARIA E CIÊNCIA DOS MATERIAIS,4,1994,EM FUNCIONAMENTO
NÃO SE APLICA,7,ESTADUAL,PÚBLICA,SUDESTE,RJ,CAMPOS DOS GOYTACAZES,ACADÊMICO,ECOLOGIA E RECURSOS NATURAIS,5,2005,EM FUNCIONAMENTO
NÃO SE APLICA,48,ESTADUAL,PÚBLICA,SUDESTE,RJ,CAMPOS DOS GOYTACAZES,ACADÊMICO,BIOTECNOLOGIA VEGETAL,5,2016,EM FUNCIONAMENTO
NÃO SE APLICA,13,ESTADUAL,PÚBLICA,SUDESTE,RJ,MACAÉ,ACADÊMICO,ENGENHARIA DE RESERVATÓRIO E DE EXPLORAÇÃO,4,1995,EM FUNCIONAMENTO
NÃO SE APLICA,42,ESTADUAL,PÚBLICA,SUDESTE,RJ,CAMPOS DOS GOYTACAZES,ACADÊMICO,PRODUÇÃO VEGETAL,5,1994,EM FUNCIONAMENTO
NÃO SE APLICA,24,ESTADUAL,PÚBLICA,SUDESTE,RJ,CAMPOS DOS GOYTACAZES,ACADÊMICO,MEDICINA VETERINÁRIA,A,2024,EM FUNCIONAMENTO
FITOTECNIA,42,ESTADUAL,PÚBLICA,SUDESTE,RJ,CAMPOS DOS GOYTACAZES,ACADÊMICO,GENÉTICA E MELHORAMENTO DE PLANTAS,6,2005,EM FUNCIONAMENTO
NÃO SE APLICA,27,PARTICULAR,PRIVADA,SUDESTE,RJ,RIO DE JANEIRO,PROFISSIONAL,ADMINISTRAÇÃO,4,1999,EM FUNCIONAMENTO
NÃO SE APLICA,28,PARTICULAR,PRIVADA,SUDESTE,RJ,RIO DE JANEIRO,PROFISSIONAL,ECONOMIA,4,2000,EM FUNCIONAMENTO
FISIOLOGIA GERAL,8,PARTICULAR,PRIVADA,SUDESTE,RJ,DUQUE DE CAXIAS,ACADÊMICO,BIOMEDICINA TRANSLACIONAL,4,2015,EM FUNCIONAMENTO
NÃO SE APLICA,18,PARTICULAR,PRIVADA,SUDESTE,RJ,DUQUE DE CAXIAS,ACADÊMICO,ODONTOLOGIA,4,2000,EM FUNCIONAMENTO
"SOCIAIS, CULTURAS E HUMANIDADES",45,PARTICULAR,PRIVADA,SUDESTE,RJ,DUQUE DE CAXIAS,ACADÊMICO,"HUMANIDADES, CULTURAS E ARTES",4,2008,EM FUNCIONAMENTO
NÃO SE APLICA,46,PARTICULAR,PRIVADA,SUDESTE,RJ,DUQUE DE CAXIAS,PROFISSIONAL,ENSINO DE CIÊNCIAS E SAÚDE,4,2007,EM FUNCIONAMENTO
NÃO SE APLICA,27,PARTICULAR,PRIVADA,SUDESTE,RJ,DUQUE DE CAXIAS,ACADÊMICO,ADMINISTRAÇÃO,5,2007,EM FUNCIONAMENTO
NÃO SE APLICA,18,PARTICULAR,PRIVADA,SUDESTE,RJ,DUQUE DE CAXIAS,ACADÊMICO,ODONTOLOGIA,4,2016,EM FUNCIONAMENTO
"ENGENHARIA, TECNOLOGIA E GESTÃO",45,FEDERAL,PÚBLICA,SUDESTE,RJ,PETRÓPOLIS,ACADÊMICO,MODELAGEM COMPUTACIONAL,7,2000,EM FUNCIONAMENTO
NÃO SE APLICA,29,FEDERAL,PÚBLICA,SUDESTE,RJ,CAMPOS DOS GOYTACAZES,PROFISSIONAL,ARQUITETURA E URBANISMO (PPGAU-IFF),3,2019,EM FUNCIONAMENTO
"ENGENHARIA, TECNOLOGIA E GESTÃO",45,FEDERAL,PÚBLICA,SUDESTE,RJ,CAMPOS DOS GOYTACAZES,PROFISSIONAL,SISTEMAS APLICADOS À ENGENHARIA E GESTÃO,4,2016,EM FUNCIONAMENTO
NÃO SE APLICA,49,FEDERAL,PÚBLICA,SUDESTE,RJ,CAMPOS DOS GOYTACAZES,PROFISSIONAL,MODELAGEM E TECNOLOGIA PARA MEIO AMBIENTE APLICADAS EM RECURSOS HÍDRICOS - AMBHIDRO,4,2020,EM FUNCIONAMENTO
SANEAMENTO AMBIENTAL,10,FEDERAL,PÚBLICA,SUDESTE,RJ,MACAÉ,PROFISSIONAL,ENGENHARIA AMBIENTAL,3,2006,EM FUNCIONAMENTO
NÃO SE APLICA,46,FEDERAL,PÚBLICA,SUDESTE,RJ,CAMPOS DOS GOYTACAZES,PROFISSIONAL,ENSINO E SUAS TECNOLOGIAS,4,2017,EM FUNCIONAMENTO
NÃO SE APLICA,18,PARTICULAR,PRIVADA,SUDESTE,RJ,NOVA IGUAÇU,ACADÊMICO,ODONTOLOGIA,A,2024,EM FUNCIONAMENTO
SAÚDE E BIOLÓGICAS,45,PARTICULAR,PRIVADA,SUDESTE,RJ,NOVA IGUAÇU,ACADÊMICO,VIGILÂNCIA EM SAÚDE,A,2024,EM FUNCIONAMENTO
NÃO SE APLICA,30,FEDERAL,PÚBLICA,SUDESTE,RJ,RIO DE JANEIRO,ACADÊMICO,"POPULAÇÃO, TERRITÓRIO E ESTATÍSTICAS PÚBLICAS",5,1998,EM FUNCIONAMENTO
NÃO SE APLICA,41,FEDERAL,PÚBLICA,SUDESTE,RJ,RIO DE JANEIRO,PROFISSIONAL,EDUCAÇÃO BILÍNGUE,3,2019,EM FUNCIONAMENTO
NÃO SE APLICA,46,FEDERAL,PÚBLICA,SUDESTE,RJ,RIO DE JANEIRO,PROFISSIONAL,ENSINO NA TEMÁTICA DA DEFICIÊNCIA VISUAL,A,2021,EM FUNCIONAMENTO
ENSINO DE CIÊNCIAS E MATEMÁTICA,46,FEDERAL,PÚBLICA,SUDESTE,RJ,RIO DE JANEIRO,PROFISSIONAL,PRÁTICAS DE EDUCAÇÃO BÁSICA,4,2013,EM FUNCIONAMENTO
NÃO SE APLICA,25,FEDERAL,PÚBLICA,SUDESTE,RJ,RIO DE JANEIRO,PROFISSIONAL,CIÊNCIA E TECNOLOGIA DE ALIMENTOS,5,2011,EM FUNCIONAMENTO
NÃO SE APLICA,46,FEDERAL,PÚBLICA,SUDESTE,RJ,NILÓPOLIS,PROFISSIONAL,ENSINO DE CIÊNCIAS,5,2008,EM FUNCIONAMENTO
NÃO SE APLICA,31,FEDERAL,PÚBLICA,SUDESTE,RJ,RIO DE JANEIRO,PROFISSIONAL,PRESERVAÇÃO DE ACERVOS DE CIÊNCIA E TECNOLOGIA,4,2015,EM FUNCIONAMENTO
SAÚDE E BIOLÓGICAS,45,FEDERAL,PÚBLICA,SUDESTE,RJ,RIO DE JANEIRO,ACADÊMICO,RADIOPROTEÇÃO E DOSIMETRIA,3,2001,EM FUNCIONAMENTO
NÃO SE APLICA,7,FEDERAL,PÚBLICA,SUDESTE,RJ,RIO DE JANEIRO,PROFISSIONAL,BIODIVERSIDADE EM UNIDADES DE CONSERVAÇÃO,5,2012,EM FUNCIONAMENTO
NÃO SE APLICA,7,FEDERAL,PÚBLICA,SUDESTE,RJ,RIO DE JANEIRO,ACADÊMICO,BOTÂNICA,5,2003,EM FUNCIONAMENTO
NÃO SE APLICA,12,FEDERAL,PÚBLICA,SUDESTE,RJ,RIO DE JANEIRO,ACADÊMICO,CIÊNCIA E TECNOLOGIA NUCLEARES,3,2010,EM FUNCIONAMENTO
CLÍNICA MÉDICA,15,FEDERAL,PÚBLICA,SUDESTE,RJ,RIO DE JANEIRO,ACADÊMICO,ONCOLOGIA,6,2005,EM FUNCIONAMENTO
NÃO SE APLICA,22,FEDERAL,PÚBLICA,SUDESTE,RJ,RIO DE JANEIRO,PROFISSIONAL,SAÚDE COLETIVA E CONTROLE DO CÂNCER,A,2021,EM FUNCIONAMENTO
NÃO SE APLICA,21,PARTICULAR,PRIVADA,SUDESTE,RJ,RIO DE JANEIRO,ACADÊMICO,CIÊNCIAS DA REABILITAÇÃO,4,2010,EM FUNCIONAMENTO
NÃO SE APLICA,49,PARTICULAR,PRIVADA,SUDESTE,RJ,RIO DE JANEIRO,PROFISSIONAL,DESENVOLVIMENTO LOCAL,5,2006,EM FUNCIONAMENTO
"SOCIAIS, CULTURAS E HUMANIDADES",45,PARTICULAR,PRIVADA,SUDESTE,RJ,RIO DE JANEIRO,PROFISSIONAL,AVALIAÇÃO,4,2007,EM FUNCIONAMENTO
NÃO SE APLICA,47,PARTICULAR,PRIVADA,SUDESTE,RJ,VOLTA REDONDA,PROFISSIONAL,MATERIAIS,4,2009,EM FUNCIONAMENTO
NÃO SE APLICA,46,PARTICULAR,PRIVADA,SUDESTE,RJ,VOLTA REDONDA,PROFISSIONAL,ENSINO EM CIÊNCIAS DA SAÚDE E DO MEIO AMBIENTE,5,2007,EM FUNCIONAMENTO
"ENGENHARIA, TECNOLOGIA E GESTÃO",45,FEDERAL,PÚBLICA,SUDESTE,RJ,RIO DE JANEIRO,PROFISSIONAL,PROPRIEDADE INTELECTUAL E INOVAÇÃO,5,2007,EM FUNCIONAMENTO
GERÊNCIA DE PRODUÇÃO,13,FEDERAL,PÚBLICA,SUDESTE,RJ,DUQUE DE CAXIAS,PROFISSIONAL,METROLOGIA E QUALIDADE,3,2009,EM FUNCIONAMENTO
"ENGENHARIA, TECNOLOGIA E GESTÃO",45,FEDERAL,PÚBLICA,SUDESTE,RJ,DUQUE DE CAXIAS,ACADÊMICO,METROLOGIA,4,2019,EM FUNCIONAMENTO
NÃO SE APLICA,48,FEDERAL,PÚBLICA,SUDESTE,RJ,DUQUE DE CAXIAS,ACADÊMICO,BIOTECNOLOGIA,4,2013,EM FUNCIONAMENTO
NÃO SE APLICA,39,FEDERAL,PÚBLICA,SUDESTE,RJ,RIO DE JANEIRO,PROFISSIONAL,ESTUDOS MARÍTIMOS,5,2014,EM FUNCIONAMENTO
EPIDEMIOLOGIA,22,FEDERAL,PÚBLICA,SUDESTE,RJ,RIO DE JANEIRO,PROFISSIONAL,AVALIAÇÃO DE TECNOLOGIAS EM SAÚDE,4,2013,EM FUNCIONAMENTO
CLÍNICA MÉDICA,15,FEDERAL,PÚBLICA,SUDESTE,RJ,RIO DE JANEIRO,PROFISSIONAL,CIÊNCIAS CARDIOVASCULARES,3,2013,EM FUNCIONAMENTO
NÃO SE APLICA,51,PARTICULAR,PRIVADA,SUDESTE,RJ,RIO DE JANEIRO,PROFISSIONAL,MATEMÁTICA EM REDE NACIONAL,5,2011,EM FUNCIONAMENTO
"SOCIAIS, CULTURAS E HUMANIDADES",45,FEDERAL,PÚBLICA,SUDESTE,RJ,RIO DE JANEIRO,PROFISSIONAL,PRESERVAÇÃO DO PATRIMÔNIO CULTURAL,4,2011,EM FUNCIONAMENTO
NÃO SE APLICA,49,ESTADUAL,PÚBLICA,SUDESTE,RJ,RIO DE JANEIRO,PROFISSIONAL,CIÊNCIA E TECNOLOGIA AMBIENTAL,3,2015,EM FUNCIONAMENTO
NÃO SE APLICA,47,ESTADUAL,PÚBLICA,SUDESTE,RJ,RIO DE JANEIRO,PROFISSIONAL,CIÊNCIA E TECNOLOGIA DE MATERIAIS,3,2012,EM FUNCIONAMENTO
"SOCIAIS, CULTURAS E HUMANIDADES",45,PARTICULAR,PRIVADA,SUDESTE,RJ,RIO DE JANEIRO,PROFISSIONAL,NOVAS TECNOLOGIAS DIGITAIS NA EDUCAÇÃO,4,2017,EM FUNCIONAMENTO
NÃO SE APLICA,21,FEDERAL,PÚBLICA,SUDESTE,RJ,RIO DE JANEIRO,PROFISSIONAL,DESEMPENHO HUMANO OPERACIONAL,A,2021,EM FUNCIONAMENTO
NÃO SE APLICA,39,FEDERAL,PÚBLICA,SUDESTE,RJ,RIO DE JANEIRO,PROFISSIONAL,CIÊNCIAS AEROESPACIAIS,5,2012,EM FUNCIONAMENTO
NÃO SE APLICA,39,FEDERAL,PÚBLICA,SUDESTE,RJ,RIO DE JANEIRO,ACADÊMICO,CIÊNCIAS MILITARES,5,2013,EM FUNCIONAMENTO
NÃO SE APLICA,8,FEDERAL,PÚBLICA,SUDESTE,RJ,RIO DE JANEIRO,PROFISSIONAL,CIÊNCIAS APLICADAS AO SISTEMA MUSCULOESQUELÉTICO,5,2013,EM FUNCIONAMENTO
NÃO SE APLICA,27,PARTICULAR,PRIVADA,SUDESTE,MG,NOVA LIMA,PROFISSIONAL,GESTÃO CONTEMPORÂNEA DAS ORGANIZAÇÕES,4,2016,EM FUNCIONAMENTO
SAÚDE E BIOLÓGICAS,45,PARTICULAR,PRIVADA,SUDESTE,MG,SETE LAGOAS,PROFISSIONAL,EVIDÊNCIAS CIENTÍFICAS PARA A SAÚDE,A,2022,EM FUNCIONAMENTO
NÃO SE APLICA,45,FEDERAL,PÚBLICA,SUDESTE,MG,GOVERNADOR VALADARES,ACADÊMICO,CIÊNCIAS APLICADAS À SAÚDE,3,2019,EM FUNCIONAMENTO
CIÊNCIAS CONTÁBEIS,27,PARTICULAR,PRIVADA,SUDESTE,MG,BELO HORIZONTE,PROFISSIONAL,CONTABILIDADE E ADMINISTRAÇÃO,A,2021,EM FUNCIONAMENTO
"ENGENHARIA, TECNOLOGIA E GESTÃO",45,PARTICULAR,PRIVADA,SUDESTE,MG,ITAJUBÁ,PROFISSIONAL,ENERGIA INTELIGENTE,A,2021,EM FUNCIONAMENTO
ODONTOLOGIA SOCIAL E PREVENTIVA,18,FEDERAL,PÚBLICA,SUDESTE,MG,BELO HORIZONTE,PROFISSIONAL,ODONTOLOGIA EM SAÚDE PÚBLICA,5,2014,EM FUNCIONAMENTO
NÃO SE APLICA,42,FEDERAL,PÚBLICA,SUDESTE,MG,MONTES CLAROS,ACADÊMICO,PRODUÇÃO VEGETAL,4,2006,EM FUNCIONAMENTO
NÃO SE APLICA,3,FEDERAL,PÚBLICA,SUDESTE,MG,BELO HORIZONTE,ACADÊMICO,FÍSICA,7,1968,EM FUNCIONAMENTO
NÃO SE APLICA,21,FEDERAL,PÚBLICA,SUDESTE,MG,BELO HORIZONTE,ACADÊMICO,ESTUDOS DA OCUPAÇÃO,3,2019,EM FUNCIONAMENTO
NÃO SE APLICA,38,FEDERAL,PÚBLICA,SUDESTE,MG,BELO HORIZONTE,ACADÊMICO,EDUCAÇÃO,7,1972,EM FUNCIONAMENTO
NÃO SE APLICA,13,FEDERAL,PÚBLICA,SUDESTE,MG,BELO HORIZONTE,ACADÊMICO,ENGENHARIA DE PRODUÇÃO,4,1995,EM FUNCIONAMENTO
NÃO SE APLICA,24,FEDERAL,PÚBLICA,SUDESTE,MG,BELO HORIZONTE,ACADÊMICO,CIÊNCIA ANIMAL,7,1989,EM FUNCIONAMENTO
NÃO SE APLICA,39,FEDERAL,PÚBLICA,SUDESTE,MG,BELO HORIZONTE,ACADÊMICO,CIÊNCIA POLÍTICA,7,1969,EM FUNCIONAMENTO
NÃO SE APLICA,8,FEDERAL,PÚBLICA,SUDESTE,MG,BELO HORIZONTE,ACADÊMICO,CIÊNCIAS BIOLÓGICAS (FISIOLOGIA E FARMACOLOGIA),7,1972,EM FUNCIONAMENTO
NÃO SE APLICA,35,FEDERAL,PÚBLICA,SUDESTE,MG,BELO HORIZONTE,ACADÊMICO,ANTROPOLOGIA,5,2006,EM FUNCIONAMENTO
SAÚDE E BIOLÓGICAS,45,FEDERAL,PÚBLICA,SUDESTE,MG,BELO HORIZONTE,ACADÊMICO,NEUROCIÊNCIAS,4,2007,EM FUNCIONAMENTO
NÃO SE APLICA,42,FEDERAL,PÚBLICA,SUDESTE,MG,MONTES CLAROS,ACADÊMICO,CIÊNCIAS FLORESTAIS,3,2019,EM FUNCIONAMENTO
CIÊNCIA DE ALIMENTOS,25,FEDERAL,PÚBLICA,SUDESTE,MG,BELO HORIZONTE,ACADÊMICO,CIÊNCIAS DE ALIMENTOS,4,1974,EM FUNCIONAMENTO
NÃO SE APLICA,31,FEDERAL,PÚBLICA,SUDESTE,MG,BELO HORIZONTE,ACADÊMICO,GESTÃO & ORGANIZAÇÃO DO CONHECIMENTO,5,2016,EM FUNCIONAMENTO
NÃO SE APLICA,21,FEDERAL,PÚBLICA,SUDESTE,MG,BELO HORIZONTE,ACADÊMICO,CIÊNCIAS DA REABILITAÇÃO,6,2002,EM FUNCIONAMENTO
ESTRUTURAS,10,FEDERAL,PÚBLICA,SUDESTE,MG,BELO HORIZONTE,ACADÊMICO,ENGENHARIA DE ESTRUTURAS,5,1988,EM FUNCIONAMENTO
NÃO SE APLICA,27,FEDERAL,PÚBLICA,SUDESTE,MG,BELO HORIZONTE,ACADÊMICO,ADMINISTRAÇÃO,4,1973,EM FUNCIONAMENTO
NÃO SE APLICA,29,FEDERAL,PÚBLICA,SUDESTE,MG,BELO HORIZONTE,ACADÊMICO,ARQUITETURA E URBANISMO,7,1995,EM FUNCIONAMENTO
CIÊNCIAS CONTÁBEIS,27,FEDERAL,PÚBLICA,SUDESTE,MG,BELO HORIZONTE,ACADÊMICO,CONTROLADORIA E CONTABILIDADE,5,2007,EM FUNCIONAMENTO
NÃO SE APLICA,13,FEDERAL,PÚBLICA,SUDESTE,MG,BELO HORIZONTE,ACADÊMICO,ENGENHARIA MECÂNICA,5,1972,EM FUNCIONAMENTO
NÃO SE APLICA,10,FEDERAL,PÚBLICA,SUDESTE,MG,BELO HORIZONTE,ACADÊMICO,CONSTRUÇÃO CIVIL,4,2005,EM FUNCIONAMENTO
NÃO SE APLICA,41,FEDERAL,PÚBLICA,SUDESTE,MG,BELO HORIZONTE,ACADÊMICO,ESTUDOS LINGÜÍSTICOS,6,1998,EM FUNCIONAMENTO
NÃO SE APLICA,9,FEDERAL,PÚBLICA,SUDESTE,MG,BELO HORIZONTE,ACADÊMICO,CIÊNCIAS BIOLÓGICAS (MICROBIOLOGIA),7,1970,EM FUNCIONAMENTO
NÃO SE APLICA,34,FEDERAL,PÚBLICA,SUDESTE,MG,BELO HORIZONTE,ACADÊMICO,SOCIOLOGIA,6,1981,EM FUNCIONAMENTO
NÃO SE APLICA,37,FEDERAL,PÚBLICA,SUDESTE,MG,BELO HORIZONTE,ACADÊMICO,PSICOLOGIA,5,1989,EM FUNCIONAMENTO
NÃO SE APLICA,15,FEDERAL,PÚBLICA,SUDESTE,MG,BELO HORIZONTE,ACADÊMICO,MEDICINA MOLECULAR,6,2011,EM FUNCIONAMENTO
NÃO SE APLICA,19,FEDERAL,PÚBLICA,SUDESTE,MG,BELO HORIZONTE,ACADÊMICO,CIÊNCIAS FARMACÊUTICAS,6,1996,EM FUNCIONAMENTO
NÃO SE APLICA,8,FEDERAL,PÚBLICA,SUDESTE,MG,BELO HORIZONTE,ACADÊMICO,BIOQUÍMICA E IMUNOLOGIA,7,1968,EM FUNCIONAMENTO
NÃO SE APLICA,37,FEDERAL,PÚBLICA,SUDESTE,MG,BELO HORIZONTE,ACADÊMICO,PSICOLOGIA: COGNIÇÃO E COMPORTAMENTO,5,2017,EM FUNCIONAMENTO
NÃO SE APLICA,4,FEDERAL,PÚBLICA,SUDESTE,MG,BELO HORIZONTE,ACADÊMICO,QUÍMICA,7,1967,EM FUNCIONAMENTO
NÃO SE APLICA,8,FEDERAL,PÚBLICA,SUDESTE,MG,BELO HORIZONTE,ACADÊMICO,INOVAÇÃO TECNOLÓGICA,5,2016,EM FUNCIONAMENTO
NÃO SE APLICA,50,FEDERAL,PÚBLICA,SUDESTE,MG,BELO HORIZONTE,ACADÊMICO,NUTRIÇÃO E SAÚDE,4,2014,EM FUNCIONAMENTO
NÃO SE APLICA,19,FEDERAL,PÚBLICA,SUDESTE,MG,BELO HORIZONTE,ACADÊMICO,MEDICAMENTOS E ASSISTÊNCIA FARMACÊUTICA,4,2012,EM FUNCIONAMENTO
NÃO SE APLICA,49,FEDERAL,PÚBLICA,SUDESTE,MG,BELO HORIZONTE,ACADÊMICO,ANÁLISE E MODELAGEM DE SISTEMAS AMBIENTAIS,4,2007,EM FUNCIONAMENTO
NÃO SE APLICA,22,FEDERAL,PÚBLICA,SUDESTE,MG,BELO HORIZONTE,PROFISSIONAL,PROMOÇÃO DE SAÚDE E PREVENÇÃO DA VIOLÊNCIA,5,2011,EM FUNCIONAMENTO
NÃO SE APLICA,1,FEDERAL,PÚBLICA,SUDESTE,MG,BELO HORIZONTE,ACADÊMICO,MATEMÁTICA,7,1971,EM FUNCIONAMENTO
NÃO SE APLICA,30,FEDERAL,PÚBLICA,SUDESTE,MG,BELO HORIZONTE,ACADÊMICO,DEMOGRAFIA,7,1985,EM FUNCIONAMENTO
NÃO SE APLICA,6,FEDERAL,PÚBLICA,SUDESTE,MG,BELO HORIZONTE,ACADÊMICO,BIOLOGIA CELULAR,7,1973,EM FUNCIONAMENTO
NÃO SE APLICA,51,FEDERAL,PÚBLICA,SUDESTE,MG,BELO HORIZONTE,PROFISSIONAL,PROFBIO ENSINO DE BIOLOGIA EM REDE NACIONAL,5,2017,EM FUNCIONAMENTO
NÃO SE APLICA,2,FEDERAL,PÚBLICA,SUDESTE,MG,BELO HORIZONTE,ACADÊMICO,CIÊNCIAS DA COMPUTAÇÃO,7,1974,EM FUNCIONAMENTO
NÃO SE APLICA,6,FEDERAL,PÚBLICA,SUDESTE,MG,BELO HORIZONTE,ACADÊMICO,BIOINFORMÁTICA,7,2002,EM FUNCIONAMENTO
NÃO SE APLICA,8,FEDERAL,PÚBLICA,SUDESTE,MG,BELO HORIZONTE,PROFISSIONAL,INOVAÇÃO TECNOLÓGICA E PROPRIEDADE INTELECTUAL,5,2009,EM FUNCIONAMENTO
CLÍNICA MÉDICA,17,FEDERAL,PÚBLICA,SUDESTE,MG,BELO HORIZONTE,ACADÊMICO,SAÚDE DA MULHER,3,1970,EM FUNCIONAMENTO
NÃO SE APLICA,26,FEDERAL,PÚBLICA,SUDESTE,MG,BELO HORIZONTE,ACADÊMICO,DIREITO,7,1931,EM FUNCIONAMENTO
MÚSICA,11,FEDERAL,PÚBLICA,SUDESTE,MG,BELO HORIZONTE,ACADÊMICO,MÚSICA,5,1999,EM FUNCIONAMENTO
NÃO SE APLICA,21,FEDERAL,PÚBLICA,SUDESTE,MG,BELO HORIZONTE,ACADÊMICO,CIÊNCIAS DO ESPORTE,6,1989,EM FUNCIONAMENTO
NÃO SE APLICA,12,FEDERAL,PÚBLICA,SUDESTE,MG,BELO HORIZONTE,PROFISSIONAL,"ENGENHARIA METALÚRGICA, MATERIAIS E DE MINAS",3,2017,EM FUNCIONAMENTO
NÃO SE APLICA,6,FEDERAL,PÚBLICA,SUDESTE,MG,BELO HORIZONTE,ACADÊMICO,GENÉTICA,6,1998,EM FUNCIONAMENTO
NÃO SE APLICA,18,FEDERAL,PÚBLICA,SUDESTE,MG,BELO HORIZONTE,ACADÊMICO,ODONTOLOGIA,7,1979,EM FUNCIONAMENTO
NÃO SE APLICA,7,FEDERAL,PÚBLICA,SUDESTE,MG,BELO HORIZONTE,ACADÊMICO,ZOOLOGIA,4,2011,EM FUNCIONAMENTO
GEOLOGIA,5,FEDERAL,PÚBLICA,SUDESTE,MG,BELO HORIZONTE,ACADÊMICO,GEOLOGIA,5,1988,EM FUNCIONAMENTO
NÃO SE APLICA,11,FEDERAL,PÚBLICA,SUDESTE,MG,BELO HORIZONTE,ACADÊMICO,ARTES,6,1995,EM FUNCIONAMENTO
NÃO SE APLICA,12,FEDERAL,PÚBLICA,SUDESTE,MG,BELO HORIZONTE,ACADÊMICO,"ENGENHARIA METALÚRGICA, MATERIAIS E DE MINAS",6,1971,EM FUNCIONAMENTO
NÃO SE APLICA,7,FEDERAL,PÚBLICA,SUDESTE,MG,BELO HORIZONTE,ACADÊMICO,ECOLOGIA (CONSERVAÇÃO E MANEJO DA VIDA SILVESTRE),6,1989,EM FUNCIONAMENTO
NÃO SE APLICA,10,FEDERAL,PÚBLICA,SUDESTE,MG,BELO HORIZONTE,ACADÊMICO,"SANEAMENTO, MEIO AMBIENTE E RECURSOS HÍDRICOS",7,1972,EM FUNCIONAMENTO
NÃO SE APLICA,31,FEDERAL,PÚBLICA,SUDESTE,MG,BELO HORIZONTE,ACADÊMICO,CIÊNCIAS DA INFORMAÇÃO,5,1976,EM FUNCIONAMENTO
POLÍTICAS E DESENVOLVIMENTO DE TERRITÓRIOS,45,FEDERAL,PÚBLICA,SUDESTE,MG,MONTES CLAROS,ACADÊMICO,ALIMENTOS E SAÚDE,3,2019,EM FUNCIONAMENTO
CIRURGIA,17,FEDERAL,PÚBLICA,SUDESTE,MG,BELO HORIZONTE,ACADÊMICO,CIÊNCIAS APLICADAS À CIRURGIA E À OFTALMOLOGIA,5,1972,EM FUNCIONAMENTO
NÃO SE APLICA,23,FEDERAL,PÚBLICA,SUDESTE,MG,BELO HORIZONTE,ACADÊMICO,ZOOTECNIA,5,1969,EM FUNCIONAMENTO
NÃO SE APLICA,12,FEDERAL,PÚBLICA,SUDESTE,MG,BELO HORIZONTE,ACADÊMICO,ENGENHARIA QUÍMICA,4,1992,EM FUNCIONAMENTO
NÃO SE APLICA,40,FEDERAL,PÚBLICA,SUDESTE,MG,BELO HORIZONTE,ACADÊMICO,HISTÓRIA,7,1990,EM FUNCIONAMENTO
NÃO SE APLICA,10,FEDERAL,PÚBLICA,SUDESTE,MG,BELO HORIZONTE,ACADÊMICO,GEOTECNIA E TRANSPORTES,3,2009,EM FUNCIONAMENTO
NÃO SE APLICA,33,FEDERAL,PÚBLICA,SUDESTE,MG,BELO HORIZONTE,ACADÊMICO,FILOSOFIA,7,1974,EM FUNCIONAMENTO
NÃO SE APLICA,9,FEDERAL,PÚBLICA,SUDESTE,MG,BELO HORIZONTE,ACADÊMICO,PARASITOLOGIA,7,1969,EM FUNCIONAMENTO
NÃO SE APLICA,22,FEDERAL,PÚBLICA,SUDESTE,MG,BELO HORIZONTE,PROFISSIONAL,GESTÃO DE SERVIÇOS DE SAÚDE,3,2018,EM FUNCIONAMENTO
NÃO SE APLICA,20,FEDERAL,PÚBLICA,SUDESTE,MG,BELO HORIZONTE,ACADÊMICO,ENFERMAGEM,6,1994,EM FUNCIONAMENTO
NÃO SE APLICA,28,FEDERAL,PÚBLICA,SUDESTE,MG,BELO HORIZONTE,ACADÊMICO,ECONOMIA,7,1968,EM FUNCIONAMENTO
NÃO SE APLICA,21,FEDERAL,PÚBLICA,SUDESTE,MG,BELO HORIZONTE,ACADÊMICO,CIÊNCIAS FONOAUDIOLÓGICAS,4,2013,EM FUNCIONAMENTO
ESTATÍSTICA,1,FEDERAL,PÚBLICA,SUDESTE,MG,BELO HORIZONTE,ACADÊMICO,ESTATÍSTICA,5,1996,EM FUNCIONAMENTO
NÃO SE APLICA,31,FEDERAL,PÚBLICA,SUDESTE,MG,BELO HORIZONTE,ACADÊMICO,COMUNICAÇÃO SOCIAL,6,1995,EM FUNCIONAMENTO
CLÍNICA MÉDICA,16,FEDERAL,PÚBLICA,SUDESTE,MG,BELO HORIZONTE,ACADÊMICO,CIÊNCIAS DA SAÚDE,4,1987,EM FUNCIONAMENTO
NÃO SE APLICA,9,FEDERAL,PÚBLICA,SUDESTE,MG,BELO HORIZONTE,PROFISSIONAL,MICROBIOLOGIA APLICADA,3,2014,EM FUNCIONAMENTO
"SOCIAIS, CULTURAS E HUMANIDADES",45,FEDERAL,PÚBLICA,SUDESTE,MG,BELO HORIZONTE,ACADÊMICO,ESTUDOS DO LAZER,5,2007,EM FUNCIONAMENTO
NÃO SE APLICA,23,FEDERAL,PÚBLICA,SUDESTE,MG,MONTES CLAROS,ACADÊMICO,PRODUÇÃO ANIMAL,4,2014,EM FUNCIONAMENTO
NÃO SE APLICA,38,FEDERAL,PÚBLICA,SUDESTE,MG,BELO HORIZONTE,PROFISSIONAL,EDUCAÇÃO E DOCÊNCIA,4,2014,EM FUNCIONAMENTO
NÃO SE APLICA,15,FEDERAL,PÚBLICA,SUDESTE,MG,BELO HORIZONTE,ACADÊMICO,CIÊNCIAS APLICADAS À SAÚDE DO ADULTO,5,2002,EM FUNCIONAMENTO
NÃO SE APLICA,41,FEDERAL,PÚBLICA,SUDESTE,MG,BELO HORIZONTE,ACADÊMICO,ESTUDOS LITERÁRIOS,6,1998,EM FUNCIONAMENTO
NÃO SE APLICA,14,FEDERAL,PÚBLICA,SUDESTE,MG,BELO HORIZONTE,ACADÊMICO,ENGENHARIA ELÉTRICA,6,1972,EM FUNCIONAMENTO
"SOCIAIS, CULTURAS E HUMANIDADES",45,FEDERAL,PÚBLICA,SUDESTE,MG,BELO HORIZONTE,ACADÊMICO,AMBIENTE CONSTRUÍDO E PATRIMÔNIO SUSTENTÁVEL,4,2007,EM FUNCIONAMENTO
SAÚDE PÚBLICA,22,FEDERAL,PÚBLICA,SUDESTE,MG,BELO HORIZONTE,ACADÊMICO,SAÚDE PÚBLICA,7,1994,EM FUNCIONAMENTO
NÃO SE APLICA,36,FEDERAL,PÚBLICA,SUDESTE,MG,BELO HORIZONTE,ACADÊMICO,GEOGRAFIA,6,1988,EM FUNCIONAMENTO
CLÍNICA MÉDICA,16,FEDERAL,PÚBLICA,SUDESTE,MG,BELO HORIZONTE,ACADÊMICO,INFECTOLOGIA E MEDICINA TROPICAL,6,1972,EM FUNCIONAMENTO
ANATOMIA PATOLÓGICA E PATOLOGIA CLÍNICA,16,FEDERAL,PÚBLICA,SUDESTE,MG,BELO HORIZONTE,ACADÊMICO,PATOLOGIA,6,1973,EM FUNCIONAMENTO
NÃO SE APLICA,12,FEDERAL,PÚBLICA,SUDESTE,MG,BELO HORIZONTE,ACADÊMICO,CIÊNCIAS TÉCNICAS NUCLEARES,5,1968,EM FUNCIONAMENTO
NÃO SE APLICA,19,FEDERAL,PÚBLICA,SUDESTE,MG,BELO HORIZONTE,ACADÊMICO,ANÁLISES CLÍNICAS E TOXICOLÓGICAS,4,2013,EM FUNCIONAMENTO
NÃO SE APLICA,30,FEDERAL,PÚBLICA,SUDESTE,MG,MONTES CLAROS,ACADÊMICO,"SOCIEDADE, AMBIENTE E TERRITÓRIO",4,2015,EM FUNCIONAMENTO
NÃO SE APLICA,7,FEDERAL,PÚBLICA,SUDESTE,MG,BELO HORIZONTE,ACADÊMICO,BIOLOGIA VEGETAL,6,2000,EM FUNCIONAMENTO
NÃO SE APLICA,42,FEDERAL,PÚBLICA,SUDESTE,MG,VIÇOSA,ACADÊMICO,ENGENHARIA AGRÍCOLA,6,1970,EM FUNCIONAMENTO
NÃO SE APLICA,40,FEDERAL,PÚBLICA,SUDESTE,MG,VIÇOSA,PROFISSIONAL,"PATRIMÔNIO CULTURAL, PAISAGENS E CIDADANIA",3,2014,EM FUNCIONAMENTO
NÃO SE APLICA,6,FEDERAL,PÚBLICA,SUDESTE,MG,VIÇOSA,ACADÊMICO,BIOLOGIA CELULAR E ESTRUTURAL,5,2004,EM FUNCIONAMENTO
NÃO SE APLICA,1,FEDERAL,PÚBLICA,SUDESTE,MG,VIÇOSA,ACADÊMICO,MATEMÁTICA,3,2008,EM FUNCIONAMENTO
NÃO SE APLICA,21,FEDERAL,PÚBLICA,SUDESTE,MG,VIÇOSA,ACADÊMICO,EDUCAÇÃO FÍSICA,5,2007,EM FUNCIONAMENTO
NÃO SE APLICA,10,FEDERAL,PÚBLICA,SUDESTE,MG,VIÇOSA,ACADÊMICO,ENGENHARIA CIVIL,5,1991,EM FUNCIONAMENTO
NÃO SE APLICA,36,FEDERAL,PÚBLICA,SUDESTE,MG,VIÇOSA,ACADÊMICO,GEOGRAFIA,3,2019,EM FUNCIONAMENTO
NÃO SE APLICA,25,FEDERAL,PÚBLICA,SUDESTE,MG,VIÇOSA,ACADÊMICO,CIÊNCIA E TECNOLOGIA DE ALIMENTOS,6,1975,EM FUNCIONAMENTO
FITOSSANIDADE,42,FEDERAL,PÚBLICA,SUDESTE,MG,VIÇOSA,PROFISSIONAL,DEFESA SANITÁRIA VEGETAL,5,2011,EM FUNCIONAMENTO
TECNOLOGIA E UTILIZAÇÃO DE PRODUTOS FLORESTAIS,42,FEDERAL,PÚBLICA,SUDESTE,MG,VIÇOSA,PROFISSIONAL,TECNOLOGIA DE CELULOSE E PAPEL,4,2008,EM FUNCIONAMENTO
NÃO SE APLICA,42,FEDERAL,PÚBLICA,SUDESTE,MG,VIÇOSA,ACADÊMICO,AGROQUÍMICA,5,1983,EM FUNCIONAMENTO
NÃO SE APLICA,42,FEDERAL,PÚBLICA,SUDESTE,MG,VIÇOSA,ACADÊMICO,CIÊNCIAS AGRÁRIAS (FISIOLOGIA VEGETAL),7,1970,EM FUNCIONAMENTO
NÃO SE APLICA,48,FEDERAL,PÚBLICA,SUDESTE,MG,VIÇOSA,ACADÊMICO,BIOQUÍMICA APLICADA,5,1999,EM FUNCIONAMENTO
NÃO SE APLICA,42,FEDERAL,PÚBLICA,SUDESTE,MG,VIÇOSA,ACADÊMICO,AGRONOMIA (FITOPATOLOGIA),7,1977,EM FUNCIONAMENTO
NÃO SE APLICA,12,FEDERAL,PÚBLICA,SUDESTE,MG,VIÇOSA,ACADÊMICO,ENGENHARIA QUIMICA,3,2016,EM FUNCIONAMENTO
NÃO SE APLICA,42,FEDERAL,PÚBLICA,SUDESTE,MG,VIÇOSA,ACADÊMICO,GENÉTICA E MELHORAMENTO,7,1976,EM FUNCIONAMENTO
NÃO SE APLICA,38,FEDERAL,PÚBLICA,SUDESTE,MG,VIÇOSA,ACADÊMICO,EDUCAÇÃO,4,2009,EM FUNCIONAMENTO
NÃO SE APLICA,2,FEDERAL,PÚBLICA,SUDESTE,MG,VIÇOSA,ACADÊMICO,CIÊNCIA DA COMPUTAÇÃO,4,2004,EM FUNCIONAMENTO
NÃO SE APLICA,29,FEDERAL,PÚBLICA,SUDESTE,MG,VIÇOSA,ACADÊMICO,ARQUITETURA E URBANISMO,4,2010,EM FUNCIONAMENTO
FITOTECNIA,42,FEDERAL,PÚBLICA,SUDESTE,MG,VIÇOSA,ACADÊMICO,FITOTECNIA (PRODUÇÃO VEGETAL),6,1961,EM FUNCIONAMENTO
NÃO SE APLICA,7,FEDERAL,PÚBLICA,SUDESTE,MG,VIÇOSA,ACADÊMICO,ECOLOGIA,5,2011,EM FUNCIONAMENTO
NÃO SE APLICA,28,FEDERAL,PÚBLICA,SUDESTE,MG,VIÇOSA,ACADÊMICO,ECONOMIA,4,2006,EM FUNCIONAMENTO
ECONOMIAS AGRÁRIA E DOS RECURSOS NATURAIS,28,FEDERAL,PÚBLICA,SUDESTE,MG,VIÇOSA,ACADÊMICO,ECONOMIA APLICADA,5,1961,EM FUNCIONAMENTO
NÃO SE APLICA,24,FEDERAL,PÚBLICA,SUDESTE,MG,VIÇOSA,ACADÊMICO,MEDICINA VETERINÁRIA,7,1996,EM FUNCIONAMENTO
NÃO SE APLICA,42,FEDERAL,PÚBLICA,SUDESTE,MG,FLORESTAL,ACADÊMICO,MANEJO E CONSERVAÇÃO DE ECOSSISTEMAS NATURAIS E AGRÁRIOS,4,2013,EM FUNCIONAMENTO
NÃO SE APLICA,42,FEDERAL,PÚBLICA,SUDESTE,MG,VIÇOSA,ACADÊMICO,AGROECOLOGIA,4,2011,EM FUNCIONAMENTO
NÃO SE APLICA,15,FEDERAL,PÚBLICA,SUDESTE,MG,VIÇOSA,PROFISSIONAL,CIÊNCIAS DA SAÚDE,4,2016,EM FUNCIONAMENTO
FÍSICA DA MATÉRIA CONDENSADA,3,FEDERAL,PÚBLICA,SUDESTE,MG,VIÇOSA,ACADÊMICO,FÍSICA,5,2001,EM FUNCIONAMENTO
NÃO SE APLICA,42,FEDERAL,PÚBLICA,SUDESTE,MG,VIÇOSA,ACADÊMICO,AGRONOMIA (METEOROLOGIA APLICADA),5,1981,EM FUNCIONAMENTO
NÃO SE APLICA,50,FEDERAL,PÚBLICA,SUDESTE,MG,VIÇOSA,ACADÊMICO,CIÊNCIA DA NUTRIÇÃO,7,2001,EM FUNCIONAMENTO
NÃO SE APLICA,42,FEDERAL,PÚBLICA,SUDESTE,MG,VIÇOSA,ACADÊMICO,ENTOMOLOGIA,7,1984,EM FUNCIONAMENTO
NÃO SE APLICA,41,FEDERAL,PÚBLICA,SUDESTE,MG,VIÇOSA,ACADÊMICO,LETRAS,4,2009,EM FUNCIONAMENTO
ZOOLOGIA APLICADA,7,FEDERAL,PÚBLICA,SUDESTE,MG,VIÇOSA,ACADÊMICO,BIOLOGIA ANIMAL,4,2006,EM FUNCIONAMENTO
NÃO SE APLICA,42,FEDERAL,PÚBLICA,SUDESTE,MG,VIÇOSA,ACADÊMICO,AGRONOMIA (PRODUÇÃO VEGETAL),4,2011,EM FUNCIONAMENTO
NÃO SE APLICA,7,FEDERAL,PÚBLICA,SUDESTE,MG,VIÇOSA,ACADÊMICO,BOTÂNICA,5,1995,EM FUNCIONAMENTO
ADMINISTRAÇÃO PÚBLICA,27,FEDERAL,PÚBLICA,SUDESTE,MG,VIÇOSA,ACADÊMICO,ADMINISTRAÇÃO,5,2005,EM FUNCIONAMENTO
FITOSSANIDADE,42,FEDERAL,PÚBLICA,SUDESTE,MG,VIÇOSA,ACADÊMICO,MICROBIOLOGIA AGRÍCOLA,7,1970,EM FUNCIONAMENTO
NÃO SE APLICA,23,FEDERAL,PÚBLICA,SUDESTE,MG,VIÇOSA,ACADÊMICO,ZOOTECNIA,7,1962,EM FUNCIONAMENTO
NÃO SE APLICA,32,FEDERAL,PÚBLICA,SUDESTE,MG,VIÇOSA,ACADÊMICO,ECONOMIA DOMÉSTICA,5,1992,EM FUNCIONAMENTO
CIÊNCIA DO SOLO,42,FEDERAL,PÚBLICA,SUDESTE,MG,VIÇOSA,ACADÊMICO,AGRONOMIA (SOLOS E NUTRIÇÃO DE PLANTAS),6,1977,EM FUNCIONAMENTO
EXTENSÃO RURAL,42,FEDERAL,PÚBLICA,SUDESTE,MG,VIÇOSA,ACADÊMICO,EXTENSÃO RURAL,5,1968,EM FUNCIONAMENTO
NÃO SE APLICA,42,FEDERAL,PÚBLICA,SUDESTE,MG,VIÇOSA,ACADÊMICO,ESTATÍSTICA APLICADA E BIOMETRIA,5,2006,EM FUNCIONAMENTO
NÃO SE APLICA,42,FEDERAL,PÚBLICA,SUDESTE,MG,VIÇOSA,ACADÊMICO,CIÊNCIA FLORESTAL,6,1975,EM FUNCIONAMENTO
ENSINO DE CIÊNCIAS E MATEMÁTICA,46,FEDERAL,PÚBLICA,SUDESTE,MG,VIÇOSA,PROFISSIONAL,EDUCAÇÃO EM CIÊNCIAS E MATEMÁTICA,3,2020,EM FUNCIONAMENTO
NÃO SE APLICA,27,FEDERAL,PÚBLICA,SUDESTE,MG,ITAJUBÁ,PROFISSIONAL,ADMINISTRAÇÃO,3,2014,EM FUNCIONAMENTO
"SOCIAIS, CULTURAS E HUMANIDADES",45,FEDERAL,PÚBLICA,SUDESTE,MG,ITAJUBÁ,ACADÊMICO,"DESENVOLVIMENTO, TECNOLOGIAS E SOCIEDADE",4,2012,EM FUNCIONAMENTO
RECURSOS HÍDRICOS,10,FEDERAL,PÚBLICA,SUDESTE,MG,ITAJUBÁ,PROFISSIONAL,ENGENHARIA HÍDRICA,4,2017,EM FUNCIONAMENTO
ENGENHARIA TÉRMICA,13,FEDERAL,PÚBLICA,SUDESTE,MG,ITAJUBÁ,ACADÊMICO,ENGENHARIA DE ENERGIA,4,1999,EM FUNCIONAMENTO
NÃO SE APLICA,14,FEDERAL,PÚBLICA,SUDESTE,MG,ITAJUBÁ,ACADÊMICO,ENGENHARIA ELÉTRICA,5,1968,EM FUNCIONAMENTO
ANÁLISE,1,FEDERAL,PÚBLICA,SUDESTE,MG,ITAJUBÁ,ACADÊMICO,MATEMÁTICA,4,2013,EM FUNCIONAMENTO
NÃO SE APLICA,4,FEDERAL,PÚBLICA,SUDESTE,MG,ITAJUBÁ,ACADÊMICO,MULTICÊNTRICO EM QUÍMICA DE MINAS GERAIS,4,2014,EM FUNCIONAMENTO
NÃO SE APLICA,12,FEDERAL,PÚBLICA,SUDESTE,MG,ITAJUBÁ,PROFISSIONAL,ENGENHARIA DE MATERIAIS,3,2011,EM FUNCIONAMENTO
NÃO SE APLICA,13,FEDERAL,PÚBLICA,SUDESTE,MG,ITAJUBÁ,ACADÊMICO,ENGENHARIA DE PRODUÇÃO,5,1994,EM FUNCIONAMENTO
NÃO SE APLICA,3,FEDERAL,PÚBLICA,SUDESTE,MG,ITAJUBÁ,ACADÊMICO,FÍSICA,4,2013,EM FUNCIONAMENTO
NÃO SE APLICA,2,FEDERAL,PÚBLICA,SUDESTE,MG,ITAJUBÁ,ACADÊMICO,CIÊNCIA E TECNOLOGIA DA COMPUTAÇÃO,3,2008,EM FUNCIONAMENTO
NÃO SE APLICA,49,FEDERAL,PÚBLICA,SUDESTE,MG,ITAJUBÁ,ACADÊMICO,MEIO AMBIENTE E RECURSOS HÍDRICOS,4,2008,EM FUNCIONAMENTO
NÃO SE APLICA,46,FEDERAL,PÚBLICA,SUDESTE,MG,ITAJUBÁ,ACADÊMICO,EDUCAÇÃO EM CIÊNCIAS,4,2016,EM FUNCIONAMENTO
NÃO SE APLICA,13,FEDERAL,PÚBLICA,SUDESTE,MG,ITAJUBÁ,ACADÊMICO,ENGENHARIA MECÂNICA,4,1968,EM FUNCIONAMENTO
NÃO SE APLICA,23,FEDERAL,PÚBLICA,SUDESTE,MG,LAVRAS,PROFISSIONAL,CIÊNCIA E TECNOLOGIA DA PRODUÇÃO ANIMAL,3,2019,EM FUNCIONAMENTO
NÃO SE APLICA,46,FEDERAL,PÚBLICA,SUDESTE,MG,LAVRAS,PROFISSIONAL,ENSINO DE CIÊNCIAS E EDUCAÇÃO MATEMÁTICA,3,2019,EM FUNCIONAMENTO
NÃO SE APLICA,23,FEDERAL,PÚBLICA,SUDESTE,MG,LAVRAS,ACADÊMICO,ZOOTECNIA,6,1976,EM FUNCIONAMENTO
NÃO SE APLICA,42,FEDERAL,PÚBLICA,SUDESTE,MG,LAVRAS,ACADÊMICO,ESTATÍSTICA E EXPERIMENTAÇÃO AGROPECUÁRIA,5,1996,EM FUNCIONAMENTO
NÃO SE APLICA,42,FEDERAL,PÚBLICA,SUDESTE,MG,LAVRAS,ACADÊMICO,AGROQUÍMICA,5,1998,EM FUNCIONAMENTO
ENGENHARIA DE ALIMENTOS,25,FEDERAL,PÚBLICA,SUDESTE,MG,LAVRAS,ACADÊMICO,ENGENHARIA DE ALIMENTOS,3,2019,EM FUNCIONAMENTO
NÃO SE APLICA,33,FEDERAL,PÚBLICA,SUDESTE,MG,LAVRAS,ACADÊMICO,FILOSOFIA,3,2019,EM FUNCIONAMENTO
ADMINISTRAÇÃO PÚBLICA,27,FEDERAL,PÚBLICA,SUDESTE,MG,LAVRAS,PROFISSIONAL,ADMINISTRAÇÃO PÚBLICA,3,2011,EM FUNCIONAMENTO
FITOTECNIA,42,FEDERAL,PÚBLICA,SUDESTE,MG,LAVRAS,ACADÊMICO,AGRONOMIA (FITOTECNIA),6,1975,EM FUNCIONAMENTO
NÃO SE APLICA,42,FEDERAL,PÚBLICA,SUDESTE,MG,LAVRAS,ACADÊMICO,AGRONOMIA (FISIOLOGIA VEGETAL),5,1988,EM FUNCIONAMENTO
NÃO SE APLICA,42,FEDERAL,PÚBLICA,SUDESTE,MG,LAVRAS,ACADÊMICO,ENGENHARIA AGRÍCOLA,5,1990,EM FUNCIONAMENTO
NÃO SE APLICA,38,FEDERAL,PÚBLICA,SUDESTE,MG,LAVRAS,PROFISSIONAL,EDUCAÇÃO,4,2011,EM FUNCIONAMENTO
NÃO SE APLICA,41,FEDERAL,PÚBLICA,SUDESTE,MG,LAVRAS,ACADÊMICO,LETRAS,3,2019,EM FUNCIONAMENTO
"MEDIDAS ELÉTRICAS, MAGNÉTICAS E ELETRÔNICAS; INSTRUMENTAÇÃO",14,FEDERAL,PÚBLICA,SUDESTE,MG,LAVRAS,ACADÊMICO,ENGENHARIA DE SISTEMAS E AUTOMAÇÃO,4,2007,EM FUNCIONAMENTO
NÃO SE APLICA,50,FEDERAL,PÚBLICA,SUDESTE,MG,LAVRAS,ACADÊMICO,NUTRIÇÃO E SAÚDE,3,2017,EM FUNCIONAMENTO
CIÊNCIA DE ALIMENTOS,25,FEDERAL,PÚBLICA,SUDESTE,MG,LAVRAS,ACADÊMICO,CIÊNCIAS DOS ALIMENTOS,6,1976,EM FUNCIONAMENTO
NÃO SE APLICA,10,FEDERAL,PÚBLICA,SUDESTE,MG,LAVRAS,ACADÊMICO,ENGENHARIA AMBIENTAL,3,2019,EM FUNCIONAMENTO
NÃO SE APLICA,42,FEDERAL,PÚBLICA,SUDESTE,MG,LAVRAS,ACADÊMICO,BIOTECNOLOGIA VEGETAL,5,2006,EM FUNCIONAMENTO
NÃO SE APLICA,42,FEDERAL,PÚBLICA,SUDESTE,MG,LAVRAS,ACADÊMICO,"PLANTAS MEDICINAIS, AROMÁTICAS E CONDIMENTARES",4,2013,EM FUNCIONAMENTO
"SOCIAIS, CULTURAS E HUMANIDADES",45,FEDERAL,PÚBLICA,SUDESTE,MG,LAVRAS,PROFISSIONAL,DESENVOLVIMENTO SUSTENTÁVEL E EXTENSÃO,4,2014,EM FUNCIONAMENTO
FITOTECNIA,42,FEDERAL,PÚBLICA,SUDESTE,MG,LAVRAS,PROFISSIONAL,GENÉTICA E MELHORAMENTO DE PLANTAS,4,2012,EM FUNCIONAMENTO
NÃO SE APLICA,42,FEDERAL,PÚBLICA,SUDESTE,MG,LAVRAS,ACADÊMICO,ENGENHARIA FLORESTAL,5,1993,EM FUNCIONAMENTO
NÃO SE APLICA,46,FEDERAL,PÚBLICA,SUDESTE,MG,LAVRAS,ACADÊMICO,EDUCAÇÃO CIENTÍFICA E AMBIENTAL,3,2019,EM FUNCIONAMENTO
NÃO SE APLICA,42,FEDERAL,PÚBLICA,SUDESTE,MG,LAVRAS,ACADÊMICO,ENGENHARIA DE BIOMATERIAIS,6,2014,EM FUNCIONAMENTO
FITOTECNIA,42,FEDERAL,PÚBLICA,SUDESTE,MG,LAVRAS,ACADÊMICO,GENÉTICA E MELHORAMENTO DE PLANTAS,7,1986,EM FUNCIONAMENTO
NÃO SE APLICA,3,FEDERAL,PÚBLICA,SUDESTE,MG,LAVRAS,ACADÊMICO,FÍSICA,3,2019,EM FUNCIONAMENTO
NÃO SE APLICA,2,FEDERAL,PÚBLICA,SUDESTE,MG,LAVRAS,ACADÊMICO,CIÊNCIA DA COMPUTAÇÃO,4,2012,EM FUNCIONAMENTO
CLÍNICA MÉDICA,16,FEDERAL,PÚBLICA,SUDESTE,MG,LAVRAS,ACADÊMICO,CIÊNCIAS DA SAÚDE,3,2017,EM FUNCIONAMENTO
NÃO SE APLICA,12,FEDERAL,PÚBLICA,SUDESTE,MG,LAVRAS,ACADÊMICO,ENGENHARIA QUÍMICA E DE MATERIAIS,A,2023,EM FUNCIONAMENTO
NÃO SE APLICA,42,FEDERAL,PÚBLICA,SUDESTE,MG,LAVRAS,ACADÊMICO,MICROBIOLOGIA AGRÍCOLA,6,2001,EM FUNCIONAMENTO
FITOSSANIDADE,42,FEDERAL,PÚBLICA,SUDESTE,MG,LAVRAS,ACADÊMICO,AGRONOMIA (FITOPATOLOGIA),5,1997,EM FUNCIONAMENTO
NÃO SE APLICA,42,FEDERAL,PÚBLICA,SUDESTE,MG,LAVRAS,ACADÊMICO,CIÊNCIA E TECNOLOGIA DA MADEIRA,5,2007,EM FUNCIONAMENTO
ENGENHARIA DE ÁGUA E SOLO,42,FEDERAL,PÚBLICA,SUDESTE,MG,LAVRAS,ACADÊMICO,RECURSOS HÍDRICOS,5,2010,EM FUNCIONAMENTO
"ENGENHARIA, TECNOLOGIA E GESTÃO",45,FEDERAL,PÚBLICA,SUDESTE,MG,LAVRAS,PROFISSIONAL,TECNOLOGIAS E INOVAÇÕES AMBIENTAIS,3,2012,EM FUNCIONAMENTO
NÃO SE APLICA,27,FEDERAL,PÚBLICA,SUDESTE,MG,LAVRAS,ACADÊMICO,ADMINISTRAÇÃO,5,1975,EM FUNCIONAMENTO
NÃO SE APLICA,24,FEDERAL,PÚBLICA,SUDESTE,MG,LAVRAS,ACADÊMICO,CIÊNCIAS VETERINÁRIAS,5,2004,EM FUNCIONAMENTO
NÃO SE APLICA,42,FEDERAL,PÚBLICA,SUDESTE,MG,LAVRAS,ACADÊMICO,BOTÂNICA APLICADA,5,2012,EM FUNCIONAMENTO
FITOSSANIDADE,42,FEDERAL,PÚBLICA,SUDESTE,MG,LAVRAS,ACADÊMICO,ENTOMOLOGIA,6,1984,EM FUNCIONAMENTO
NÃO SE APLICA,42,FEDERAL,PÚBLICA,SUDESTE,MG,LAVRAS,ACADÊMICO,CIÊNCIA DO SOLO,7,1976,EM FUNCIONAMENTO
NÃO SE APLICA,7,FEDERAL,PÚBLICA,SUDESTE,MG,LAVRAS,ACADÊMICO,ECOLOGIA APLICADA,6,2006,EM FUNCIONAMENTO
ENSINO DE CIÊNCIAS E MATEMÁTICA,46,FEDERAL,PÚBLICA,SUDESTE,MG,JUIZ DE FORA,PROFISSIONAL,EDUCAÇÃO MATEMÁTICA,4,2009,EM FUNCIONAMENTO
NÃO SE APLICA,4,FEDERAL,PÚBLICA,SUDESTE,MG,JUIZ DE FORA,ACADÊMICO,QUÍMICA,5,2001,EM FUNCIONAMENTO
NÃO SE APLICA,18,FEDERAL,PÚBLICA,SUDESTE,MG,JUIZ DE FORA,ACADÊMICO,ODONTOLOGIA,4,2007,EM FUNCIONAMENTO
NÃO SE APLICA,3,FEDERAL,PÚBLICA,SUDESTE,MG,JUIZ DE FORA,ACADÊMICO,FÍSICA,5,1999,EM FUNCIONAMENTO
NÃO SE APLICA,40,FEDERAL,PÚBLICA,SUDESTE,MG,JUIZ DE FORA,ACADÊMICO,HISTÓRIA,6,2004,EM FUNCIONAMENTO
NÃO SE APLICA,38,FEDERAL,PÚBLICA,SUDESTE,MG,JUIZ DE FORA,PROFISSIONAL,GESTÃO E AVALIAÇÃO DA EDUCAÇÃO PÚBLICA,3,2010,EM FUNCIONAMENTO
NÃO SE APLICA,28,FEDERAL,PÚBLICA,SUDESTE,MG,JUIZ DE FORA,ACADÊMICO,ECONOMIA,5,2006,EM FUNCIONAMENTO
NÃO SE APLICA,27,FEDERAL,PÚBLICA,SUDESTE,MG,JUIZ DE FORA,ACADÊMICO,ADMINISTRAÇÃO,3,2016,EM FUNCIONAMENTO
NÃO SE APLICA,36,FEDERAL,PÚBLICA,SUDESTE,MG,JUIZ DE FORA,ACADÊMICO,GEOGRAFIA,5,2011,EM FUNCIONAMENTO
NÃO SE APLICA,25,FEDERAL,PÚBLICA,SUDESTE,MG,JUIZ DE FORA,PROFISSIONAL,CIÊNCIA E TECNOLOGIA DO LEITE E DERIVADOS,4,2009,EM FUNCIONAMENTO
NÃO SE APLICA,1,FEDERAL,PÚBLICA,SUDESTE,MG,JUIZ DE FORA,ACADÊMICO,MATEMÁTICA,4,2010,EM FUNCIONAMENTO
NÃO SE APLICA,20,FEDERAL,PÚBLICA,SUDESTE,MG,JUIZ DE FORA,ACADÊMICO,ENFERMAGEM,4,2010,EM FUNCIONAMENTO
NÃO SE APLICA,7,FEDERAL,PÚBLICA,SUDESTE,MG,JUIZ DE FORA,ACADÊMICO,BIODIVERSIDADE E CONSERVAÇÃO DA NATUREZA,5,2005,EM FUNCIONAMENTO
NÃO SE APLICA,21,FEDERAL,PÚBLICA,SUDESTE,MG,JUIZ DE FORA,ACADÊMICO,CIÊNCIAS DA REABILITAÇÃO E DESEMPENHO FÍSICO-FUNCIONAL,3,2016,EM FUNCIONAMENTO
NÃO SE APLICA,19,FEDERAL,PÚBLICA,SUDESTE,MG,JUIZ DE FORA,ACADÊMICO,CIÊNCIAS FARMACÊUTICAS,4,2010,EM FUNCIONAMENTO
NÃO SE APLICA,37,FEDERAL,PÚBLICA,SUDESTE,MG,JUIZ DE FORA,ACADÊMICO,PSICOLOGIA,5,2008,EM FUNCIONAMENTO
NÃO SE APLICA,34,FEDERAL,PÚBLICA,SUDESTE,MG,JUIZ DE FORA,ACADÊMICO,CIÊNCIAS SOCIAIS,4,2005,EM FUNCIONAMENTO
NÃO SE APLICA,11,FEDERAL,PÚBLICA,SUDESTE,MG,JUIZ DE FORA,ACADÊMICO,"ARTES, CULTURA E LINGUAGENS",4,2013,EM FUNCIONAMENTO
NÃO SE APLICA,22,FEDERAL,PÚBLICA,SUDESTE,MG,JUIZ DE FORA,ACADÊMICO,SAÚDE COLETIVA,4,2007,EM FUNCIONAMENTO
NÃO SE APLICA,32,FEDERAL,PÚBLICA,SUDESTE,MG,JUIZ DE FORA,ACADÊMICO,SERVIÇO SOCIAL,5,2005,EM FUNCIONAMENTO
NÃO SE APLICA,44,FEDERAL,PÚBLICA,SUDESTE,MG,JUIZ DE FORA,ACADÊMICO,CIÊNCIA DA RELIGIÃO,5,1993,EM FUNCIONAMENTO
NÃO SE APLICA,26,FEDERAL,PÚBLICA,SUDESTE,MG,JUIZ DE FORA,ACADÊMICO,DIREITO E INOVAÇÃO,4,2013,EM FUNCIONAMENTO
NÃO SE APLICA,14,FEDERAL,PÚBLICA,SUDESTE,MG,JUIZ DE FORA,ACADÊMICO,ENGENHARIA ELÉTRICA,5,1998,EM FUNCIONAMENTO
NÃO SE APLICA,33,FEDERAL,PÚBLICA,SUDESTE,MG,JUIZ DE FORA,ACADÊMICO,FILOSOFIA,3,2017,EM FUNCIONAMENTO
CLÍNICA MÉDICA,15,FEDERAL,PÚBLICA,SUDESTE,MG,JUIZ DE FORA,ACADÊMICO,SAÚDE,6,2005,EM FUNCIONAMENTO
NÃO SE APLICA,41,FEDERAL,PÚBLICA,SUDESTE,MG,JUIZ DE FORA,ACADÊMICO,LINGÜÍSTICA,6,2007,EM FUNCIONAMENTO
NÃO SE APLICA,10,FEDERAL,PÚBLICA,SUDESTE,MG,JUIZ DE FORA,ACADÊMICO,ENGENHARIA CIVIL,4,2017,EM FUNCIONAMENTO
"ENGENHARIA, TECNOLOGIA E GESTÃO",45,FEDERAL,PÚBLICA,SUDESTE,MG,JUIZ DE FORA,ACADÊMICO,MODELAGEM COMPUTACIONAL,5,2006,EM FUNCIONAMENTO
NÃO SE APLICA,2,FEDERAL,PÚBLICA,SUDESTE,MG,JUIZ DE FORA,ACADÊMICO,CIÊNCIA DA COMPUTAÇÃO,4,2011,EM FUNCIONAMENTO
NÃO SE APLICA,38,FEDERAL,PÚBLICA,SUDESTE,MG,JUIZ DE FORA,ACADÊMICO,EDUCAÇÃO,4,1999,EM FUNCIONAMENTO
NÃO SE APLICA,6,FEDERAL,PÚBLICA,SUDESTE,MG,JUIZ DE FORA,ACADÊMICO,CIÊNCIAS BIOLÓGICAS,4,2006,EM FUNCIONAMENTO
"ENGENHARIA, TECNOLOGIA E GESTÃO",45,FEDERAL,PÚBLICA,SUDESTE,MG,JUIZ DE FORA,ACADÊMICO,AMBIENTE CONSTRUÍDO,4,2010,EM FUNCIONAMENTO
NÃO SE APLICA,41,FEDERAL,PÚBLICA,SUDESTE,MG,JUIZ DE FORA,ACADÊMICO,LETRAS: ESTUDOS LITERÁRIOS,5,2007,EM FUNCIONAMENTO
NÃO SE APLICA,31,FEDERAL,PÚBLICA,SUDESTE,MG,JUIZ DE FORA,ACADÊMICO,COMUNICAÇÃO,5,2007,EM FUNCIONAMENTO
NÃO SE APLICA,7,FEDERAL,PÚBLICA,SUDESTE,MG,UBERLÂNDIA,ACADÊMICO,BIOLOGIA VEGETAL,4,2010,EM FUNCIONAMENTO
NÃO SE APLICA,14,FEDERAL,PÚBLICA,SUDESTE,MG,UBERLÂNDIA,ACADÊMICO,ENGENHARIA ELÉTRICA,4,1985,EM FUNCIONAMENTO
NÃO SE APLICA,7,FEDERAL,PÚBLICA,SUDESTE,MG,UBERLÂNDIA,ACADÊMICO,"ECOLOGIA, CONSERVAÇÃO E BIODIVERSIDADE",5,1999,EM FUNCIONAMENTO
NÃO SE APLICA,26,FEDERAL,PÚBLICA,SUDESTE,MG,UBERLÂNDIA,ACADÊMICO,DIREITO,4,2009,EM FUNCIONAMENTO
NÃO SE APLICA,6,FEDERAL,PÚBLICA,SUDESTE,MG,UBERLÂNDIA,ACADÊMICO,GENÉTICA E BIOQUÍMICA,5,1994,EM FUNCIONAMENTO
NÃO SE APLICA,6,FEDERAL,PÚBLICA,SUDESTE,MG,UBERLÂNDIA,ACADÊMICO,BIOLOGIA CELULAR E ESTRUTURAL APLICADAS,4,2011,EM FUNCIONAMENTO
NÃO SE APLICA,36,FEDERAL,PÚBLICA,SUDESTE,MG,ITUIUTABA,ACADÊMICO,GEOGRAFIA,4,2015,EM FUNCIONAMENTO
NÃO SE APLICA,9,FEDERAL,PÚBLICA,SUDESTE,MG,UBERLÂNDIA,ACADÊMICO,IMUNOLOGIA E PARASITOLOGIA APLICADAS,7,1992,EM FUNCIONAMENTO
NÃO SE APLICA,41,FEDERAL,PÚBLICA,SUDESTE,MG,UBERLÂNDIA,ACADÊMICO,ESTUDOS LINGÜÍSTICOS,6,1995,EM FUNCIONAMENTO
NÃO SE APLICA,4,FEDERAL,PÚBLICA,SUDESTE,MG,UBERLÂNDIA,ACADÊMICO,QUÍMICA,6,1998,EM FUNCIONAMENTO
NÃO SE APLICA,24,FEDERAL,PÚBLICA,SUDESTE,MG,UBERLÂNDIA,ACADÊMICO,CIÊNCIAS VETERINÁRIAS,5,1999,EM FUNCIONAMENTO
NÃO SE APLICA,48,FEDERAL,PÚBLICA,SUDESTE,MG,PATOS DE MINAS,ACADÊMICO,BIOTECNOLOGIA,4,2017,EM FUNCIONAMENTO
NÃO SE APLICA,27,FEDERAL,PÚBLICA,SUDESTE,MG,UBERLÂNDIA,PROFISSIONAL,GESTÃO ORGANIZACIONAL,4,2015,EM FUNCIONAMENTO
NÃO SE APLICA,29,FEDERAL,PÚBLICA,SUDESTE,MG,UBERLÂNDIA,ACADÊMICO,ARQUITETURA E URBANISMO,4,2013,EM FUNCIONAMENTO
TEORIA LITERARIA,41,FEDERAL,PÚBLICA,SUDESTE,MG,UBERLÂNDIA,ACADÊMICO,ESTUDOS LITERÁRIOS,5,2006,EM FUNCIONAMENTO
CIÊNCIAS CONTÁBEIS,27,FEDERAL,PÚBLICA,SUDESTE,MG,UBERLÂNDIA,ACADÊMICO,CIÊNCIAS CONTÁBEIS,4,2013,EM FUNCIONAMENTO
NÃO SE APLICA,22,FEDERAL,PÚBLICA,SUDESTE,MG,UBERLÂNDIA,PROFISSIONAL,SAÚDE AMBIENTAL E SAÚDE DO TRABALHADOR,3,2015,EM FUNCIONAMENTO
POLÍTICA INTERNACIONAL,39,FEDERAL,PÚBLICA,SUDESTE,MG,UBERLÂNDIA,ACADÊMICO,RELAÇÕES INTERNACIONAIS,4,2015,EM FUNCIONAMENTO
ENGENHARIA DE ALIMENTOS,25,FEDERAL,PÚBLICA,SUDESTE,MG,PATOS DE MINAS,ACADÊMICO,ENGENHARIA DE ALIMENTOS,3,2017,EM FUNCIONAMENTO
NÃO SE APLICA,33,FEDERAL,PÚBLICA,SUDESTE,MG,UBERLÂNDIA,ACADÊMICO,FILOSOFIA,5,2007,EM FUNCIONAMENTO
NÃO SE APLICA,51,FEDERAL,PÚBLICA,SUDESTE,MG,UBERLÂNDIA,PROFISSIONAL,PROFARTES,4,2014,EM FUNCIONAMENTO
TEATRO,11,FEDERAL,PÚBLICA,SUDESTE,MG,UBERLÂNDIA,ACADÊMICO,ARTES CÊNICAS,4,2016,EM FUNCIONAMENTO
NÃO SE APLICA,18,FEDERAL,PÚBLICA,SUDESTE,MG,UBERLÂNDIA,ACADÊMICO,ODONTOLOGIA,6,2001,EM FUNCIONAMENTO
MÚSICA,11,FEDERAL,PÚBLICA,SUDESTE,MG,UBERLÂNDIA,ACADÊMICO,MÚSICA,3,2015,EM FUNCIONAMENTO
NÃO SE APLICA,36,FEDERAL,PÚBLICA,SUDESTE,MG,UBERLÂNDIA,ACADÊMICO,GEOGRAFIA,5,1998,EM FUNCIONAMENTO
CLÍNICA MÉDICA,15,FEDERAL,PÚBLICA,SUDESTE,MG,UBERLÂNDIA,ACADÊMICO,CIÊNCIAS DA SAÚDE,6,1996,EM FUNCIONAMENTO
NÃO SE APLICA,38,FEDERAL,PÚBLICA,SUDESTE,MG,UBERLÂNDIA,PROFISSIONAL,EDUCAÇÃO BÁSICA,A,2024,EM FUNCIONAMENTO
NÃO SE APLICA,48,FEDERAL,PÚBLICA,SUDESTE,MG,UBERLÂNDIA,ACADÊMICO,BIOCOMBUSTÍVEIS - UFVJM - UFU,4,2013,EM FUNCIONAMENTO
POLÍTICAS E DESENVOLVIMENTO DE TERRITÓRIOS,45,FEDERAL,PÚBLICA,SUDESTE,MG,MONTE CARMELO,ACADÊMICO,AGRICULTURA E INFORMAÇÕES GEOESPACIAIS,3,2019,EM FUNCIONAMENTO
NÃO SE APLICA,10,FEDERAL,PÚBLICA,SUDESTE,MG,UBERLÂNDIA,ACADÊMICO,ENGENHARIA CIVIL,4,2002,EM FUNCIONAMENTO
NÃO SE APLICA,34,FEDERAL,PÚBLICA,SUDESTE,MG,UBERLÂNDIA,ACADÊMICO,CIÊNCIAS SOCIAIS,3,2010,EM FUNCIONAMENTO
NÃO SE APLICA,27,FEDERAL,PÚBLICA,SUDESTE,MG,UBERLÂNDIA,ACADÊMICO,ADMINISTRAÇÃO,5,2003,EM FUNCIONAMENTO
NÃO SE APLICA,49,FEDERAL,PÚBLICA,SUDESTE,MG,UBERLÂNDIA,ACADÊMICO,QUALIDADE AMBIENTAL,3,2014,EM FUNCIONAMENTO
NÃO SE APLICA,3,FEDERAL,PÚBLICA,SUDESTE,MG,UBERLÂNDIA,ACADÊMICO,FÍSICA,5,2002,EM FUNCIONAMENTO
NÃO SE APLICA,13,FEDERAL,PÚBLICA,SUDESTE,MG,UBERLÂNDIA,ACADÊMICO,ENGENHARIA MECÂNICA,7,1985,EM FUNCIONAMENTO
NÃO SE APLICA,31,FEDERAL,PÚBLICA,SUDESTE,MG,UBERLÂNDIA,PROFISSIONAL,"TECNOLOGIAS, COMUNICAÇÃO E EDUCAÇÃO",4,2013,EM FUNCIONAMENTO
NÃO SE APLICA,14,FEDERAL,PÚBLICA,SUDESTE,MG,UBERLÂNDIA,ACADÊMICO,ENGENHARIA BIOMÉDICA,4,2013,EM FUNCIONAMENTO
ENSINO DE CIÊNCIAS E MATEMÁTICA,46,FEDERAL,PÚBLICA,SUDESTE,MG,UBERLÂNDIA,PROFISSIONAL,ENSINO DE CIÊNCIAS E MATEMÁTICA,4,2013,EM FUNCIONAMENTO
NÃO SE APLICA,15,FEDERAL,PÚBLICA,SUDESTE,MG,UBERLÂNDIA,PROFISSIONAL,CIÊNCIAS DA SAÚDE,4,2011,EM FUNCIONAMENTO
NÃO SE APLICA,1,FEDERAL,PÚBLICA,SUDESTE,MG,UBERLÂNDIA,ACADÊMICO,MATEMÁTICA,4,2007,EM FUNCIONAMENTO
NÃO SE APLICA,12,FEDERAL,PÚBLICA,SUDESTE,MG,UBERLÂNDIA,ACADÊMICO,ENGENHARIA QUÍMICA,7,1993,EM FUNCIONAMENTO
NÃO SE APLICA,38,FEDERAL,PÚBLICA,SUDESTE,MG,UBERLÂNDIA,ACADÊMICO,EDUCAÇÃO,5,1989,EM FUNCIONAMENTO
NÃO SE APLICA,28,FEDERAL,PÚBLICA,SUDESTE,MG,UBERLÂNDIA,ACADÊMICO,ECONOMIA,5,1996,EM FUNCIONAMENTO
NÃO SE APLICA,42,FEDERAL,PÚBLICA,SUDESTE,MG,UBERLÂNDIA,ACADÊMICO,AGRONOMIA,5,2000,EM FUNCIONAMENTO
NÃO SE APLICA,37,FEDERAL,PÚBLICA,SUDESTE,MG,UBERLÂNDIA,ACADÊMICO,PSICOLOGIA,4,2003,EM FUNCIONAMENTO
NÃO SE APLICA,2,FEDERAL,PÚBLICA,SUDESTE,MG,UBERLÂNDIA,ACADÊMICO,CIÊNCIA DA COMPUTAÇÃO,5,2001,EM FUNCIONAMENTO
NÃO SE APLICA,40,FEDERAL,PÚBLICA,SUDESTE,MG,UBERLÂNDIA,ACADÊMICO,HISTÓRIA,4,1999,EM FUNCIONAMENTO
NÃO SE APLICA,48,FEDERAL,PÚBLICA,SUDESTE,MG,OURO PRETO,ACADÊMICO,BIOTECNOLOGIA,5,2009,EM FUNCIONAMENTO
NÃO SE APLICA,46,FEDERAL,PÚBLICA,SUDESTE,MG,OURO PRETO,ACADÊMICO,EDUCAÇÃO MATEMÁTICA,4,2008,EM FUNCIONAMENTO
NÃO SE APLICA,10,FEDERAL,PÚBLICA,SUDESTE,MG,OURO PRETO,PROFISSIONAL,ENGENHARIA DAS CONSTRUÇÕES,3,2008,EM FUNCIONAMENTO
NÃO SE APLICA,49,FEDERAL,PÚBLICA,SUDESTE,MG,OURO PRETO,PROFISSIONAL,SUSTENTABILIDADE SOCIOECONÔMICA AMBIENTAL,3,2008,EM FUNCIONAMENTO
NÃO SE APLICA,31,FEDERAL,PÚBLICA,SUDESTE,MG,MARIANA,ACADÊMICO,COMUNICAÇÃO,4,2015,EM FUNCIONAMENTO
NÃO SE APLICA,4,FEDERAL,PÚBLICA,SUDESTE,MG,OURO PRETO,ACADÊMICO,QUÍMICA,3,2014,EM FUNCIONAMENTO
"SOCIAIS, CULTURAS E HUMANIDADES",45,FEDERAL,PÚBLICA,SUDESTE,MG,OURO PRETO,ACADÊMICO,TURISMO E PATRIMÔNIO,A,2021,EM FUNCIONAMENTO
NÃO SE APLICA,33,FEDERAL,PÚBLICA,SUDESTE,MG,OURO PRETO,ACADÊMICO,FILOSOFIA,4,2006,EM FUNCIONAMENTO
NÃO SE APLICA,12,FEDERAL,PÚBLICA,SUDESTE,MG,OURO PRETO,ACADÊMICO,ENGENHARIA MINERAL,4,1998,EM FUNCIONAMENTO
NÃO SE APLICA,40,FEDERAL,PÚBLICA,SUDESTE,MG,OURO PRETO,ACADÊMICO,HISTÓRIA,5,2007,EM FUNCIONAMENTO
NÃO SE APLICA,7,FEDERAL,PÚBLICA,SUDESTE,MG,OURO PRETO,ACADÊMICO,ECOLOGIA DE BIOMAS TROPICAIS,4,2007,EM FUNCIONAMENTO
NÃO SE APLICA,13,FEDERAL,PÚBLICA,SUDESTE,MG,OURO PRETO,ACADÊMICO,ENGENHARIA DE PRODUÇÃO,3,2019,EM FUNCIONAMENTO
NÃO SE APLICA,50,FEDERAL,PÚBLICA,SUDESTE,MG,OURO PRETO,ACADÊMICO,SAÚDE E NUTRIÇÃO,4,2010,EM FUNCIONAMENTO
NÃO SE APLICA,10,FEDERAL,PÚBLICA,SUDESTE,MG,OURO PRETO,ACADÊMICO,ENGENHARIA AMBIENTAL,6,2001,EM FUNCIONAMENTO
NÃO SE APLICA,12,FEDERAL,PÚBLICA,SUDESTE,MG,OURO PRETO,ACADÊMICO,ENGENHARIA DE MATERIAIS - UFOP - UEMG,4,1996,EM FUNCIONAMENTO
GEOLOGIA,5,FEDERAL,PÚBLICA,SUDESTE,MG,OURO PRETO,ACADÊMICO,EVOLUÇÃO CRUSTAL E RECURSOS NATURAIS,6,1984,EM FUNCIONAMENTO
NÃO SE APLICA,38,FEDERAL,PÚBLICA,SUDESTE,MG,MARIANA,ACADÊMICO,EDUCAÇÃO,5,2011,EM FUNCIONAMENTO
NÃO SE APLICA,47,FEDERAL,PÚBLICA,SUDESTE,MG,OURO PRETO,ACADÊMICO,CIÊNCIAS,4,2011,EM FUNCIONAMENTO
NÃO SE APLICA,6,FEDERAL,PÚBLICA,SUDESTE,MG,OURO PRETO,ACADÊMICO,CIÊNCIAS BIOLÓGICAS,5,1995,EM FUNCIONAMENTO
GEOTÉCNICA,10,FEDERAL,PÚBLICA,SUDESTE,MG,OURO PRETO,ACADÊMICO,GEOTECNIA,4,2007,EM FUNCIONAMENTO
NÃO SE APLICA,19,FEDERAL,PÚBLICA,SUDESTE,MG,OURO PRETO,ACADÊMICO,CIÊNCIAS FARMACÊUTICAS,5,2007,EM FUNCIONAMENTO
ENSINO DE CIÊNCIAS E MATEMÁTICA,46,FEDERAL,PÚBLICA,SUDESTE,MG,OURO PRETO,PROFISSIONAL,ENSINO DE CIÊNCIAS,4,2013,EM FUNCIONAMENTO
NÃO SE APLICA,26,FEDERAL,PÚBLICA,SUDESTE,MG,OURO PRETO,ACADÊMICO,DIREITO,4,2017,EM FUNCIONAMENTO
NÃO SE APLICA,14,FEDERAL,PÚBLICA,SUDESTE,MG,OURO PRETO,ACADÊMICO,ENGENHARIA ELÉTRICA,A,2024,EM FUNCIONAMENTO
NÃO SE APLICA,2,FEDERAL,PÚBLICA,SUDESTE,MG,OURO PRETO,ACADÊMICO,CIÊNCIA DA COMPUTAÇÃO,5,2010,EM FUNCIONAMENTO
NÃO SE APLICA,28,FEDERAL,PÚBLICA,SUDESTE,MG,MARIANA,ACADÊMICO,ECONOMIA APLICADA,3,2016,EM FUNCIONAMENTO
NÃO SE APLICA,10,FEDERAL,PÚBLICA,SUDESTE,MG,OURO PRETO,ACADÊMICO,ENGENHARIA CIVIL,5,1992,EM FUNCIONAMENTO
NÃO SE APLICA,13,FEDERAL,PÚBLICA,SUDESTE,MG,OURO PRETO,ACADÊMICO,ENGENHARIA MECÂNICA,3,2019,EM FUNCIONAMENTO
NÃO SE APLICA,10,FEDERAL,PÚBLICA,SUDESTE,MG,OURO PRETO,PROFISSIONAL,ENGENHARIA GEOTÉCNICA,3,2001,EM FUNCIONAMENTO
NÃO SE APLICA,14,FEDERAL,PÚBLICA,SUDESTE,MG,OURO PRETO,PROFISSIONAL,"INSTRUMENTAÇÃO, CONTROLE E AUTOMAÇÃO DE PROCESSOS DE MINERAÇÃO",3,2016,EM FUNCIONAMENTO
NÃO SE APLICA,41,FEDERAL,PÚBLICA,SUDESTE,MG,MARIANA,ACADÊMICO,LETRAS: ESTUDOS DA LINGUAGEM,4,2010,EM FUNCIONAMENTO
TEATRO,11,FEDERAL,PÚBLICA,SUDESTE,MG,OURO PRETO,ACADÊMICO,ARTES CÊNICAS,4,2014,EM FUNCIONAMENTO
NÃO SE APLICA,44,PARTICULAR,PRIVADA,SUDESTE,MG,BELO HORIZONTE,ACADÊMICO,CIÊNCIAS DA RELIGIÃO,4,2008,EM FUNCIONAMENTO
NÃO SE APLICA,36,PARTICULAR,PRIVADA,SUDESTE,MG,BELO HORIZONTE,ACADÊMICO,GEOGRAFIA - TRATAMENTO DA INFORMAÇÃO ESPACIAL,5,1996,EM FUNCIONAMENTO
NÃO SE APLICA,34,PARTICULAR,PRIVADA,SUDESTE,MG,BELO HORIZONTE,ACADÊMICO,CIÊNCIAS SOCIAIS,5,1999,EM FUNCIONAMENTO
POLÍTICA INTERNACIONAL,39,PARTICULAR,PRIVADA,SUDESTE,MG,BELO HORIZONTE,ACADÊMICO,RELAÇÕES INTERNACIONAIS,5,2007,EM FUNCIONAMENTO
NÃO SE APLICA,31,PARTICULAR,PRIVADA,SUDESTE,MG,BELO HORIZONTE,ACADÊMICO,COMUNICAÇÃO SOCIAL,4,2007,EM FUNCIONAMENTO
NÃO SE APLICA,7,PARTICULAR,PRIVADA,SUDESTE,MG,BELO HORIZONTE,ACADÊMICO,BIODIVERSIDADE E MEIO AMBIENTE,4,1998,EM FUNCIONAMENTO
NÃO SE APLICA,37,PARTICULAR,PRIVADA,SUDESTE,MG,BELO HORIZONTE,ACADÊMICO,PSICOLOGIA,5,2004,EM FUNCIONAMENTO
NÃO SE APLICA,41,PARTICULAR,PRIVADA,SUDESTE,MG,BELO HORIZONTE,ACADÊMICO,LETRAS,6,1988,EM FUNCIONAMENTO
NÃO SE APLICA,2,PARTICULAR,PRIVADA,SUDESTE,MG,BELO HORIZONTE,ACADÊMICO,INFORMÁTICA,4,2005,EM FUNCIONAMENTO
NÃO SE APLICA,44,PARTICULAR,PRIVADA,SUDESTE,MG,BELO HORIZONTE,PROFISSIONAL,TEOLOGIA PRÁTICA,A,2024,EM FUNCIONAMENTO
NÃO SE APLICA,13,PARTICULAR,PRIVADA,SUDESTE,MG,BELO HORIZONTE,ACADÊMICO,ENGENHARIA MECÂNICA,4,1998,EM FUNCIONAMENTO
ADMINISTRAÇÃO DE EMPRESAS,27,PARTICULAR,PRIVADA,SUDESTE,MG,BELO HORIZONTE,ACADÊMICO,ADMINISTRAÇÃO,5,2007,EM FUNCIONAMENTO
NÃO SE APLICA,26,PARTICULAR,PRIVADA,SUDESTE,MG,BELO HORIZONTE,ACADÊMICO,DIREITO,6,1997,EM FUNCIONAMENTO
NÃO SE APLICA,18,PARTICULAR,PRIVADA,SUDESTE,MG,BELO HORIZONTE,PROFISSIONAL,ODONTOLOGIA,5,1999,EM FUNCIONAMENTO
NÃO SE APLICA,18,PARTICULAR,PRIVADA,SUDESTE,MG,BELO HORIZONTE,ACADÊMICO,ODONTOLOGIA,4,2002,EM FUNCIONAMENTO
NÃO SE APLICA,38,PARTICULAR,PRIVADA,SUDESTE,MG,BELO HORIZONTE,ACADÊMICO,EDUCAÇÃO,4,1998,EM FUNCIONAMENTO
"SOCIAIS, CULTURAS E HUMANIDADES",45,PARTICULAR,PRIVADA,SUDESTE,MG,GOVERNADOR VALADARES,ACADÊMICO,GESTÃO INTEGRADA DO TERRITÓRIO,3,2009,EM FUNCIONAMENTO
ADMINISTRAÇÃO PÚBLICA,27,FEDERAL,PÚBLICA,SUDESTE,MG,TEÓFILO OTONI,PROFISSIONAL,ADMINISTRAÇÃO PÚBLICA,3,2016,EM FUNCIONAMENTO
NÃO SE APLICA,42,FEDERAL,PÚBLICA,SUDESTE,MG,DIAMANTINA,ACADÊMICO,PRODUÇÃO VEGETAL,5,2006,EM FUNCIONAMENTO
ADMINISTRAÇÃO EDUCACIONAL,38,FEDERAL,PÚBLICA,SUDESTE,MG,DIAMANTINA,PROFISSIONAL,EDUCAÇÃO,3,2013,EM FUNCIONAMENTO
NÃO SE APLICA,18,FEDERAL,PÚBLICA,SUDESTE,MG,DIAMANTINA,ACADÊMICO,ODONTOLOGIA,4,2010,EM FUNCIONAMENTO
"SOCIAIS, CULTURAS E HUMANIDADES",45,FEDERAL,PÚBLICA,SUDESTE,MG,DIAMANTINA,ACADÊMICO,ESTUDOS RURAIS,4,2016,EM FUNCIONAMENTO
NÃO SE APLICA,25,FEDERAL,PÚBLICA,SUDESTE,MG,DIAMANTINA,ACADÊMICO,CIÊNCIA E TECNOLOGIA DE ALIMENTOS,3,2016,EM FUNCIONAMENTO
SAÚDE PÚBLICA,22,FEDERAL,PÚBLICA,SUDESTE,MG,DIAMANTINA,PROFISSIONAL,ENSINO EM SAÚDE,4,2011,EM FUNCIONAMENTO
NÃO SE APLICA,19,FEDERAL,PÚBLICA,SUDESTE,MG,DIAMANTINA,ACADÊMICO,CIÊNCIAS FARMACÊUTICAS,3,2011,EM FUNCIONAMENTO
NÃO SE APLICA,23,FEDERAL,PÚBLICA,SUDESTE,MG,DIAMANTINA,ACADÊMICO,ZOOTECNIA,4,2008,EM FUNCIONAMENTO
NÃO SE APLICA,50,FEDERAL,PÚBLICA,SUDESTE,MG,DIAMANTINA,ACADÊMICO,CIÊNCIAS DA NUTRIÇÃO,3,2019,EM FUNCIONAMENTO
"SOCIAIS, CULTURAS E HUMANIDADES",45,FEDERAL,PÚBLICA,SUDESTE,MG,DIAMANTINA,PROFISSIONAL,CIÊNCIAS HUMANAS,4,2013,EM FUNCIONAMENTO
NÃO SE APLICA,7,FEDERAL,PÚBLICA,SUDESTE,MG,DIAMANTINA,ACADÊMICO,BIOLOGIA ANIMAL,3,2015,EM FUNCIONAMENTO
NÃO SE APLICA,21,FEDERAL,PÚBLICA,SUDESTE,MG,DIAMANTINA,ACADÊMICO,REABILITAÇÃO E DESEMPENHO FUNCIONAL,4,2015,EM FUNCIONAMENTO
SAÚDE E BIOLÓGICAS,45,FEDERAL,PÚBLICA,SUDESTE,MG,DIAMANTINA,PROFISSIONAL,"SAÚDE, SOCIEDADE E AMBIENTE",3,2011,EM FUNCIONAMENTO
NÃO SE APLICA,15,FEDERAL,PÚBLICA,SUDESTE,MG,DIAMANTINA,ACADÊMICO,CIÊNCIAS DA SAÚDE,4,2020,EM FUNCIONAMENTO
NÃO SE APLICA,42,FEDERAL,PÚBLICA,SUDESTE,MG,DIAMANTINA,ACADÊMICO,CIÊNCIA FLORESTAL,4,2010,EM FUNCIONAMENTO
"ENGENHARIA, TECNOLOGIA E GESTÃO",45,FEDERAL,PÚBLICA,SUDESTE,MG,TEÓFILO OTONI,PROFISSIONAL,"TECNOLOGIA, AMBIENTE E SOCIEDADE",3,2014,EM FUNCIONAMENTO
NÃO SE APLICA,4,FEDERAL,PÚBLICA,SUDESTE,MG,DIAMANTINA,ACADÊMICO,QUÍMICA,4,2009,EM FUNCIONAMENTO
ENSINO DE CIÊNCIAS E MATEMÁTICA,46,FEDERAL,PÚBLICA,SUDESTE,MG,DIAMANTINA,PROFISSIONAL,"EDUCAÇÃO EM CIÊNCIAS, MATEMÁTICA E TECNOLOGIA",3,2019,EM FUNCIONAMENTO
NÃO SE APLICA,5,FEDERAL,PÚBLICA,SUDESTE,MG,DIAMANTINA,ACADÊMICO,GEOLOGIA,3,2017,EM FUNCIONAMENTO
NÃO SE APLICA,36,FEDERAL,PÚBLICA,SUDESTE,MG,ALFENAS,ACADÊMICO,GEOGRAFIA,3,2019,EM FUNCIONAMENTO
TEORIA ECONÔMICA,28,FEDERAL,PÚBLICA,SUDESTE,MG,VARGINHA,ACADÊMICO,ECONOMIA,3,2017,EM FUNCIONAMENTO
NÃO SE APLICA,20,FEDERAL,PÚBLICA,SUDESTE,MG,ALFENAS,ACADÊMICO,ENFERMAGEM,4,2011,EM FUNCIONAMENTO
NÃO SE APLICA,12,FEDERAL,PÚBLICA,SUDESTE,MG,POÇOS DE CALDAS,ACADÊMICO,ENGENHARIA QUÍMICA,3,2015,EM FUNCIONAMENTO
NÃO SE APLICA,21,FEDERAL,PÚBLICA,SUDESTE,MG,ALFENAS,ACADÊMICO,CIÊNCIAS DA REABILITAÇÃO,3,2016,EM FUNCIONAMENTO
NÃO SE APLICA,12,FEDERAL,PÚBLICA,SUDESTE,MG,ALFENAS,ACADÊMICO,CIÊNCIA E ENGENHARIA DE MATERIAIS,4,2001,EM FUNCIONAMENTO
ANATOMIA PATOLÓGICA E PATOLOGIA CLÍNICA,16,FEDERAL,PÚBLICA,SUDESTE,MG,ALFENAS,ACADÊMICO,BIOCIÊNCIAS APLICADAS À SAÚDE,3,2011,EM FUNCIONAMENTO
NÃO SE APLICA,42,FEDERAL,PÚBLICA,SUDESTE,MG,ALFENAS,ACADÊMICO,ESTATÍSTICA APLICADA E BIOMETRIA,3,2013,EM FUNCIONAMENTO
NÃO SE APLICA,38,FEDERAL,PÚBLICA,SUDESTE,MG,ALFENAS,ACADÊMICO,EDUCAÇÃO,4,2015,EM FUNCIONAMENTO
NÃO SE APLICA,48,FEDERAL,PÚBLICA,SUDESTE,MG,ALFENAS,ACADÊMICO,BIOTECNOLOGIA,3,2019,EM FUNCIONAMENTO
NÃO SE APLICA,4,FEDERAL,PÚBLICA,SUDESTE,MG,ALFENAS,ACADÊMICO,QUÍMICA,4,2008,EM FUNCIONAMENTO
NÃO SE APLICA,3,FEDERAL,PÚBLICA,SUDESTE,MG,ALFENAS,ACADÊMICO,FÍSICA - UFSJ - UNIFAL,4,2012,EM FUNCIONAMENTO
NÃO SE APLICA,6,FEDERAL,PÚBLICA,SUDESTE,MG,ALFENAS,ACADÊMICO,CIÊNCIAS BIOLÓGICAS,4,2015,EM FUNCIONAMENTO
HISTÓRIA ANTIGA E MEDIEVAL,40,FEDERAL,PÚBLICA,SUDESTE,MG,ALFENAS,PROFISSIONAL,HISTÓRIA IBÉRICA,4,2014,EM FUNCIONAMENTO
"SOCIAIS, CULTURAS E HUMANIDADES",45,FEDERAL,PÚBLICA,SUDESTE,MG,VARGINHA,ACADÊMICO,GESTÃO PÚBLICA E SOCIEDADE,3,2012,EM FUNCIONAMENTO
NÃO SE APLICA,49,FEDERAL,PÚBLICA,SUDESTE,MG,ALFENAS,ACADÊMICO,CIÊNCIAS AMBIENTAIS,4,2010,EM FUNCIONAMENTO
NÃO SE APLICA,19,FEDERAL,PÚBLICA,SUDESTE,MG,ALFENAS,ACADÊMICO,CIÊNCIAS FARMACÊUTICAS,4,2005,EM FUNCIONAMENTO
NÃO SE APLICA,50,FEDERAL,PÚBLICA,SUDESTE,MG,ALFENAS,ACADÊMICO,NUTRIÇÃO E LONGEVIDADE,3,2020,EM FUNCIONAMENTO
NÃO SE APLICA,10,FEDERAL,PÚBLICA,SUDESTE,MG,ALFENAS,ACADÊMICO,CIÊNCIA E ENGENHARIA AMBIENTAL,4,2012,EM FUNCIONAMENTO
NÃO SE APLICA,18,FEDERAL,PÚBLICA,SUDESTE,MG,ALFENAS,ACADÊMICO,CIÊNCIAS ODONTOLÓGICAS,4,2012,EM FUNCIONAMENTO
BIOLOGIA MOLECULAR,8,FEDERAL,PÚBLICA,SUDESTE,MG,UBERABA,ACADÊMICO,CIÊNCIAS FISIOLÓGICAS,3,2008,EM FUNCIONAMENTO
NÃO SE APLICA,49,FEDERAL,PÚBLICA,SUDESTE,MG,UBERABA,ACADÊMICO,CIÊNCIA E TECNOLOGIA AMBIENTAL,4,2016,EM FUNCIONAMENTO
ENSINO DE CIÊNCIAS E MATEMÁTICA,46,FEDERAL,PÚBLICA,SUDESTE,MG,UBERABA,ACADÊMICO,EDUCAÇÃO EM CIÊNCIAS E MATEMÁTICA,A,2021,EM FUNCIONAMENTO
NÃO SE APLICA,21,FEDERAL,PÚBLICA,SUDESTE,MG,UBERABA,ACADÊMICO,FISIOTERAPIA,3,2016,EM FUNCIONAMENTO
NÃO SE APLICA,37,FEDERAL,PÚBLICA,SUDESTE,MG,UBERABA,ACADÊMICO,PSICOLOGIA,4,2015,EM FUNCIONAMENTO
NÃO SE APLICA,21,FEDERAL,PÚBLICA,SUDESTE,MG,UBERABA,ACADÊMICO,EDUCAÇÃO FÍSICA,4,2011,EM FUNCIONAMENTO
"ENGENHARIA, TECNOLOGIA E GESTÃO",45,FEDERAL,PÚBLICA,SUDESTE,MG,UBERABA,PROFISSIONAL,INOVAÇÕES E TECNOLOGIAS,4,2011,EM FUNCIONAMENTO
ANATOMIA PATOLÓGICA E PATOLOGIA CLÍNICA,16,FEDERAL,PÚBLICA,SUDESTE,MG,UBERABA,ACADÊMICO,CIÊNCIAS DA SAÚDE,4,1987,EM FUNCIONAMENTO
NÃO SE APLICA,20,FEDERAL,PÚBLICA,SUDESTE,MG,UBERABA,ACADÊMICO,ATENÇÃO À SAÚDE,5,2008,EM FUNCIONAMENTO
CLÍNICA MÉDICA,16,FEDERAL,PÚBLICA,SUDESTE,MG,UBERABA,ACADÊMICO,MEDICINA TROPICAL E INFECTOLOGIA,4,1998,EM FUNCIONAMENTO
NÃO SE APLICA,47,FEDERAL,PÚBLICA,SUDESTE,MG,UBERABA,ACADÊMICO,CIÊNCIA E TECNOLOGIA DE MATERIAIS,3,2015,EM FUNCIONAMENTO
NÃO SE APLICA,38,FEDERAL,PÚBLICA,SUDESTE,MG,UBERABA,ACADÊMICO,EDUCAÇÃO,4,2013,EM FUNCIONAMENTO
NÃO SE APLICA,48,ESTADUAL,PÚBLICA,SUDESTE,MG,MONTES CLAROS,PROFISSIONAL,BIOTECNOLOGIA,5,2011,EM FUNCIONAMENTO
NÃO SE APLICA,23,ESTADUAL,PÚBLICA,SUDESTE,MG,JANAÚBA,ACADÊMICO,ZOOTECNIA,3,2008,EM FUNCIONAMENTO
NÃO SE APLICA,40,ESTADUAL,PÚBLICA,SUDESTE,MG,MONTES CLAROS,ACADÊMICO,HISTORIA,4,2011,EM FUNCIONAMENTO
NÃO SE APLICA,41,ESTADUAL,PÚBLICA,SUDESTE,MG,MONTES CLAROS,ACADÊMICO,LETRAS-ESTUDOS LITERÁRIOS,3,2009,EM FUNCIONAMENTO
"SOCIAIS, CULTURAS E HUMANIDADES",45,ESTADUAL,PÚBLICA,SUDESTE,MG,MONTES CLAROS,ACADÊMICO,DESENVOLVIMENTO SOCIAL,5,2005,EM FUNCIONAMENTO
NÃO SE APLICA,42,ESTADUAL,PÚBLICA,SUDESTE,MG,JANAÚBA,ACADÊMICO,PRODUÇÃO VEGETAL NO SEMIÁRIDO,4,2006,EM FUNCIONAMENTO
SAÚDE E BIOLÓGICAS,45,ESTADUAL,PÚBLICA,SUDESTE,MG,MONTES CLAROS,ACADÊMICO,CIÊNCIAS DA SAÚDE,6,2007,EM FUNCIONAMENTO
NÃO SE APLICA,28,ESTADUAL,PÚBLICA,SUDESTE,MG,MONTES CLAROS,PROFISSIONAL,DESENVOLVIMENTO ECONÔMICO E ESTRATÉGIA EMPRESARIAL,3,2016,EM FUNCIONAMENTO
ECOLOGIA APLICADA,7,ESTADUAL,PÚBLICA,SUDESTE,MG,MONTES CLAROS,ACADÊMICO,BIODIVERSIDADE E USO DOS RECURSOS NATURAIS,4,2006,EM FUNCIONAMENTO
BOTÂNICA APLICADA,7,ESTADUAL,PÚBLICA,SUDESTE,MG,MONTES CLAROS,ACADÊMICO,BOTÂNICA APLICADA,3,2019,EM FUNCIONAMENTO
"ENGENHARIA, TECNOLOGIA E GESTÃO",45,ESTADUAL,PÚBLICA,SUDESTE,MG,MONTES CLAROS,PROFISSIONAL,MODELAGEM COMPUTACIONAL E SISTEMAS,3,2014,EM FUNCIONAMENTO
SAÚDE E BIOLÓGICAS,45,ESTADUAL,PÚBLICA,SUDESTE,MG,MONTES CLAROS,PROFISSIONAL,CUIDADO PRIMÁRIO EM SAÚDE,5,2007,EM FUNCIONAMENTO
NÃO SE APLICA,36,ESTADUAL,PÚBLICA,SUDESTE,MG,MONTES CLAROS,ACADÊMICO,GEOGRAFIA,4,2014,EM FUNCIONAMENTO
"ENGENHARIA, TECNOLOGIA E GESTÃO",45,ESTADUAL,PÚBLICA,SUDESTE,MG,MONTES CLAROS,PROFISSIONAL,CIÊNCIAS POLICIAIS E TECNOLOGIAS INOVADORAS,A,2024,EM FUNCIONAMENTO
NÃO SE APLICA,38,ESTADUAL,PÚBLICA,SUDESTE,MG,MONTES CLAROS,ACADÊMICO,EDUCAÇÃO,3,2019,EM FUNCIONAMENTO
NÃO SE APLICA,23,PARTICULAR,PRIVADA,SUDESTE,MG,ALFENAS,ACADÊMICO,CIÊNCIA ANIMAL,3,2002,EM FUNCIONAMENTO
NÃO SE APLICA,24,PARTICULAR,PRIVADA,SUDESTE,MG,ALFENAS,ACADÊMICO,"REPRODUÇÃO, SANIDADE E BEM-ESTAR ANIMAL",4,2009,EM FUNCIONAMENTO
NÃO SE APLICA,42,PARTICULAR,PRIVADA,SUDESTE,MG,ALFENAS,PROFISSIONAL,SISTEMAS DE PRODUÇÃO NA AGROPECUÁRIA,4,2006,EM FUNCIONAMENTO
CLÍNICA MÉDICA,16,PARTICULAR,PRIVADA,SUDESTE,MG,ALFENAS,PROFISSIONAL,ENSINO EM SAÚDE,4,2016,EM FUNCIONAMENTO
NÃO SE APLICA,42,PARTICULAR,PRIVADA,SUDESTE,MG,ALFENAS,ACADÊMICO,AGRICULTURA SUSTENTÁVEL,4,2016,EM FUNCIONAMENTO
NÃO SE APLICA,26,PARTICULAR,PRIVADA,SUDESTE,MG,ITAÚNA,ACADÊMICO,DIREITOS FUNDAMENTAIS,4,2012,EM FUNCIONAMENTO
MÚSICA,11,FEDERAL,PÚBLICA,SUDESTE,MG,SÃO JOÃO DEL REI,ACADÊMICO,MÚSICA,3,2019,EM FUNCIONAMENTO
NÃO SE APLICA,47,FEDERAL,PÚBLICA,SUDESTE,MG,SÃO JOÃO DEL REI,ACADÊMICO,FISICA E QUIMICA DE MATERIAIS,5,2001,EM FUNCIONAMENTO
NÃO SE APLICA,30,FEDERAL,PÚBLICA,SUDESTE,MG,SÃO JOÃO DEL REI,ACADÊMICO,"DESENVOLVIMENTO, PLANEJAMENTO E TERRITÓRIO",3,2019,EM FUNCIONAMENTO
NÃO SE APLICA,2,FEDERAL,PÚBLICA,SUDESTE,MG,SÃO JOÃO DEL REI,ACADÊMICO,CIÊNCIA DA COMPUTAÇÃO,4,2017,EM FUNCIONAMENTO
NÃO SE APLICA,20,FEDERAL,PÚBLICA,SUDESTE,MG,DIVINÓPOLIS,ACADÊMICO,ENFERMAGEM,4,2014,EM FUNCIONAMENTO
NÃO SE APLICA,14,FEDERAL,PÚBLICA,SUDESTE,MG,SÃO JOÃO DEL REI,ACADÊMICO,ENGENHARIA ELÉTRICA (UFSJ - CEFET-MG),4,2009,EM FUNCIONAMENTO
NÃO SE APLICA,42,FEDERAL,PÚBLICA,SUDESTE,MG,SETE LAGOAS,ACADÊMICO,CIÊNCIAS AGRÁRIAS,4,2012,EM FUNCIONAMENTO
"SOCIAIS, CULTURAS E HUMANIDADES",45,FEDERAL,PÚBLICA,SUDESTE,MG,SÃO JOÃO DEL REI,ACADÊMICO,"INTERDISCIPLINAR EM ARTES, URBANIDADES E SUSTENTABILIDADE",3,2016,EM FUNCIONAMENTO
NÃO SE APLICA,37,FEDERAL,PÚBLICA,SUDESTE,MG,SÃO JOÃO DEL REI,ACADÊMICO,PSICOLOGIA,4,2008,EM FUNCIONAMENTO
SAÚDE E BIOLÓGICAS,45,FEDERAL,PÚBLICA,SUDESTE,MG,SÃO JOÃO DEL REI,ACADÊMICO,BIOENGENHARIA,6,2010,EM FUNCIONAMENTO
NÃO SE APLICA,33,FEDERAL,PÚBLICA,SUDESTE,MG,SÃO JOÃO DEL REI,ACADÊMICO,FILOSOFIA,3,2019,EM FUNCIONAMENTO
TEATRO,11,FEDERAL,PÚBLICA,SUDESTE,MG,SÃO JOÃO DEL REI,ACADÊMICO,ARTES CÊNICAS,4,2017,EM FUNCIONAMENTO
NÃO SE APLICA,7,FEDERAL,PÚBLICA,SUDESTE,MG,SÃO JOÃO DEL REI,ACADÊMICO,ECOLOGIA,3,2015,EM FUNCIONAMENTO
NÃO SE APLICA,38,FEDERAL,PÚBLICA,SUDESTE,MG,SÃO JOÃO DEL REI,ACADÊMICO,PROCESSOS SOCIOEDUCATIVOS E PRÁTICAS ESCOLARES,4,2008,EM FUNCIONAMENTO
NÃO SE APLICA,13,FEDERAL,PÚBLICA,SUDESTE,MG,SÃO JOÃO DEL REI,ACADÊMICO,ENGENHARIA MECÂNICA,4,2009,EM FUNCIONAMENTO
NÃO SE APLICA,12,FEDERAL,PÚBLICA,SUDESTE,MG,OURO BRANCO,ACADÊMICO,ENGENHARIA QUÍMICA,3,2014,EM FUNCIONAMENTO
NÃO SE APLICA,41,FEDERAL,PÚBLICA,SUDESTE,MG,SÃO JOÃO DEL REI,ACADÊMICO,TEORIA LITERARIA E CRITICA DA CULTURA,4,2003,EM FUNCIONAMENTO
NÃO SE APLICA,40,FEDERAL,PÚBLICA,SUDESTE,MG,SÃO JOÃO DEL REI,ACADÊMICO,HISTÓRIA,4,2008,EM FUNCIONAMENTO
NÃO SE APLICA,19,FEDERAL,PÚBLICA,SUDESTE,MG,DIVINÓPOLIS,ACADÊMICO,CIÊNCIAS FARMACÊUTICAS,4,2013,EM FUNCIONAMENTO
NÃO SE APLICA,8,FEDERAL,PÚBLICA,SUDESTE,MG,SÃO JOÃO DEL REI,ACADÊMICO,CIÊNCIAS MORFOFUNCIONAIS,3,2017,EM FUNCIONAMENTO
NÃO SE APLICA,48,FEDERAL,PÚBLICA,SUDESTE,MG,DIVINÓPOLIS,ACADÊMICO,BIOTECNOLOGIA,5,2011,EM FUNCIONAMENTO
CLÍNICA MÉDICA,16,FEDERAL,PÚBLICA,SUDESTE,MG,DIVINÓPOLIS,ACADÊMICO,CIÊNCIAS DA SAÚDE,5,2010,EM FUNCIONAMENTO
NÃO SE APLICA,36,FEDERAL,PÚBLICA,SUDESTE,MG,SÃO JOÃO DEL REI,ACADÊMICO,GEOGRAFIA,4,2014,EM FUNCIONAMENTO
NÃO SE APLICA,12,FEDERAL,PÚBLICA,SUDESTE,MG,OURO BRANCO,ACADÊMICO,ENGENHARIA DE BIOPROCESSOS E BIOTECNOLOGIA,A,2024,EM FUNCIONAMENTO
NÃO SE APLICA,10,FEDERAL,PÚBLICA,SUDESTE,MG,BELO HORIZONTE,ACADÊMICO,ENGENHARIA CIVIL,5,2007,EM FUNCIONAMENTO
NÃO SE APLICA,41,FEDERAL,PÚBLICA,SUDESTE,MG,BELO HORIZONTE,ACADÊMICO,ESTUDOS DE LINGUAGENS,5,2009,EM FUNCIONAMENTO
NÃO SE APLICA,27,FEDERAL,PÚBLICA,SUDESTE,MG,BELO HORIZONTE,ACADÊMICO,ADMINISTRAÇÃO,4,2015,EM FUNCIONAMENTO
NÃO SE APLICA,13,FEDERAL,PÚBLICA,SUDESTE,MG,BELO HORIZONTE,ACADÊMICO,ENGENHARIA MECÂNICA,3,2019,EM FUNCIONAMENTO
NÃO SE APLICA,12,FEDERAL,PÚBLICA,SUDESTE,MG,BELO HORIZONTE,ACADÊMICO,ENGENHARIA DE MATERIAIS,3,2010,EM FUNCIONAMENTO
NÃO SE APLICA,45,FEDERAL,PÚBLICA,SUDESTE,MG,BELO HORIZONTE,ACADÊMICO,TECNOLOGIA DE PRODUTOS E PROCESSOS,3,2019,EM FUNCIONAMENTO
"ENGENHARIA, TECNOLOGIA E GESTÃO",45,FEDERAL,PÚBLICA,SUDESTE,MG,BELO HORIZONTE,ACADÊMICO,MODELAGEM MATEMÁTICA E COMPUTACIONAL,4,2005,EM FUNCIONAMENTO
NÃO SE APLICA,12,FEDERAL,PÚBLICA,SUDESTE,MG,ARAXÁ,PROFISSIONAL,ENGENHARIA DE MINAS,3,2019,EM FUNCIONAMENTO
"ELETRÔNICA INDUSTRIAL, SISTEMAS E CONTROLES ELETRÔNICOS",14,FEDERAL,PÚBLICA,SUDESTE,MG,LEOPOLDINA,PROFISSIONAL,AUTOMAÇÃO E SISTEMAS,A,2021,EM FUNCIONAMENTO
NÃO SE APLICA,38,FEDERAL,PÚBLICA,SUDESTE,MG,BELO HORIZONTE,ACADÊMICO,EDUCAÇÃO TECNOLÓGICA,4,2005,EM FUNCIONAMENTO
NÃO SE APLICA,49,PARTICULAR,PRIVADA,SUDESTE,MG,TRÊS CORAÇÕES,PROFISSIONAL,MEIO AMBIENTE E SAÚDE,3,2017,EM FUNCIONAMENTO
NÃO SE APLICA,46,PARTICULAR,PRIVADA,SUDESTE,MG,TRÊS CORAÇÕES,PROFISSIONAL,"GESTÃO, PLANEJAMENTO E ENSINO",3,2019,EM FUNCIONAMENTO
NÃO SE APLICA,38,ESTADUAL,PÚBLICA,SUDESTE,MG,BELO HORIZONTE,ACADÊMICO,EDUCAÇÃO,4,2009,EM FUNCIONAMENTO
MÚSICA,11,ESTADUAL,PÚBLICA,SUDESTE,MG,BELO HORIZONTE,PROFISSIONAL,PRÁTICAS MUSICAIS,A,2021,EM FUNCIONAMENTO
NÃO SE APLICA,49,ESTADUAL,PÚBLICA,SUDESTE,MG,FRUTAL,ACADÊMICO,CIÊNCIAS AMBIENTAIS,3,2019,EM FUNCIONAMENTO
NÃO SE APLICA,29,ESTADUAL,PÚBLICA,SUDESTE,MG,BELO HORIZONTE,ACADÊMICO,DESIGN,5,2009,EM FUNCIONAMENTO
NÃO SE APLICA,39,ESTADUAL,PÚBLICA,SUDESTE,MG,BELO HORIZONTE,PROFISSIONAL,SEGURANÇA PÚBLICA E CIDADANIA,3,2019,EM FUNCIONAMENTO
NÃO SE APLICA,30,ESTADUAL,PÚBLICA,SUDESTE,MG,PASSOS,PROFISSIONAL,DESENVOLVIMENTO REGIONAL E MEIO AMBIENTE,3,2014,EM FUNCIONAMENTO
NÃO SE APLICA,11,ESTADUAL,PÚBLICA,SUDESTE,MG,BELO HORIZONTE,ACADÊMICO,ARTES,4,2015,EM FUNCIONAMENTO
NÃO SE APLICA,33,PARTICULAR,PRIVADA,SUDESTE,MG,BELO HORIZONTE,ACADÊMICO,FILOSOFIA,4,2006,EM FUNCIONAMENTO
NÃO SE APLICA,44,PARTICULAR,PRIVADA,SUDESTE,MG,BELO HORIZONTE,ACADÊMICO,TEOLOGIA,6,1986,EM FUNCIONAMENTO
NÃO SE APLICA,15,PARTICULAR,PRIVADA,SUDESTE,MG,BELO HORIZONTE,ACADÊMICO,CIÊNCIAS DA SAÚDE,4,2014,EM FUNCIONAMENTO
NÃO SE APLICA,38,PARTICULAR,PRIVADA,SUDESTE,MG,UBERLÂNDIA,PROFISSIONAL,FORMAÇÃO DOCENTE PARA A EDUCAÇÃO BÁSICA,4,2016,EM FUNCIONAMENTO
NÃO SE APLICA,24,PARTICULAR,PRIVADA,SUDESTE,MG,UBERABA,ACADÊMICO,SANIDADE E PRODUÇÃO ANIMAL NOS TRÓPICOS,4,2011,EM FUNCIONAMENTO
NÃO SE APLICA,18,PARTICULAR,PRIVADA,SUDESTE,MG,UBERABA,ACADÊMICO,ODONTOLOGIA,4,2007,EM FUNCIONAMENTO
NÃO SE APLICA,38,PARTICULAR,PRIVADA,SUDESTE,MG,UBERABA,ACADÊMICO,EDUCAÇÃO,4,1999,EM FUNCIONAMENTO
PROCESSOS INDUSTRIAIS DE ENGENHARIA QUÍMICA,12,PARTICULAR,PRIVADA,SUDESTE,MG,UBERABA,PROFISSIONAL,ENGENHARIA QUÍMICA,4,2016,EM FUNCIONAMENTO
NÃO SE APLICA,26,PARTICULAR,PRIVADA,SUDESTE,MG,NOVA LIMA,ACADÊMICO,DIREITO NAS RELAÇÕES ECONÔMICAS E SOCIAIS,3,1997,EM FUNCIONAMENTO
NÃO SE APLICA,24,FEDERAL,PÚBLICA,SUDESTE,MG,MONTES CLAROS,PROFISSIONAL,REPRODUÇÃO E NUTRIÇÃO ANIMAL,3,2017,EM FUNCIONAMENTO
NÃO SE APLICA,25,FEDERAL,PÚBLICA,SUDESTE,MG,RIO POMBA,PROFISSIONAL,CIÊNCIA E TECNOLOGIA DE ALIMENTOS,4,2013,EM FUNCIONAMENTO
NÃO SE APLICA,23,FEDERAL,PÚBLICA,SUDESTE,MG,RIO POMBA,PROFISSIONAL,NUTRIÇÃO E PRODUÇÃO ANIMAL,3,2016,EM FUNCIONAMENTO
NÃO SE APLICA,49,FEDERAL,PÚBLICA,SUDESTE,MG,BELO HORIZONTE,PROFISSIONAL,SUSTENTABILIDADE E TECNOLOGIA AMBIENTAL,3,2015,EM FUNCIONAMENTO
NÃO SE APLICA,27,FEDERAL,PÚBLICA,SUDESTE,MG,FORMIGA,PROFISSIONAL,ADMINISTRAÇÃO,A,2021,EM FUNCIONAMENTO
NÃO SE APLICA,25,FEDERAL,PÚBLICA,SUDESTE,MG,UBERABA,PROFISSIONAL,CIÊNCIA E TECNOLOGIA DE ALIMENTOS,4,2011,EM FUNCIONAMENTO
NÃO SE APLICA,42,FEDERAL,PÚBLICA,SUDESTE,MG,UBERABA,PROFISSIONAL,PRODUÇÃO VEGETAL,4,2015,EM FUNCIONAMENTO
NÃO SE APLICA,38,FEDERAL,PÚBLICA,SUDESTE,MG,UBERABA,PROFISSIONAL,EDUCAÇÃO TECNOLÓGICA,4,2014,EM FUNCIONAMENTO
NÃO SE APLICA,27,ESTADUAL,PÚBLICA,SUDESTE,MG,BELO HORIZONTE,ACADÊMICO,ADMINISTRAÇÃO PÚBLICA,3,1995,EM FUNCIONAMENTO
NÃO SE APLICA,10,PARTICULAR,PRIVADA,SUDESTE,MG,BELO HORIZONTE,PROFISSIONAL,PROCESSOS CONSTRUTIVOS,3,2014,EM FUNCIONAMENTO
NÃO SE APLICA,31,PARTICULAR,PRIVADA,SUDESTE,MG,BELO HORIZONTE,ACADÊMICO,TECNOLOGIA DA INFORMAÇÃO E COMUNICAÇÃO E GESTÃO DO CONHECIMENTO,4,2011,EM FUNCIONAMENTO
NÃO SE APLICA,26,PARTICULAR,PRIVADA,SUDESTE,MG,BELO HORIZONTE,ACADÊMICO,"INSTITUIÇÕES SOCIAIS, DIREITO E DEMOCRACIA",4,2010,EM FUNCIONAMENTO
NÃO SE APLICA,27,PARTICULAR,PRIVADA,SUDESTE,MG,BELO HORIZONTE,ACADÊMICO,ADMINISTRAÇÃO,4,2007,EM FUNCIONAMENTO
NÃO SE APLICA,14,PARTICULAR,PRIVADA,SUDESTE,MG,SANTA RITA DO SAPUCAÍ,ACADÊMICO,ENGENHARIA ELÉTRICA,4,2001,EM FUNCIONAMENTO
NÃO SE APLICA,15,PARTICULAR,PRIVADA,SUDESTE,MG,BELO HORIZONTE,ACADÊMICO,MEDICINA - BIOMEDICINA,4,2010,EM FUNCIONAMENTO
NÃO SE APLICA,27,PARTICULAR,PRIVADA,SUDESTE,MG,PEDRO LEOPOLDO,PROFISSIONAL,ADMINISTRAÇÃO,4,2000,EM FUNCIONAMENTO
CLÍNICA MÉDICA,16,FEDERAL,PÚBLICA,SUDESTE,MG,BELO HORIZONTE,ACADÊMICO,CIÊNCIAS DA SAÚDE,6,2003,EM FUNCIONAMENTO
APLICAÇÕES DE RADIOISÓTOPOS,12,FEDERAL,PÚBLICA,SUDESTE,MG,BELO HORIZONTE,ACADÊMICO,"CIÊNCIA E TECNOLOGIA DAS RADIAÇÕES, MINERAIS E MATERIAIS",5,2002,EM FUNCIONAMENTO
CIRURGIA,17,PARTICULAR,PRIVADA,SUDESTE,MG,POUSO ALEGRE,PROFISSIONAL,CIÊNCIAS APLICADAS À SAÚDE,5,2013,EM FUNCIONAMENTO
NÃO SE APLICA,38,PARTICULAR,PRIVADA,SUDESTE,MG,POUSO ALEGRE,ACADÊMICO,"EDUCAÇÃO, CONHECIMENTO E SOCIEDADE",4,2010,EM FUNCIONAMENTO
NÃO SE APLICA,27,PARTICULAR,PRIVADA,SUDESTE,MG,BELO HORIZONTE,ACADÊMICO,ADMINISTRAÇÃO,3,2005,EM FUNCIONAMENTO
DIREITO PÚBLICO,26,PARTICULAR,PRIVADA,SUDESTE,MG,POUSO ALEGRE,ACADÊMICO,DIREITO,4,2010,EM FUNCIONAMENTO
NÃO SE APLICA,25,FEDERAL,PÚBLICA,SUDESTE,MG,POUSO ALEGRE,PROFISSIONAL,CIÊNCIA E TECNOLOGIA DE ALIMENTOS,4,2015,EM FUNCIONAMENTO
NÃO SE APLICA,26,PARTICULAR,PRIVADA,SUDESTE,MG,BELO HORIZONTE,ACADÊMICO,DIREITO AMBIENTAL E DESENVOLVIMENTO SUSTENTÁVEL,4,2011,EM FUNCIONAMENTO
NÃO SE APLICA,46,PARTICULAR,PRIVADA,SUDESTE,MG,PONTE NOVA,PROFISSIONAL,ENSINO DE CIÊNCIAS DA SAÚDE E DO AMBIENTE,3,2017,EM FUNCIONAMENTO
NÃO SE APLICA,45,PARTICULAR,PRIVADA,SUDESTE,MG,VARGINHA,ACADÊMICO,GESTÃO E DESENVOLVIMENTO REGIONAL,4,2019,EM FUNCIONAMENTO
NÃO SE APLICA,48,PARTICULAR,PRIVADA,SUDESTE,MG,SETE LAGOAS,PROFISSIONAL,BIOTECNOLOGIA E GESTÃO DA INOVAÇÃO,3,2014,EM FUNCIONAMENTO
NÃO SE APLICA,48,ESTADUAL,PÚBLICA,SUDESTE,MG,BELO HORIZONTE,PROFISSIONAL,BIOTECNOLOGIA,4,2019,EM FUNCIONAMENTO
NÃO SE APLICA,48,FEDERAL,PÚBLICA,SUDESTE,SP,SOROCABA,ACADÊMICO,BIOTECNOLOGIA E MONITORAMENTO AMBIENTAL,4,2012,EM FUNCIONAMENTO
NÃO SE APLICA,20,FEDERAL,PÚBLICA,SUDESTE,SP,SÃO CARLOS,ACADÊMICO,ENFERMAGEM,5,2008,EM FUNCIONAMENTO
NÃO SE APLICA,13,FEDERAL,PÚBLICA,SUDESTE,SP,SÃO CARLOS,ACADÊMICO,ENGENHARIA MECÂNICA,3,2019,EM FUNCIONAMENTO
NÃO SE APLICA,31,FEDERAL,PÚBLICA,SUDESTE,SP,SÃO CARLOS,PROFISSIONAL,PRODUÇÃO DE CONTEÚDO MULTIPLATAFORMA (PPGCOM),A,2024,EM FUNCIONAMENTO
NÃO SE APLICA,10,FEDERAL,PÚBLICA,SUDESTE,SP,SÃO CARLOS,ACADÊMICO,ENGENHARIA URBANA,4,1994,EM FUNCIONAMENTO
ESTATÍSTICA,1,FEDERAL,PÚBLICA,SUDESTE,SP,SÃO CARLOS,ACADÊMICO,ESTATÍSTICA,5,2013,EM FUNCIONAMENTO
NÃO SE APLICA,13,FEDERAL,PÚBLICA,SUDESTE,SP,SOROCABA,ACADÊMICO,ENGENHARIA DE PRODUÇÃO,4,2011,EM FUNCIONAMENTO
NÃO SE APLICA,35,FEDERAL,PÚBLICA,SUDESTE,SP,SÃO CARLOS,ACADÊMICO,ANTROPOLOGIA SOCIAL,5,2007,EM FUNCIONAMENTO
ENSINO DE CIÊNCIAS E MATEMÁTICA,46,FEDERAL,PÚBLICA,SUDESTE,SP,ARARAS,ACADÊMICO,EDUCAÇÃO EM CIÊNCIAS E MATEMÁTICA,4,2017,EM FUNCIONAMENTO
NÃO SE APLICA,48,FEDERAL,PÚBLICA,SUDESTE,SP,SÃO CARLOS,ACADÊMICO,BIOTECNOLOGIA,5,2004,EM FUNCIONAMENTO
NÃO SE APLICA,31,FEDERAL,PÚBLICA,SUDESTE,SP,SÃO CARLOS,ACADÊMICO,IMAGEM E SOM,4,2008,EM FUNCIONAMENTO
NÃO SE APLICA,2,FEDERAL,PÚBLICA,SUDESTE,SP,SOROCABA,ACADÊMICO,CIÊNCIA DA COMPUTAÇÃO,3,2012,EM FUNCIONAMENTO
NÃO SE APLICA,27,FEDERAL,PÚBLICA,SUDESTE,SP,SÃO CARLOS,PROFISSIONAL,ADMINISTRAÇÃO E SOCIEDADE,3,2013,EM FUNCIONAMENTO
NÃO SE APLICA,33,FEDERAL,PÚBLICA,SUDESTE,SP,SÃO CARLOS,ACADÊMICO,FILOSOFIA,5,1988,EM FUNCIONAMENTO
NÃO SE APLICA,46,FEDERAL,PÚBLICA,SUDESTE,SP,SÃO CARLOS,PROFISSIONAL,ENSINO DE CIÊNCIAS EXATAS,3,2008,EM FUNCIONAMENTO
"SOCIAIS, CULTURAS E HUMANIDADES",45,FEDERAL,PÚBLICA,SUDESTE,SP,SOROCABA,ACADÊMICO,ESTUDOS DA CONDIÇÃO HUMANA,3,2020,EM FUNCIONAMENTO
POLÍTICAS E DESENVOLVIMENTO DE TERRITÓRIOS,45,FEDERAL,PÚBLICA,SUDESTE,SP,ARARAS,ACADÊMICO,AGROECOLOGIA E DESENVOLVIMENTO RURAL,4,2006,EM FUNCIONAMENTO
NÃO SE APLICA,49,FEDERAL,PÚBLICA,SUDESTE,SP,SOROCABA,PROFISSIONAL,SUSTENTABILIDADE NA GESTÃO AMBIENTAL,3,2011,EM FUNCIONAMENTO
NÃO SE APLICA,4,FEDERAL,PÚBLICA,SUDESTE,SP,SÃO CARLOS,PROFISSIONAL,QUÍMICA,5,2008,EM FUNCIONAMENTO
NÃO SE APLICA,7,FEDERAL,PÚBLICA,SUDESTE,SP,SÃO CARLOS,ACADÊMICO,ECOLOGIA E RECURSOS NATURAIS,4,1976,EM FUNCIONAMENTO
NÃO SE APLICA,6,FEDERAL,PÚBLICA,SUDESTE,SP,SÃO CARLOS,ACADÊMICO,GENÉTICA EVOLUTIVA E BIOLOGIA MOLECULAR,5,1991,EM FUNCIONAMENTO
NÃO SE APLICA,34,FEDERAL,PÚBLICA,SUDESTE,SP,SÃO CARLOS,ACADÊMICO,SOCIOLOGIA,6,2008,EM FUNCIONAMENTO
NÃO SE APLICA,2,FEDERAL,PÚBLICA,SUDESTE,SP,SÃO CARLOS,ACADÊMICO,CIÊNCIA DA COMPUTAÇÃO,5,1988,EM FUNCIONAMENTO
NÃO SE APLICA,8,FEDERAL,PÚBLICA,SUDESTE,SP,SÃO CARLOS,ACADÊMICO,CIÊNCIAS FISIOLÓGICAS,5,2009,EM FUNCIONAMENTO
NÃO SE APLICA,36,FEDERAL,PÚBLICA,SUDESTE,SP,SOROCABA,ACADÊMICO,GEOGRAFIA,4,2017,EM FUNCIONAMENTO
NÃO SE APLICA,38,FEDERAL,PÚBLICA,SUDESTE,SP,SÃO CARLOS,ACADÊMICO,EDUCAÇÃO,6,1976,EM FUNCIONAMENTO
TÓPICOS ESPECÍFICOS DE EDUCAÇÃO,38,FEDERAL,PÚBLICA,SUDESTE,SP,SÃO CARLOS,ACADÊMICO,EDUCAÇÃO ESPECIAL (EDUCAÇÃO DO INDIVÍDUO ESPECIAL),7,1978,EM FUNCIONAMENTO
NÃO SE APLICA,13,FEDERAL,PÚBLICA,SUDESTE,SP,SÃO CARLOS,ACADÊMICO,ENGENHARIA DE PRODUÇÃO,5,1992,EM FUNCIONAMENTO
SAÚDE E BIOLÓGICAS,45,FEDERAL,PÚBLICA,SUDESTE,SP,SÃO CARLOS,ACADÊMICO,GERONTOLOGIA,4,2017,EM FUNCIONAMENTO
NÃO SE APLICA,37,FEDERAL,PÚBLICA,SUDESTE,SP,SÃO CARLOS,ACADÊMICO,PSICOLOGIA,6,2008,EM FUNCIONAMENTO
NÃO SE APLICA,14,FEDERAL,PÚBLICA,SUDESTE,SP,SÃO CARLOS,ACADÊMICO,ENGENHARIA ELÉTRICA,3,2019,EM FUNCIONAMENTO
ZOOLOGIA APLICADA,7,FEDERAL,PÚBLICA,SUDESTE,SP,BURI,PROFISSIONAL,CONSERVAÇÃO DA FAUNA,4,2013,EM FUNCIONAMENTO
NÃO SE APLICA,4,FEDERAL,PÚBLICA,SUDESTE,SP,SÃO CARLOS,ACADÊMICO,QUÍMICA,7,1980,EM FUNCIONAMENTO
NÃO SE APLICA,1,FEDERAL,PÚBLICA,SUDESTE,SP,SÃO CARLOS,ACADÊMICO,MATEMÁTICA,5,1987,EM FUNCIONAMENTO
NÃO SE APLICA,49,FEDERAL,PÚBLICA,SUDESTE,SP,SÃO CARLOS,ACADÊMICO,CIÊNCIAS AMBIENTAIS,4,2013,EM FUNCIONAMENTO
NÃO SE APLICA,41,FEDERAL,PÚBLICA,SUDESTE,SP,SÃO CARLOS,ACADÊMICO,ESTUDOS DE LITERATURA,4,2011,EM FUNCIONAMENTO
NÃO SE APLICA,39,FEDERAL,PÚBLICA,SUDESTE,SP,SÃO CARLOS,ACADÊMICO,CIENCIA POLITICA,5,2008,EM FUNCIONAMENTO
NÃO SE APLICA,42,FEDERAL,PÚBLICA,SUDESTE,SP,ARARAS,ACADÊMICO,PRODUÇÃO VEGETAL E BIOPROCESSOS ASSOCIADOS,4,2014,EM FUNCIONAMENTO
NÃO SE APLICA,49,FEDERAL,PÚBLICA,SUDESTE,SP,SOROCABA,ACADÊMICO,PLANEJAMENTO E USO DE RECURSOS RENOVÁVEIS,4,2014,EM FUNCIONAMENTO
NÃO SE APLICA,41,FEDERAL,PÚBLICA,SUDESTE,SP,SÃO CARLOS,ACADÊMICO,LINGUÍSTICA,5,2005,EM FUNCIONAMENTO
NÃO SE APLICA,12,FEDERAL,PÚBLICA,SUDESTE,SP,SÃO CARLOS,ACADÊMICO,ENGENHARIA QUÍMICA,7,1982,EM FUNCIONAMENTO
NÃO SE APLICA,27,FEDERAL,PÚBLICA,SUDESTE,SP,SOROCABA,ACADÊMICO,ADMINISTRAÇÃO,A,2021,EM FUNCIONAMENTO
NÃO SE APLICA,3,FEDERAL,PÚBLICA,SUDESTE,SP,SÃO CARLOS,ACADÊMICO,FÍSICA,4,1988,EM FUNCIONAMENTO
NÃO SE APLICA,13,FEDERAL,PÚBLICA,SUDESTE,SP,SÃO CARLOS,PROFISSIONAL,ENGENHARIA DE PRODUÇÃO,A,2021,EM FUNCIONAMENTO
NÃO SE APLICA,21,FEDERAL,PÚBLICA,SUDESTE,SP,SÃO CARLOS,ACADÊMICO,TERAPIA OCUPACIONAL,5,2010,EM FUNCIONAMENTO
NÃO SE APLICA,38,FEDERAL,PÚBLICA,SUDESTE,SP,SOROCABA,ACADÊMICO,EDUCAÇÃO,4,2012,EM FUNCIONAMENTO
NÃO SE APLICA,47,FEDERAL,PÚBLICA,SUDESTE,SP,SOROCABA,ACADÊMICO,CIÊNCIA DOS MATERIAIS,4,2009,EM FUNCIONAMENTO
NÃO SE APLICA,31,FEDERAL,PÚBLICA,SUDESTE,SP,SÃO CARLOS,ACADÊMICO,CIÊNCIA DA INFORMAÇÃO,4,2016,EM FUNCIONAMENTO
NÃO SE APLICA,10,FEDERAL,PÚBLICA,SUDESTE,SP,SÃO CARLOS,ACADÊMICO,ENGENHARIA CIVIL,5,2002,EM FUNCIONAMENTO
"SOCIAIS, CULTURAS E HUMANIDADES",45,FEDERAL,PÚBLICA,SUDESTE,SP,SÃO CARLOS,ACADÊMICO,"CIÊNCIA, TECNOLOGIA E SOCIEDADE",5,2008,EM FUNCIONAMENTO
NÃO SE APLICA,12,FEDERAL,PÚBLICA,SUDESTE,SP,SÃO CARLOS,ACADÊMICO,CIÊNCIA E ENGENHARIA DOS MATERIAIS,7,1979,EM FUNCIONAMENTO
NÃO SE APLICA,42,FEDERAL,PÚBLICA,SUDESTE,SP,ARARAS,ACADÊMICO,AGRICULTURA E AMBIENTE,4,2010,EM FUNCIONAMENTO
NÃO SE APLICA,21,FEDERAL,PÚBLICA,SUDESTE,SP,SÃO CARLOS,ACADÊMICO,FISIOTERAPIA,7,1997,EM FUNCIONAMENTO
SAÚDE PÚBLICA,22,FEDERAL,PÚBLICA,SUDESTE,SP,SÃO CARLOS,PROFISSIONAL,GESTÃO DA CLÍNICA,4,2011,EM FUNCIONAMENTO
NÃO SE APLICA,28,FEDERAL,PÚBLICA,SUDESTE,SP,SOROCABA,ACADÊMICO,ECONOMIA,4,2010,EM FUNCIONAMENTO
NÃO SE APLICA,38,FEDERAL,PÚBLICA,SUDESTE,SP,SÃO CARLOS,PROFISSIONAL,EDUCAÇÃO,3,2013,EM FUNCIONAMENTO
NÃO SE APLICA,41,ESTADUAL,PÚBLICA,SUDESTE,SP,SÃO PAULO,ACADÊMICO,LETRAS ESTRANGEIRAS E TRADUÇÃO,6,1971,EM FUNCIONAMENTO
NÃO SE APLICA,4,ESTADUAL,PÚBLICA,SUDESTE,SP,SÃO PAULO,PROFISSIONAL,TECNOLOGIA EM QUÍMICA E BIOQUÍMICA,5,2012,EM FUNCIONAMENTO
NÃO SE APLICA,24,ESTADUAL,PÚBLICA,SUDESTE,SP,SÃO PAULO,ACADÊMICO,CLÍNICA VETERINÁRIA,5,1991,EM FUNCIONAMENTO
CIÊNCIA DE ALIMENTOS,25,ESTADUAL,PÚBLICA,SUDESTE,SP,SÃO PAULO,ACADÊMICO,INTERUNIDADES SISTEMAS INTEGRADOS EM ALIMENTOS,5,1970,EM FUNCIONAMENTO
NÃO SE APLICA,46,ESTADUAL,PÚBLICA,SUDESTE,SP,SÃO PAULO,PROFISSIONAL,FORMAÇÃO INTERDISCIPLINAR EM SAÚDE,3,2014,EM FUNCIONAMENTO
NÃO SE APLICA,12,ESTADUAL,PÚBLICA,SUDESTE,SP,SÃO PAULO,ACADÊMICO,TECNOLOGIA NUCLEAR,6,1976,EM FUNCIONAMENTO
CLÍNICA MÉDICA,17,ESTADUAL,PÚBLICA,SUDESTE,SP,SÃO PAULO,ACADÊMICO,CIÊNCIAS DO SISTEMA MUSCULOESQUELÉTICO,5,1974,EM FUNCIONAMENTO
NÃO SE APLICA,23,ESTADUAL,PÚBLICA,SUDESTE,SP,PIRASSUNUNGA,ACADÊMICO,ZOOTECNIA,5,1994,EM FUNCIONAMENTO
CLÍNICA MÉDICA,16,ESTADUAL,PÚBLICA,SUDESTE,SP,SÃO PAULO,ACADÊMICO,NEUROLOGIA,6,1973,EM FUNCIONAMENTO
NÃO SE APLICA,10,ESTADUAL,PÚBLICA,SUDESTE,SP,SÃO PAULO,ACADÊMICO,ENGENHARIA CIVIL,6,1970,EM FUNCIONAMENTO
NÃO SE APLICA,49,ESTADUAL,PÚBLICA,SUDESTE,SP,SÃO PAULO,ACADÊMICO,CIÊNCIA AMBIENTAL,7,1990,EM FUNCIONAMENTO
NÃO SE APLICA,7,ESTADUAL,PÚBLICA,SUDESTE,SP,SÃO PAULO,ACADÊMICO,"SISTEMÁTICA, TAXONOMIA ANIMAL E BIODIVERSIDADE",5,2011,EM FUNCIONAMENTO
PSICOLOGIA SOCIAL,37,ESTADUAL,PÚBLICA,SUDESTE,SP,SÃO PAULO,ACADÊMICO,PSICOLOGIA SOCIAL,4,1976,EM FUNCIONAMENTO
"SOCIAIS, CULTURAS E HUMANIDADES",45,ESTADUAL,PÚBLICA,SUDESTE,SP,SÃO PAULO,ACADÊMICO,CULTURAS E IDENTIDADES BRASILEIRAS,4,2009,EM FUNCIONAMENTO
NÃO SE APLICA,21,ESTADUAL,PÚBLICA,SUDESTE,SP,SÃO PAULO,ACADÊMICO,CIÊNCIAS DA REABILITAÇÃO,6,2005,EM FUNCIONAMENTO
CLÍNICA MÉDICA,16,ESTADUAL,PÚBLICA,SUDESTE,SP,SÃO PAULO,ACADÊMICO,ALERGIA E IMUNOPATOLOGIA,4,1978,EM FUNCIONAMENTO
CIRURGIA,17,ESTADUAL,PÚBLICA,SUDESTE,SP,SÃO PAULO,ACADÊMICO,CIÊNCIAS EM GASTROENTEROLOGIA,6,2011,EM FUNCIONAMENTO
NÃO SE APLICA,8,ESTADUAL,PÚBLICA,SUDESTE,SP,SÃO PAULO,ACADÊMICO,CIÊNCIAS (FISIOLOGIA HUMANA),6,1994,EM FUNCIONAMENTO
PSIQUIATRIA,16,ESTADUAL,PÚBLICA,SUDESTE,SP,SÃO PAULO,ACADÊMICO,PSIQUIATRIA,7,1974,EM FUNCIONAMENTO
"ENGENHARIA, TECNOLOGIA E GESTÃO",45,ESTADUAL,PÚBLICA,SUDESTE,SP,SÃO PAULO,ACADÊMICO,ENERGIA,6,1989,EM FUNCIONAMENTO
"ENGENHARIA, TECNOLOGIA E GESTÃO",45,ESTADUAL,PÚBLICA,SUDESTE,SP,SÃO PAULO,ACADÊMICO,MODELAGEM DE SISTEMAS COMPLEXOS,3,2010,EM FUNCIONAMENTO
METEOROLOGIA,5,ESTADUAL,PÚBLICA,SUDESTE,SP,SÃO PAULO,ACADÊMICO,METEOROLOGIA,7,1973,EM FUNCIONAMENTO
CIRURGIA,17,ESTADUAL,PÚBLICA,SUDESTE,SP,SÃO PAULO,PROFISSIONAL,INOVAÇÃO TECNOLÓGICA E DE PROCESSOS ASSISTENCIAIS PERIOPERATÓRIOS,3,2019,EM FUNCIONAMENTO
NÃO SE APLICA,47,ESTADUAL,PÚBLICA,SUDESTE,SP,PIRASSUNUNGA,ACADÊMICO,ENGENHARIA E CIÊNCIA DE MATERIAIS,5,2013,EM FUNCIONAMENTO
NÃO SE APLICA,41,ESTADUAL,PÚBLICA,SUDESTE,SP,SÃO PAULO,ACADÊMICO,LETRAS (LETRAS CLÁSSICAS),5,1971,EM FUNCIONAMENTO
NÃO SE APLICA,1,ESTADUAL,PÚBLICA,SUDESTE,SP,SÃO PAULO,PROFISSIONAL,ENSINO DE MATEMÁTICA,4,2012,EM FUNCIONAMENTO
NÃO SE APLICA,11,ESTADUAL,PÚBLICA,SUDESTE,SP,SÃO PAULO,ACADÊMICO,ARTES CÊNICAS,6,2006,EM FUNCIONAMENTO
NÃO SE APLICA,37,ESTADUAL,PÚBLICA,SUDESTE,SP,SÃO PAULO,ACADÊMICO,NEUROCIÊNCIAS E COMPORTAMENTO,5,1991,EM FUNCIONAMENTO
NÃO SE APLICA,3,ESTADUAL,PÚBLICA,SUDESTE,SP,SÃO PAULO,ACADÊMICO,FÍSICA,5,1970,EM FUNCIONAMENTO
NÃO SE APLICA,9,ESTADUAL,PÚBLICA,SUDESTE,SP,SÃO PAULO,PROFISSIONAL,INOVAÇÃO EM DIAGNÓSTICO E DESENVOLVIMENTO DE FÁRMACOS E MEDICAMENTOS,A,2024,EM FUNCIONAMENTO
NÃO SE APLICA,35,ESTADUAL,PÚBLICA,SUDESTE,SP,SÃO PAULO,ACADÊMICO,ARQUEOLOGIA,6,1989,EM FUNCIONAMENTO
CIRURGIA,17,ESTADUAL,PÚBLICA,SUDESTE,SP,SÃO PAULO,ACADÊMICO,"ANESTESIOLOGIA, CIÊNCIAS CIRÚRGICAS E MEDICINA PERIOPERATÓRIA",5,1987,EM FUNCIONAMENTO
NÃO SE APLICA,6,ESTADUAL,PÚBLICA,SUDESTE,SP,SÃO PAULO,ACADÊMICO,BIOLOGIA DE SISTEMAS,6,1972,EM FUNCIONAMENTO
NÃO SE APLICA,41,ESTADUAL,PÚBLICA,SUDESTE,SP,SÃO PAULO,ACADÊMICO,LETRAS (LÍNGUA ESPANHOLA E LIT. ESPANHOLA E HISPANO-AMERIC.),5,1977,EM FUNCIONAMENTO
NÃO SE APLICA,36,ESTADUAL,PÚBLICA,SUDESTE,SP,SÃO PAULO,ACADÊMICO,GEOGRAFIA (GEOGRAFIA HUMANA),6,1971,EM FUNCIONAMENTO
"SOCIAIS, CULTURAS E HUMANIDADES",45,ESTADUAL,PÚBLICA,SUDESTE,SP,SÃO PAULO,ACADÊMICO,INTEGRAÇÃO DA AMÉRICA LATINA,4,1988,EM FUNCIONAMENTO
NÃO SE APLICA,22,ESTADUAL,PÚBLICA,SUDESTE,SP,SÃO PAULO,PROFISSIONAL,ENTOMOLOGIA EM SAÚDE PÚBLICA,4,2016,EM FUNCIONAMENTO
NÃO SE APLICA,1,ESTADUAL,PÚBLICA,SUDESTE,SP,SÃO PAULO,ACADÊMICO,MATEMÁTICA,6,1970,EM FUNCIONAMENTO
ADMINISTRAÇÃO PÚBLICA,27,ESTADUAL,PÚBLICA,SUDESTE,SP,SÃO PAULO,ACADÊMICO,GESTÃO DE POLÍTICAS PÚBLICAS,4,2013,EM FUNCIONAMENTO
NÃO SE APLICA,19,ESTADUAL,PÚBLICA,SUDESTE,SP,SÃO PAULO,ACADÊMICO,TECNOLOGIA BIOQUÍMICO-FARMACÊUTICA,5,1973,EM FUNCIONAMENTO
CIRURGIA,17,ESTADUAL,PÚBLICA,SUDESTE,SP,SÃO PAULO,ACADÊMICO,UROLOGIA,4,1987,EM FUNCIONAMENTO
"SOCIAIS, CULTURAS E HUMANIDADES",45,ESTADUAL,PÚBLICA,SUDESTE,SP,SÃO PAULO,ACADÊMICO,ESTUDOS CULTURAIS,4,2011,EM FUNCIONAMENTO
POLÍTICA INTERNACIONAL,39,ESTADUAL,PÚBLICA,SUDESTE,SP,SÃO PAULO,ACADÊMICO,RELAÇÕES INTERNACIONAIS,5,2009,EM FUNCIONAMENTO
NÃO SE APLICA,15,ESTADUAL,PÚBLICA,SUDESTE,SP,SÃO PAULO,ACADÊMICO,CIÊNCIAS MÉDICAS,5,1995,EM FUNCIONAMENTO
NÃO SE APLICA,2,ESTADUAL,PÚBLICA,SUDESTE,SP,SÃO PAULO,ACADÊMICO,SISTEMAS DE INFORMAÇÃO,4,2010,EM FUNCIONAMENTO
CLÍNICA MÉDICA,16,ESTADUAL,PÚBLICA,SUDESTE,SP,SÃO PAULO,ACADÊMICO,MEDICINA (PEDIATRIA),5,1972,EM FUNCIONAMENTO
CLÍNICA MÉDICA,15,ESTADUAL,PÚBLICA,SUDESTE,SP,SÃO PAULO,ACADÊMICO,MEDICINA (DERMATOLOGIA),5,1973,EM FUNCIONAMENTO
LITERATURA BRASILEIRA,41,ESTADUAL,PÚBLICA,SUDESTE,SP,SÃO PAULO,ACADÊMICO,LITERATURA BRASILEIRA,6,1971,EM FUNCIONAMENTO
SAÚDE E BIOLÓGICAS,45,ESTADUAL,PÚBLICA,SUDESTE,SP,BAURU,ACADÊMICO,CIÊNCIAS DA REABILITAÇÃO,5,1998,EM FUNCIONAMENTO
CLÍNICA MÉDICA,17,ESTADUAL,PÚBLICA,SUDESTE,SP,SÃO PAULO,ACADÊMICO,MEDICINA (OBSTETRÍCIA E GINECOLOGIA),5,1973,EM FUNCIONAMENTO
NÃO SE APLICA,13,ESTADUAL,PÚBLICA,SUDESTE,SP,SÃO PAULO,ACADÊMICO,ENGENHARIA (ENGENHARIA DE PRODUÇÃO),5,1971,EM FUNCIONAMENTO
GEOLOGIA,5,ESTADUAL,PÚBLICA,SUDESTE,SP,SÃO PAULO,ACADÊMICO,GEOCIÊNCIAS (RECURSOS MINERAIS E HIDROGEOLOGIA),4,1970,EM FUNCIONAMENTO
NÃO SE APLICA,41,ESTADUAL,PÚBLICA,SUDESTE,SP,SÃO PAULO,ACADÊMICO,LETRAS (LÍNGUA LITERATURA E CULTURA JAPONESA),4,1996,EM FUNCIONAMENTO
NÃO SE APLICA,49,ESTADUAL,PÚBLICA,SUDESTE,SP,SÃO PAULO,PROFISSIONAL,"AMBIENTE, SAÚDE E SUSTENTABILIDADE",5,2013,EM FUNCIONAMENTO
NÃO SE APLICA,20,ESTADUAL,PÚBLICA,SUDESTE,SP,SÃO PAULO,ACADÊMICO,ENFERMAGEM,6,1973,EM FUNCIONAMENTO
NÃO SE APLICA,20,ESTADUAL,PÚBLICA,SUDESTE,SP,SÃO PAULO,PROFISSIONAL,ENFERMAGEM NA ATENÇÃO PRIMÁRIA EM SAÚDE NO SUS,4,2013,EM FUNCIONAMENTO
NÃO SE APLICA,51,ESTADUAL,PÚBLICA,SUDESTE,SP,SÃO PAULO,PROFISSIONAL,REDE NACIONAL PARA ENSINO DAS CIÊNCIAS AMBIENTAIS,4,2016,EM FUNCIONAMENTO
NÃO SE APLICA,31,ESTADUAL,PÚBLICA,SUDESTE,SP,SÃO PAULO,ACADÊMICO,MEIOS E PROCESSOS AUDIOVISUAIS,5,2010,EM FUNCIONAMENTO
NÃO SE APLICA,36,ESTADUAL,PÚBLICA,SUDESTE,SP,SÃO PAULO,ACADÊMICO,GEOGRAFIA (GEOGRAFIA FÍSICA),6,1971,EM FUNCIONAMENTO
NÃO SE APLICA,13,ESTADUAL,PÚBLICA,SUDESTE,SP,SÃO PAULO,ACADÊMICO,ENGENHARIA NAVAL E OCEÂNICA,5,1970,EM FUNCIONAMENTO
NÃO SE APLICA,19,ESTADUAL,PÚBLICA,SUDESTE,SP,SÃO PAULO,ACADÊMICO,FÁRMACOS E MEDICAMENTOS,5,1978,EM FUNCIONAMENTO
MÚSICA,11,ESTADUAL,PÚBLICA,SUDESTE,SP,SÃO PAULO,ACADÊMICO,MÚSICA,6,2007,EM FUNCIONAMENTO
CLÍNICA MÉDICA,16,ESTADUAL,PÚBLICA,SUDESTE,SP,SÃO PAULO,ACADÊMICO,DOENÇAS INFECCIOSAS E PARASITÁRIAS,5,1973,EM FUNCIONAMENTO
NÃO SE APLICA,20,ESTADUAL,PÚBLICA,SUDESTE,SP,SÃO PAULO,ACADÊMICO,ENFERMAGEM NA SAÚDE DO ADULTO,7,2000,EM FUNCIONAMENTO
NÃO SE APLICA,41,ESTADUAL,PÚBLICA,SUDESTE,SP,SÃO PAULO,ACADÊMICO,"LETRAS (LÍNGUA, LITERATURA E CULTURA ITALIANAS)",5,1975,EM FUNCIONAMENTO
NÃO SE APLICA,27,ESTADUAL,PÚBLICA,SUDESTE,SP,SÃO PAULO,ACADÊMICO,TURISMO,5,2014,EM FUNCIONAMENTO
NÃO SE APLICA,9,ESTADUAL,PÚBLICA,SUDESTE,SP,SÃO PAULO,ACADÊMICO,CIÊNCIAS (BIOLOGIA DA RELAÇÃO PATÓGENO-HOSPEDEIRO),7,1976,EM FUNCIONAMENTO
EPIDEMIOLOGIA,22,ESTADUAL,PÚBLICA,SUDESTE,SP,SÃO PAULO,ACADÊMICO,EPIDEMIOLOGIA,4,2015,EM FUNCIONAMENTO
CLÍNICA MÉDICA,17,ESTADUAL,PÚBLICA,SUDESTE,SP,SÃO PAULO,ACADÊMICO,OFTALMOLOGIA,6,1980,EM FUNCIONAMENTO
NÃO SE APLICA,41,ESTADUAL,PÚBLICA,SUDESTE,SP,SÃO PAULO,ACADÊMICO,LINGÜÍSTICA,6,1971,EM FUNCIONAMENTO
NÃO SE APLICA,41,ESTADUAL,PÚBLICA,SUDESTE,SP,SÃO PAULO,ACADÊMICO,ESTUDOS LINGUÍSTICOS E LITERÁRIOS EM INGLÊS,5,1971,EM FUNCIONAMENTO
NÃO SE APLICA,31,ESTADUAL,PÚBLICA,SUDESTE,SP,SÃO PAULO,PROFISSIONAL,GESTÃO DA INFORMAÇÃO,4,2016,EM FUNCIONAMENTO
CLÍNICA MÉDICA,15,ESTADUAL,PÚBLICA,SUDESTE,SP,SÃO PAULO,ACADÊMICO,CARDIOLOGIA,7,1975,EM FUNCIONAMENTO
ANATOMIA PATOLÓGICA E PATOLOGIA CLÍNICA,16,ESTADUAL,PÚBLICA,SUDESTE,SP,SÃO PAULO,ACADÊMICO,PATOLOGIA,5,1975,EM FUNCIONAMENTO
NÃO SE APLICA,39,ESTADUAL,PÚBLICA,SUDESTE,SP,SÃO PAULO,ACADÊMICO,CIÊNCIA POLÍTICA,7,1974,EM FUNCIONAMENTO
GEOLOGIA,5,ESTADUAL,PÚBLICA,SUDESTE,SP,SÃO PAULO,ACADÊMICO,GEOCIÊNCIAS (GEOQUÍMICA E GEOTECTÔNICA),7,1986,EM FUNCIONAMENTO
NÃO SE APLICA,7,ESTADUAL,PÚBLICA,SUDESTE,SP,SÃO PAULO,ACADÊMICO,ECOLOGIA,7,1982,EM FUNCIONAMENTO
NÃO SE APLICA,18,ESTADUAL,PÚBLICA,SUDESTE,SP,SÃO PAULO,ACADÊMICO,ODONTOLOGIA,5,1988,EM FUNCIONAMENTO
NÃO SE APLICA,21,ESTADUAL,PÚBLICA,SUDESTE,SP,SÃO PAULO,ACADÊMICO,EDUCAÇÃO FÍSICA E ESPORTE,7,1977,EM FUNCIONAMENTO
NÃO SE APLICA,21,ESTADUAL,PÚBLICA,SUDESTE,SP,SÃO PAULO,PROFISSIONAL,TERAPIA OCUPACIONAL E PROCESSOS DE INCLUSÃO SOCIAL,3,2019,EM FUNCIONAMENTO
PSICOLOGIA DO ENSINO E DA APRENDIZAGEM,37,ESTADUAL,PÚBLICA,SUDESTE,SP,SÃO PAULO,ACADÊMICO,PSICOLOGIA ESCOLAR E DO DESENVOLVIMENTO HUMANO,4,1970,EM FUNCIONAMENTO
CLÍNICA MÉDICA,15,ESTADUAL,PÚBLICA,SUDESTE,SP,SÃO PAULO,ACADÊMICO,ONCOLOGIA,5,1987,EM FUNCIONAMENTO
NÃO SE APLICA,22,ESTADUAL,PÚBLICA,SUDESTE,SP,SÃO PAULO,ACADÊMICO,SAÚDE GLOBAL E SUSTENTABILIDADE,4,2013,EM FUNCIONAMENTO
"SOCIAIS, CULTURAS E HUMANIDADES",45,ESTADUAL,PÚBLICA,SUDESTE,SP,SÃO PAULO,ACADÊMICO,MUDANÇA SOCIAL E PARTICIPAÇÃO POLÍTICA,4,2011,EM FUNCIONAMENTO
NÃO SE APLICA,49,ESTADUAL,PÚBLICA,SUDESTE,SP,SÃO PAULO,ACADÊMICO,SUSTENTABILIDADE,5,2013,EM FUNCIONAMENTO
ANATOMIA PATOLÓGICA E PATOLOGIA CLÍNICA,16,ESTADUAL,PÚBLICA,SUDESTE,SP,SÃO PAULO,ACADÊMICO,CIÊNCIAS (FISIOPATOLOGIA EXPERIMENTAL),5,1996,EM FUNCIONAMENTO
NÃO SE APLICA,38,ESTADUAL,PÚBLICA,SUDESTE,SP,SÃO PAULO,ACADÊMICO,EDUCAÇÃO,5,1971,EM FUNCIONAMENTO
CLÍNICA MÉDICA,15,ESTADUAL,PÚBLICA,SUDESTE,SP,SÃO PAULO,ACADÊMICO,CIÊNCIAS DA RESPIRAÇÃO,6,1982,EM FUNCIONAMENTO
NÃO SE APLICA,24,ESTADUAL,PÚBLICA,SUDESTE,SP,SÃO PAULO,ACADÊMICO,CLÍNICA CIRÚRGICA VETERINÁRIA,4,1992,EM FUNCIONAMENTO
NÃO SE APLICA,21,ESTADUAL,PÚBLICA,SUDESTE,SP,SÃO PAULO,ACADÊMICO,CIÊNCIAS DA ATIVIDADE FÍSICA,3,2014,EM FUNCIONAMENTO
NÃO SE APLICA,3,ESTADUAL,PÚBLICA,SUDESTE,SP,SÃO PAULO,ACADÊMICO,ASTRONOMIA,7,1973,EM FUNCIONAMENTO
PSICOLOGIA EXPERIMENTAL,37,ESTADUAL,PÚBLICA,SUDESTE,SP,SÃO PAULO,ACADÊMICO,PSICOLOGIA (PSICOLOGIA EXPERIMENTAL),7,1970,EM FUNCIONAMENTO
NÃO SE APLICA,18,ESTADUAL,PÚBLICA,SUDESTE,SP,SÃO PAULO,ACADÊMICO,"DIAGNÓSTICO BUCAL, RADIOLOGIA ODONTOLÓGICA E IMAGINOLOGIA",4,1988,EM FUNCIONAMENTO
GENÉTICA HUMANA E MÉDICA,6,ESTADUAL,PÚBLICA,SUDESTE,SP,SÃO PAULO,PROFISSIONAL,ACONSELHAMENTO GENÉTICO E GENÔMICA HUMANA,4,2015,EM FUNCIONAMENTO
NÃO SE APLICA,6,ESTADUAL,PÚBLICA,SUDESTE,SP,SÃO PAULO,ACADÊMICO,BIOTECNOLOGIA,5,1991,EM FUNCIONAMENTO
NUTRIÇÃO E ALIMENTAÇÃO ANIMAL,23,ESTADUAL,PÚBLICA,SUDESTE,SP,PIRASSUNUNGA,ACADÊMICO,NUTRIÇÃO E PRODUÇÃO ANIMAL,5,1978,EM FUNCIONAMENTO
NÃO SE APLICA,5,ESTADUAL,PÚBLICA,SUDESTE,SP,SÃO PAULO,ACADÊMICO,GEOCIÊNCIAS (MINERALOGIA E PETROLOGIA),4,1970,EM FUNCIONAMENTO
NÃO SE APLICA,10,ESTADUAL,PÚBLICA,SUDESTE,SP,SÃO PAULO,ACADÊMICO,ENGENHARIA DE TRANSPORTES,5,1976,EM FUNCIONAMENTO
NÃO SE APLICA,24,ESTADUAL,PÚBLICA,SUDESTE,SP,SÃO PAULO,ACADÊMICO,ANATOMIA DOS ANIMAIS DOMÉSTICOS E SILVESTRES,7,1976,EM FUNCIONAMENTO
TÓPICOS ESPECÍFICOS DE EDUCAÇÃO,38,ESTADUAL,PÚBLICA,SUDESTE,SP,SÃO PAULO,PROFISSIONAL,ENSINO DE ASTRONOMIA,3,2013,EM FUNCIONAMENTO
CIÊNCIAS CONTÁBEIS,27,ESTADUAL,PÚBLICA,SUDESTE,SP,SÃO PAULO,ACADÊMICO,CONTROLADORIA E CONTABILIDADE,6,1970,EM FUNCIONAMENTO
NÃO SE APLICA,5,ESTADUAL,PÚBLICA,SUDESTE,SP,SÃO PAULO,ACADÊMICO,OCEANOGRAFIA,7,2011,EM FUNCIONAMENTO
NÃO SE APLICA,7,ESTADUAL,PÚBLICA,SUDESTE,SP,SÃO PAULO,ACADÊMICO,CIÊNCIAS BIOLÓGICAS (BOTÂNICA),7,1970,EM FUNCIONAMENTO
NÃO SE APLICA,20,ESTADUAL,PÚBLICA,SUDESTE,SP,SÃO PAULO,ACADÊMICO,GERENCIAMENTO EM ENFERMAGEM,5,2010,EM FUNCIONAMENTO
ENSINO DE CIÊNCIAS E MATEMÁTICA,46,ESTADUAL,PÚBLICA,SUDESTE,SP,SÃO PAULO,ACADÊMICO,"ENSINO DE CIÊNCIAS (MODALIDADES FÍSICA, QUÍMICA E BIOLOGIA)",5,1973,EM FUNCIONAMENTO
RADIOLOGIA MÉDICA,16,ESTADUAL,PÚBLICA,SUDESTE,SP,SÃO PAULO,ACADÊMICO,RADIOLOGIA,5,1987,EM FUNCIONAMENTO
"SOCIAIS, CULTURAS E HUMANIDADES",45,ESTADUAL,PÚBLICA,SUDESTE,SP,SÃO PAULO,ACADÊMICO,TÊXTIL E MODA,5,2011,EM FUNCIONAMENTO
NÃO SE APLICA,6,ESTADUAL,PÚBLICA,SUDESTE,SP,SÃO PAULO,ACADÊMICO,BIOINFORMÁTICA,4,2002,EM FUNCIONAMENTO
CLÍNICA MÉDICA,15,ESTADUAL,PÚBLICA,SUDESTE,SP,SÃO PAULO,PROFISSIONAL,ONCOLOGIA,3,2020,EM FUNCIONAMENTO
NÃO SE APLICA,27,ESTADUAL,PÚBLICA,SUDESTE,SP,SÃO PAULO,PROFISSIONAL,EMPREENDEDORISMO,5,2014,EM FUNCIONAMENTO
GEOFÍSICA,5,ESTADUAL,PÚBLICA,SUDESTE,SP,SÃO PAULO,ACADÊMICO,GEOFÍSICA,6,1975,EM FUNCIONAMENTO
MATEMÁTICA APLICADA,1,ESTADUAL,PÚBLICA,SUDESTE,SP,SÃO PAULO,ACADÊMICO,MATEMÁTICA APLICADA,6,1970,EM FUNCIONAMENTO
NÃO SE APLICA,29,ESTADUAL,PÚBLICA,SUDESTE,SP,SÃO PAULO,ACADÊMICO,DESIGN,5,2017,EM FUNCIONAMENTO
TRATAMENTO E PREVENÇÃO PSICOLÓGICA,37,ESTADUAL,PÚBLICA,SUDESTE,SP,SÃO PAULO,ACADÊMICO,PSICOLOGIA CLÍNICA,5,1975,EM FUNCIONAMENTO
NÃO SE APLICA,6,ESTADUAL,PÚBLICA,SUDESTE,SP,SÃO PAULO,ACADÊMICO,CIÊNCIAS BIOLÓGICAS (BIOLOGIA GENÉTICA),6,1970,EM FUNCIONAMENTO
CLÍNICA MÉDICA,16,ESTADUAL,PÚBLICA,SUDESTE,SP,SÃO PAULO,ACADÊMICO,MEDICINA TROPICAL,5,2008,EM FUNCIONAMENTO
"SOCIAIS, CULTURAS E HUMANIDADES",45,ESTADUAL,PÚBLICA,SUDESTE,SP,SÃO PAULO,ACADÊMICO,"HUMANIDADES, DIREITOS E OUTRAS LEGITIMIDADES",4,2012,EM FUNCIONAMENTO
NÃO SE APLICA,10,ESTADUAL,PÚBLICA,SUDESTE,SP,SÃO PAULO,PROFISSIONAL,INOVAÇÃO NA CONSTRUÇÃO CIVIL,3,2013,EM FUNCIONAMENTO
CLÍNICA MÉDICA,15,ESTADUAL,PÚBLICA,SUDESTE,SP,SÃO PAULO,ACADÊMICO,NEFROLOGIA,6,1980,EM FUNCIONAMENTO
NÃO SE APLICA,8,ESTADUAL,PÚBLICA,SUDESTE,SP,SÃO PAULO,ACADÊMICO,CIÊNCIAS BIOLÓGICAS (BIOQUÍMICA),7,1970,EM FUNCIONAMENTO
LÍNGUA PORTUGUESA,41,ESTADUAL,PÚBLICA,SUDESTE,SP,SÃO PAULO,ACADÊMICO,FILOLOGIA E LÍNGUA PORTUGUESA,5,1971,EM FUNCIONAMENTO
TEORIA LITERARIA,41,ESTADUAL,PÚBLICA,SUDESTE,SP,SÃO PAULO,ACADÊMICO,LETRAS (TEORIA LITERÁRIA E LITERATURA COMPARADA),5,1971,EM FUNCIONAMENTO
PLANEJAMENTO DE TRANSPORTES,10,ESTADUAL,PÚBLICA,SUDESTE,SP,SÃO PAULO,ACADÊMICO,ENGENHARIA DE SISTEMAS LOGÍSTICOS,5,2003,EM FUNCIONAMENTO
ADMINISTRAÇÃO DE EMPRESAS,27,ESTADUAL,PÚBLICA,SUDESTE,SP,SÃO PAULO,ACADÊMICO,ADMINISTRAÇÃO,7,1975,EM FUNCIONAMENTO
NÃO SE APLICA,2,ESTADUAL,PÚBLICA,SUDESTE,SP,SÃO PAULO,ACADÊMICO,CIÊNCIA DA COMPUTAÇÃO,6,1997,EM FUNCIONAMENTO
NÃO SE APLICA,14,ESTADUAL,PÚBLICA,SUDESTE,SP,SÃO PAULO,ACADÊMICO,ENGENHARIA ELÉTRICA,6,1968,EM FUNCIONAMENTO
NÃO SE APLICA,31,ESTADUAL,PÚBLICA,SUDESTE,SP,SÃO PAULO,ACADÊMICO,MUSEOLOGIA,4,2012,EM FUNCIONAMENTO
LITERATURA COMPARADA,41,ESTADUAL,PÚBLICA,SUDESTE,SP,SÃO PAULO,ACADÊMICO,LETRAS (EST.COMP. DE LITER. DE LÍNGUA PORTUGUESA),5,1994,EM FUNCIONAMENTO
CIRURGIA,17,ESTADUAL,PÚBLICA,SUDESTE,SP,SÃO PAULO,ACADÊMICO,MEDICINA (CIRURGIA TORÁCICA E CARDIOVASCULAR),4,1990,EM FUNCIONAMENTO
NÃO SE APLICA,7,ESTADUAL,PÚBLICA,SUDESTE,SP,SÃO PAULO,ACADÊMICO,CIÊNCIAS BIOLÓGICAS (ZOOLOGIA),6,1970,EM FUNCIONAMENTO
MEDICINA VETERINÁRIA PREVENTIVA,24,ESTADUAL,PÚBLICA,SUDESTE,SP,SÃO PAULO,ACADÊMICO,EPIDEMIOLOGIA E SAÚDE ÚNICA,7,1983,EM FUNCIONAMENTO
NÃO SE APLICA,20,ESTADUAL,PÚBLICA,SUDESTE,SP,SÃO PAULO,ACADÊMICO,ENFERMAGEM,6,1981,EM FUNCIONAMENTO
NÃO SE APLICA,22,ESTADUAL,PÚBLICA,SUDESTE,SP,SÃO PAULO,ACADÊMICO,NUTRIÇÃO EM SAÚDE PÚBLICA,7,2007,EM FUNCIONAMENTO
CLÍNICA MÉDICA,15,ESTADUAL,PÚBLICA,SUDESTE,SP,SÃO PAULO,ACADÊMICO,ENDOCRINOLOGIA,5,1977,EM FUNCIONAMENTO
NÃO SE APLICA,40,ESTADUAL,PÚBLICA,SUDESTE,SP,SÃO PAULO,ACADÊMICO,HISTÓRIA ECONÔMICA,4,1971,EM FUNCIONAMENTO
NÃO SE APLICA,13,ESTADUAL,PÚBLICA,SUDESTE,SP,SÃO PAULO,ACADÊMICO,ENGENHARIA MECÂNICA,5,1971,EM FUNCIONAMENTO
NÃO SE APLICA,40,ESTADUAL,PÚBLICA,SUDESTE,SP,SÃO PAULO,ACADÊMICO,HISTÓRIA SOCIAL,7,1971,EM FUNCIONAMENTO
SAÚDE PÚBLICA,22,ESTADUAL,PÚBLICA,SUDESTE,SP,SÃO PAULO,ACADÊMICO,SAÚDE PÚBLICA,6,1970,EM FUNCIONAMENTO
NÃO SE APLICA,12,ESTADUAL,PÚBLICA,SUDESTE,SP,SÃO PAULO,ACADÊMICO,ENGENHARIA QUÍMICA,7,1968,EM FUNCIONAMENTO
NÃO SE APLICA,4,ESTADUAL,PÚBLICA,SUDESTE,SP,SÃO PAULO,ACADÊMICO,QUIMICA,7,1970,EM FUNCIONAMENTO
MEDICINA PREVENTIVA,22,ESTADUAL,PÚBLICA,SUDESTE,SP,SÃO PAULO,ACADÊMICO,SAÚDE COLETIVA,7,1973,EM FUNCIONAMENTO
NÃO SE APLICA,35,ESTADUAL,PÚBLICA,SUDESTE,SP,SÃO PAULO,ACADÊMICO,CIÊNCIA SOCIAL (ANTROPOLOGIA SOCIAL),6,1972,EM FUNCIONAMENTO
ESTATÍSTICA,1,ESTADUAL,PÚBLICA,SUDESTE,SP,SÃO PAULO,ACADÊMICO,PROBABILIDADE E ESTATÍSTICA,6,1970,EM FUNCIONAMENTO
NÃO SE APLICA,9,ESTADUAL,PÚBLICA,SUDESTE,SP,SÃO PAULO,ACADÊMICO,IMUNOLOGIA,7,1983,EM FUNCIONAMENTO
CIRURGIA,17,ESTADUAL,PÚBLICA,SUDESTE,SP,SÃO PAULO,ACADÊMICO,OTORRINOLARINGOLOGIA,4,1978,EM FUNCIONAMENTO
NÃO SE APLICA,31,ESTADUAL,PÚBLICA,SUDESTE,SP,SÃO PAULO,ACADÊMICO,CIÊNCIA DA INFORMAÇÃO,4,2006,EM FUNCIONAMENTO
NÃO SE APLICA,12,ESTADUAL,PÚBLICA,SUDESTE,SP,SÃO PAULO,ACADÊMICO,ENGENHARIA METALÚRGICA,6,1971,EM FUNCIONAMENTO
NÃO SE APLICA,28,ESTADUAL,PÚBLICA,SUDESTE,SP,SÃO PAULO,ACADÊMICO,ECONOMIA,7,1970,EM FUNCIONAMENTO
NÃO SE APLICA,15,ESTADUAL,PÚBLICA,SUDESTE,SP,SÃO PAULO,ACADÊMICO,(MEDICINA) TECNOLOGIA E INTERVENÇÃO EM CARDIOLOGIA,4,2007,EM FUNCIONAMENTO
NÃO SE APLICA,24,ESTADUAL,PÚBLICA,SUDESTE,SP,PIRASSUNUNGA,ACADÊMICO,BIOCIÊNCIA ANIMAL,5,2013,EM FUNCIONAMENTO
NÃO SE APLICA,12,ESTADUAL,PÚBLICA,SUDESTE,SP,SÃO PAULO,ACADÊMICO,ENGENHARIA MINERAL,5,1970,EM FUNCIONAMENTO
ODONTOPEDIATRIA,18,ESTADUAL,PÚBLICA,SUDESTE,SP,SÃO PAULO,ACADÊMICO,CIÊNCIAS ODONTOLÓGICAS,6,1971,EM FUNCIONAMENTO
PATOLOGIA ANIMAL,24,ESTADUAL,PÚBLICA,SUDESTE,SP,SÃO PAULO,ACADÊMICO,PATOLOGIA EXPERIMENTAL E COMPARADA,6,1978,EM FUNCIONAMENTO
SAÚDE E BIOLÓGICAS,45,ESTADUAL,PÚBLICA,SUDESTE,SP,SÃO PAULO,ACADÊMICO,GERONTOLOGIA,4,2015,EM FUNCIONAMENTO
NÃO SE APLICA,24,ESTADUAL,PÚBLICA,SUDESTE,SP,PIRASSUNUNGA,PROFISSIONAL,GESTÃO E INOVAÇÃO NA INDÚSTRIA ANIMAL,3,2013,EM FUNCIONAMENTO
NÃO SE APLICA,34,ESTADUAL,PÚBLICA,SUDESTE,SP,SÃO PAULO,ACADÊMICO,SOCIOLOGIA,6,1971,EM FUNCIONAMENTO
NÃO SE APLICA,26,ESTADUAL,PÚBLICA,SUDESTE,SP,SÃO PAULO,ACADÊMICO,DIREITO,7,1971,EM FUNCIONAMENTO
NÃO SE APLICA,8,ESTADUAL,PÚBLICA,SUDESTE,SP,SÃO PAULO,ACADÊMICO,CIÊNCIAS (FISIOLOGIA GERAL),5,1994,EM FUNCIONAMENTO
NÃO SE APLICA,41,ESTADUAL,PÚBLICA,SUDESTE,SP,SÃO PAULO,ACADÊMICO,LETRAS (LÍNGUA E LITERATURA ALEMÃ),4,1971,EM FUNCIONAMENTO
NÃO SE APLICA,31,ESTADUAL,PÚBLICA,SUDESTE,SP,SÃO PAULO,ACADÊMICO,CIÊNCIAS DA COMUNICAÇÃO,5,1972,EM FUNCIONAMENTO
"SOCIAIS, CULTURAS E HUMANIDADES",45,ESTADUAL,PÚBLICA,SUDESTE,SP,SÃO PAULO,ACADÊMICO,ESTÉTICA E HISTÓRIA DA ARTE,5,2000,EM FUNCIONAMENTO
NÃO SE APLICA,33,ESTADUAL,PÚBLICA,SUDESTE,SP,SÃO PAULO,ACADÊMICO,FILOSOFIA,7,1971,EM FUNCIONAMENTO
NÃO SE APLICA,8,ESTADUAL,PÚBLICA,SUDESTE,SP,SÃO PAULO,ACADÊMICO,FARMACOLOGIA,6,1977,EM FUNCIONAMENTO
OUTRAS LITERATURAS VERNÁCULAS,41,ESTADUAL,PÚBLICA,SUDESTE,SP,SÃO PAULO,ACADÊMICO,LETRAS (LITERATURA PORTUGUESA),4,1971,EM FUNCIONAMENTO
NÃO SE APLICA,24,ESTADUAL,PÚBLICA,SUDESTE,SP,SÃO PAULO,ACADÊMICO,REPRODUÇÃO ANIMAL,6,1976,EM FUNCIONAMENTO
NÃO SE APLICA,11,ESTADUAL,PÚBLICA,SUDESTE,SP,SÃO PAULO,ACADÊMICO,ARTES VISUAIS,5,2006,EM FUNCIONAMENTO
NÃO SE APLICA,29,ESTADUAL,PÚBLICA,SUDESTE,SP,SÃO PAULO,ACADÊMICO,ARQUITETURA E URBANISMO,5,1972,EM FUNCIONAMENTO
NÃO SE APLICA,19,ESTADUAL,PÚBLICA,SUDESTE,SP,SÃO PAULO,ACADÊMICO,FARMÁCIA (FISIOPATOLOGIA E TOXICOLOGIA),7,1972,EM FUNCIONAMENTO
NÃO SE APLICA,9,ESTADUAL,PÚBLICA,SUDESTE,SP,SÃO PAULO,ACADÊMICO,CIÊNCIAS BIOLÓGICAS (MICROBIOLOGIA),7,1973,EM FUNCIONAMENTO
CLÍNICA MÉDICA,15,ESTADUAL,PÚBLICA,SUDESTE,SP,SÃO PAULO,PROFISSIONAL,ASSOCIADO À RESIDÊNCIA EM MEDICINA CARDIOVASCULAR,3,2017,EM FUNCIONAMENTO
NÃO SE APLICA,21,ESTADUAL,PÚBLICA,SUDESTE,SP,RIBEIRÃO PRETO,ACADÊMICO,EDUCAÇÃO FÍSICA E ESPORTE,4,2016,EM FUNCIONAMENTO
MEDICINA PREVENTIVA,22,ESTADUAL,PÚBLICA,SUDESTE,SP,SÃO PAULO,ACADÊMICO,SAÚDE PÚBLICA,4,1971,EM FUNCIONAMENTO
NÃO SE APLICA,19,ESTADUAL,PÚBLICA,SUDESTE,SP,RIBEIRÃO PRETO,ACADÊMICO,CIÊNCIAS FARMACÊUTICAS,7,1988,EM FUNCIONAMENTO
PSICOLOGIA FISIOLÓGICA,37,ESTADUAL,PÚBLICA,SUDESTE,SP,RIBEIRÃO PRETO,ACADÊMICO,PSICOBIOLOGIA,6,1984,EM FUNCIONAMENTO
CIÊNCIAS CONTÁBEIS,27,ESTADUAL,PÚBLICA,SUDESTE,SP,RIBEIRÃO PRETO,ACADÊMICO,CONTROLADORIA E CONTABILIDADE,5,2005,EM FUNCIONAMENTO
NÃO SE APLICA,1,ESTADUAL,PÚBLICA,SUDESTE,SP,RIBEIRÃO PRETO,ACADÊMICO,MATEMÁTICA,3,2020,EM FUNCIONAMENTO
NÃO SE APLICA,15,ESTADUAL,PÚBLICA,SUDESTE,SP,RIBEIRÃO PRETO,PROFISSIONAL,NEUROLOGIA E NEUROCIENCIAS CLINICAS,3,2014,EM FUNCIONAMENTO
NÃO SE APLICA,7,ESTADUAL,PÚBLICA,SUDESTE,SP,RIBEIRÃO PRETO,ACADÊMICO,ENTOMOLOGIA,7,1980,EM FUNCIONAMENTO
NÃO SE APLICA,20,ESTADUAL,PÚBLICA,SUDESTE,SP,SÃO PAULO,ACADÊMICO,ENFERMAGEM FUNDAMENTAL,7,1979,EM FUNCIONAMENTO
NÃO SE APLICA,27,ESTADUAL,PÚBLICA,SUDESTE,SP,RIBEIRÃO PRETO,ACADÊMICO,ADMINISTRAÇÃO DE ORGANIZAÇÕES,6,2004,EM FUNCIONAMENTO
NÃO SE APLICA,37,ESTADUAL,PÚBLICA,SUDESTE,SP,RIBEIRÃO PRETO,ACADÊMICO,PSICOLOGIA,6,1995,EM FUNCIONAMENTO
NÃO SE APLICA,9,ESTADUAL,PÚBLICA,SUDESTE,SP,RIBEIRÃO PRETO,ACADÊMICO,IMUNOLOGIA BÁSICA E APLICADA,7,1990,EM FUNCIONAMENTO
NÃO SE APLICA,20,ESTADUAL,PÚBLICA,SUDESTE,SP,SÃO PAULO,ACADÊMICO,ENFERMAGEM EM SAÚDE PÚBLICA,7,1991,EM FUNCIONAMENTO
NÃO SE APLICA,18,ESTADUAL,PÚBLICA,SUDESTE,SP,RIBEIRÃO PRETO,ACADÊMICO,ODONTOLOGIA (REABILITAÇÃO ORAL),5,1983,EM FUNCIONAMENTO
NÃO SE APLICA,8,ESTADUAL,PÚBLICA,SUDESTE,SP,RIBEIRÃO PRETO,ACADÊMICO,FISIOLOGIA,7,1970,EM FUNCIONAMENTO
NÃO SE APLICA,19,ESTADUAL,PÚBLICA,SUDESTE,SP,RIBEIRÃO PRETO,ACADÊMICO,TOXICOLOGIA,6,2005,EM FUNCIONAMENTO
NÃO SE APLICA,20,ESTADUAL,PÚBLICA,SUDESTE,SP,RIBEIRÃO PRETO,PROFISSIONAL,TECNOLOGIA E INOVAÇÃO EM ENFERMAGEM,4,2013,EM FUNCIONAMENTO
NÃO SE APLICA,19,ESTADUAL,PÚBLICA,SUDESTE,SP,RIBEIRÃO PRETO,ACADÊMICO,BIOCIÊNCIAS E BIOTECNOLOGIA,6,2005,EM FUNCIONAMENTO
NÃO SE APLICA,20,ESTADUAL,PÚBLICA,SUDESTE,SP,RIBEIRÃO PRETO,ACADÊMICO,ENFERMAGEM PSIQUIÁTRICA,5,1975,EM FUNCIONAMENTO
NÃO SE APLICA,15,ESTADUAL,PÚBLICA,SUDESTE,SP,RIBEIRÃO PRETO,PROFISSIONAL,HEMOTERAPIA E BIOTECNOLOGIA,4,2012,EM FUNCIONAMENTO
NÃO SE APLICA,21,ESTADUAL,PÚBLICA,SUDESTE,SP,RIBEIRÃO PRETO,ACADÊMICO,REABILITAÇÃO E DESEMPENHO FUNCIONAL,6,2012,EM FUNCIONAMENTO
NÃO SE APLICA,7,ESTADUAL,PÚBLICA,SUDESTE,SP,SÃO PAULO,ACADÊMICO,BIOLOGIA COMPARADA,6,1998,EM FUNCIONAMENTO
CIRURGIA,17,ESTADUAL,PÚBLICA,SUDESTE,SP,SÃO PAULO,ACADÊMICO,MEDICINA (CLÍNICA CIRÚRGICA),5,1971,EM FUNCIONAMENTO
NÃO SE APLICA,50,ESTADUAL,PÚBLICA,SUDESTE,SP,RIBEIRÃO PRETO,ACADÊMICO,NUTRIÇÃO E METABOLISMO,4,2017,EM FUNCIONAMENTO
NÃO SE APLICA,8,ESTADUAL,PÚBLICA,SUDESTE,SP,RIBEIRÃO PRETO,ACADÊMICO,BIOQUÍMICA,6,1971,EM FUNCIONAMENTO
NÃO SE APLICA,22,ESTADUAL,PÚBLICA,SUDESTE,SP,RIBEIRÃO PRETO,PROFISSIONAL,GESTÃO DE ORGANIZAÇÕES DE SAÚDE,4,2013,EM FUNCIONAMENTO
NÃO SE APLICA,6,ESTADUAL,PÚBLICA,SUDESTE,SP,RIBEIRÃO PRETO,ACADÊMICO,CIÊNCIAS BIOLÓGICAS (GENÉTICA),6,1971,EM FUNCIONAMENTO
NÃO SE APLICA,18,ESTADUAL,PÚBLICA,SUDESTE,SP,RIBEIRÃO PRETO,ACADÊMICO,ODONTOLOGIA (PERIODONTIA),5,1998,EM FUNCIONAMENTO
NÃO SE APLICA,38,ESTADUAL,PÚBLICA,SUDESTE,SP,RIBEIRÃO PRETO,ACADÊMICO,EDUCAÇÃO,4,2011,EM FUNCIONAMENTO
NÃO SE APLICA,18,ESTADUAL,PÚBLICA,SUDESTE,SP,SÃO PAULO,ACADÊMICO,ODONTOLOGIA RESTAURADORA,6,1997,EM FUNCIONAMENTO
CLÍNICA MÉDICA,16,ESTADUAL,PÚBLICA,SUDESTE,SP,RIBEIRÃO PRETO,ACADÊMICO,MEDICINA (NEUROLOGIA),7,1971,EM FUNCIONAMENTO
CLÍNICA MÉDICA,16,ESTADUAL,PÚBLICA,SUDESTE,SP,RIBEIRÃO PRETO,ACADÊMICO,SAÚDE DA CRIANÇA E DO ADOLESCENTE,5,1971,EM FUNCIONAMENTO
PSIQUIATRIA,16,ESTADUAL,PÚBLICA,SUDESTE,SP,RIBEIRÃO PRETO,ACADÊMICO,SAÚDE MENTAL E CIÊNCIAS DO COMPORTAMENTO,7,1991,EM FUNCIONAMENTO
RADIOLOGIA MÉDICA,16,ESTADUAL,PÚBLICA,SUDESTE,SP,SÃO PAULO,ACADÊMICO,FÍSICA APLICADA À MEDICINA E BIOLOGIA,5,1986,EM FUNCIONAMENTO
CLÍNICA MÉDICA,17,ESTADUAL,PÚBLICA,SUDESTE,SP,RIBEIRÃO PRETO,ACADÊMICO,CIÊNCIAS DA SAÚDE APLICADAS AO APARELHO LOCOMOTOR,4,1974,EM FUNCIONAMENTO
NÃO SE APLICA,26,ESTADUAL,PÚBLICA,SUDESTE,SP,RIBEIRÃO PRETO,ACADÊMICO,DIREITO,4,2014,EM FUNCIONAMENTO
NÃO SE APLICA,28,ESTADUAL,PÚBLICA,SUDESTE,SP,RIBEIRÃO PRETO,ACADÊMICO,ECONOMIA,5,2004,EM FUNCIONAMENTO
CLÍNICA MÉDICA,17,ESTADUAL,PÚBLICA,SUDESTE,SP,RIBEIRÃO PRETO,ACADÊMICO,GINECOLOGIA E OBSTETRÍCIA,7,1971,EM FUNCIONAMENTO
NÃO SE APLICA,18,ESTADUAL,PÚBLICA,SUDESTE,SP,RIBEIRÃO PRETO,ACADÊMICO,ODONTOLOGIA (ODONTOPEDIATRIA E ORTODONTIA),6,1998,EM FUNCIONAMENTO
CLÍNICA MÉDICA,15,ESTADUAL,PÚBLICA,SUDESTE,SP,RIBEIRÃO PRETO,ACADÊMICO,MEDICINA (CLÍNICA MÉDICA),7,1970,EM FUNCIONAMENTO
NÃO SE APLICA,15,ESTADUAL,PÚBLICA,SUDESTE,SP,RIBEIRÃO PRETO,PROFISSIONAL,MEDICINA,3,2019,EM FUNCIONAMENTO
ANATOMIA PATOLÓGICA E PATOLOGIA CLÍNICA,16,ESTADUAL,PÚBLICA,SUDESTE,SP,RIBEIRÃO PRETO,ACADÊMICO,PATOLOGIA,5,1977,EM FUNCIONAMENTO
CIRURGIA,17,ESTADUAL,PÚBLICA,SUDESTE,SP,RIBEIRÃO PRETO,ACADÊMICO,OFTALMOLOGIA OTORRINOLARINGOLOGIA E CIR. DE CABEÇA E PESCOÇO,5,2003,EM FUNCIONAMENTO
NÃO SE APLICA,2,ESTADUAL,PÚBLICA,SUDESTE,SP,RIBEIRÃO PRETO,ACADÊMICO,COMPUTAÇÃO APLICADA,3,2015,EM FUNCIONAMENTO
NÃO SE APLICA,18,ESTADUAL,PÚBLICA,SUDESTE,SP,RIBEIRÃO PRETO,ACADÊMICO,BIOLOGIA ORAL,5,2015,EM FUNCIONAMENTO
NÃO SE APLICA,8,ESTADUAL,PÚBLICA,SUDESTE,SP,RIBEIRÃO PRETO,ACADÊMICO,CIÊNCIAS BIOLÓGICAS (FARMACOLOGIA),7,1970,EM FUNCIONAMENTO
NÃO SE APLICA,15,ESTADUAL,PÚBLICA,SUDESTE,SP,RIBEIRÃO PRETO,PROFISSIONAL,CIÊNCIAS DAS IMAGENS E FÍSICA MÉDICA,4,2014,EM FUNCIONAMENTO
CLÍNICA MÉDICA,15,ESTADUAL,PÚBLICA,SUDESTE,SP,RIBEIRÃO PRETO,ACADÊMICO,"ONCOLOGIA CLÍNICA, CÉLULAS-TRONCO E TERAPIA CELULAR",6,2012,EM FUNCIONAMENTO
NÃO SE APLICA,4,ESTADUAL,PÚBLICA,SUDESTE,SP,RIBEIRÃO PRETO,ACADÊMICO,QUÍMICA,6,1995,EM FUNCIONAMENTO
NÃO SE APLICA,6,ESTADUAL,PÚBLICA,SUDESTE,SP,RIBEIRÃO PRETO,ACADÊMICO,BIOLOGIA CELULAR E MOLECULAR,6,1970,EM FUNCIONAMENTO
NÃO SE APLICA,42,ESTADUAL,PÚBLICA,SUDESTE,SP,PIRACICABA,ACADÊMICO,AGRONOMIA (ESTATÍSTICA E EXPERIMENTAÇÃO AGRONÔMICA),5,1964,EM FUNCIONAMENTO
FITOSSANIDADE,42,ESTADUAL,PÚBLICA,SUDESTE,SP,PIRACICABA,ACADÊMICO,ENTOMOLOGIA,7,1968,EM FUNCIONAMENTO
NÃO SE APLICA,6,ESTADUAL,PÚBLICA,SUDESTE,SP,PIRACICABA,ACADÊMICO,INTERNACIONAL BIOLOGIA CELULAR E MOLECULAR VEGETAL,4,2009,EM FUNCIONAMENTO
NÃO SE APLICA,42,ESTADUAL,PÚBLICA,SUDESTE,SP,PIRACICABA,ACADÊMICO,AGRONOMIA (GENÉTICA E MELHORAMENTO DE PLANTAS),7,1964,EM FUNCIONAMENTO
NÃO SE APLICA,42,ESTADUAL,PÚBLICA,SUDESTE,SP,PIRACICABA,ACADÊMICO,FISIOLOGIA BIOQUÍMICA DE PLANTAS,5,1988,EM FUNCIONAMENTO
FITOSSANIDADE,42,ESTADUAL,PÚBLICA,SUDESTE,SP,PIRACICABA,ACADÊMICO,AGRONOMIA (FITOPATOLOGIA),7,1964,EM FUNCIONAMENTO
NÃO SE APLICA,42,ESTADUAL,PÚBLICA,SUDESTE,SP,PIRACICABA,ACADÊMICO,AGRONOMIA (SOLOS E NUTRIÇÃO DE PLANTAS),7,1964,EM FUNCIONAMENTO
NÃO SE APLICA,49,ESTADUAL,PÚBLICA,SUDESTE,SP,PIRACICABA,ACADÊMICO,ECOLOGIA APLICADA,7,2001,EM FUNCIONAMENTO
"ENGENHARIA, TECNOLOGIA E GESTÃO",45,ESTADUAL,PÚBLICA,SUDESTE,SP,PIRACICABA,ACADÊMICO,"BIOENERGIA USP, UNICAMP E UNESP",4,2014,EM FUNCIONAMENTO
NÃO SE APLICA,23,ESTADUAL,PÚBLICA,SUDESTE,SP,PIRACICABA,ACADÊMICO,CIÊNCIA ANIMAL E PASTAGENS,7,1966,EM FUNCIONAMENTO
NÃO SE APLICA,27,ESTADUAL,PÚBLICA,SUDESTE,SP,PIRACICABA,ACADÊMICO,ADMINISTRAÇÃO,4,2016,EM FUNCIONAMENTO
ECONOMIAS AGRÁRIA E DOS RECURSOS NATURAIS,28,ESTADUAL,PÚBLICA,SUDESTE,SP,PIRACICABA,ACADÊMICO,CIÊNCIAS (ECONOMIA APLICADA),5,1966,EM FUNCIONAMENTO
NÃO SE APLICA,42,ESTADUAL,PÚBLICA,SUDESTE,SP,PIRACICABA,ACADÊMICO,RECURSOS FLORESTAIS,6,2000,EM FUNCIONAMENTO
FITOTECNIA,42,ESTADUAL,PÚBLICA,SUDESTE,SP,PIRACICABA,ACADÊMICO,FITOTECNIA,6,1968,EM FUNCIONAMENTO
NÃO SE APLICA,42,ESTADUAL,PÚBLICA,SUDESTE,SP,PIRACICABA,ACADÊMICO,ENGENHARIA DE SISTEMAS AGRÍCOLAS,6,2011,EM FUNCIONAMENTO
FITOSSANIDADE,42,ESTADUAL,PÚBLICA,SUDESTE,SP,PIRACICABA,ACADÊMICO,AGRONOMIA (MICROBIOLOGIA AGRÍCOLA),5,1976,EM FUNCIONAMENTO
NÃO SE APLICA,10,ESTADUAL,PÚBLICA,SUDESTE,SP,SÃO CARLOS,ACADÊMICO,ENGENHARIA HIDRÁULICA E SANEAMENTO,7,1970,EM FUNCIONAMENTO
NÃO SE APLICA,14,ESTADUAL,PÚBLICA,SUDESTE,SP,SÃO CARLOS,ACADÊMICO,BIOENGENHARIA,4,1979,EM FUNCIONAMENTO
NÃO SE APLICA,13,ESTADUAL,PÚBLICA,SUDESTE,SP,SÃO CARLOS,ACADÊMICO,ENGENHARIA MECÂNICA,7,1970,EM FUNCIONAMENTO
NÃO SE APLICA,1,ESTADUAL,PÚBLICA,SUDESTE,SP,SÃO CARLOS,ACADÊMICO,MATEMÁTICA,7,1970,EM FUNCIONAMENTO
ESTRUTURAS,10,ESTADUAL,PÚBLICA,SUDESTE,SP,SÃO CARLOS,ACADÊMICO,ENGENHARIA CIVIL (ENGENHARIA DE ESTRUTURAS),7,1970,EM FUNCIONAMENTO
MATEMÁTICA APLICADA,1,ESTADUAL,PÚBLICA,SUDESTE,SP,SÃO CARLOS,PROFISSIONAL,"MATEMÁTICA, ESTATÍSTICA E COMPUTAÇÃO APLICADAS À INDÚSTRIA",4,2014,EM FUNCIONAMENTO
NÃO SE APLICA,14,ESTADUAL,PÚBLICA,SUDESTE,SP,SÃO CARLOS,ACADÊMICO,ENGENHARIA ELÉTRICA,7,1975,EM FUNCIONAMENTO
NÃO SE APLICA,10,ESTADUAL,PÚBLICA,SUDESTE,SP,SÃO CARLOS,ACADÊMICO,ENGENHARIA DE TRANSPORTES,6,1973,EM FUNCIONAMENTO
NÃO SE APLICA,10,ESTADUAL,PÚBLICA,SUDESTE,SP,SÃO CARLOS,ACADÊMICO,GEOTECNIA,5,1977,EM FUNCIONAMENTO
NÃO SE APLICA,4,ESTADUAL,PÚBLICA,SUDESTE,SP,SÃO CARLOS,ACADÊMICO,QUÍMICA,7,2011,EM FUNCIONAMENTO
NÃO SE APLICA,47,ESTADUAL,PÚBLICA,SUDESTE,SP,SÃO CARLOS,ACADÊMICO,CIÊNCIAS E ENGENHARIA DE MATERIAIS,6,1993,EM FUNCIONAMENTO
NÃO SE APLICA,29,ESTADUAL,PÚBLICA,SUDESTE,SP,SÃO CARLOS,ACADÊMICO,ARQUITETURA E URBANISMO,6,1971,EM FUNCIONAMENTO
NÃO SE APLICA,3,ESTADUAL,PÚBLICA,SUDESTE,SP,SÃO CARLOS,ACADÊMICO,FÍSICA,7,1975,EM FUNCIONAMENTO
NÃO SE APLICA,2,ESTADUAL,PÚBLICA,SUDESTE,SP,SÃO CARLOS,ACADÊMICO,CIÊNCIAS DA COMPUTAÇÃO E MATEMÁTICA COMPUTACIONAL,7,1974,EM FUNCIONAMENTO
NÃO SE APLICA,13,ESTADUAL,PÚBLICA,SUDESTE,SP,SÃO CARLOS,ACADÊMICO,ENGENHARIA DE PRODUÇÃO,5,1996,EM FUNCIONAMENTO
NÃO SE APLICA,10,ESTADUAL,PÚBLICA,SUDESTE,SP,SÃO CARLOS,ACADÊMICO,CIÊNCIAS DA ENGENHARIA AMBIENTAL,4,1989,EM FUNCIONAMENTO
NÃO SE APLICA,18,ESTADUAL,PÚBLICA,SUDESTE,SP,BAURU,ACADÊMICO,CIÊNCIAS ODONTOLÓGICAS APLICADAS,6,2010,EM FUNCIONAMENTO
NÃO SE APLICA,21,ESTADUAL,PÚBLICA,SUDESTE,SP,BAURU,ACADÊMICO,FONOAUDIOLOGIA,5,2005,EM FUNCIONAMENTO
NÃO SE APLICA,42,ESTADUAL,PÚBLICA,SUDESTE,SP,PIRACICABA,ACADÊMICO,CIÊNCIAS (ENERGIA NUCLEAR NA AGRICULTURA),7,1972,EM FUNCIONAMENTO
NÃO SE APLICA,12,ESTADUAL,PÚBLICA,SUDESTE,SP,LORENA,ACADÊMICO,ENGENHARIA DE MATERIAIS,5,1988,EM FUNCIONAMENTO
NÃO SE APLICA,48,ESTADUAL,PÚBLICA,SUDESTE,SP,LORENA,ACADÊMICO,BIOTECNOLOGIA INDUSTRIAL,5,1994,EM FUNCIONAMENTO
NÃO SE APLICA,46,ESTADUAL,PÚBLICA,SUDESTE,SP,LORENA,PROFISSIONAL,PROJETOS EDUCACIONAIS DE CIÊNCIAS,4,2013,EM FUNCIONAMENTO
NÃO SE APLICA,12,ESTADUAL,PÚBLICA,SUDESTE,SP,LORENA,ACADÊMICO,ENGENHARIA QUÍMICA,4,2000,EM FUNCIONAMENTO
NÃO SE APLICA,49,ESTADUAL,PÚBLICA,SUDESTE,SP,CAMPINAS,ACADÊMICO,AMBIENTE E SOCIEDADE,6,2004,EM FUNCIONAMENTO
NÃO SE APLICA,4,ESTADUAL,PÚBLICA,SUDESTE,SP,CAMPINAS,ACADÊMICO,QUÍMICA,7,1972,EM FUNCIONAMENTO
MEDICINA PREVENTIVA,22,ESTADUAL,PÚBLICA,SUDESTE,SP,CAMPINAS,ACADÊMICO,SAÚDE COLETIVA,5,1991,EM FUNCIONAMENTO
SAÚDE E BIOLÓGICAS,45,ESTADUAL,PÚBLICA,SUDESTE,SP,CAMPINAS,ACADÊMICO,GERONTOLOGIA,5,1997,EM FUNCIONAMENTO
NÃO SE APLICA,41,ESTADUAL,PÚBLICA,SUDESTE,SP,CAMPINAS,ACADÊMICO,TEORIA E HISTÓRIA LITERÁRIA,6,1977,EM FUNCIONAMENTO
NÃO SE APLICA,33,ESTADUAL,PÚBLICA,SUDESTE,SP,CAMPINAS,ACADÊMICO,FILOSOFIA,6,1994,EM FUNCIONAMENTO
NÃO SE APLICA,10,ESTADUAL,PÚBLICA,SUDESTE,SP,CAMPINAS,ACADÊMICO,ENGENHARIA CIVIL,5,1986,EM FUNCIONAMENTO
"ENGENHARIA, TECNOLOGIA E GESTÃO",45,ESTADUAL,PÚBLICA,SUDESTE,SP,CAMPINAS,ACADÊMICO,PLANEJAMENTO DE SISTEMAS ENERGÉTICOS,5,1987,EM FUNCIONAMENTO
NÃO SE APLICA,38,ESTADUAL,PÚBLICA,SUDESTE,SP,CAMPINAS,ACADÊMICO,EDUCAÇÃO,6,1975,EM FUNCIONAMENTO
NÃO SE APLICA,6,ESTADUAL,PÚBLICA,SUDESTE,SP,CAMPINAS,ACADÊMICO,GENÉTICA E BIOLOGIA MOLECULAR,7,1980,EM FUNCIONAMENTO
CLÍNICA MÉDICA,15,ESTADUAL,PÚBLICA,SUDESTE,SP,CAMPINAS,PROFISSIONAL,ONCOLOGIA,4,2016,EM FUNCIONAMENTO
MATEMÁTICA APLICADA,1,ESTADUAL,PÚBLICA,SUDESTE,SP,CAMPINAS,ACADÊMICO,MATEMÁTICA APLICADA,6,1977,EM FUNCIONAMENTO
NÃO SE APLICA,11,ESTADUAL,PÚBLICA,SUDESTE,SP,CAMPINAS,ACADÊMICO,ARTES VISUAIS,5,2011,EM FUNCIONAMENTO
ENSINO DE CIÊNCIAS E MATEMÁTICA,46,ESTADUAL,PÚBLICA,SUDESTE,SP,CAMPINAS,ACADÊMICO,MULTIUNIDADES EM ENSINO DE CIÊNCIAS E MATEMÁTICA,4,2011,EM FUNCIONAMENTO
"SOCIAIS, CULTURAS E HUMANIDADES",45,ESTADUAL,PÚBLICA,SUDESTE,SP,CAMPINAS,ACADÊMICO,POLÍTICA CIENTÍFICA E TECNOLÓGICA,6,1988,EM FUNCIONAMENTO
NÃO SE APLICA,15,ESTADUAL,PÚBLICA,SUDESTE,SP,CAMPINAS,ACADÊMICO,FISIOPATOLOGIA MÉDICA,7,2002,EM FUNCIONAMENTO
NÃO SE APLICA,22,ESTADUAL,PÚBLICA,SUDESTE,SP,CAMPINAS,PROFISSIONAL,SAÚDE COLETIVA: POLÍTICAS E GESTÃO EM SAÚDE,4,2012,EM FUNCIONAMENTO
NÃO SE APLICA,7,ESTADUAL,PÚBLICA,SUDESTE,SP,CAMPINAS,ACADÊMICO,ECOLOGIA,5,1976,EM FUNCIONAMENTO
NÃO SE APLICA,28,ESTADUAL,PÚBLICA,SUDESTE,SP,CAMPINAS,ACADÊMICO,CIÊNCIA ECONÔMICA,6,1974,EM FUNCIONAMENTO
NÃO SE APLICA,14,ESTADUAL,PÚBLICA,SUDESTE,SP,CAMPINAS,ACADÊMICO,ENGENHARIA ELÉTRICA,7,1972,EM FUNCIONAMENTO
NÃO SE APLICA,35,ESTADUAL,PÚBLICA,SUDESTE,SP,CAMPINAS,ACADÊMICO,ANTROPOLOGIA SOCIAL,6,1971,EM FUNCIONAMENTO
CLÍNICA MÉDICA,16,ESTADUAL,PÚBLICA,SUDESTE,SP,CAMPINAS,ACADÊMICO,SAÚDE DA CRIANÇA E DO ADOLESCENTE,5,1988,EM FUNCIONAMENTO
NÃO SE APLICA,11,ESTADUAL,PÚBLICA,SUDESTE,SP,CAMPINAS,ACADÊMICO,ARTES DA CENA,6,2011,EM FUNCIONAMENTO
NÃO SE APLICA,31,ESTADUAL,PÚBLICA,SUDESTE,SP,CAMPINAS,ACADÊMICO,MULTIMEIOS,5,1986,EM FUNCIONAMENTO
CLÍNICA MÉDICA,15,ESTADUAL,PÚBLICA,SUDESTE,SP,CAMPINAS,ACADÊMICO,CIÊNCIAS MÉDICAS,5,1979,EM FUNCIONAMENTO
ENGENHARIA DE ALIMENTOS,25,ESTADUAL,PÚBLICA,SUDESTE,SP,CAMPINAS,ACADÊMICO,ENGENHARIA DE ALIMENTOS,7,1969,EM FUNCIONAMENTO
NÃO SE APLICA,15,ESTADUAL,PÚBLICA,SUDESTE,SP,CAMPINAS,ACADÊMICO,ENSINO EM SAÚDE,A,2024,EM FUNCIONAMENTO
NÃO SE APLICA,21,ESTADUAL,PÚBLICA,SUDESTE,SP,CAMPINAS,ACADÊMICO,EDUCAÇÃO FÍSICA,5,1988,EM FUNCIONAMENTO
NÃO SE APLICA,15,ESTADUAL,PÚBLICA,SUDESTE,SP,CAMPINAS,PROFISSIONAL,HEMOTERAPIA E HEMATOLOGIA,3,2016,EM FUNCIONAMENTO
NÃO SE APLICA,41,ESTADUAL,PÚBLICA,SUDESTE,SP,CAMPINAS,ACADÊMICO,LINGÜÍSTICA,7,1971,EM FUNCIONAMENTO
NÃO SE APLICA,1,ESTADUAL,PÚBLICA,SUDESTE,SP,CAMPINAS,PROFISSIONAL,MATEMÁTICA APLICADA E COMPUTACIONAL,4,2006,EM FUNCIONAMENTO
CLÍNICA MÉDICA,15,ESTADUAL,PÚBLICA,SUDESTE,SP,CAMPINAS,ACADÊMICO,CLÍNICA MÉDICA,5,1992,EM FUNCIONAMENTO
NÃO SE APLICA,19,ESTADUAL,PÚBLICA,SUDESTE,SP,CAMPINAS,ACADÊMICO,CIÊNCIAS FARMACÊUTICAS,4,2011,EM FUNCIONAMENTO
NÃO SE APLICA,1,ESTADUAL,PÚBLICA,SUDESTE,SP,CAMPINAS,ACADÊMICO,MATEMÁTICA,7,1972,EM FUNCIONAMENTO
NÃO SE APLICA,5,ESTADUAL,PÚBLICA,SUDESTE,SP,CAMPINAS,ACADÊMICO,GEOCIÊNCIAS,6,1983,EM FUNCIONAMENTO
NÃO SE APLICA,25,ESTADUAL,PÚBLICA,SUDESTE,SP,CAMPINAS,ACADÊMICO,ALIMENTOS E NUTRIÇÃO,6,1987,EM FUNCIONAMENTO
NÃO SE APLICA,20,ESTADUAL,PÚBLICA,SUDESTE,SP,CAMPINAS,ACADÊMICO,ENFERMAGEM,5,1999,EM FUNCIONAMENTO
NÃO SE APLICA,13,ESTADUAL,PÚBLICA,SUDESTE,SP,CAMPINAS,ACADÊMICO,CIÊNCIAS E ENGENHARIA DE PETRÓLEO,5,1999,EM FUNCIONAMENTO
NÃO SE APLICA,28,ESTADUAL,PÚBLICA,SUDESTE,SP,CAMPINAS,ACADÊMICO,DESENVOLVIMENTO ECONÔMICO,5,1997,EM FUNCIONAMENTO
NÃO SE APLICA,38,ESTADUAL,PÚBLICA,SUDESTE,SP,CAMPINAS,PROFISSIONAL,EDUCAÇÃO ESCOLAR,4,2016,EM FUNCIONAMENTO
TECNOLOGIA DE ALIMENTOS,25,ESTADUAL,PÚBLICA,SUDESTE,SP,CAMPINAS,ACADÊMICO,TECNOLOGIA DE ALIMENTOS,5,1969,EM FUNCIONAMENTO
NÃO SE APLICA,39,ESTADUAL,PÚBLICA,SUDESTE,SP,CAMPINAS,ACADÊMICO,CIÊNCIA POLÍTICA,7,1974,EM FUNCIONAMENTO
NÃO SE APLICA,6,ESTADUAL,PÚBLICA,SUDESTE,SP,CAMPINAS,ACADÊMICO,BIOLOGIA MOLECULAR E MORFOFUNCIONAL,6,1980,EM FUNCIONAMENTO
NÃO SE APLICA,36,ESTADUAL,PÚBLICA,SUDESTE,SP,CAMPINAS,ACADÊMICO,GEOGRAFIA,6,1983,EM FUNCIONAMENTO
NÃO SE APLICA,42,ESTADUAL,PÚBLICA,SUDESTE,SP,CAMPINAS,ACADÊMICO,ENGENHARIA AGRÍCOLA,5,1977,EM FUNCIONAMENTO
NÃO SE APLICA,15,ESTADUAL,PÚBLICA,SUDESTE,SP,CAMPINAS,PROFISSIONAL,CIÊNCIA APLICADA À QUALIFICAÇÃO MÉDICA,4,2017,EM FUNCIONAMENTO
CLÍNICA MÉDICA,17,ESTADUAL,PÚBLICA,SUDESTE,SP,CAMPINAS,ACADÊMICO,TOCOGINECOLOGIA,7,1990,EM FUNCIONAMENTO
NÃO SE APLICA,2,ESTADUAL,PÚBLICA,SUDESTE,SP,CAMPINAS,ACADÊMICO,CIÊNCIA DA COMPUTAÇÃO,7,1977,EM FUNCIONAMENTO
NÃO SE APLICA,34,ESTADUAL,PÚBLICA,SUDESTE,SP,CAMPINAS,ACADÊMICO,CIÊNCIAS SOCIAIS,5,1985,EM FUNCIONAMENTO
LINGÜÍSTICA APLICADA,41,ESTADUAL,PÚBLICA,SUDESTE,SP,CAMPINAS,ACADÊMICO,LINGÜÍSTICA APLICADA,6,1987,EM FUNCIONAMENTO
NÃO SE APLICA,1,ESTADUAL,PÚBLICA,SUDESTE,SP,CAMPINAS,ACADÊMICO,ESTATÍSTICA,5,1977,EM FUNCIONAMENTO
NÃO SE APLICA,12,ESTADUAL,PÚBLICA,SUDESTE,SP,CAMPINAS,ACADÊMICO,ENGENHARIA QUÍMICA,7,1980,EM FUNCIONAMENTO
NÃO SE APLICA,7,ESTADUAL,PÚBLICA,SUDESTE,SP,CAMPINAS,ACADÊMICO,BIOLOGIA VEGETAL,6,1977,EM FUNCIONAMENTO
NÃO SE APLICA,29,ESTADUAL,PÚBLICA,SUDESTE,SP,CAMPINAS,ACADÊMICO,"ARQUITETURA, TECNOLOGIA E CIDADE",5,2012,EM FUNCIONAMENTO
NÃO SE APLICA,9,ESTADUAL,PÚBLICA,SUDESTE,SP,CAMPINAS,ACADÊMICO,BIOLOGIA ANIMAL,4,1988,EM FUNCIONAMENTO
NÃO SE APLICA,34,ESTADUAL,PÚBLICA,SUDESTE,SP,CAMPINAS,ACADÊMICO,SOCIOLOGIA,6,1974,EM FUNCIONAMENTO
CIRURGIA,17,ESTADUAL,PÚBLICA,SUDESTE,SP,CAMPINAS,ACADÊMICO,CIÊNCIAS DA CIRURGIA,5,1988,EM FUNCIONAMENTO
NÃO SE APLICA,13,ESTADUAL,PÚBLICA,SUDESTE,SP,CAMPINAS,ACADÊMICO,ENGENHARIA MECÂNICA,6,1974,EM FUNCIONAMENTO
NÃO SE APLICA,3,ESTADUAL,PÚBLICA,SUDESTE,SP,CAMPINAS,ACADÊMICO,FÍSICA,7,1969,EM FUNCIONAMENTO
ENSINO DE CIÊNCIAS E MATEMÁTICA,46,ESTADUAL,PÚBLICA,SUDESTE,SP,CAMPINAS,ACADÊMICO,ENSINO E HISTÓRIA DE CIÊNCIAS DA TERRA,4,2004,EM FUNCIONAMENTO
NÃO SE APLICA,30,ESTADUAL,PÚBLICA,SUDESTE,SP,CAMPINAS,ACADÊMICO,DEMOGRAFIA,6,1993,EM FUNCIONAMENTO
SAÚDE E BIOLÓGICAS,45,ESTADUAL,PÚBLICA,SUDESTE,SP,CAMPINAS,ACADÊMICO,"SAÚDE, INTERDISCIPLINARIDADE E REABILITAÇÃO",4,2012,EM FUNCIONAMENTO
NÃO SE APLICA,11,ESTADUAL,PÚBLICA,SUDESTE,SP,CAMPINAS,ACADÊMICO,MÚSICA,6,2001,EM FUNCIONAMENTO
"SOCIAIS, CULTURAS E HUMANIDADES",45,ESTADUAL,PÚBLICA,SUDESTE,SP,CAMPINAS,ACADÊMICO,DIVULGAÇÃO CIENTÍFICA E CULTURAL,5,2008,EM FUNCIONAMENTO
NÃO SE APLICA,8,ESTADUAL,PÚBLICA,SUDESTE,SP,CAMPINAS,ACADÊMICO,FARMACOLOGIA,5,1989,EM FUNCIONAMENTO
NÃO SE APLICA,25,ESTADUAL,PÚBLICA,SUDESTE,SP,CAMPINAS,ACADÊMICO,CIÊNCIA DE ALIMENTOS,7,1969,EM FUNCIONAMENTO
NÃO SE APLICA,40,ESTADUAL,PÚBLICA,SUDESTE,SP,CAMPINAS,ACADÊMICO,HISTÓRIA,7,1976,EM FUNCIONAMENTO
NÃO SE APLICA,50,ESTADUAL,PÚBLICA,SUDESTE,SP,LIMEIRA,ACADÊMICO,CIÊNCIAS DA NUTRIÇÃO E DO ESPORTE E METABOLISMO,5,2011,EM FUNCIONAMENTO
NÃO SE APLICA,13,ESTADUAL,PÚBLICA,SUDESTE,SP,LIMEIRA,ACADÊMICO,ENGENHARIA DE PRODUÇÃO E DE MANUFATURA,4,2013,EM FUNCIONAMENTO
NÃO SE APLICA,30,ESTADUAL,PÚBLICA,SUDESTE,SP,LIMEIRA,ACADÊMICO,INTERDISCIPLINAR EM CIÊNCIAS HUMANAS E SOCIAIS APLICADAS,3,2014,EM FUNCIONAMENTO
NÃO SE APLICA,27,ESTADUAL,PÚBLICA,SUDESTE,SP,LIMEIRA,ACADÊMICO,ADMINISTRAÇÃO,5,2017,EM FUNCIONAMENTO
"ENGENHARIA, TECNOLOGIA E GESTÃO",45,ESTADUAL,PÚBLICA,SUDESTE,SP,LIMEIRA,ACADÊMICO,TECNOLOGIA,4,2009,EM FUNCIONAMENTO
NÃO SE APLICA,18,ESTADUAL,PÚBLICA,SUDESTE,SP,PIRACICABA,ACADÊMICO,BIOLOGIA BUCO-DENTAL,5,1974,EM FUNCIONAMENTO
RADIOLOGIA ODONTOLÓGICA,18,ESTADUAL,PÚBLICA,SUDESTE,SP,PIRACICABA,ACADÊMICO,RADIOLOGIA ODONTOLÓGICA,5,1983,EM FUNCIONAMENTO
NÃO SE APLICA,18,ESTADUAL,PÚBLICA,SUDESTE,SP,PIRACICABA,ACADÊMICO,ODONTOLOGIA,7,1978,EM FUNCIONAMENTO
MATERIAIS ODONTOLÓGICOS,18,ESTADUAL,PÚBLICA,SUDESTE,SP,PIRACICABA,ACADÊMICO,MATERIAIS DENTÁRIOS,6,1983,EM FUNCIONAMENTO
NÃO SE APLICA,18,ESTADUAL,PÚBLICA,SUDESTE,SP,PIRACICABA,ACADÊMICO,ESTOMATOPATOLOGIA,7,1999,EM FUNCIONAMENTO
ODONTOLOGIA SOCIAL E PREVENTIVA,18,ESTADUAL,PÚBLICA,SUDESTE,SP,PIRACICABA,PROFISSIONAL,GESTÃO E SAÚDE COLETIVA,5,2003,EM FUNCIONAMENTO
CLÍNICA ODONTOLÓGICA,18,ESTADUAL,PÚBLICA,SUDESTE,SP,PIRACICABA,ACADÊMICO,CLÍNICA ODONTOLÓGICA,7,1993,EM FUNCIONAMENTO
POLÍTICA INTERNACIONAL,39,ESTADUAL,PÚBLICA,SUDESTE,SP,SÃO PAULO,ACADÊMICO,RELAÇÕES INTERNACIONAIS (UNESP - UNICAMP - PUC-SP),5,2003,EM FUNCIONAMENTO
NÃO SE APLICA,36,ESTADUAL,PÚBLICA,SUDESTE,SP,SÃO PAULO,ACADÊMICO,DESENVOLVIMENTO TERRITORIAL NA AMÉRICA LATINA E CARIBE,4,2013,EM FUNCIONAMENTO
MÚSICA,11,ESTADUAL,PÚBLICA,SUDESTE,SP,SÃO PAULO,ACADÊMICO,MÚSICA,4,2002,EM FUNCIONAMENTO
NÃO SE APLICA,11,ESTADUAL,PÚBLICA,SUDESTE,SP,SÃO PAULO,ACADÊMICO,ARTES,5,1991,EM FUNCIONAMENTO
NÃO SE APLICA,18,ESTADUAL,PÚBLICA,SUDESTE,SP,ARAÇATUBA,ACADÊMICO,ODONTOLOGIA,5,1977,EM FUNCIONAMENTO
NÃO SE APLICA,24,ESTADUAL,PÚBLICA,SUDESTE,SP,ARAÇATUBA,ACADÊMICO,CIÊNCIA ANIMAL,5,2004,EM FUNCIONAMENTO
NÃO SE APLICA,18,ESTADUAL,PÚBLICA,SUDESTE,SP,ARAÇATUBA,ACADÊMICO,CIÊNCIAS,6,1993,EM FUNCIONAMENTO
NÃO SE APLICA,18,ESTADUAL,PÚBLICA,SUDESTE,SP,ARAÇATUBA,ACADÊMICO,SAÚDE COLETIVA EM ODONTOLOGIA,4,1994,EM FUNCIONAMENTO
NÃO SE APLICA,4,ESTADUAL,PÚBLICA,SUDESTE,SP,ARARAQUARA,ACADÊMICO,QUÍMICA,7,1993,EM FUNCIONAMENTO
NÃO SE APLICA,18,ESTADUAL,PÚBLICA,SUDESTE,SP,ARARAQUARA,ACADÊMICO,CIÊNCIAS ODONTOLÓGICAS,5,1978,EM FUNCIONAMENTO
NÃO SE APLICA,38,ESTADUAL,PÚBLICA,SUDESTE,SP,ARARAQUARA,PROFISSIONAL,EDUCAÇÃO SEXUAL,4,2013,EM FUNCIONAMENTO
NÃO SE APLICA,41,ESTADUAL,PÚBLICA,SUDESTE,SP,ARARAQUARA,ACADÊMICO,LINGUÍSTICA E LÍNGUA PORTUGUESA,6,1977,EM FUNCIONAMENTO
NÃO SE APLICA,41,ESTADUAL,PÚBLICA,SUDESTE,SP,ARARAQUARA,ACADÊMICO,ESTUDOS LITERÁRIOS,5,1980,EM FUNCIONAMENTO
TECNOLOGIA QUÍMICA,12,ESTADUAL,PÚBLICA,SUDESTE,SP,ARARAQUARA,PROFISSIONAL,ENGENHARIA DE BIOMATERIAIS E BIOPROCESSOS,4,2017,EM FUNCIONAMENTO
NÃO SE APLICA,18,ESTADUAL,PÚBLICA,SUDESTE,SP,ARARAQUARA,ACADÊMICO,ODONTOLOGIA,7,1990,EM FUNCIONAMENTO
NÃO SE APLICA,19,ESTADUAL,PÚBLICA,SUDESTE,SP,ARARAQUARA,ACADÊMICO,CIÊNCIAS FARMACÊUTICAS,6,1997,EM FUNCIONAMENTO
NÃO SE APLICA,48,ESTADUAL,PÚBLICA,SUDESTE,SP,ARARAQUARA,ACADÊMICO,BIOTECNOLOGIA,5,1995,EM FUNCIONAMENTO
NÃO SE APLICA,28,ESTADUAL,PÚBLICA,SUDESTE,SP,ARARAQUARA,ACADÊMICO,ECONOMIA,4,1998,EM FUNCIONAMENTO
NÃO SE APLICA,19,ESTADUAL,PÚBLICA,SUDESTE,SP,ARARAQUARA,ACADÊMICO,BIOCIÊNCIAS E BIOTECNOLOGIA APLICADAS À FARMÁCIA,7,1997,EM FUNCIONAMENTO
NÃO SE APLICA,38,ESTADUAL,PÚBLICA,SUDESTE,SP,ARARAQUARA,ACADÊMICO,EDUCAÇÃO ESCOLAR,4,1997,EM FUNCIONAMENTO
NÃO SE APLICA,34,ESTADUAL,PÚBLICA,SUDESTE,SP,ARARAQUARA,ACADÊMICO,CIÊNCIAS SOCIAIS,4,1981,EM FUNCIONAMENTO
NÃO SE APLICA,7,ESTADUAL,PÚBLICA,SUDESTE,SP,ASSIS,ACADÊMICO,BIOCIÊNCIAS,4,2012,EM FUNCIONAMENTO
NÃO SE APLICA,41,ESTADUAL,PÚBLICA,SUDESTE,SP,ASSIS,ACADÊMICO,LETRAS,5,1979,EM FUNCIONAMENTO
NÃO SE APLICA,37,ESTADUAL,PÚBLICA,SUDESTE,SP,ASSIS,ACADÊMICO,PSICOLOGIA,4,1995,EM FUNCIONAMENTO
NÃO SE APLICA,47,ESTADUAL,PÚBLICA,SUDESTE,SP,BAURU,ACADÊMICO,CIÊNCIA E TECNOLOGIA DE MATERIAIS,5,2004,EM FUNCIONAMENTO
NÃO SE APLICA,31,ESTADUAL,PÚBLICA,SUDESTE,SP,BAURU,ACADÊMICO,COMUNICAÇÃO,5,2001,EM FUNCIONAMENTO
NÃO SE APLICA,29,ESTADUAL,PÚBLICA,SUDESTE,SP,BAURU,ACADÊMICO,DESIGN,6,1999,EM FUNCIONAMENTO
NÃO SE APLICA,46,ESTADUAL,PÚBLICA,SUDESTE,SP,BAURU,PROFISSIONAL,DOCÊNCIA PARA A EDUCAÇÃO BÁSICA,4,2014,EM FUNCIONAMENTO
NÃO SE APLICA,13,ESTADUAL,PÚBLICA,SUDESTE,SP,BAURU,ACADÊMICO,ENGENHARIA MECÂNICA,4,1997,EM FUNCIONAMENTO
NÃO SE APLICA,14,ESTADUAL,PÚBLICA,SUDESTE,SP,BAURU,ACADÊMICO,ENGENHARIA ELÉTRICA,4,2008,EM FUNCIONAMENTO
ENSINO DE CIÊNCIAS E MATEMÁTICA,46,ESTADUAL,PÚBLICA,SUDESTE,SP,BAURU,ACADÊMICO,EDUCAÇÃO PARA A CIÊNCIA,6,1997,EM FUNCIONAMENTO
NÃO SE APLICA,29,ESTADUAL,PÚBLICA,SUDESTE,SP,BAURU,ACADÊMICO,ARQUITETURA E URBANISMO,5,2013,EM FUNCIONAMENTO
NÃO SE APLICA,37,ESTADUAL,PÚBLICA,SUDESTE,SP,BAURU,ACADÊMICO,PSICOLOGIA DO DESENVOLVIMENTO E APRENDIZAGEM,5,2005,EM FUNCIONAMENTO
NÃO SE APLICA,13,ESTADUAL,PÚBLICA,SUDESTE,SP,BAURU,ACADÊMICO,ENGENHARIA DE PRODUÇÃO,5,2006,EM FUNCIONAMENTO
"ENGENHARIA, TECNOLOGIA E GESTÃO",45,ESTADUAL,PÚBLICA,SUDESTE,SP,BAURU,ACADÊMICO,MÍDIA E TECNOLOGIA,4,2016,EM FUNCIONAMENTO
"ENGENHARIA, TECNOLOGIA E GESTÃO",45,ESTADUAL,PÚBLICA,SUDESTE,SP,BAURU,ACADÊMICO,MÍDIA E TECNOLOGIA,4,2008,EM FUNCIONAMENTO
NÃO SE APLICA,10,ESTADUAL,PÚBLICA,SUDESTE,SP,BAURU,ACADÊMICO,ENGENHARIA CIVIL E AMBIENTAL,5,2009,EM FUNCIONAMENTO
NÃO SE APLICA,42,ESTADUAL,PÚBLICA,SUDESTE,SP,BOTUCATU,ACADÊMICO,CIÊNCIA FLORESTAL,5,2007,EM FUNCIONAMENTO
NÃO SE APLICA,22,ESTADUAL,PÚBLICA,SUDESTE,SP,BOTUCATU,ACADÊMICO,SAÚDE COLETIVA,4,1998,EM FUNCIONAMENTO
ANATOMIA PATOLÓGICA E PATOLOGIA CLÍNICA,16,ESTADUAL,PÚBLICA,SUDESTE,SP,BOTUCATU,ACADÊMICO,PATOLOGIA,5,1989,EM FUNCIONAMENTO
NÃO SE APLICA,7,ESTADUAL,PÚBLICA,SUDESTE,SP,BOTUCATU,ACADÊMICO,BIOLOGIA VEGETAL,6,1981,EM FUNCIONAMENTO
CIRURGIA,17,ESTADUAL,PÚBLICA,SUDESTE,SP,BOTUCATU,ACADÊMICO,CIRURGIA E MEDICINA TRANSLACIONAL,4,1975,EM FUNCIONAMENTO
NÃO SE APLICA,24,ESTADUAL,PÚBLICA,SUDESTE,SP,BOTUCATU,ACADÊMICO,BIOTECNOLOGIA ANIMAL,6,2013,EM FUNCIONAMENTO
CLÍNICA E CIRÚRGIA ANIMAL,24,ESTADUAL,PÚBLICA,SUDESTE,SP,BOTUCATU,ACADÊMICO,MEDICINA VETERINÁRIA,7,1981,EM FUNCIONAMENTO
CLÍNICA MÉDICA,17,ESTADUAL,PÚBLICA,SUDESTE,SP,BOTUCATU,ACADÊMICO,TOCOGINECOLOGIA,6,1992,EM FUNCIONAMENTO
ANATOMIA PATOLÓGICA E PATOLOGIA CLÍNICA,16,ESTADUAL,PÚBLICA,SUDESTE,SP,BOTUCATU,PROFISSIONAL,PESQUISA CLÍNICA,4,2015,EM FUNCIONAMENTO
NÃO SE APLICA,7,ESTADUAL,PÚBLICA,SUDESTE,SP,BOTUCATU,ACADÊMICO,CIÊNCIAS BIOLÓGICAS (ZOOLOGIA),6,1980,EM FUNCIONAMENTO
CLÍNICA MÉDICA,15,ESTADUAL,PÚBLICA,SUDESTE,SP,BOTUCATU,ACADÊMICO,FISIOPATOLOGIA EM CLÍNICA MÉDICA,6,1981,EM FUNCIONAMENTO
NÃO SE APLICA,20,ESTADUAL,PÚBLICA,SUDESTE,SP,BOTUCATU,ACADÊMICO,ENFERMAGEM,4,2013,EM FUNCIONAMENTO
FITOSSANIDADE,42,ESTADUAL,PÚBLICA,SUDESTE,SP,BOTUCATU,ACADÊMICO,AGRONOMIA (PROTEÇÃO DE PLANTAS),6,1987,EM FUNCIONAMENTO
SAÚDE E BIOLÓGICAS,45,ESTADUAL,PÚBLICA,SUDESTE,SP,BOTUCATU,ACADÊMICO,BIOMETRIA,4,2008,EM FUNCIONAMENTO
NÃO SE APLICA,24,ESTADUAL,PÚBLICA,SUDESTE,SP,BOTUCATU,ACADÊMICO,ANIMAIS SELVAGENS,5,2015,EM FUNCIONAMENTO
NÃO SE APLICA,6,ESTADUAL,PÚBLICA,SUDESTE,SP,BOTUCATU,ACADÊMICO,CIÊNCIAS BIOLÓGICAS (GENÉTICA),6,1983,EM FUNCIONAMENTO
NÃO SE APLICA,48,ESTADUAL,PÚBLICA,SUDESTE,SP,BOTUCATU,PROFISSIONAL,PESQUISA E DESENVOLVIMENTO (BIOTECNOLOGIA MÉDICA),5,2000,EM FUNCIONAMENTO
NÃO SE APLICA,42,ESTADUAL,PÚBLICA,SUDESTE,SP,BOTUCATU,ACADÊMICO,AGRONOMIA (HORTICULTURA),5,1980,EM FUNCIONAMENTO
NÃO SE APLICA,48,ESTADUAL,PÚBLICA,SUDESTE,SP,BOTUCATU,ACADÊMICO,BIOTECNOLOGIA,5,2015,EM FUNCIONAMENTO
CIRURGIA,17,ESTADUAL,PÚBLICA,SUDESTE,SP,BOTUCATU,ACADÊMICO,ANESTESIOLOGIA,5,1994,EM FUNCIONAMENTO
CLÍNICA MÉDICA,15,ESTADUAL,PÚBLICA,SUDESTE,SP,BOTUCATU,PROFISSIONAL,MEDICINA,4,2015,EM FUNCIONAMENTO
NÃO SE APLICA,20,ESTADUAL,PÚBLICA,SUDESTE,SP,BOTUCATU,PROFISSIONAL,ENFERMAGEM,5,2006,EM FUNCIONAMENTO
FITOTECNIA,42,ESTADUAL,PÚBLICA,SUDESTE,SP,BOTUCATU,ACADÊMICO,AGRONOMIA (AGRICULTURA),5,1988,EM FUNCIONAMENTO
CLÍNICA MÉDICA,16,ESTADUAL,PÚBLICA,SUDESTE,SP,BOTUCATU,ACADÊMICO,DOENÇAS TROPICAIS,5,1992,EM FUNCIONAMENTO
ENGENHARIA DE ÁGUA E SOLO,42,ESTADUAL,PÚBLICA,SUDESTE,SP,BOTUCATU,ACADÊMICO,ENGENHARIA AGRÍCOLA,5,1988,EM FUNCIONAMENTO
NÃO SE APLICA,6,ESTADUAL,PÚBLICA,SUDESTE,SP,BOTUCATU,ACADÊMICO,BIOLOGIA GERAL E APLICADA,6,2004,EM FUNCIONAMENTO
NÃO SE APLICA,23,ESTADUAL,PÚBLICA,SUDESTE,SP,BOTUCATU,ACADÊMICO,ZOOTECNIA,6,1990,EM FUNCIONAMENTO
NÃO SE APLICA,40,ESTADUAL,PÚBLICA,SUDESTE,SP,FRANCA,ACADÊMICO,HISTÓRIA,5,1980,EM FUNCIONAMENTO
NÃO SE APLICA,32,ESTADUAL,PÚBLICA,SUDESTE,SP,FRANCA,ACADÊMICO,SERVIÇO SOCIAL,5,1991,EM FUNCIONAMENTO
"SOCIAIS, CULTURAS E HUMANIDADES",45,ESTADUAL,PÚBLICA,SUDESTE,SP,FRANCA,PROFISSIONAL,PLANEJAMENTO E ANÁLISE DE POLÍTICAS PÚBLICAS,4,2014,EM FUNCIONAMENTO
NÃO SE APLICA,26,ESTADUAL,PÚBLICA,SUDESTE,SP,FRANCA,ACADÊMICO,DIREITO,4,1990,EM FUNCIONAMENTO
NÃO SE APLICA,3,ESTADUAL,PÚBLICA,SUDESTE,SP,GUARATINGUETÁ,ACADÊMICO,FÍSICA E ASTRONOMIA,5,1990,EM FUNCIONAMENTO
NÃO SE APLICA,13,ESTADUAL,PÚBLICA,SUDESTE,SP,GUARATINGUETÁ,ACADÊMICO,ENGENHARIA,5,1983,EM FUNCIONAMENTO
NÃO SE APLICA,13,ESTADUAL,PÚBLICA,SUDESTE,SP,GUARATINGUETÁ,PROFISSIONAL,ENGENHARIA DE PRODUÇÃO,3,2014,EM FUNCIONAMENTO
NÃO SE APLICA,47,ESTADUAL,PÚBLICA,SUDESTE,SP,ILHA SOLTEIRA,ACADÊMICO,CIÊNCIA DOS MATERIAIS,6,1997,EM FUNCIONAMENTO
NÃO SE APLICA,42,ESTADUAL,PÚBLICA,SUDESTE,SP,ILHA SOLTEIRA,ACADÊMICO,AGRONOMIA,5,1995,EM FUNCIONAMENTO
NÃO SE APLICA,13,ESTADUAL,PÚBLICA,SUDESTE,SP,ILHA SOLTEIRA,ACADÊMICO,ENGENHARIA MECÂNICA,4,1997,EM FUNCIONAMENTO
NÃO SE APLICA,23,ESTADUAL,PÚBLICA,SUDESTE,SP,ILHA SOLTEIRA,ACADÊMICO,CIÊNCIA E TECNOLOGIA ANIMAL,4,2012,EM FUNCIONAMENTO
NÃO SE APLICA,14,ESTADUAL,PÚBLICA,SUDESTE,SP,ILHA SOLTEIRA,ACADÊMICO,ENGENHARIA ELÉTRICA,5,1992,EM FUNCIONAMENTO
NÃO SE APLICA,49,ESTADUAL,PÚBLICA,SUDESTE,SP,ILHA SOLTEIRA,PROFISSIONAL,GESTÃO E REGULAÇÃO DE RECURSOS HÍDRICOS - PROFÁGUA,4,2016,EM FUNCIONAMENTO
NÃO SE APLICA,10,ESTADUAL,PÚBLICA,SUDESTE,SP,ILHA SOLTEIRA,ACADÊMICO,ENGENHARIA CIVIL,3,1999,EM FUNCIONAMENTO
NÃO SE APLICA,42,ESTADUAL,PÚBLICA,SUDESTE,SP,JABOTICABAL,ACADÊMICO,AGRONOMIA (CIÊNCIA DO SOLO),5,1996,EM FUNCIONAMENTO
NÃO SE APLICA,23,ESTADUAL,PÚBLICA,SUDESTE,SP,JABOTICABAL,ACADÊMICO,AQÜICULTURA,5,1990,EM FUNCIONAMENTO
PRODUÇÃO ANIMAL,23,ESTADUAL,PÚBLICA,SUDESTE,SP,JABOTICABAL,ACADÊMICO,CIÊNCIA ANIMAL,7,1976,EM FUNCIONAMENTO
NÃO SE APLICA,42,ESTADUAL,PÚBLICA,SUDESTE,SP,JABOTICABAL,ACADÊMICO,AGRONOMIA (ENTOMOLOGIA AGRÍCOLA),5,1988,EM FUNCIONAMENTO
FITOTECNIA,42,ESTADUAL,PÚBLICA,SUDESTE,SP,JABOTICABAL,ACADÊMICO,AGRONOMIA (PRODUÇÃO VEGETAL),6,1976,EM FUNCIONAMENTO
FITOSSANIDADE,42,ESTADUAL,PÚBLICA,SUDESTE,SP,JABOTICABAL,ACADÊMICO,MICROBIOLOGIA AGROPECUÁRIA,6,1996,EM FUNCIONAMENTO
NÃO SE APLICA,27,ESTADUAL,PÚBLICA,SUDESTE,SP,JABOTICABAL,PROFISSIONAL,ADMINISTRAÇÃO,4,2015,EM FUNCIONAMENTO
NÃO SE APLICA,24,ESTADUAL,PÚBLICA,SUDESTE,SP,JABOTICABAL,ACADÊMICO,CIÊNCIAS VETERINÁRIAS,6,1999,EM FUNCIONAMENTO
FITOTECNIA,42,ESTADUAL,PÚBLICA,SUDESTE,SP,JABOTICABAL,ACADÊMICO,AGRONOMIA (GENÉTICA E MELHORAMENTO DE PLANTAS),5,1985,EM FUNCIONAMENTO
NÃO SE APLICA,33,ESTADUAL,PÚBLICA,SUDESTE,SP,MARÍLIA,ACADÊMICO,FILOSOFIA,5,1996,EM FUNCIONAMENTO
NÃO SE APLICA,21,ESTADUAL,PÚBLICA,SUDESTE,SP,MARÍLIA,ACADÊMICO,CIÊNCIAS DA SAÚDE E COMUNICAÇÃO HUMANA,4,2011,EM FUNCIONAMENTO
NÃO SE APLICA,31,ESTADUAL,PÚBLICA,SUDESTE,SP,MARÍLIA,ACADÊMICO,CIÊNCIA DA INFORMAÇÃO,7,1998,EM FUNCIONAMENTO
ENSINO-APRENDIZAGEM,38,ESTADUAL,PÚBLICA,SUDESTE,SP,MARÍLIA,ACADÊMICO,EDUCAÇÃO,6,1988,EM FUNCIONAMENTO
NÃO SE APLICA,34,ESTADUAL,PÚBLICA,SUDESTE,SP,MARÍLIA,ACADÊMICO,CIÊNCIAS SOCIAIS,4,1999,EM FUNCIONAMENTO
NÃO SE APLICA,36,ESTADUAL,PÚBLICA,SUDESTE,SP,PRESIDENTE PRUDENTE,PROFISSIONAL,GEOGRAFIA,4,2011,EM FUNCIONAMENTO
NÃO SE APLICA,51,ESTADUAL,PÚBLICA,SUDESTE,SP,PRESIDENTE PRUDENTE,PROFISSIONAL,PROEF - EDUCAÇÃO FÍSICA EM REDE NACIONAL,3,2018,EM FUNCIONAMENTO
NÃO SE APLICA,36,ESTADUAL,PÚBLICA,SUDESTE,SP,PRESIDENTE PRUDENTE,ACADÊMICO,GEOGRAFIA,7,1988,EM FUNCIONAMENTO
NÃO SE APLICA,51,ESTADUAL,PÚBLICA,SUDESTE,SP,PRESIDENTE PRUDENTE,PROFISSIONAL,EDUCAÇÃO INCLUSIVA,3,2020,EM FUNCIONAMENTO
MATEMÁTICA APLICADA,1,ESTADUAL,PÚBLICA,SUDESTE,SP,PRESIDENTE PRUDENTE,ACADÊMICO,MATEMATICA APLICADA E COMPUTACIONAL,4,2010,EM FUNCIONAMENTO
NÃO SE APLICA,5,ESTADUAL,PÚBLICA,SUDESTE,SP,PRESIDENTE PRUDENTE,ACADÊMICO,CIÊNCIAS CARTOGRÁFICAS,6,1997,EM FUNCIONAMENTO
NÃO SE APLICA,38,ESTADUAL,PÚBLICA,SUDESTE,SP,PRESIDENTE PRUDENTE,ACADÊMICO,EDUCAÇÃO,5,2001,EM FUNCIONAMENTO
NÃO SE APLICA,36,ESTADUAL,PÚBLICA,SUDESTE,SP,RIO CLARO,ACADÊMICO,GEOGRAFIA,5,1977,EM FUNCIONAMENTO
NÃO SE APLICA,38,ESTADUAL,PÚBLICA,SUDESTE,SP,RIO CLARO,ACADÊMICO,EDUCAÇÃO,5,2001,EM FUNCIONAMENTO
NÃO SE APLICA,1,ESTADUAL,PÚBLICA,SUDESTE,SP,RIO CLARO,PROFISSIONAL,MATEMÁTICA,4,2008,EM FUNCIONAMENTO
NÃO SE APLICA,5,ESTADUAL,PÚBLICA,SUDESTE,SP,RIO CLARO,ACADÊMICO,GEOCIÊNCIAS E MEIO AMBIENTE,5,1986,EM FUNCIONAMENTO
NÃO SE APLICA,6,ESTADUAL,PÚBLICA,SUDESTE,SP,RIO CLARO,ACADÊMICO,"CIÊNCIAS BIOLÓGICAS (BIOLOGIA CELULAR, MOLECULAR E MICROBIOLOGIA)",5,1990,EM FUNCIONAMENTO
SAÚDE E BIOLÓGICAS,45,ESTADUAL,PÚBLICA,SUDESTE,SP,RIO CLARO,ACADÊMICO,DESENVOLVIMENTO HUMANO E TECNOLOGIAS,5,2010,EM FUNCIONAMENTO
NÃO SE APLICA,7,ESTADUAL,PÚBLICA,SUDESTE,SP,RIO CLARO,ACADÊMICO,"ECOLOGIA, EVOLUÇÃO E BIODIVERSIDADE",6,2013,EM FUNCIONAMENTO
NÃO SE APLICA,3,ESTADUAL,PÚBLICA,SUDESTE,SP,RIO CLARO,ACADÊMICO,FÍSICA,4,2000,EM FUNCIONAMENTO
NÃO SE APLICA,21,ESTADUAL,PÚBLICA,SUDESTE,SP,RIO CLARO,ACADÊMICO,CIÊNCIAS DO MOVIMENTO,5,1991,EM FUNCIONAMENTO
ENSINO DE CIÊNCIAS E MATEMÁTICA,46,ESTADUAL,PÚBLICA,SUDESTE,SP,RIO CLARO,ACADÊMICO,EDUCAÇÃO MATEMÁTICA,7,1984,EM FUNCIONAMENTO
NÃO SE APLICA,18,ESTADUAL,PÚBLICA,SUDESTE,SP,SÃO JOSÉ DOS CAMPOS,ACADÊMICO,CIÊNCIAS APLICADAS À SAÚDE BUCAL,5,1992,EM FUNCIONAMENTO
NÃO SE APLICA,18,ESTADUAL,PÚBLICA,SUDESTE,SP,SÃO JOSÉ DOS CAMPOS,PROFISSIONAL,CIÊNCIA E TECNOLOGIA APLICADA À ODONTOLOGIA,4,2016,EM FUNCIONAMENTO
NÃO SE APLICA,49,ESTADUAL,PÚBLICA,SUDESTE,SP,SÃO JOSÉ DOS CAMPOS,ACADÊMICO,DESASTRES NATURAIS,4,2019,EM FUNCIONAMENTO
NÃO SE APLICA,7,ESTADUAL,PÚBLICA,SUDESTE,SP,SÃO JOSÉ DO RIO PRETO,ACADÊMICO,BIODIVERSIDADE,5,2002,EM FUNCIONAMENTO
NÃO SE APLICA,46,ESTADUAL,PÚBLICA,SUDESTE,SP,SÃO JOSÉ DO RIO PRETO,ACADÊMICO,ENSINO E PROCESSOS FORMATIVOS,4,2016,EM FUNCIONAMENTO
NÃO SE APLICA,2,ESTADUAL,PÚBLICA,SUDESTE,SP,SÃO PAULO,ACADÊMICO,CIÊNCIA DA COMPUTAÇÃO,4,2006,EM FUNCIONAMENTO
NÃO SE APLICA,41,ESTADUAL,PÚBLICA,SUDESTE,SP,SÃO JOSÉ DO RIO PRETO,ACADÊMICO,ESTUDOS LINGÜÍSTICOS,7,1999,EM FUNCIONAMENTO
NÃO SE APLICA,6,ESTADUAL,PÚBLICA,SUDESTE,SP,SÃO JOSÉ DO RIO PRETO,ACADÊMICO,BIOCIÊNCIAS,5,1983,EM FUNCIONAMENTO
MATEMÁTICA APLICADA,1,ESTADUAL,PÚBLICA,SUDESTE,SP,SÃO JOSÉ DO RIO PRETO,ACADÊMICO,MATEMÁTICA,5,1998,EM FUNCIONAMENTO
NÃO SE APLICA,41,ESTADUAL,PÚBLICA,SUDESTE,SP,SÃO JOSÉ DO RIO PRETO,ACADÊMICO,LETRAS,5,1979,EM FUNCIONAMENTO
ENGENHARIA DE ALIMENTOS,25,ESTADUAL,PÚBLICA,SUDESTE,SP,SÃO JOSÉ DO RIO PRETO,ACADÊMICO,"ALIMENTOS, NUTRIÇÃO E ENGENHARIA DE ALIMENTOS",5,1998,EM FUNCIONAMENTO
NÃO SE APLICA,9,ESTADUAL,PÚBLICA,SUDESTE,SP,SÃO JOSÉ DO RIO PRETO,ACADÊMICO,MICROBIOLOGIA,5,2006,EM FUNCIONAMENTO
NÃO SE APLICA,4,ESTADUAL,PÚBLICA,SUDESTE,SP,SÃO JOSÉ DO RIO PRETO,ACADÊMICO,QUÍMICA,5,2009,EM FUNCIONAMENTO
SAÚDE E BIOLÓGICAS,45,ESTADUAL,PÚBLICA,SUDESTE,SP,SÃO JOSÉ DO RIO PRETO,ACADÊMICO,CIÊNCIAS BIOMOLECULARES E FARMACOLÓGICAS,5,1993,EM FUNCIONAMENTO
NÃO SE APLICA,7,ESTADUAL,PÚBLICA,SUDESTE,SP,SÃO VICENTE,ACADÊMICO,BIODIVERSIDADE DE AMBIENTES COSTEIROS,4,2015,EM FUNCIONAMENTO
NÃO SE APLICA,49,ESTADUAL,PÚBLICA,SUDESTE,SP,SOROCABA,ACADÊMICO,CIÊNCIAS AMBIENTAIS,4,2013,EM FUNCIONAMENTO
NÃO SE APLICA,14,ESTADUAL,PÚBLICA,SUDESTE,SP,SOROCABA,ACADÊMICO,ENGENHARIA ELÉTRICA,3,2018,EM FUNCIONAMENTO
POLÍTICAS E DESENVOLVIMENTO DE TERRITÓRIOS,45,ESTADUAL,PÚBLICA,SUDESTE,SP,TUPÃ,ACADÊMICO,AGRONEGÓCIO E DESENVOLVIMENTO,5,2014,EM FUNCIONAMENTO
NÃO SE APLICA,32,PARTICULAR,PRIVADA,SUDESTE,SP,SÃO PAULO,ACADÊMICO,SERVIÇO SOCIAL,7,1972,EM FUNCIONAMENTO
NÃO SE APLICA,41,PARTICULAR,PRIVADA,SUDESTE,SP,SÃO PAULO,ACADÊMICO,LITERATURA E CRÍTICA LITERÁRIA,4,2001,EM FUNCIONAMENTO
NÃO SE APLICA,38,PARTICULAR,PRIVADA,SUDESTE,SP,SÃO PAULO,ACADÊMICO,"EDUCAÇÃO: HISTÓRIA, POLÍTICA, SOCIEDADE",5,1971,EM FUNCIONAMENTO
NÃO SE APLICA,38,PARTICULAR,PRIVADA,SUDESTE,SP,SÃO PAULO,PROFISSIONAL,EDUCAÇÃO: FORMAÇÃO DE FORMADORES,4,2013,EM FUNCIONAMENTO
NÃO SE APLICA,47,PARTICULAR,PRIVADA,SUDESTE,SP,SOROCABA,ACADÊMICO,BIOMATERIAIS E MEDICINA REGENERATIVA,A,2021,EM FUNCIONAMENTO
NÃO SE APLICA,21,PARTICULAR,PRIVADA,SUDESTE,SP,SÃO PAULO,ACADÊMICO,COMUNICAÇÃO HUMANA E SAÚDE,4,1979,EM FUNCIONAMENTO
NÃO SE APLICA,31,PARTICULAR,PRIVADA,SUDESTE,SP,SÃO PAULO,ACADÊMICO,COMUNICAÇÃO E SEMIÓTICA,4,1970,EM FUNCIONAMENTO
LÍNGUA PORTUGUESA,41,PARTICULAR,PRIVADA,SUDESTE,SP,SÃO PAULO,ACADÊMICO,LÍNGUA PORTUGUESA,5,1974,EM FUNCIONAMENTO
LINGÜÍSTICA APLICADA,41,PARTICULAR,PRIVADA,SUDESTE,SP,SÃO PAULO,ACADÊMICO,LINGÜÍSTICA APLICADA E ESTUDOS DA LINGUAGEM,5,1970,EM FUNCIONAMENTO
CIÊNCIAS CONTÁBEIS,27,PARTICULAR,PRIVADA,SUDESTE,SP,SÃO PAULO,PROFISSIONAL,"CIÊNCIAS CONTÁBEIS, CONTROLADORIA E FINANÇAS",4,1978,EM FUNCIONAMENTO
POLÍTICA INTERNACIONAL,39,PARTICULAR,PRIVADA,SUDESTE,SP,SÃO PAULO,PROFISSIONAL,GOVERNANÇA GLOBAL E FORMULAÇÃO DE POLÍTICAS INTERNACIONAIS,3,2019,EM FUNCIONAMENTO
PSICOLOGIA SOCIAL,37,PARTICULAR,PRIVADA,SUDESTE,SP,SÃO PAULO,ACADÊMICO,PSICOLOGIA (PSICOLOGIA SOCIAL),5,1972,EM FUNCIONAMENTO
NÃO SE APLICA,33,PARTICULAR,PRIVADA,SUDESTE,SP,SÃO PAULO,ACADÊMICO,FILOSOFIA,6,1977,EM FUNCIONAMENTO
NÃO SE APLICA,38,PARTICULAR,PRIVADA,SUDESTE,SP,SÃO PAULO,ACADÊMICO,EDUCAÇÃO (CURRÍCULO),4,1975,EM FUNCIONAMENTO
NÃO SE APLICA,44,PARTICULAR,PRIVADA,SUDESTE,SP,SÃO PAULO,ACADÊMICO,CIÊNCIA DA RELIGIÃO,5,1978,EM FUNCIONAMENTO
"ENGENHARIA, TECNOLOGIA E GESTÃO",45,PARTICULAR,PRIVADA,SUDESTE,SP,SÃO PAULO,ACADÊMICO,TECNOLOGIAS DA INTELIGÊNCIA E DESIGN DIGITAL,5,2006,EM FUNCIONAMENTO
NÃO SE APLICA,44,PARTICULAR,PRIVADA,SUDESTE,SP,SÃO PAULO,ACADÊMICO,TEOLOGIA,4,2000,EM FUNCIONAMENTO
NÃO SE APLICA,40,PARTICULAR,PRIVADA,SUDESTE,SP,SÃO PAULO,ACADÊMICO,HISTÓRIA,5,1972,EM FUNCIONAMENTO
NÃO SE APLICA,34,PARTICULAR,PRIVADA,SUDESTE,SP,SÃO PAULO,ACADÊMICO,CIÊNCIAS SOCIAIS,3,1973,EM FUNCIONAMENTO
NÃO SE APLICA,28,PARTICULAR,PRIVADA,SUDESTE,SP,SÃO PAULO,ACADÊMICO,ECONOMIA,4,1977,EM FUNCIONAMENTO
SAÚDE E BIOLÓGICAS,45,PARTICULAR,PRIVADA,SUDESTE,SP,SOROCABA,PROFISSIONAL,EDUCAÇÃO NAS PROFISSÕES DA SAÚDE,4,2011,EM FUNCIONAMENTO
PSICOLOGIA EXPERIMENTAL,37,PARTICULAR,PRIVADA,SUDESTE,SP,SÃO PAULO,ACADÊMICO,PSICOLOGIA EXPERIMENTAL: ANÁLISE DO COMPORTAMENTO,4,1999,EM FUNCIONAMENTO
TRATAMENTO E PREVENÇÃO PSICOLÓGICA,37,PARTICULAR,PRIVADA,SUDESTE,SP,SÃO PAULO,ACADÊMICO,PSICOLOGIA (PSICOLOGIA CLÍNICA),4,1976,EM FUNCIONAMENTO
NÃO SE APLICA,38,PARTICULAR,PRIVADA,SUDESTE,SP,SÃO PAULO,ACADÊMICO,EDUCAÇÃO (PSICOLOGIA DA EDUCAÇÃO),4,1969,EM FUNCIONAMENTO
NÃO SE APLICA,26,PARTICULAR,PRIVADA,SUDESTE,SP,SÃO PAULO,ACADÊMICO,DIREITO,5,1973,EM FUNCIONAMENTO
ENSINO DE CIÊNCIAS E MATEMÁTICA,46,PARTICULAR,PRIVADA,SUDESTE,SP,SÃO PAULO,ACADÊMICO,EDUCAÇÃO MATEMÁTICA,5,1975,EM FUNCIONAMENTO
NÃO SE APLICA,27,PARTICULAR,PRIVADA,SUDESTE,SP,SÃO PAULO,ACADÊMICO,ADMINISTRAÇÃO,3,1978,EM FUNCIONAMENTO
NÃO SE APLICA,26,PARTICULAR,PRIVADA,SUDESTE,SP,CAMPINAS,ACADÊMICO,DIREITO,3,2019,EM FUNCIONAMENTO
NÃO SE APLICA,38,PARTICULAR,PRIVADA,SUDESTE,SP,CAMPINAS,ACADÊMICO,EDUCAÇÃO,4,1990,EM FUNCIONAMENTO
POLÍTICAS E DESENVOLVIMENTO DE TERRITÓRIOS,45,PARTICULAR,PRIVADA,SUDESTE,SP,CAMPINAS,ACADÊMICO,SUSTENTABILIDADE,4,2016,EM FUNCIONAMENTO
NÃO SE APLICA,29,PARTICULAR,PRIVADA,SUDESTE,SP,CAMPINAS,ACADÊMICO,ARQUITETURA E URBANISMO,5,1997,EM FUNCIONAMENTO
NÃO SE APLICA,37,PARTICULAR,PRIVADA,SUDESTE,SP,CAMPINAS,ACADÊMICO,PSICOLOGIA,5,1972,EM FUNCIONAMENTO
NÃO SE APLICA,10,PARTICULAR,PRIVADA,SUDESTE,SP,CAMPINAS,ACADÊMICO,SISTEMAS DE INFRAESTRUTURA URBANA,4,2014,EM FUNCIONAMENTO
NÃO SE APLICA,44,PARTICULAR,PRIVADA,SUDESTE,SP,CAMPINAS,ACADÊMICO,CIÊNCIAS DA RELIGIÃO,4,2014,EM FUNCIONAMENTO
SAÚDE E BIOLÓGICAS,45,PARTICULAR,PRIVADA,SUDESTE,SP,CAMPINAS,ACADÊMICO,CIÊNCIAS DA SAÚDE,4,2015,EM FUNCIONAMENTO
NÃO SE APLICA,38,PARTICULAR,PRIVADA,SUDESTE,SP,PIRACICABA,ACADÊMICO,EDUCAÇÃO,4,1972,EM FUNCIONAMENTO
NÃO SE APLICA,21,PARTICULAR,PRIVADA,SUDESTE,SP,PIRACICABA,ACADÊMICO,CIÊNCIAS DO MOVIMENTO HUMANO,5,2013,EM FUNCIONAMENTO
NÃO SE APLICA,48,PARTICULAR,PRIVADA,SUDESTE,SP,MOGI DAS CRUZES,ACADÊMICO,BIOTECNOLOGIA,4,2000,EM FUNCIONAMENTO
NÃO SE APLICA,14,PARTICULAR,PRIVADA,SUDESTE,SP,MOGI DAS CRUZES,ACADÊMICO,ENGENHARIA BIOMÉDICA,3,2000,EM FUNCIONAMENTO
SAÚDE E BIOLÓGICAS,45,PARTICULAR,PRIVADA,SUDESTE,SP,MOGI DAS CRUZES,PROFISSIONAL,CIÊNCIA E TECNOLOGIA EM SAÚDE,3,2011,EM FUNCIONAMENTO
"SOCIAIS, CULTURAS E HUMANIDADES",45,PARTICULAR,PRIVADA,SUDESTE,SP,MOGI DAS CRUZES,ACADÊMICO,POLÍTICAS PÚBLICAS,4,2012,EM FUNCIONAMENTO
OCEANOGRAFIA BIOLÓGICA,7,FEDERAL,PÚBLICA,SUDESTE,SP,SÃO PAULO,ACADÊMICO,BIODIVERSIDADE MARINHA E COSTEIRA,4,2017,EM FUNCIONAMENTO
CLÍNICA MÉDICA,15,FEDERAL,PÚBLICA,SUDESTE,SP,SÃO PAULO,ACADÊMICO,SAÚDE BASEADA EM EVIDÊNCIAS,5,1996,EM FUNCIONAMENTO
PSIQUIATRIA,16,FEDERAL,PÚBLICA,SUDESTE,SP,SÃO PAULO,ACADÊMICO,PSIQUIATRIA E PSICOLOGIA MÉDICA,7,1984,EM FUNCIONAMENTO
CLÍNICA MÉDICA,17,FEDERAL,PÚBLICA,SUDESTE,SP,SÃO PAULO,PROFISSIONAL,"TECNOLOGIA, GESTÃO E SAÚDE OCULAR",3,2013,EM FUNCIONAMENTO
FUNDAMENTOS E CRÍTICA DAS ARTES,11,FEDERAL,PÚBLICA,SUDESTE,SP,GUARULHOS,ACADÊMICO,HISTÓRIA DA ARTE,4,2014,EM FUNCIONAMENTO
NÃO SE APLICA,4,FEDERAL,PÚBLICA,SUDESTE,SP,DIADEMA,ACADÊMICO,QUÍMICA - CIÊNCIA E TECNOLOGIA DA SUSTENTABILIDADE,4,2011,EM FUNCIONAMENTO
NÃO SE APLICA,2,FEDERAL,PÚBLICA,SUDESTE,SP,SÃO JOSÉ DOS CAMPOS,ACADÊMICO,CIÊNCIA DA COMPUTAÇÃO,4,2012,EM FUNCIONAMENTO
NÃO SE APLICA,47,FEDERAL,PÚBLICA,SUDESTE,SP,SÃO JOSÉ DOS CAMPOS,ACADÊMICO,ENGENHARIA E CIÊNCIA DE MATERIAIS,5,2012,EM FUNCIONAMENTO
CIRURGIA,17,FEDERAL,PÚBLICA,SUDESTE,SP,SÃO PAULO,ACADÊMICO,MEDICINA (UROLOGIA),4,1978,EM FUNCIONAMENTO
NÃO SE APLICA,33,FEDERAL,PÚBLICA,SUDESTE,SP,GUARULHOS,ACADÊMICO,FILOSOFIA,5,2010,EM FUNCIONAMENTO
CIRURGIA,17,FEDERAL,PÚBLICA,SUDESTE,SP,SÃO PAULO,ACADÊMICO,CIÊNCIA CIRÚRGICA INTERDISCIPLINAR,4,1973,EM FUNCIONAMENTO
NÃO SE APLICA,48,FEDERAL,PÚBLICA,SUDESTE,SP,SÃO JOSÉ DOS CAMPOS,ACADÊMICO,BIOTECNOLOGIA,4,2013,EM FUNCIONAMENTO
CIRURGIA,17,FEDERAL,PÚBLICA,SUDESTE,SP,SÃO PAULO,ACADÊMICO,CIRURGIA TRANSLACIONAL,6,1990,EM FUNCIONAMENTO
NÃO SE APLICA,49,FEDERAL,PÚBLICA,SUDESTE,SP,DIADEMA,ACADÊMICO,ANÁLISE AMBIENTAL INTEGRADA,4,2014,EM FUNCIONAMENTO
NÃO SE APLICA,19,FEDERAL,PÚBLICA,SUDESTE,SP,DIADEMA,ACADÊMICO,CIÊNCIAS FARMACÊUTICAS,3,2015,EM FUNCIONAMENTO
NÃO SE APLICA,21,FEDERAL,PÚBLICA,SUDESTE,SP,SÃO PAULO,ACADÊMICO,DISTÚRBIOS DA COMUNICAÇÃO HUMANA (FONOAUDIOLOGIA),5,1982,EM FUNCIONAMENTO
ANATOMIA PATOLÓGICA E PATOLOGIA CLÍNICA,16,FEDERAL,PÚBLICA,SUDESTE,SP,SÃO PAULO,ACADÊMICO,PATOLOGIA,4,1978,EM FUNCIONAMENTO
CIRURGIA,17,FEDERAL,PÚBLICA,SUDESTE,SP,SÃO PAULO,ACADÊMICO,MEDICINA (OTORRINOLARINGOLOGIA),4,1979,EM FUNCIONAMENTO
NÃO SE APLICA,8,FEDERAL,PÚBLICA,SUDESTE,SP,SÃO PAULO,ACADÊMICO,FARMACOLOGIA,6,1970,EM FUNCIONAMENTO
NÃO SE APLICA,15,FEDERAL,PÚBLICA,SUDESTE,SP,SÃO PAULO,ACADÊMICO,MEDICINA TRANSLACIONAL,6,2010,EM FUNCIONAMENTO
CLÍNICA MÉDICA,15,FEDERAL,PÚBLICA,SUDESTE,SP,SÃO PAULO,ACADÊMICO,MEDICINA (ENDOCRINOLOGIA E METABOLOGIA),5,1973,EM FUNCIONAMENTO
CLÍNICA MÉDICA,16,FEDERAL,PÚBLICA,SUDESTE,SP,SÃO PAULO,ACADÊMICO,MEDICINA (HEMATOLOGIA E ONCOLOGIA),5,1976,EM FUNCIONAMENTO
NÃO SE APLICA,50,FEDERAL,PÚBLICA,SUDESTE,SP,SÃO PAULO,ACADÊMICO,NUTRIÇÃO,6,1991,EM FUNCIONAMENTO
CLÍNICA MÉDICA,15,FEDERAL,PÚBLICA,SUDESTE,SP,SÃO PAULO,ACADÊMICO,MEDICINA (PNEUMOLOGIA),5,1973,EM FUNCIONAMENTO
CLÍNICA MÉDICA,16,FEDERAL,PÚBLICA,SUDESTE,SP,SÃO PAULO,ACADÊMICO,PEDIATRIA E CIÊNCIAS APLICADAS À PEDIATRIA,5,1980,EM FUNCIONAMENTO
NÃO SE APLICA,9,FEDERAL,PÚBLICA,SUDESTE,SP,SÃO PAULO,ACADÊMICO,MICROBIOLOGIA E IMUNOLOGIA,7,1971,EM FUNCIONAMENTO
NÃO SE APLICA,45,FEDERAL,PÚBLICA,SUDESTE,SP,SANTOS,ACADÊMICO,INTERDISCIPLINAR EM CIÊNCIA E TECNOLOGIA DO MAR,3,2019,EM FUNCIONAMENTO
"ENGENHARIA, TECNOLOGIA E GESTÃO",45,FEDERAL,PÚBLICA,SUDESTE,SP,SÃO PAULO,PROFISSIONAL,INOVAÇÃO TECNOLÓGICA,4,2017,EM FUNCIONAMENTO
CLÍNICA MÉDICA,17,FEDERAL,PÚBLICA,SUDESTE,SP,SÃO PAULO,ACADÊMICO,MEDICINA (GINECOLOGIA),5,1977,EM FUNCIONAMENTO
CLÍNICA MÉDICA,16,FEDERAL,PÚBLICA,SUDESTE,SP,SÃO PAULO,ACADÊMICO,INFECTOLOGIA,6,1983,EM FUNCIONAMENTO
FUNDAMENTOS DO SERVIÇO SOCIAL,32,FEDERAL,PÚBLICA,SUDESTE,SP,SANTOS,ACADÊMICO,SERVIÇO SOCIAL E POLÍTICAS SOCIAIS,3,2016,EM FUNCIONAMENTO
CLÍNICA MÉDICA,15,FEDERAL,PÚBLICA,SUDESTE,SP,SÃO PAULO,ACADÊMICO,MEDICINA (NEFROLOGIA),6,1974,EM FUNCIONAMENTO
CIRURGIA,17,FEDERAL,PÚBLICA,SUDESTE,SP,SÃO PAULO,PROFISSIONAL,CIÊNCIAS DA SAÚDE APLICADA AO ESPORTE E À ATIVIDADE FÍSICA,3,2016,EM FUNCIONAMENTO
NÃO SE APLICA,14,FEDERAL,PÚBLICA,SUDESTE,SP,SÃO JOSÉ DOS CAMPOS,ACADÊMICO,ENGENHARIA BIOMÉDICA,3,2016,EM FUNCIONAMENTO
NÃO SE APLICA,12,FEDERAL,PÚBLICA,SUDESTE,SP,DIADEMA,ACADÊMICO,ENGENHARIA QUÍMICA,3,2018,EM FUNCIONAMENTO
NÃO SE APLICA,40,FEDERAL,PÚBLICA,SUDESTE,SP,GUARULHOS,ACADÊMICO,HISTÓRIA,4,2012,EM FUNCIONAMENTO
ENSINO DE CIÊNCIAS E MATEMÁTICA,46,FEDERAL,PÚBLICA,SUDESTE,SP,SÃO PAULO,PROFISSIONAL,ENSINO EM CIÊNCIAS DA SAÚDE,3,2003,EM FUNCIONAMENTO
RADIOLOGIA MÉDICA,16,FEDERAL,PÚBLICA,SUDESTE,SP,SÃO PAULO,ACADÊMICO,MEDICINA (RADIOLOGIA CLÍNICA),4,1982,EM FUNCIONAMENTO
NÃO SE APLICA,28,FEDERAL,PÚBLICA,SUDESTE,SP,OSASCO,ACADÊMICO,ECONOMIA E DESENVOLVIMENTO,3,2016,EM FUNCIONAMENTO
NÃO SE APLICA,20,FEDERAL,PÚBLICA,SUDESTE,SP,SÃO PAULO,ACADÊMICO,ENFERMAGEM,6,1986,EM FUNCIONAMENTO
NÃO SE APLICA,34,FEDERAL,PÚBLICA,SUDESTE,SP,GUARULHOS,ACADÊMICO,CIÊNCIAS SOCIAIS,4,2010,EM FUNCIONAMENTO
NÃO SE APLICA,46,FEDERAL,PÚBLICA,SUDESTE,SP,GUARULHOS,ACADÊMICO,EDUCAÇÃO E SAÚDE NA INFÂNCIA E ADOLESCÊNCIA,4,2009,EM FUNCIONAMENTO
NÃO SE APLICA,48,FEDERAL,PÚBLICA,SUDESTE,SP,SANTOS,ACADÊMICO,BIOPRODUTOS E BIOPROCESSOS,4,2016,EM FUNCIONAMENTO
NÃO SE APLICA,3,FEDERAL,PÚBLICA,SUDESTE,SP,SÃO PAULO,ACADÊMICO,FÍSICA,A,2024,EM FUNCIONAMENTO
NÃO SE APLICA,6,FEDERAL,PÚBLICA,SUDESTE,SP,DIADEMA,ACADÊMICO,BIOLOGIA QUÍMICA,5,2010,EM FUNCIONAMENTO
CLÍNICA MÉDICA,17,FEDERAL,PÚBLICA,SUDESTE,SP,SÃO PAULO,ACADÊMICO,OFTALMOLOGIA E CIÊNCIAS VISUAIS,7,1980,EM FUNCIONAMENTO
CLÍNICA MÉDICA,16,FEDERAL,PÚBLICA,SUDESTE,SP,SÃO PAULO,ACADÊMICO,NEUROLOGIA - NEUROCIÊNCIAS,6,1978,EM FUNCIONAMENTO
NÃO SE APLICA,6,FEDERAL,PÚBLICA,SUDESTE,SP,SÃO PAULO,ACADÊMICO,BIOLOGIA ESTRUTURAL E FUNCIONAL,5,1988,EM FUNCIONAMENTO
NÃO SE APLICA,21,FEDERAL,PÚBLICA,SUDESTE,SP,SANTOS,ACADÊMICO,CIÊNCIAS DO MOVIMENTO HUMANO E REABILITAÇÃO,4,2017,EM FUNCIONAMENTO
PSIQUIATRIA,16,FEDERAL,PÚBLICA,SUDESTE,SP,SÃO PAULO,ACADÊMICO,PSICOBIOLOGIA,7,1986,EM FUNCIONAMENTO
NÃO SE APLICA,41,FEDERAL,PÚBLICA,SUDESTE,SP,GUARULHOS,ACADÊMICO,LETRAS,4,2014,EM FUNCIONAMENTO
CIRURGIA,17,FEDERAL,PÚBLICA,SUDESTE,SP,SÃO PAULO,PROFISSIONAL,"CIÊNCIAS, TECNOLOGIA E GESTÃO APLICADAS À REGENERAÇÃO TECIDUAL",4,2015,EM FUNCIONAMENTO
MATEMÁTICA APLICADA,1,FEDERAL,PÚBLICA,SUDESTE,SP,SÃO JOSÉ DOS CAMPOS,ACADÊMICO,MATEMÁTICA PURA E APLICADA,3,2015,EM FUNCIONAMENTO
NÃO SE APLICA,7,FEDERAL,PÚBLICA,SUDESTE,SP,DIADEMA,ACADÊMICO,ECOLOGIA E EVOLUÇÃO,4,2011,EM FUNCIONAMENTO
CLÍNICA MÉDICA,15,FEDERAL,PÚBLICA,SUDESTE,SP,SÃO PAULO,ACADÊMICO,GASTROENTEROLOGIA,3,1976,EM FUNCIONAMENTO
CLÍNICA MÉDICA,15,FEDERAL,PÚBLICA,SUDESTE,SP,SÃO PAULO,ACADÊMICO,MEDICINA (CARDIOLOGIA),4,1975,EM FUNCIONAMENTO
NÃO SE APLICA,38,FEDERAL,PÚBLICA,SUDESTE,SP,GUARULHOS,ACADÊMICO,EDUCAÇÃO,4,2013,EM FUNCIONAMENTO
SAÚDE E BIOLÓGICAS,45,FEDERAL,PÚBLICA,SUDESTE,SP,SANTOS,ACADÊMICO,INTERDISCIPLINAR EM CIÊNCIAS DA SAÚDE,5,2010,EM FUNCIONAMENTO
BIOLOGIA MOLECULAR,8,FEDERAL,PÚBLICA,SUDESTE,SP,SÃO PAULO,ACADÊMICO,CIÊNCIAS BIOLÓGICAS (BIOLOGIA MOLECULAR),7,1970,EM FUNCIONAMENTO
CLÍNICA MÉDICA,17,FEDERAL,PÚBLICA,SUDESTE,SP,SÃO PAULO,ACADÊMICO,MEDICINA (OBSTETRÍCIA),4,1979,EM FUNCIONAMENTO
ENSINO DE CIÊNCIAS E MATEMÁTICA,46,FEDERAL,PÚBLICA,SUDESTE,SP,DIADEMA,ACADÊMICO,ENSINO DE CIÊNCIAS E MATEMÁTICA,3,2016,EM FUNCIONAMENTO
NÃO SE APLICA,22,FEDERAL,PÚBLICA,SUDESTE,SP,SÃO PAULO,ACADÊMICO,SAÚDE COLETIVA,5,2006,EM FUNCIONAMENTO
CLÍNICA MÉDICA,16,FEDERAL,PÚBLICA,SUDESTE,SP,SÃO PAULO,ACADÊMICO,CIÊNCIAS DA SAÚDE APLICADAS À REUMATOLOGIA,5,1984,EM FUNCIONAMENTO
NÃO SE APLICA,5,FEDERAL,PÚBLICA,SUDESTE,SP,CACHOEIRA PAULISTA,ACADÊMICO,METEOROLOGIA,6,1968,EM FUNCIONAMENTO
NÃO SE APLICA,3,FEDERAL,PÚBLICA,SUDESTE,SP,SÃO JOSÉ DOS CAMPOS,ACADÊMICO,ASTROFÍSICA,4,1994,EM FUNCIONAMENTO
NÃO SE APLICA,49,FEDERAL,PÚBLICA,SUDESTE,SP,SÃO JOSÉ DOS CAMPOS,ACADÊMICO,CIÊNCIA DO SISTEMA TERRESTRE,6,2010,EM FUNCIONAMENTO
"ENGENHARIA, TECNOLOGIA E GESTÃO",45,FEDERAL,PÚBLICA,SUDESTE,SP,SÃO JOSÉ DOS CAMPOS,ACADÊMICO,COMPUTAÇÃO APLICADA,5,1968,EM FUNCIONAMENTO
NÃO SE APLICA,5,FEDERAL,PÚBLICA,SUDESTE,SP,SÃO JOSÉ DOS CAMPOS,ACADÊMICO,GEOFÍSICA ESPACIAL,6,1994,EM FUNCIONAMENTO
GEOFÍSICA,5,FEDERAL,PÚBLICA,SUDESTE,SP,SÃO JOSÉ DOS CAMPOS,ACADÊMICO,SENSORIAMENTO REMOTO,7,1972,EM FUNCIONAMENTO
NÃO SE APLICA,13,FEDERAL,PÚBLICA,SUDESTE,SP,SÃO JOSÉ DOS CAMPOS,ACADÊMICO,CIÊNCIAS E TECNOLOGIAS ESPACIAIS,5,2012,EM FUNCIONAMENTO
NÃO SE APLICA,14,FEDERAL,PÚBLICA,SUDESTE,SP,SÃO JOSÉ DOS CAMPOS,ACADÊMICO,ENGENHARIA ELETRÔNICA E COMPUTAÇÃO,4,1961,EM FUNCIONAMENTO
NÃO SE APLICA,10,FEDERAL,PÚBLICA,SUDESTE,SP,SÃO JOSÉ DOS CAMPOS,ACADÊMICO,ENGENHARIA DE INFRA-ESTRUTURA AERONÁUTICA,5,1992,EM FUNCIONAMENTO
PESQUISA OPERACIONAL,13,FEDERAL,PÚBLICA,SUDESTE,SP,SÃO JOSÉ DOS CAMPOS,ACADÊMICO,PESQUISA OPERACIONAL,4,2016,EM FUNCIONAMENTO
NÃO SE APLICA,13,FEDERAL,PÚBLICA,SUDESTE,SP,SÃO JOSÉ DOS CAMPOS,PROFISSIONAL,ENGENHARIA AERONÁUTICA,4,2002,EM FUNCIONAMENTO
NÃO SE APLICA,2,FEDERAL,PÚBLICA,SUDESTE,SP,SÃO JOSÉ DOS CAMPOS,PROFISSIONAL,COMPUTAÇÃO DE MISSÃO CRÍTICA,A,2021,EM FUNCIONAMENTO
NÃO SE APLICA,13,FEDERAL,PÚBLICA,SUDESTE,SP,SÃO JOSÉ DOS CAMPOS,ACADÊMICO,ENGENHARIA AERONÂUTICA E MECÂNICA,6,1961,EM FUNCIONAMENTO
NÃO SE APLICA,39,FEDERAL,PÚBLICA,SUDESTE,SP,SÃO JOSÉ DOS CAMPOS,PROFISSIONAL,SEGURANÇA DE AVIAÇÃO E AERONAVEGABILIDADE CONTINUADA,3,2018,EM FUNCIONAMENTO
NÃO SE APLICA,3,FEDERAL,PÚBLICA,SUDESTE,SP,SÃO JOSÉ DOS CAMPOS,ACADÊMICO,FÍSICA,4,1961,EM FUNCIONAMENTO
NÃO SE APLICA,28,PARTICULAR,PRIVADA,SUDESTE,SP,SÃO PAULO,ACADÊMICO,ECONOMIA DE EMPRESAS,7,1988,EM FUNCIONAMENTO
NÃO SE APLICA,28,PARTICULAR,PRIVADA,SUDESTE,SP,SÃO PAULO,PROFISSIONAL,ECONOMIA,5,2003,EM FUNCIONAMENTO
ADMINISTRAÇÃO DE EMPRESAS,27,PARTICULAR,PRIVADA,SUDESTE,SP,SÃO PAULO,PROFISSIONAL,GESTÃO PARA A COMPETITIVIDADE,5,2016,EM FUNCIONAMENTO
NÃO SE APLICA,27,PARTICULAR,PRIVADA,SUDESTE,SP,SÃO PAULO,PROFISSIONAL,ADMINISTRAÇÃO DE EMPRESAS,5,1974,EM FUNCIONAMENTO
NÃO SE APLICA,27,PARTICULAR,PRIVADA,SUDESTE,SP,SÃO PAULO,ACADÊMICO,ADMINISTRAÇÃO PÚBLICA E GOVERNO,6,1990,EM FUNCIONAMENTO
ADMINISTRAÇÃO DE EMPRESAS,27,PARTICULAR,PRIVADA,SUDESTE,SP,SÃO PAULO,PROFISSIONAL,GESTÃO INTERNACIONAL,4,2009,EM FUNCIONAMENTO
NÃO SE APLICA,27,PARTICULAR,PRIVADA,SUDESTE,SP,SÃO PAULO,ACADÊMICO,ADMINISTRAÇÃO DE EMPRESAS,7,1974,EM FUNCIONAMENTO
NÃO SE APLICA,3,ESTADUAL,PÚBLICA,SUDESTE,SP,SÃO PAULO,ACADÊMICO,FÍSICA,7,1971,EM FUNCIONAMENTO
NÃO SE APLICA,38,PARTICULAR,PRIVADA,SUDESTE,SP,SÃO BERNARDO DO CAMPO,ACADÊMICO,EDUCAÇÃO,3,1999,EM FUNCIONAMENTO
NÃO SE APLICA,44,PARTICULAR,PRIVADA,SUDESTE,SP,SÃO BERNARDO DO CAMPO,ACADÊMICO,CIÊNCIAS DA RELIGIÃO,5,1979,EM FUNCIONAMENTO
NÃO SE APLICA,37,PARTICULAR,PRIVADA,SUDESTE,SP,SÃO BERNARDO DO CAMPO,ACADÊMICO,PSICOLOGIA DA SAÚDE,4,1978,EM FUNCIONAMENTO
NÃO SE APLICA,31,PARTICULAR,PRIVADA,SUDESTE,SP,SÃO BERNARDO DO CAMPO,ACADÊMICO,COMUNICAÇÃO SOCIAL,4,1978,EM FUNCIONAMENTO
NÃO SE APLICA,22,PARTICULAR,PRIVADA,SUDESTE,SP,SÃO PAULO,PROFISSIONAL,SAÚDE COLETIVA,5,2004,EM FUNCIONAMENTO
NÃO SE APLICA,22,PARTICULAR,PRIVADA,SUDESTE,SP,SÃO PAULO,ACADÊMICO,SAÚDE COLETIVA,4,2013,EM FUNCIONAMENTO
NÃO SE APLICA,21,PARTICULAR,PRIVADA,SUDESTE,SP,SÃO PAULO,PROFISSIONAL,SAÚDE DA COMUNICAÇÃO HUMANA,4,2013,EM FUNCIONAMENTO
CIRURGIA,17,PARTICULAR,PRIVADA,SUDESTE,SP,SÃO PAULO,ACADÊMICO,PESQUISA EM CIRURGIA,3,1982,EM FUNCIONAMENTO
NÃO SE APLICA,15,PARTICULAR,PRIVADA,SUDESTE,SP,SÃO PAULO,ACADÊMICO,CIÊNCIAS DA SAÚDE,4,2003,EM FUNCIONAMENTO
NÃO SE APLICA,26,PARTICULAR,PRIVADA,SUDESTE,SP,SANTOS,ACADÊMICO,DIREITO,4,1999,EM FUNCIONAMENTO
NÃO SE APLICA,38,PARTICULAR,PRIVADA,SUDESTE,SP,SANTOS,ACADÊMICO,EDUCAÇÃO,4,1999,EM FUNCIONAMENTO
NÃO SE APLICA,37,PARTICULAR,PRIVADA,SUDESTE,SP,SANTOS,PROFISSIONAL,PSICOLOGIA DESENVOLVIMENTO E POLÍTICAS PÚBLICAS,3,2019,EM FUNCIONAMENTO
NÃO SE APLICA,22,PARTICULAR,PRIVADA,SUDESTE,SP,SANTOS,ACADÊMICO,SAÚDE COLETIVA,4,2004,EM FUNCIONAMENTO
LINGÜÍSTICA APLICADA,41,MUNICIPAL,PÚBLICA,SUDESTE,SP,TAUBATÉ,ACADÊMICO,LINGÜÍSTICA APLICADA,3,1995,EM FUNCIONAMENTO
NÃO SE APLICA,30,MUNICIPAL,PÚBLICA,SUDESTE,SP,TAUBATÉ,ACADÊMICO,PLANEJAMENTO E DESENVOLVIMENTO REGIONAL,4,2010,EM FUNCIONAMENTO
NÃO SE APLICA,30,MUNICIPAL,PÚBLICA,SUDESTE,SP,TAUBATÉ,PROFISSIONAL,GESTÃO E DESENVOLVIMENTO REGIONAL,4,2000,EM FUNCIONAMENTO
NÃO SE APLICA,49,MUNICIPAL,PÚBLICA,SUDESTE,SP,TAUBATÉ,ACADÊMICO,CIÊNCIAS AMBIENTAIS,4,2011,EM FUNCIONAMENTO
"SOCIAIS, CULTURAS E HUMANIDADES",45,MUNICIPAL,PÚBLICA,SUDESTE,SP,TAUBATÉ,ACADÊMICO,"DESENVOLVIMENTO HUMANO: FORMAÇÃO, POLÍTICAS E PRÁTICAS SOCIA",4,2010,EM FUNCIONAMENTO
NÃO SE APLICA,13,MUNICIPAL,PÚBLICA,SUDESTE,SP,TAUBATÉ,PROFISSIONAL,ENGENHARIA MECÂNICA,3,1997,EM FUNCIONAMENTO
NÃO SE APLICA,49,MUNICIPAL,PÚBLICA,SUDESTE,SP,TAUBATÉ,PROFISSIONAL,ECODESENVOLVIMENTO E GESTÃO AMBIENTAL,3,1998,EM FUNCIONAMENTO
NÃO SE APLICA,18,MUNICIPAL,PÚBLICA,SUDESTE,SP,TAUBATÉ,ACADÊMICO,CIÊNCIAS DA SAÚDE,4,1991,EM FUNCIONAMENTO
NÃO SE APLICA,38,MUNICIPAL,PÚBLICA,SUDESTE,SP,TAUBATÉ,PROFISSIONAL,EDUCAÇÃO,4,2014,EM FUNCIONAMENTO
NÃO SE APLICA,29,PARTICULAR,PRIVADA,SUDESTE,SP,SÃO PAULO,ACADÊMICO,ARQUITETURA E URBANISMO,6,2000,EM FUNCIONAMENTO
NÃO SE APLICA,27,PARTICULAR,PRIVADA,SUDESTE,SP,SÃO PAULO,ACADÊMICO,ADMINISTRAÇÃO DE EMPRESAS,5,1999,EM FUNCIONAMENTO
NÃO SE APLICA,27,PARTICULAR,PRIVADA,SUDESTE,SP,SÃO PAULO,PROFISSIONAL,ADMINISTRAÇÃO DO DESENVOLVIMENTO DE NEGÓCIOS,4,2016,EM FUNCIONAMENTO
NÃO SE APLICA,2,PARTICULAR,PRIVADA,SUDESTE,SP,SÃO PAULO,PROFISSIONAL,COMPUTAÇÃO APLICADA,A,2021,EM FUNCIONAMENTO
SAÚDE E BIOLÓGICAS,45,PARTICULAR,PRIVADA,SUDESTE,SP,SÃO PAULO,ACADÊMICO,CIÊNCIAS DO DESENVOLVIMENTO HUMANO,7,1992,EM FUNCIONAMENTO
CIÊNCIAS CONTÁBEIS,27,PARTICULAR,PRIVADA,SUDESTE,SP,SÃO PAULO,PROFISSIONAL,"CONTROLADORIA, FINANÇAS E TECNOLOGIAS DE GESTÃO",5,2008,EM FUNCIONAMENTO
NÃO SE APLICA,28,PARTICULAR,PRIVADA,SUDESTE,SP,SÃO PAULO,PROFISSIONAL,ECONOMIA E MERCADOS,4,2016,EM FUNCIONAMENTO
"SOCIAIS, CULTURAS E HUMANIDADES",45,PARTICULAR,PRIVADA,SUDESTE,SP,SÃO PAULO,ACADÊMICO,"EDUCAÇÃO, ARTE E HISTÓRIA DA CULTURA",5,1999,EM FUNCIONAMENTO
NÃO SE APLICA,47,PARTICULAR,PRIVADA,SUDESTE,SP,SÃO PAULO,ACADÊMICO,ENGENHARIA DE MATERIAIS E NANOTECNOLOGIA,4,2016,EM FUNCIONAMENTO
NÃO SE APLICA,26,PARTICULAR,PRIVADA,SUDESTE,SP,SÃO PAULO,ACADÊMICO,DIREITO POLÍTICO E ECONÔMICO,6,1999,EM FUNCIONAMENTO
NÃO SE APLICA,41,PARTICULAR,PRIVADA,SUDESTE,SP,SÃO PAULO,ACADÊMICO,LETRAS,7,1994,EM FUNCIONAMENTO
NÃO SE APLICA,14,PARTICULAR,PRIVADA,SUDESTE,SP,SÃO PAULO,ACADÊMICO,ENGENHARIA ELÉTRICA E COMPUTAÇÃO,4,1999,EM FUNCIONAMENTO
NÃO SE APLICA,15,MUNICIPAL,PÚBLICA,SUDESTE,SP,JUNDIAÍ,ACADÊMICO,CIÊNCIAS DA SAÚDE,3,2011,EM FUNCIONAMENTO
NÃO SE APLICA,13,PARTICULAR,PRIVADA,SUDESTE,SP,SÃO BERNARDO DO CAMPO,ACADÊMICO,ENGENHARIA MECÂNICA,3,2007,EM FUNCIONAMENTO
NÃO SE APLICA,27,PARTICULAR,PRIVADA,SUDESTE,SP,SÃO BERNARDO DO CAMPO,ACADÊMICO,ADMINISTRAÇÃO,5,2007,EM FUNCIONAMENTO
NÃO SE APLICA,14,PARTICULAR,PRIVADA,SUDESTE,SP,SÃO BERNARDO DO CAMPO,ACADÊMICO,ENGENHARIA ELÉTRICA,4,2005,EM FUNCIONAMENTO
NÃO SE APLICA,12,PARTICULAR,PRIVADA,SUDESTE,SP,SÃO BERNARDO DO CAMPO,ACADÊMICO,ENGENHARIA QUÍMICA,3,2014,EM FUNCIONAMENTO
NÃO SE APLICA,50,PARTICULAR,PRIVADA,SUDESTE,SP,SÃO PAULO,PROFISSIONAL,NUTRIÇÃO DO NASCIMENTO À ADOLESCÊNCIA,3,2013,EM FUNCIONAMENTO
SAÚDE E BIOLÓGICAS,45,ESTADUAL,PÚBLICA,SUDESTE,SP,MARÍLIA,PROFISSIONAL,ENSINO EM SAÚDE,4,2011,EM FUNCIONAMENTO
SAÚDE E BIOLÓGICAS,45,ESTADUAL,PÚBLICA,SUDESTE,SP,MARÍLIA,ACADÊMICO,SAÚDE E ENVELHECIMENTO,4,2012,EM FUNCIONAMENTO
NÃO SE APLICA,20,ESTADUAL,PÚBLICA,SUDESTE,SP,SÃO JOSÉ DO RIO PRETO,ACADÊMICO,ENFERMAGEM,4,2012,EM FUNCIONAMENTO
NÃO SE APLICA,37,ESTADUAL,PÚBLICA,SUDESTE,SP,SÃO JOSÉ DO RIO PRETO,ACADÊMICO,PSICOLOGIA E SAÚDE,3,2013,EM FUNCIONAMENTO
NÃO SE APLICA,15,ESTADUAL,PÚBLICA,SUDESTE,SP,SÃO JOSÉ DO RIO PRETO,ACADÊMICO,CIÊNCIAS DA SAÚDE,5,1988,EM FUNCIONAMENTO
NÃO SE APLICA,48,PARTICULAR,PRIVADA,SUDESTE,SP,RIBEIRÃO PRETO,ACADÊMICO,BIOTECNOLOGIA,5,1999,EM FUNCIONAMENTO
NÃO SE APLICA,46,PARTICULAR,PRIVADA,SUDESTE,SP,RIBEIRÃO PRETO,PROFISSIONAL,SAÚDE E EDUCAÇÃO,3,2012,EM FUNCIONAMENTO
NÃO SE APLICA,26,PARTICULAR,PRIVADA,SUDESTE,SP,RIBEIRÃO PRETO,ACADÊMICO,DIREITOS COLETIVOS E CIDADANIA,4,2012,EM FUNCIONAMENTO
SANEAMENTO AMBIENTAL,10,PARTICULAR,PRIVADA,SUDESTE,SP,RIBEIRÃO PRETO,ACADÊMICO,TECNOLOGIA AMBIENTAL,3,2000,EM FUNCIONAMENTO
NÃO SE APLICA,10,PARTICULAR,PRIVADA,SUDESTE,SP,RIBEIRÃO PRETO,ACADÊMICO,TECNOLOGIA AMBIENTAL,4,2015,EM FUNCIONAMENTO
ENDODONTIA,18,PARTICULAR,PRIVADA,SUDESTE,SP,RIBEIRÃO PRETO,ACADÊMICO,ODONTOLOGIA (ENDODONTIA),5,2000,EM FUNCIONAMENTO
SAÚDE E BIOLÓGICAS,45,PARTICULAR,PRIVADA,SUDESTE,SP,MARÍLIA,ACADÊMICO,INTERAÇÕES ESTRUTURAIS E FUNCIONAIS NA REABILITAÇÃO,4,2018,EM FUNCIONAMENTO
NÃO SE APLICA,27,PARTICULAR,PRIVADA,SUDESTE,SP,MARÍLIA,PROFISSIONAL,ADMINISTRAÇÃO DE ORGANIZAÇÕES INOVADORAS,A,2024,EM FUNCIONAMENTO
NÃO SE APLICA,26,PARTICULAR,PRIVADA,SUDESTE,SP,MARÍLIA,ACADÊMICO,DIREITO,5,2004,EM FUNCIONAMENTO
NÃO SE APLICA,24,PARTICULAR,PRIVADA,SUDESTE,SP,MARÍLIA,PROFISSIONAL,"SAÚDE ANIMAL, PRODUÇÃO E AMBIENTE",A,2021,EM FUNCIONAMENTO
CLÍNICA MÉDICA,15,ESTADUAL,PÚBLICA,SUDESTE,SP,SÃO PAULO,ACADÊMICO,CIÊNCIAS DA SAÚDE,4,2005,EM FUNCIONAMENTO
NÃO SE APLICA,6,ESTADUAL,PÚBLICA,SUDESTE,SP,SÃO PAULO,ACADÊMICO,CIÊNCIAS,5,2010,EM FUNCIONAMENTO
NÃO SE APLICA,6,ESTADUAL,PÚBLICA,SUDESTE,SP,SÃO PAULO,PROFISSIONAL,BIOTECNOLOGIA E BIOPROCESSOS,3,2020,EM FUNCIONAMENTO
NÃO SE APLICA,37,PARTICULAR,PRIVADA,SUDESTE,SP,CAMPINAS,ACADÊMICO,PSICOLOGIA,7,1999,EM FUNCIONAMENTO
NÃO SE APLICA,15,PARTICULAR,PRIVADA,SUDESTE,SP,BRAGANÇA PAULISTA,ACADÊMICO,CIÊNCIAS DA SAÚDE,5,2007,EM FUNCIONAMENTO
NÃO SE APLICA,38,PARTICULAR,PRIVADA,SUDESTE,SP,ITATIBA,ACADÊMICO,EDUCAÇÃO,5,2000,EM FUNCIONAMENTO
NÃO SE APLICA,14,PARTICULAR,PRIVADA,SUDESTE,SP,SÃO JOSÉ DOS CAMPOS,ACADÊMICO,ENGENHARIA BIOMÉDICA,4,1993,EM FUNCIONAMENTO
NÃO SE APLICA,3,PARTICULAR,PRIVADA,SUDESTE,SP,SÃO JOSÉ DOS CAMPOS,ACADÊMICO,FÍSICA E ASTRONOMIA,4,2004,EM FUNCIONAMENTO
NÃO SE APLICA,30,PARTICULAR,PRIVADA,SUDESTE,SP,SÃO JOSÉ DOS CAMPOS,ACADÊMICO,PLANEJAMENTO URBANO E REGIONAL,4,1993,EM FUNCIONAMENTO
NÃO SE APLICA,47,PARTICULAR,PRIVADA,SUDESTE,SP,SÃO JOSÉ DOS CAMPOS,PROFISSIONAL,PROCESSAMENTO DE MATERIAIS,4,2011,EM FUNCIONAMENTO
NÃO SE APLICA,38,PARTICULAR,PRIVADA,SUDESTE,SP,SÃO PAULO,PROFISSIONAL,FORMAÇÃO DE GESTORES EDUCACIONAIS,4,2015,EM FUNCIONAMENTO
NÃO SE APLICA,3,PARTICULAR,PRIVADA,SUDESTE,SP,SÃO PAULO,ACADÊMICO,ASTROFÍSICA E FÍSICA COMPUTACIONAL,4,2008,EM FUNCIONAMENTO
NÃO SE APLICA,38,PARTICULAR,PRIVADA,SUDESTE,SP,SÃO PAULO,ACADÊMICO,EDUCAÇÃO,5,1997,EM FUNCIONAMENTO
NÃO SE APLICA,21,PARTICULAR,PRIVADA,SUDESTE,SP,SÃO PAULO,ACADÊMICO,FISIOTERAPIA,5,2006,EM FUNCIONAMENTO
CLÍNICA MÉDICA,16,PARTICULAR,PRIVADA,SUDESTE,SP,PRESIDENTE PRUDENTE,ACADÊMICO,CIÊNCIAS DA SAÚDE,4,2017,EM FUNCIONAMENTO
NÃO SE APLICA,49,PARTICULAR,PRIVADA,SUDESTE,SP,PRESIDENTE PRUDENTE,ACADÊMICO,MEIO AMBIENTE E DESENVOLVIMENTO REGIONAL,4,2012,EM FUNCIONAMENTO
NÃO SE APLICA,38,PARTICULAR,PRIVADA,SUDESTE,SP,PRESIDENTE PRUDENTE,ACADÊMICO,EDUCAÇÃO,5,1995,EM FUNCIONAMENTO
NÃO SE APLICA,24,PARTICULAR,PRIVADA,SUDESTE,SP,PRESIDENTE PRUDENTE,ACADÊMICO,CIÊNCIA ANIMAL,4,2006,EM FUNCIONAMENTO
NÃO SE APLICA,42,PARTICULAR,PRIVADA,SUDESTE,SP,PRESIDENTE PRUDENTE,ACADÊMICO,AGRONOMIA,4,2004,EM FUNCIONAMENTO
POLÍTICAS E DESENVOLVIMENTO DE TERRITÓRIOS,45,PARTICULAR,PRIVADA,SUDESTE,SP,FERNANDÓPOLIS,PROFISSIONAL,CIÊNCIAS AMBIENTAIS,4,2011,EM FUNCIONAMENTO
NÃO SE APLICA,23,PARTICULAR,PRIVADA,SUDESTE,SP,DESCALVADO,PROFISSIONAL,PRODUÇÃO ANIMAL,4,2008,EM FUNCIONAMENTO
NÃO SE APLICA,14,PARTICULAR,PRIVADA,SUDESTE,SP,SÃO PAULO,ACADÊMICO,ENGENHARIA BIOMÉDICA,4,2009,EM FUNCIONAMENTO
NÃO SE APLICA,14,PARTICULAR,PRIVADA,SUDESTE,SP,SÃO PAULO,PROFISSIONAL,BIOENGENHARIA,4,2010,EM FUNCIONAMENTO
NÃO SE APLICA,38,PARTICULAR,PRIVADA,SUDESTE,SP,SÃO PAULO,ACADÊMICO,EDUCAÇÃO,3,2019,EM FUNCIONAMENTO
NÃO SE APLICA,13,PARTICULAR,PRIVADA,SUDESTE,SP,SÃO PAULO,ACADÊMICO,ENGENHARIA DE PRODUÇÃO,4,1997,EM FUNCIONAMENTO
NÃO SE APLICA,18,PARTICULAR,PRIVADA,SUDESTE,SP,SÃO PAULO,ACADÊMICO,ODONTOLOGIA,5,1993,EM FUNCIONAMENTO
NÃO SE APLICA,31,PARTICULAR,PRIVADA,SUDESTE,SP,SÃO PAULO,ACADÊMICO,COMUNICAÇÃO,4,1997,EM FUNCIONAMENTO
NÃO SE APLICA,27,PARTICULAR,PRIVADA,SUDESTE,SP,SÃO PAULO,ACADÊMICO,ADMINISTRAÇÃO,5,2005,EM FUNCIONAMENTO
TRATAMENTO E PREVENÇÃO PSICOLÓGICA,37,PARTICULAR,PRIVADA,SUDESTE,SP,RIBEIRÃO PRETO,PROFISSIONAL,PRÁTICAS INSTITUCIONAIS EM SAÚDE MENTAL,A,2022,EM FUNCIONAMENTO
NÃO SE APLICA,24,PARTICULAR,PRIVADA,SUDESTE,SP,SÃO PAULO,ACADÊMICO,PATOLOGIA AMBIENTAL E EXPERIMENTAL,5,2002,EM FUNCIONAMENTO
"ENGENHARIA, TECNOLOGIA E GESTÃO",45,PARTICULAR,PRIVADA,SUDESTE,SP,SOROCABA,PROFISSIONAL,PROCESSOS TECNOLÓGICOS E AMBIENTAIS,5,2014,EM FUNCIONAMENTO
NÃO SE APLICA,31,PARTICULAR,PRIVADA,SUDESTE,SP,SOROCABA,ACADÊMICO,COMUNICAÇÃO E CULTURA,4,2006,EM FUNCIONAMENTO
NÃO SE APLICA,38,PARTICULAR,PRIVADA,SUDESTE,SP,SOROCABA,ACADÊMICO,EDUCAÇÃO,4,1996,EM FUNCIONAMENTO
NÃO SE APLICA,19,PARTICULAR,PRIVADA,SUDESTE,SP,SOROCABA,ACADÊMICO,CIÊNCIAS FARMACÊUTICAS,4,2008,EM FUNCIONAMENTO
NÃO SE APLICA,15,PARTICULAR,PRIVADA,SUDESTE,SP,SÃO PAULO,ACADÊMICO,CIÊNCIAS DA SAÚDE,4,2014,EM FUNCIONAMENTO
NÃO SE APLICA,20,PARTICULAR,PRIVADA,SUDESTE,SP,SÃO PAULO,PROFISSIONAL,ENFERMAGEM,4,2014,EM FUNCIONAMENTO
NÃO SE APLICA,46,PARTICULAR,PRIVADA,SUDESTE,SP,SÃO PAULO,PROFISSIONAL,ENSINO EM SAÚDE,3,2019,EM FUNCIONAMENTO
CONSTRUÇÃO CIVIL,10,PARTICULAR,PRIVADA,SUDESTE,SP,SÃO PAULO,PROFISSIONAL,ENGENHARIA CIVIL,4,2016,EM FUNCIONAMENTO
NÃO SE APLICA,29,PARTICULAR,PRIVADA,SUDESTE,SP,SÃO PAULO,ACADÊMICO,ARQUITETURA E URBANISMO,5,2005,EM FUNCIONAMENTO
NÃO SE APLICA,21,PARTICULAR,PRIVADA,SUDESTE,SP,SÃO PAULO,ACADÊMICO,EDUCAÇÃO FÍSICA,5,2004,EM FUNCIONAMENTO
SAÚDE E BIOLÓGICAS,45,PARTICULAR,PRIVADA,SUDESTE,SP,SÃO PAULO,ACADÊMICO,CIÊNCIAS DO ENVELHECIMENTO,5,2010,EM FUNCIONAMENTO
CLÍNICA MÉDICA,15,PARTICULAR,PRIVADA,SUDESTE,SP,SÃO PAULO,PROFISSIONAL,CUIDADOS ONCOLÓGICOS CENTRADOS NO PACIENTE,A,2021,EM FUNCIONAMENTO
CLÍNICA MÉDICA,15,PARTICULAR,PRIVADA,SUDESTE,SP,SÃO PAULO,ACADÊMICO,ONCOLOGIA,6,1997,EM FUNCIONAMENTO
CLÍNICA MÉDICA,16,PARTICULAR,PRIVADA,SUDESTE,SP,SÃO PAULO,ACADÊMICO,CIÊNCIAS DA SAÚDE,3,2012,EM FUNCIONAMENTO
NÃO SE APLICA,18,PARTICULAR,PRIVADA,SUDESTE,SP,SÃO PAULO,ACADÊMICO,ODONTOLOGIA,4,2000,EM FUNCIONAMENTO
NÃO SE APLICA,24,PARTICULAR,PRIVADA,SUDESTE,SP,SÃO PAULO,ACADÊMICO,SAÚDE ÚNICA,4,2013,EM FUNCIONAMENTO
NÃO SE APLICA,26,PARTICULAR,PRIVADA,SUDESTE,SP,SÃO PAULO,ACADÊMICO,DIREITO,A,2021,EM FUNCIONAMENTO
NÃO SE APLICA,15,PARTICULAR,PRIVADA,SUDESTE,SP,SÃO PAULO,ACADÊMICO,INTERDISCIPLINAR EM CIÊNCIAS DA SAÚDE,4,2015,EM FUNCIONAMENTO
ENSINO DE CIÊNCIAS E MATEMÁTICA,46,PARTICULAR,PRIVADA,SUDESTE,SP,SÃO PAULO,PROFISSIONAL,ENSINO DE CIÊNCIAS E MATEMÁTICA,4,2004,EM FUNCIONAMENTO
NÃO SE APLICA,18,PARTICULAR,PRIVADA,SUDESTE,SP,SÃO PAULO,ACADÊMICO,ODONTOLOGIA,4,2004,EM FUNCIONAMENTO
NÃO SE APLICA,46,PARTICULAR,PRIVADA,SUDESTE,SP,SÃO PAULO,ACADÊMICO,ENSINO DE CIÊNCIAS,5,2007,EM FUNCIONAMENTO
NÃO SE APLICA,26,PARTICULAR,PRIVADA,SUDESTE,SP,OSASCO,ACADÊMICO,DIREITO,3,2000,EM FUNCIONAMENTO
NÃO SE APLICA,37,PARTICULAR,PRIVADA,SUDESTE,SP,OSASCO,ACADÊMICO,PSICOLOGIA EDUCACIONAL,3,2006,EM FUNCIONAMENTO
NÃO SE APLICA,42,ESTADUAL,PÚBLICA,SUDESTE,SP,CAMPINAS,ACADÊMICO,AGRICULTURA TROPICAL E SUBTROPICAL,4,1999,EM FUNCIONAMENTO
NÃO SE APLICA,13,PARTICULAR,PRIVADA,SUDESTE,SP,ARARAQUARA,PROFISSIONAL,ENGENHARIA DE PRODUÇÃO,3,2009,EM FUNCIONAMENTO
NÃO SE APLICA,48,PARTICULAR,PRIVADA,SUDESTE,SP,ARARAQUARA,ACADÊMICO,BIOTECNOLOGIA,4,2015,EM FUNCIONAMENTO
NÃO SE APLICA,18,PARTICULAR,PRIVADA,SUDESTE,SP,ARARAQUARA,PROFISSIONAL,CIÊNCIAS ODONTOLÓGICAS,4,2011,EM FUNCIONAMENTO
NÃO SE APLICA,26,PARTICULAR,PRIVADA,SUDESTE,SP,ARARAQUARA,PROFISSIONAL,DIREITO E GESTÃO DE CONFLITOS,3,2019,EM FUNCIONAMENTO
POLÍTICAS E DESENVOLVIMENTO DE TERRITÓRIOS,45,PARTICULAR,PRIVADA,SUDESTE,SP,ARARAQUARA,ACADÊMICO,DESENVOLVIMENTO TERRITORIAL E MEIO AMBIENTE,5,2003,EM FUNCIONAMENTO
NÃO SE APLICA,38,PARTICULAR,PRIVADA,SUDESTE,SP,ARARAQUARA,PROFISSIONAL,"PROCESSOS DE ENSINO, GESTÃO E INOVAÇÃO",4,2014,EM FUNCIONAMENTO
NÃO SE APLICA,12,ESTADUAL,PÚBLICA,SUDESTE,SP,SÃO PAULO,PROFISSIONAL,PROCESSOS INDUSTRIAIS,3,2001,EM FUNCIONAMENTO
NÃO SE APLICA,10,ESTADUAL,PÚBLICA,SUDESTE,SP,SÃO PAULO,PROFISSIONAL,HABITAÇÃO: PLANEJAMENTO E TECNOLOGIA,3,1998,EM FUNCIONAMENTO
NÃO SE APLICA,2,ESTADUAL,PÚBLICA,SUDESTE,SP,SÃO PAULO,PROFISSIONAL,COMPUTAÇÃO APLICADA,3,2020,EM FUNCIONAMENTO
ENSINO DE CIÊNCIAS E MATEMÁTICA,46,FEDERAL,PÚBLICA,SUDESTE,SP,SÃO PAULO,PROFISSIONAL,ENSINO DE CIÊNCIAS E MATEMÁTICA,4,2014,EM FUNCIONAMENTO
NÃO SE APLICA,13,FEDERAL,PÚBLICA,SUDESTE,SP,SÃO PAULO,ACADÊMICO,ENGENHARIA MECÂNICA,3,2013,EM FUNCIONAMENTO
NÃO SE APLICA,13,PARTICULAR,PRIVADA,SUDESTE,SP,SANTOS,PROFISSIONAL,ENGENHARIA MECÂNICA,4,2011,EM FUNCIONAMENTO
NÃO SE APLICA,7,PARTICULAR,PRIVADA,SUDESTE,SP,SANTOS,ACADÊMICO,SUSTENTABILIDADE DE ECOSSISTEMAS COSTEIROS E MARINHOS,3,2011,EM FUNCIONAMENTO
NÃO SE APLICA,49,PARTICULAR,PRIVADA,SUDESTE,SP,SANTOS,ACADÊMICO,CIÊNCIA E TECNOLOGIA AMBIENTAL,A,2021,EM FUNCIONAMENTO
NÃO SE APLICA,26,PARTICULAR,PRIVADA,SUDESTE,SP,SANTOS,ACADÊMICO,DIREITO DA SAÚDE: DIMENSÕES INDIVIDUAIS E COLETIVAS,3,2016,EM FUNCIONAMENTO
NÃO SE APLICA,7,PARTICULAR,PRIVADA,SUDESTE,SP,SANTOS,PROFISSIONAL,AUDITORIA AMBIENTAL,3,2017,EM FUNCIONAMENTO
NÃO SE APLICA,27,PARTICULAR,PRIVADA,SUDESTE,SP,SÃO PAULO,ACADÊMICO,ADMINISTRAÇÃO,6,2006,EM FUNCIONAMENTO
NÃO SE APLICA,27,PARTICULAR,PRIVADA,SUDESTE,SP,SÃO PAULO,PROFISSIONAL,GESTÃO DE PROJETOS,5,2010,EM FUNCIONAMENTO
NÃO SE APLICA,15,PARTICULAR,PRIVADA,SUDESTE,SP,SÃO PAULO,ACADÊMICO,MEDICINA,5,2012,EM FUNCIONAMENTO
NÃO SE APLICA,30,PARTICULAR,PRIVADA,SUDESTE,SP,SÃO PAULO,ACADÊMICO,CIDADES INTELIGENTES E SUSTENTÁVEIS,4,2015,EM FUNCIONAMENTO
NÃO SE APLICA,21,PARTICULAR,PRIVADA,SUDESTE,SP,SÃO PAULO,ACADÊMICO,CIÊNCIAS DA REABILITAÇÃO,6,2007,EM FUNCIONAMENTO
"ENGENHARIA, TECNOLOGIA E GESTÃO",45,PARTICULAR,PRIVADA,SUDESTE,SP,SÃO PAULO,ACADÊMICO,INFORMÁTICA E GESTÃO DO CONHECIMENTO,5,2015,EM FUNCIONAMENTO
NÃO SE APLICA,38,PARTICULAR,PRIVADA,SUDESTE,SP,SÃO PAULO,PROFISSIONAL,GESTÃO E PRÁTICAS EDUCACIONAIS,4,2012,EM FUNCIONAMENTO
RADIOLOGIA MÉDICA,16,PARTICULAR,PRIVADA,SUDESTE,SP,SÃO PAULO,ACADÊMICO,MEDICINA - BIOFOTÔNICA,6,2012,EM FUNCIONAMENTO
NÃO SE APLICA,38,PARTICULAR,PRIVADA,SUDESTE,SP,SÃO PAULO,ACADÊMICO,EDUCAÇÃO,4,1996,EM FUNCIONAMENTO
NÃO SE APLICA,26,PARTICULAR,PRIVADA,SUDESTE,SP,SÃO PAULO,ACADÊMICO,DIREITO,4,2012,EM FUNCIONAMENTO
NÃO SE APLICA,41,PARTICULAR,PRIVADA,SUDESTE,SP,FRANCA,ACADÊMICO,LINGÜÍSTICA,4,2006,EM FUNCIONAMENTO
NÃO SE APLICA,4,PARTICULAR,PRIVADA,SUDESTE,SP,FRANCA,ACADÊMICO,CIÊNCIAS,5,2002,EM FUNCIONAMENTO
SAÚDE E BIOLÓGICAS,45,PARTICULAR,PRIVADA,SUDESTE,SP,FRANCA,ACADÊMICO,PROMOÇÃO DE SAÚDE,4,1999,EM FUNCIONAMENTO
NÃO SE APLICA,24,PARTICULAR,PRIVADA,SUDESTE,SP,FRANCA,ACADÊMICO,CIÊNCIA ANIMAL,4,2007,EM FUNCIONAMENTO
NÃO SE APLICA,27,PARTICULAR,PRIVADA,SUDESTE,SP,SÃO PAULO,PROFISSIONAL,ADMINISTRAÇÃO,4,2011,EM FUNCIONAMENTO
CIÊNCIAS CONTÁBEIS,27,PARTICULAR,PRIVADA,SUDESTE,SP,SÃO PAULO,ACADÊMICO,CIÊNCIAS CONTÁBEIS,3,1999,EM FUNCIONAMENTO
"SOCIAIS, CULTURAS E HUMANIDADES",45,MUNICIPAL,PÚBLICA,SUDESTE,SP,FRANCA,ACADÊMICO,DESENVOLVIMENTO REGIONAL,3,2008,EM FUNCIONAMENTO
NÃO SE APLICA,46,PARTICULAR,PRIVADA,SUDESTE,SP,SANTOS,PROFISSIONAL,PRÁTICAS DOCENTES NO ENSINO FUNDAMENTAL,3,2015,EM FUNCIONAMENTO
NÃO SE APLICA,24,PARTICULAR,PRIVADA,SUDESTE,SP,SANTOS,ACADÊMICO,MEDICINA VETERINÁRIA NO MEIO AMBIENTE LITORANEO,4,2017,EM FUNCIONAMENTO
CLÍNICA MÉDICA,16,PARTICULAR,PRIVADA,SUDESTE,SP,SANTOS,PROFISSIONAL,SAÚDE E MEIO AMBIENTE,3,2015,EM FUNCIONAMENTO
RADIOLOGIA MÉDICA,16,FEDERAL,PÚBLICA,SUDESTE,SP,SÃO PAULO,PROFISSIONAL,TECNOLOGIA DAS RADIAÇÕES EM CIÊNCIAS DA SAÚDE,3,2019,EM FUNCIONAMENTO
NÃO SE APLICA,26,PARTICULAR,PRIVADA,SUDESTE,SP,BAURU,ACADÊMICO,SISTEMA CONSTITUCIONAL DE GARANTIA DE DIREITOS,5,1998,EM FUNCIONAMENTO
NÃO SE APLICA,27,PARTICULAR,PRIVADA,SUDESTE,SP,SÃO PAULO,ACADÊMICO,GESTÃO EM ALIMENTOS E BEBIDAS (A&B),3,2016,EM FUNCIONAMENTO
NÃO SE APLICA,31,PARTICULAR,PRIVADA,SUDESTE,SP,SÃO PAULO,ACADÊMICO,COMUNICAÇÃO,4,2006,EM FUNCIONAMENTO
NÃO SE APLICA,14,PARTICULAR,PRIVADA,SUDESTE,SP,SÃO PAULO,ACADÊMICO,ENGENHARIA BIOMÉDICA,4,2017,EM FUNCIONAMENTO
NÃO SE APLICA,29,PARTICULAR,PRIVADA,SUDESTE,SP,SÃO PAULO,ACADÊMICO,DESIGN,5,2006,EM FUNCIONAMENTO
NÃO SE APLICA,27,PARTICULAR,PRIVADA,SUDESTE,SP,SÃO PAULO,ACADÊMICO,HOSPITALIDADE,4,2002,EM FUNCIONAMENTO
ENSINO DE CIÊNCIAS E MATEMÁTICA,46,PARTICULAR,PRIVADA,SUDESTE,SP,SÃO PAULO,ACADÊMICO,EDUCAÇÃO MATEMÁTICA,4,2008,EM FUNCIONAMENTO
NÃO SE APLICA,19,PARTICULAR,PRIVADA,SUDESTE,SP,SÃO PAULO,PROFISSIONAL,FARMÁCIA,3,2007,EM FUNCIONAMENTO
NÃO SE APLICA,46,PARTICULAR,PRIVADA,SUDESTE,SP,SÃO PAULO,ACADÊMICO,ENSINO DE CIÊNCIAS E SAÚDE,3,2019,EM FUNCIONAMENTO
NÃO SE APLICA,48,PARTICULAR,PRIVADA,SUDESTE,SP,SÃO PAULO,ACADÊMICO,BIOTECNOLOGIA E INOVAÇÃO EM SAÚDE,3,2012,EM FUNCIONAMENTO
NÃO SE APLICA,27,MUNICIPAL,PÚBLICA,SUDESTE,SP,SÃO CAETANO DO SUL,ACADÊMICO,ADMINISTRAÇÃO,5,2003,EM FUNCIONAMENTO
NÃO SE APLICA,46,MUNICIPAL,PÚBLICA,SUDESTE,SP,SÃO CAETANO DO SUL,PROFISSIONAL,INOVAÇÃO NO ENSINO SUPERIOR EM SAÚDE,3,2018,EM FUNCIONAMENTO
NÃO SE APLICA,38,MUNICIPAL,PÚBLICA,SUDESTE,SP,SÃO CAETANO DO SUL,PROFISSIONAL,DOCÊNCIA E GESTÃO EDUCACIONAL,4,2016,EM FUNCIONAMENTO
NÃO SE APLICA,31,MUNICIPAL,PÚBLICA,SUDESTE,SP,SÃO CAETANO DO SUL,PROFISSIONAL,"TECNOLOGIA, INFORMAÇÃO E COMUNICAÇÃO",4,2017,EM FUNCIONAMENTO
NÃO SE APLICA,26,PARTICULAR,PRIVADA,SUDESTE,SP,MARÍLIA,ACADÊMICO,DIREITO,3,2000,EM FUNCIONAMENTO
NÃO SE APLICA,15,PARTICULAR,PRIVADA,SUDESTE,SP,SANTO ANDRÉ,ACADÊMICO,CIÊNCIAS DA SAÚDE,4,1999,EM FUNCIONAMENTO
CIÊNCIAS CONTÁBEIS,27,PARTICULAR,PRIVADA,SUDESTE,SP,SÃO PAULO,PROFISSIONAL,CONTROLADORIA E FINANÇAS,4,2016,EM FUNCIONAMENTO
NÃO SE APLICA,18,PARTICULAR,PRIVADA,SUDESTE,SP,ARARAS,PROFISSIONAL,ODONTOLOGIA,4,2002,EM FUNCIONAMENTO
CLÍNICA MÉDICA,16,ESTADUAL,PÚBLICA,SUDESTE,SP,SÃO PAULO,ACADÊMICO,CIÊNCIAS,3,2000,EM FUNCIONAMENTO
NÃO SE APLICA,22,ESTADUAL,PÚBLICA,SUDESTE,SP,SÃO PAULO,PROFISSIONAL,SAÚDE COLETIVA,4,2011,EM FUNCIONAMENTO
ORTODONTIA,18,PARTICULAR,PRIVADA,SUDESTE,SP,GUARULHOS,PROFISSIONAL,ORTODONTIA,4,2016,EM FUNCIONAMENTO
NÃO SE APLICA,18,PARTICULAR,PRIVADA,SUDESTE,SP,GUARULHOS,ACADÊMICO,ODONTOLOGIA,6,2003,EM FUNCIONAMENTO
NÃO SE APLICA,20,PARTICULAR,PRIVADA,SUDESTE,SP,GUARULHOS,ACADÊMICO,ENFERMAGEM,4,2004,EM FUNCIONAMENTO
NÃO SE APLICA,49,PARTICULAR,PRIVADA,SUDESTE,SP,GUARULHOS,ACADÊMICO,ANÁLISE AMBIENTAL,3,2005,EM FUNCIONAMENTO
NÃO SE APLICA,18,PARTICULAR,PRIVADA,SUDESTE,SP,CAMPINAS,ACADÊMICO,ODONTOLOGIA,5,2004,EM FUNCIONAMENTO
CIRURGIA,17,PARTICULAR,PRIVADA,SUDESTE,SP,CAMPINAS,ACADÊMICO,CIÊNCIAS MÉDICAS,3,2020,EM FUNCIONAMENTO
NÃO SE APLICA,18,PARTICULAR,PRIVADA,SUDESTE,SP,CAMPINAS,PROFISSIONAL,ODONTOLOGIA,5,1999,EM FUNCIONAMENTO
NÃO SE APLICA,7,ESTADUAL,PÚBLICA,SUDESTE,SP,SÃO PAULO,ACADÊMICO,BIODIVERSIDADE VEGETAL E MEIO AMBIENTE,5,2002,EM FUNCIONAMENTO
SAÚDE E BIOLÓGICAS,45,PARTICULAR,PRIVADA,SUDESTE,SP,SÃO PAULO,PROFISSIONAL,PROMOÇÃO DA SAÚDE,4,2013,EM FUNCIONAMENTO
NÃO SE APLICA,38,PARTICULAR,PRIVADA,SUDESTE,SP,ENGENHEIRO COELHO,PROFISSIONAL,EDUCAÇÃO,4,2016,EM FUNCIONAMENTO
NÃO SE APLICA,38,ESTADUAL,PÚBLICA,SUDESTE,SP,SÃO PAULO,PROFISSIONAL,GESTÃO E DESENVOLVIMENTO DA EDUCAÇÃO PROFISSIONAL,4,2015,EM FUNCIONAMENTO
NÃO SE APLICA,13,ESTADUAL,PÚBLICA,SUDESTE,SP,SÃO PAULO,PROFISSIONAL,GESTÃO E TECNOLOGIA EM SISTEMAS PRODUTIVOS,4,2013,EM FUNCIONAMENTO
NÃO SE APLICA,28,PARTICULAR,PRIVADA,SUDESTE,SP,SÃO PAULO,PROFISSIONAL,ECONOMIA,5,2004,EM FUNCIONAMENTO
NÃO SE APLICA,27,PARTICULAR,PRIVADA,SUDESTE,SP,SÃO PAULO,PROFISSIONAL,ADMINISTRAÇÃO,5,2007,EM FUNCIONAMENTO
NÃO SE APLICA,28,PARTICULAR,PRIVADA,SUDESTE,SP,SÃO PAULO,ACADÊMICO,ECONOMIA DOS NEGÓCIOS,4,2015,EM FUNCIONAMENTO
ADMINISTRAÇÃO PÚBLICA,27,PARTICULAR,PRIVADA,SUDESTE,SP,SÃO PAULO,PROFISSIONAL,POLÍTICAS PÚBLICAS,3,2019,EM FUNCIONAMENTO
NÃO SE APLICA,23,ESTADUAL,PÚBLICA,SUDESTE,SP,SÃO PAULO,ACADÊMICO,AQUICULTURA E PESCA,4,2004,EM FUNCIONAMENTO
NÃO SE APLICA,26,PARTICULAR,PRIVADA,SUDESTE,SP,SÃO PAULO,ACADÊMICO,FUNÇÃO SOCIAL DO DIREITO,5,2005,EM FUNCIONAMENTO
ADMINISTRAÇÃO PÚBLICA,27,PARTICULAR,PRIVADA,SUDESTE,SP,SÃO PAULO,PROFISSIONAL,GESTÃO E POLÍTICAS PÚBLICAS,4,2009,EM FUNCIONAMENTO
ADMINISTRAÇÃO DE EMPRESAS,27,PARTICULAR,PRIVADA,SUDESTE,SP,SÃO PAULO,PROFISSIONAL,COMPORTAMENTO DO CONSUMIDOR,4,2015,EM FUNCIONAMENTO
NÃO SE APLICA,27,PARTICULAR,PRIVADA,SUDESTE,SP,SÃO PAULO,ACADÊMICO,ADMINISTRAÇÃO,5,2010,EM FUNCIONAMENTO
NÃO SE APLICA,31,PARTICULAR,PRIVADA,SUDESTE,SP,SÃO PAULO,ACADÊMICO,COMUNICAÇÃO E PRÁTICAS DE CONSUMO,5,2006,EM FUNCIONAMENTO
NÃO SE APLICA,7,PARTICULAR,PRIVADA,SUDESTE,SP,NAZARÉ PAULISTA,PROFISSIONAL,CONSERVAÇÃO DA BIODIVERSIDADE E DESENVOLVIMENTO SUSTENTÁVEL,4,2008,EM FUNCIONAMENTO
POLÍTICAS E DESENVOLVIMENTO DE TERRITÓRIOS,45,ESTADUAL,PÚBLICA,SUDESTE,SP,SÃO PAULO,ACADÊMICO,"SANIDADE,SEGURANÇA ALIMENTAR E AMBIENTAL NO AGRONEGÓCIO",4,2007,EM FUNCIONAMENTO
NÃO SE APLICA,26,PARTICULAR,PRIVADA,SUDESTE,SP,SÃO PAULO,ACADÊMICO,DIREITO DA SOCIEDADE DA INFORMAÇÃO,3,2007,EM FUNCIONAMENTO
MATEMÁTICA APLICADA,1,FEDERAL,PÚBLICA,SUDESTE,SP,SANTO ANDRÉ,ACADÊMICO,MATEMÁTICA,4,2008,EM FUNCIONAMENTO
NÃO SE APLICA,4,FEDERAL,PÚBLICA,SUDESTE,SP,SANTO ANDRÉ,ACADÊMICO,CIÊNCIA E TECNOLOGIA,6,2007,EM FUNCIONAMENTO
NÃO SE APLICA,14,FEDERAL,PÚBLICA,SUDESTE,SP,SÃO BERNARDO DO CAMPO,ACADÊMICO,ENGENHARIA BIOMÉDICA,4,2012,EM FUNCIONAMENTO
NÃO SE APLICA,30,FEDERAL,PÚBLICA,SUDESTE,SP,SÃO BERNARDO DO CAMPO,ACADÊMICO,PLANEJAMENTO E GESTÃO DO TERRITÓRIO,5,2011,EM FUNCIONAMENTO
"SOCIAIS, CULTURAS E HUMANIDADES",45,FEDERAL,PÚBLICA,SUDESTE,SP,SANTO ANDRÉ,ACADÊMICO,ECONOMIA POLÍTICA MUNDIAL,4,2018,EM FUNCIONAMENTO
"SOCIAIS, CULTURAS E HUMANIDADES",45,FEDERAL,PÚBLICA,SUDESTE,SP,SANTO ANDRÉ,ACADÊMICO,CIÊNCIAS HUMANAS E SOCIAIS,5,2011,EM FUNCIONAMENTO
NÃO SE APLICA,13,FEDERAL,PÚBLICA,SUDESTE,SP,SANTO ANDRÉ,ACADÊMICO,ENGENHARIA DE PRODUÇÃO,3,2019,EM FUNCIONAMENTO
NÃO SE APLICA,28,FEDERAL,PÚBLICA,SUDESTE,SP,SÃO BERNARDO DO CAMPO,ACADÊMICO,ECONOMIA,4,2017,EM FUNCIONAMENTO
"ENGENHARIA, TECNOLOGIA E GESTÃO",45,FEDERAL,PÚBLICA,SUDESTE,SP,SANTO ANDRÉ,ACADÊMICO,ENGENHARIA E GESTÃO DA INOVAÇÃO,3,2016,EM FUNCIONAMENTO
"ENGENHARIA, TECNOLOGIA E GESTÃO",45,FEDERAL,PÚBLICA,SUDESTE,SP,SANTO ANDRÉ,ACADÊMICO,ENERGIA,4,2007,EM FUNCIONAMENTO
NÃO SE APLICA,12,FEDERAL,PÚBLICA,SUDESTE,SP,SANTO ANDRÉ,ACADÊMICO,CIÊNCIA E ENGENHARIA DE MATERIAIS,3,2016,EM FUNCIONAMENTO
POLÍTICA INTERNACIONAL,39,FEDERAL,PÚBLICA,SUDESTE,SP,SANTO ANDRÉ,ACADÊMICO,RELAÇÕES INTERNACIONAIS,3,2019,EM FUNCIONAMENTO
NÃO SE APLICA,13,FEDERAL,PÚBLICA,SUDESTE,SP,SANTO ANDRÉ,ACADÊMICO,ENGENHARIA MECÂNICA,3,2011,EM FUNCIONAMENTO
NÃO SE APLICA,2,FEDERAL,PÚBLICA,SUDESTE,SP,SANTO ANDRÉ,ACADÊMICO,CIÊNCIA DA COMPUTAÇÃO,4,2011,EM FUNCIONAMENTO
NÃO SE APLICA,14,FEDERAL,PÚBLICA,SUDESTE,SP,SANTO ANDRÉ,ACADÊMICO,ENGENHARIA ELÉTRICA,4,2011,EM FUNCIONAMENTO
POLÍTICAS PÚBLICAS,39,FEDERAL,PÚBLICA,SUDESTE,SP,SÃO BERNARDO DO CAMPO,ACADÊMICO,POLÍTICAS PÚBLICAS,4,2014,EM FUNCIONAMENTO
ENSINO DE CIÊNCIAS E MATEMÁTICA,46,FEDERAL,PÚBLICA,SUDESTE,SP,SANTO ANDRÉ,ACADÊMICO,ENSINO E HISTÓRIA DAS CIÊNCIAS E DA MATEMÁTICA,4,2011,EM FUNCIONAMENTO
NÃO SE APLICA,48,FEDERAL,PÚBLICA,SUDESTE,SP,SANTO ANDRÉ,ACADÊMICO,BIOTECNOCIÊNCIA,4,2012,EM FUNCIONAMENTO
TELECOMUNICAÇÕES,14,FEDERAL,PÚBLICA,SUDESTE,SP,SANTO ANDRÉ,ACADÊMICO,ENGENHARIA DA INFORMAÇÃO,4,2007,EM FUNCIONAMENTO
NÃO SE APLICA,7,FEDERAL,PÚBLICA,SUDESTE,SP,SANTO ANDRÉ,ACADÊMICO,EVOLUÇÃO E DIVERSIDADE,4,2013,EM FUNCIONAMENTO
"ENGENHARIA, TECNOLOGIA E GESTÃO",45,FEDERAL,PÚBLICA,SUDESTE,SP,SANTO ANDRÉ,ACADÊMICO,NANOCIÊNCIAS E MATERIAIS AVANÇADOS,6,2007,EM FUNCIONAMENTO
NÃO SE APLICA,49,FEDERAL,PÚBLICA,SUDESTE,SP,SANTO ANDRÉ,ACADÊMICO,CIÊNCIA E TECNOLOGIA AMBIENTAL,4,2014,EM FUNCIONAMENTO
NÃO SE APLICA,8,FEDERAL,PÚBLICA,SUDESTE,SP,SANTO ANDRÉ,ACADÊMICO,BIOSSISTEMAS,5,2010,EM FUNCIONAMENTO
NÃO SE APLICA,33,FEDERAL,PÚBLICA,SUDESTE,SP,SÃO BERNARDO DO CAMPO,ACADÊMICO,FILOSOFIA,4,2015,EM FUNCIONAMENTO
SAÚDE E BIOLÓGICAS,45,FEDERAL,PÚBLICA,SUDESTE,SP,SÃO BERNARDO DO CAMPO,ACADÊMICO,NEUROCIÊNCIA E COGNIÇÃO,5,2011,EM FUNCIONAMENTO
NÃO SE APLICA,3,FEDERAL,PÚBLICA,SUDESTE,SP,SANTO ANDRÉ,ACADÊMICO,FÍSICA,5,2007,EM FUNCIONAMENTO
NÃO SE APLICA,26,PARTICULAR,PRIVADA,SUDESTE,SP,SÃO PAULO,ACADÊMICO,DIREITO,5,2008,EM FUNCIONAMENTO
NÃO SE APLICA,26,PARTICULAR,PRIVADA,SUDESTE,SP,SÃO PAULO,PROFISSIONAL,DIREITO,4,2013,EM FUNCIONAMENTO
NÃO SE APLICA,27,PARTICULAR,PRIVADA,SUDESTE,SP,SÃO PAULO,PROFISSIONAL,GESTÃO DE NEGÓCIOS,4,2014,EM FUNCIONAMENTO
NÃO SE APLICA,8,PARTICULAR,PRIVADA,SUDESTE,SP,SÃO PAULO,ACADÊMICO,MULTICÊNTRICO EM CIÊNCIAS FISIOLÓGICAS,5,2009,EM FUNCIONAMENTO
NÃO SE APLICA,23,ESTADUAL,PÚBLICA,SUDESTE,SP,NOVA ODESSA,ACADÊMICO,PRODUÇÃO ANIMAL SUSTENTÁVEL,4,2009,EM FUNCIONAMENTO
ADMINISTRAÇÃO DE EMPRESAS,27,PARTICULAR,PRIVADA,SUDESTE,SP,CAMPO LIMPO PAULISTA,PROFISSIONAL,ADMINISTRAÇÃO DAS MICRO E PEQUENAS EMPRESAS,4,2009,EM FUNCIONAMENTO
NÃO SE APLICA,2,PARTICULAR,PRIVADA,SUDESTE,SP,CAMPO LIMPO PAULISTA,ACADÊMICO,CIÊNCIA DA COMPUTAÇÃO,3,2012,EM FUNCIONAMENTO
NÃO SE APLICA,42,PARTICULAR,PRIVADA,SUDESTE,SP,ARARAQUARA,PROFISSIONAL,FITOSSANIDADE DOS CITROS,5,2009,EM FUNCIONAMENTO
CLÍNICA MÉDICA,15,PARTICULAR,PRIVADA,SUDESTE,SP,BARRETOS,ACADÊMICO,ONCOLOGIA,6,2011,EM FUNCIONAMENTO
NÃO SE APLICA,15,PARTICULAR,PRIVADA,SUDESTE,SP,BARRETOS,PROFISSIONAL,INOVAÇÃO EM SAÚDE,3,2019,EM FUNCIONAMENTO
NÃO SE APLICA,15,PARTICULAR,PRIVADA,SUDESTE,SP,SÃO PAULO,ACADÊMICO,CIÊNCIAS DA SAÚDE,5,2013,EM FUNCIONAMENTO
NÃO SE APLICA,29,PARTICULAR,PRIVADA,SUDESTE,SP,LORENA,PROFISSIONAL,"DESIGN, TECNOLOGIA E INOVAÇÃO",4,2015,EM FUNCIONAMENTO
NÃO SE APLICA,29,PARTICULAR,PRIVADA,SUDESTE,SP,SÃO PAULO,PROFISSIONAL,ARQUITETURA,4,2017,EM FUNCIONAMENTO
NÃO SE APLICA,26,PARTICULAR,PRIVADA,SUDESTE,SP,SÃO PAULO,ACADÊMICO,DIREITO,3,2014,EM FUNCIONAMENTO
NÃO SE APLICA,26,PARTICULAR,PRIVADA,SUDESTE,SP,CAMPINAS,ACADÊMICO,DIREITO,A,2024,EM FUNCIONAMENTO
PSICOLOGIA EXPERIMENTAL,37,PARTICULAR,PRIVADA,SUDESTE,SP,SÃO PAULO,PROFISSIONAL,ANÁLISE DO COMPORTAMENTO APLICADA,4,2013,EM FUNCIONAMENTO
NÃO SE APLICA,14,PARTICULAR,PRIVADA,NORDESTE,RN,MACAÍBA,ACADÊMICO,NEUROENGENHARIA,3,2013,EM FUNCIONAMENTO
NÃO SE APLICA,51,PARTICULAR,PRIVADA,SUDESTE,SP,SÃO PAULO,PROFISSIONAL,ENSINO DE FÍSICA - PROFIS,5,2013,EM FUNCIONAMENTO
BIOLOGIA MOLECULAR,8,PARTICULAR,PRIVADA,SUDESTE,SP,SÃO PAULO,ACADÊMICO,MULTICÊNTRICO EM BIOQUÍMICA E BIOLOGIA MOLECULAR,5,2014,EM FUNCIONAMENTO
NÃO SE APLICA,25,ESTADUAL,PÚBLICA,SUDESTE,SP,CAMPINAS,ACADÊMICO,CIÊNCIA E TECNOLOGIA DE ALIMENTOS,4,2015,EM FUNCIONAMENTO
"SOCIAIS, CULTURAS E HUMANIDADES",45,PARTICULAR,PRIVADA,SUDESTE,RJ,RIO DE JANEIRO,PROFISSIONAL,"ECONOMIA CRIATIVA, ESTRATÉGIA E INOVAÇÃO",4,2016,EM FUNCIONAMENTO
NÃO SE APLICA,31,FEDERAL,PÚBLICA,SUDESTE,RJ,RIO DE JANEIRO,PROFISSIONAL,MEMÓRIA E ACERVOS,4,2016,EM FUNCIONAMENTO
CIÊNCIAS CONTÁBEIS,27,PARTICULAR,PRIVADA,SUDESTE,RJ,RIO DE JANEIRO,PROFISSIONAL,CIÊNCIAS CONTÁBEIS E ADMINISTRAÇÃO,4,2015,EM FUNCIONAMENTO
NÃO SE APLICA,22,PARTICULAR,PRIVADA,SUDESTE,RJ,RIO DE JANEIRO,PROFISSIONAL,SAÚDE DA FAMÍLIA,4,2017,EM FUNCIONAMENTO
ÁREAS CLÁSSICAS DE FENOMENOLOGIA E SUAS APLICAÇÕES,3,FEDERAL,PÚBLICA,SUDESTE,RJ,ARRAIAL DO CABO,ACADÊMICO,ACÚSTICA SUBMARINA,A,2021,EM FUNCIONAMENTO
NÃO SE APLICA,48,FEDERAL,PÚBLICA,SUDESTE,RJ,ARRAIAL DO CABO,ACADÊMICO,BIOTECNOLOGIA MARINHA,4,2016,EM FUNCIONAMENTO
"SOCIAIS, CULTURAS E HUMANIDADES",45,FEDERAL,PÚBLICA,SUDESTE,RJ,NOVA IGUAÇU,ACADÊMICO,HUMANIDADES DIGITAIS,3,2019,EM FUNCIONAMENTO
"SOCIAIS, CULTURAS E HUMANIDADES",45,FEDERAL,PÚBLICA,SUDESTE,RJ,NOVA IGUAÇU,ACADÊMICO,"PATRIMÔNIO, CULTURA E SOCIEDADE",3,2017,EM FUNCIONAMENTO
DANÇA,11,PARTICULAR,PRIVADA,SUDESTE,RJ,RIO DE JANEIRO,PROFISSIONAL,DANÇA NA CONTEMPORANEIDADE,A,2022,EM FUNCIONAMENTO
NÃO SE APLICA,39,FEDERAL,PÚBLICA,SUDESTE,RJ,RIO DE JANEIRO,ACADÊMICO,SEGURANÇA INTERNACIONAL E DEFESA,3,2019,EM FUNCIONAMENTO
ANATOMIA PATOLÓGICA E PATOLOGIA CLÍNICA,16,PARTICULAR,PRIVADA,SUDESTE,RJ,RIO DE JANEIRO,ACADÊMICO,CIÊNCIAS MÉDICAS,4,2017,EM FUNCIONAMENTO
NÃO SE APLICA,48,FEDERAL,PÚBLICA,SUDESTE,RJ,RIO DE JANEIRO,ACADÊMICO,DEFESA BIOLÓGICA,3,2021,EM FUNCIONAMENTO
NÃO SE APLICA,31,FEDERAL,PÚBLICA,SUDESTE,RJ,RIO DE JANEIRO,ACADÊMICO,CIÊNCIA DA INFORMAÇÃO - UFRJ - IBICT,6,2009,EM FUNCIONAMENTO
NÃO SE APLICA,11,PARTICULAR,PRIVADA,SUDESTE,SP,SÃO PAULO,PROFISSIONAL,ARTES,4,2017,EM FUNCIONAMENTO
NÃO SE APLICA,26,PARTICULAR,PRIVADA,SUDESTE,SP,SÃO PAULO,PROFISSIONAL,DIREITO TRIBUTÁRIO INTERNACIONAL E COMPARADO,3,2017,EM FUNCIONAMENTO
NÃO SE APLICA,26,PARTICULAR,PRIVADA,SUDESTE,SP,SÃO PAULO,ACADÊMICO,DIREITO TRIBUTÁRIO,3,2019,EM FUNCIONAMENTO
NÃO SE APLICA,26,MUNICIPAL,PÚBLICA,SUDESTE,SP,FRANCA,ACADÊMICO,POLÍTICAS PÚBLICAS DE DESENVOLVIMENTO E EFETIVIDADE DO DIREITO,A,2024,EM FUNCIONAMENTO
NÃO SE APLICA,39,PARTICULAR,PRIVADA,SUDESTE,SP,SÃO PAULO,PROFISSIONAL,CIÊNCIA POLÍTICA,A,2024,EM FUNCIONAMENTO
NÃO SE APLICA,28,PARTICULAR,PRIVADA,SUDESTE,SP,SÃO PAULO,PROFISSIONAL,ECONOMIA DO SETOR PÚBLICO,A,2024,EM FUNCIONAMENTO
DIREITO PÚBLICO,26,PARTICULAR,PRIVADA,SUDESTE,SP,SÃO PAULO,PROFISSIONAL,"DIREITO, JUSTIÇA E DESENVOLVIMENTO",3,2018,EM FUNCIONAMENTO
NÃO SE APLICA,26,PARTICULAR,PRIVADA,SUDESTE,SP,SÃO PAULO,PROFISSIONAL,"DIREITO, JUSTIÇA E IMPACTOS NA ECONOMIA.",4,2020,EM FUNCIONAMENTO
NÃO SE APLICA,48,FEDERAL,PÚBLICA,SUL,PR,PALOTINA,ACADÊMICO,BIOTECNOLOGIA,3,2015,EM FUNCIONAMENTO
NÃO SE APLICA,1,FEDERAL,PÚBLICA,SUL,PR,CURITIBA,ACADÊMICO,MATEMÁTICA,5,2002,EM FUNCIONAMENTO
NÃO SE APLICA,7,FEDERAL,PÚBLICA,SUL,PR,CURITIBA,ACADÊMICO,CIÊNCIAS BIOLÓGICAS (ENTOMOLOGIA),5,1969,EM FUNCIONAMENTO
NÃO SE APLICA,28,FEDERAL,PÚBLICA,SUL,PR,CURITIBA,ACADÊMICO,DESENVOLVIMENTO ECONÔMICO,5,1990,EM FUNCIONAMENTO
NÃO SE APLICA,31,FEDERAL,PÚBLICA,SUL,PR,CURITIBA,ACADÊMICO,COMUNICAÇÃO,5,2010,EM FUNCIONAMENTO
NÃO SE APLICA,2,FEDERAL,PÚBLICA,SUL,PR,CURITIBA,ACADÊMICO,INFORMÁTICA,6,1996,EM FUNCIONAMENTO
NÃO SE APLICA,8,FEDERAL,PÚBLICA,SUL,PR,CURITIBA,ACADÊMICO,FISIOLOGIA,4,2010,EM FUNCIONAMENTO
NÃO SE APLICA,39,FEDERAL,PÚBLICA,SUL,PR,CURITIBA,ACADÊMICO,CIÊNCIA POLÍTICA,6,2009,EM FUNCIONAMENTO
ENSINO DE CIÊNCIAS E MATEMÁTICA,46,FEDERAL,PÚBLICA,SUL,PR,CURITIBA,ACADÊMICO,EDUCAÇÃO EM CIÊNCIAS E EM MATEMÁTICA,4,2010,EM FUNCIONAMENTO
NÃO SE APLICA,20,FEDERAL,PÚBLICA,SUL,PR,CURITIBA,ACADÊMICO,ENFERMAGEM,5,2002,EM FUNCIONAMENTO
NÃO SE APLICA,24,FEDERAL,PÚBLICA,SUL,PR,CURITIBA,ACADÊMICO,CIÊNCIAS VETERINÁRIAS,6,1986,EM FUNCIONAMENTO
CLÍNICA MÉDICA,15,FEDERAL,PÚBLICA,SUL,PR,CURITIBA,ACADÊMICO,MEDICINA INTERNA E CIÊNCIAS DA SAÚDE,5,1977,EM FUNCIONAMENTO
CLÍNICA MÉDICA,17,FEDERAL,PÚBLICA,SUL,PR,CURITIBA,ACADÊMICO,TOCOGINECOLOGIA E SAÚDE DA MULHER,3,2015,EM FUNCIONAMENTO
NÃO SE APLICA,22,FEDERAL,PÚBLICA,SUL,PR,CURITIBA,ACADÊMICO,SAÚDE COLETIVA,3,2015,EM FUNCIONAMENTO
NÃO SE APLICA,13,FEDERAL,PÚBLICA,SUL,PR,CURITIBA,ACADÊMICO,MÉTODOS NUMÉRICOS EM ENGENHARIA,4,1994,EM FUNCIONAMENTO
NÃO SE APLICA,33,FEDERAL,PÚBLICA,SUL,PR,CURITIBA,ACADÊMICO,FILOSOFIA,6,2000,EM FUNCIONAMENTO
POLÍTICAS PÚBLICAS,39,FEDERAL,PÚBLICA,SUL,PR,CURITIBA,ACADÊMICO,POLÍTICAS PÚBLICAS,4,2011,EM FUNCIONAMENTO
NÃO SE APLICA,29,FEDERAL,PÚBLICA,SUL,PR,CURITIBA,ACADÊMICO,DESIGN,5,2006,EM FUNCIONAMENTO
NÃO SE APLICA,7,FEDERAL,PÚBLICA,SUL,PR,CURITIBA,ACADÊMICO,ZOOLOGIA,4,1975,EM FUNCIONAMENTO
NÃO SE APLICA,10,FEDERAL,PÚBLICA,SUL,PR,CURITIBA,ACADÊMICO,ENGENHARIA AMBIENTAL,4,2011,EM FUNCIONAMENTO
CIÊNCIAS CONTÁBEIS,27,FEDERAL,PÚBLICA,SUL,PR,CURITIBA,ACADÊMICO,CONTABILIDADE,5,2005,EM FUNCIONAMENTO
NÃO SE APLICA,7,FEDERAL,PÚBLICA,SUL,PR,CURITIBA,ACADÊMICO,BOTÂNICA,5,1979,EM FUNCIONAMENTO
NÃO SE APLICA,38,FEDERAL,PÚBLICA,SUL,PR,CURITIBA,ACADÊMICO,EDUCAÇÃO,7,1976,EM FUNCIONAMENTO
NÃO SE APLICA,19,FEDERAL,PÚBLICA,SUL,PR,CURITIBA,ACADÊMICO,CIÊNCIAS FARMACÊUTICAS,5,2000,EM FUNCIONAMENTO
NÃO SE APLICA,20,FEDERAL,PÚBLICA,SUL,PR,CURITIBA,PROFISSIONAL,PRÁTICA DO CUIDADO EM SAÚDE,4,2011,EM FUNCIONAMENTO
NÃO SE APLICA,40,FEDERAL,PÚBLICA,SUL,PR,CURITIBA,ACADÊMICO,HISTÓRIA,6,1972,EM FUNCIONAMENTO
ENSINO DE CIÊNCIAS E MATEMÁTICA,46,FEDERAL,PÚBLICA,SUL,PR,PALOTINA,ACADÊMICO,"EDUCAÇÃO EM CIÊNCIAS, EDUCAÇÃO MATEMÁTICA E TECNOLOGIAS EDUCATIVAS",A,2021,EM FUNCIONAMENTO
CIRURGIA,17,FEDERAL,PÚBLICA,SUL,PR,CURITIBA,ACADÊMICO,MEDICINA (CLÍNICA CIRÚRGICA),4,1983,EM FUNCIONAMENTO
NÃO SE APLICA,27,FEDERAL,PÚBLICA,SUL,PR,CURITIBA,ACADÊMICO,TURISMO,3,2013,EM FUNCIONAMENTO
NÃO SE APLICA,10,FEDERAL,PÚBLICA,SUL,PR,CURITIBA,ACADÊMICO,ENGENHARIA E TECNOLOGIA AMBIENTAL,4,2020,EM FUNCIONAMENTO
NÃO SE APLICA,49,FEDERAL,PÚBLICA,SUL,PR,CURITIBA,PROFISSIONAL,MEIO AMBIENTE URBANO E INDUSTRIAL,3,2007,EM FUNCIONAMENTO
NÃO SE APLICA,13,FEDERAL,PÚBLICA,SUL,PR,CURITIBA,ACADÊMICO,ENGENHARIA MECÂNICA,5,2000,EM FUNCIONAMENTO
NÃO SE APLICA,38,FEDERAL,PÚBLICA,SUL,PR,CURITIBA,PROFISSIONAL,EDUCAÇÃO: TEORIA E PRÁTICA DE ENSINO,4,2013,EM FUNCIONAMENTO
NÃO SE APLICA,36,FEDERAL,PÚBLICA,SUL,PR,CURITIBA,ACADÊMICO,GEOGRAFIA,6,1999,EM FUNCIONAMENTO
NÃO SE APLICA,6,FEDERAL,PÚBLICA,SUL,PR,CURITIBA,ACADÊMICO,BIOINFORMÁTICA,4,2020,EM FUNCIONAMENTO
NÃO SE APLICA,4,FEDERAL,PÚBLICA,SUL,PR,CURITIBA,ACADÊMICO,QUÍMICA,7,1991,EM FUNCIONAMENTO
NÃO SE APLICA,10,FEDERAL,PÚBLICA,SUL,PR,CURITIBA,ACADÊMICO,ENGENHARIA CIVIL,5,2000,EM FUNCIONAMENTO
NÃO SE APLICA,30,FEDERAL,PÚBLICA,SUL,PR,CURITIBA,ACADÊMICO,PLANEJAMENTO URBANO,3,2016,EM FUNCIONAMENTO
NÃO SE APLICA,7,FEDERAL,PÚBLICA,SUL,PR,CURITIBA,ACADÊMICO,ECOLOGIA E CONSERVAÇÃO,6,2004,EM FUNCIONAMENTO
NÃO SE APLICA,27,FEDERAL,PÚBLICA,SUL,PR,CURITIBA,ACADÊMICO,ADMINISTRAÇÃO,6,1992,EM FUNCIONAMENTO
NÃO SE APLICA,34,FEDERAL,PÚBLICA,SUL,PR,CURITIBA,ACADÊMICO,SOCIOLOGIA,5,1997,EM FUNCIONAMENTO
NÃO SE APLICA,48,FEDERAL,PÚBLICA,SUL,PR,CURITIBA,ACADÊMICO,ENGENHARIA DE BIOPROCESSOS E BIOTECNOLOGIA,7,1997,EM FUNCIONAMENTO
NÃO SE APLICA,41,FEDERAL,PÚBLICA,SUL,PR,CURITIBA,ACADÊMICO,LETRAS,7,1975,EM FUNCIONAMENTO
NÃO SE APLICA,5,FEDERAL,PÚBLICA,SUL,PR,CURITIBA,ACADÊMICO,GEOLOGIA,5,1992,EM FUNCIONAMENTO
NÃO SE APLICA,8,FEDERAL,PÚBLICA,SUL,PR,CURITIBA,ACADÊMICO,BIOLOGIA CELULAR E MOLECULAR,5,1979,EM FUNCIONAMENTO
ENGENHARIA HIDRÁULICA,10,FEDERAL,PÚBLICA,SUL,PR,CURITIBA,ACADÊMICO,ENGENHARIA DE RECURSOS HÍDRICOS E AMBIENTAL,4,1986,EM FUNCIONAMENTO
NÃO SE APLICA,14,FEDERAL,PÚBLICA,SUL,PR,CURITIBA,ACADÊMICO,ENGENHARIA ELÉTRICA,4,2002,EM FUNCIONAMENTO
NÃO SE APLICA,50,FEDERAL,PÚBLICA,SUL,PR,CURITIBA,ACADÊMICO,ALIMENTAÇÃO E NUTRIÇÃO,4,2011,EM FUNCIONAMENTO
NÃO SE APLICA,13,FEDERAL,PÚBLICA,SUL,PR,CURITIBA,ACADÊMICO,ENGENHARIA DE PRODUÇÃO,3,2010,EM FUNCIONAMENTO
NÃO SE APLICA,7,FEDERAL,PÚBLICA,SUL,PR,PONTAL DO PARANÁ,ACADÊMICO,SISTEMAS COSTEIROS E OCEÂNICOS,5,2006,EM FUNCIONAMENTO
NÃO SE APLICA,26,FEDERAL,PÚBLICA,SUL,PR,CURITIBA,ACADÊMICO,DIREITO,6,1982,EM FUNCIONAMENTO
CLÍNICA MÉDICA,16,FEDERAL,PÚBLICA,SUL,PR,CURITIBA,ACADÊMICO,SAÚDE DA CRIANÇA E DO ADOLESCENTE,3,1975,EM FUNCIONAMENTO
NÃO SE APLICA,18,FEDERAL,PÚBLICA,SUL,PR,CURITIBA,ACADÊMICO,ODONTOLOGIA,4,2009,EM FUNCIONAMENTO
MÚSICA,11,FEDERAL,PÚBLICA,SUL,PR,CURITIBA,ACADÊMICO,MÚSICA,4,2006,EM FUNCIONAMENTO
NÃO SE APLICA,35,FEDERAL,PÚBLICA,SUL,PR,CURITIBA,ACADÊMICO,ANTROPOLOGIA E ARQUEOLOGIA,4,1991,EM FUNCIONAMENTO
NÃO SE APLICA,49,FEDERAL,PÚBLICA,SUL,PR,CURITIBA,ACADÊMICO,MEIO AMBIENTE E DESENVOLVIMENTO,4,1993,EM FUNCIONAMENTO
NÃO SE APLICA,9,FEDERAL,PÚBLICA,SUL,PR,CURITIBA,ACADÊMICO,"MICROBIOLOGIA, PARASITOLOGIA E PATOLOGIA",5,2003,EM FUNCIONAMENTO
NÃO SE APLICA,12,FEDERAL,PÚBLICA,SUL,PR,CURITIBA,ACADÊMICO,ENGENHARIA QUÍMICA,4,2007,EM FUNCIONAMENTO
NÃO SE APLICA,24,FEDERAL,PÚBLICA,SUL,PR,PALOTINA,ACADÊMICO,CIÊNCIA ANIMAL,4,2012,EM FUNCIONAMENTO
PROCESSOS DE FABRICAÇÃO,13,FEDERAL,PÚBLICA,SUL,PR,CURITIBA,PROFISSIONAL,ENGENHARIA DE MANUFATURA,3,2019,EM FUNCIONAMENTO
NÃO SE APLICA,23,FEDERAL,PÚBLICA,SUL,PR,CURITIBA,ACADÊMICO,ZOOTECNIA,4,2014,EM FUNCIONAMENTO
NÃO SE APLICA,47,FEDERAL,PÚBLICA,SUL,PR,CURITIBA,ACADÊMICO,ENGENHARIA E CIÊNCIA DOS MATERIAIS,5,1996,EM FUNCIONAMENTO
NÃO SE APLICA,49,FEDERAL,PÚBLICA,SUL,PR,MATINHOS,ACADÊMICO,DESENVOLVIMENTO TERRITORIAL SUSTENTÁVEL,4,2014,EM FUNCIONAMENTO
NÃO SE APLICA,37,FEDERAL,PÚBLICA,SUL,PR,CURITIBA,ACADÊMICO,PSICOLOGIA,5,2009,EM FUNCIONAMENTO
"ENGENHARIA, TECNOLOGIA E GESTÃO",45,FEDERAL,PÚBLICA,SUL,PR,CURITIBA,ACADÊMICO,GESTÃO DA INFORMAÇÃO,4,2008,EM FUNCIONAMENTO
GEODÉSIA,5,FEDERAL,PÚBLICA,SUL,PR,CURITIBA,ACADÊMICO,CIÊNCIAS GEODÉSICAS,5,1971,EM FUNCIONAMENTO
NÃO SE APLICA,42,FEDERAL,PÚBLICA,SUL,PR,CURITIBA,ACADÊMICO,CIENCIA DO SOLO,5,1978,EM FUNCIONAMENTO
NÃO SE APLICA,6,FEDERAL,PÚBLICA,SUL,PR,CURITIBA,ACADÊMICO,BIOINFORMÁTICA,4,2009,EM FUNCIONAMENTO
ENGENHARIA DE ALIMENTOS,25,FEDERAL,PÚBLICA,SUL,PR,CURITIBA,ACADÊMICO,ENGENHARIA DE ALIMENTOS,6,1983,EM FUNCIONAMENTO
NÃO SE APLICA,28,FEDERAL,PÚBLICA,SUL,PR,CURITIBA,PROFISSIONAL,ECONOMIA,4,2002,EM FUNCIONAMENTO
NÃO SE APLICA,42,FEDERAL,PÚBLICA,SUL,PR,CURITIBA,ACADÊMICO,ENGENHARIA FLORESTAL,5,1973,EM FUNCIONAMENTO
NÃO SE APLICA,8,FEDERAL,PÚBLICA,SUL,PR,CURITIBA,ACADÊMICO,CIÊNCIAS (BIOQUÍMICA),7,1965,EM FUNCIONAMENTO
NÃO SE APLICA,51,FEDERAL,PÚBLICA,SUL,PR,CURITIBA,PROFISSIONAL,FILOSOFIA,4,2017,EM FUNCIONAMENTO
NÃO SE APLICA,27,FEDERAL,PÚBLICA,SUL,PR,CURITIBA,PROFISSIONAL,"GESTÃO DE ORGANIZAÇÕES, LIDERANÇA E DECISÃO",3,2019,EM FUNCIONAMENTO
NÃO SE APLICA,6,FEDERAL,PÚBLICA,SUL,PR,CURITIBA,ACADÊMICO,GENÉTICA,5,1969,EM FUNCIONAMENTO
NÃO SE APLICA,8,FEDERAL,PÚBLICA,SUL,PR,CURITIBA,ACADÊMICO,FARMACOLOGIA,5,2000,EM FUNCIONAMENTO
NÃO SE APLICA,21,FEDERAL,PÚBLICA,SUL,PR,CURITIBA,ACADÊMICO,EDUCAÇÃO FÍSICA,6,2002,EM FUNCIONAMENTO
NÃO SE APLICA,42,FEDERAL,PÚBLICA,SUL,PR,CURITIBA,ACADÊMICO,AGRONOMIA (PRODUÇÃO VEGETAL),6,1994,EM FUNCIONAMENTO
AQUICULTURA,23,FEDERAL,PÚBLICA,SUL,PR,PALOTINA,ACADÊMICO,AQUICULTURA E DESENVOLVIMENTO SUSTENTÁVEL,4,2012,EM FUNCIONAMENTO
NÃO SE APLICA,3,FEDERAL,PÚBLICA,SUL,PR,CURITIBA,ACADÊMICO,FÍSICA,6,1984,EM FUNCIONAMENTO
NÃO SE APLICA,21,ESTADUAL,PÚBLICA,SUL,PR,LONDRINA,ACADÊMICO,EDUCAÇÃO FÍSICA,5,2006,EM FUNCIONAMENTO
NÃO SE APLICA,33,ESTADUAL,PÚBLICA,SUL,PR,LONDRINA,ACADÊMICO,FILOSOFIA,4,2010,EM FUNCIONAMENTO
NÃO SE APLICA,38,ESTADUAL,PÚBLICA,SUL,PR,LONDRINA,ACADÊMICO,EDUCAÇÃO,5,1994,EM FUNCIONAMENTO
NÃO SE APLICA,32,ESTADUAL,PÚBLICA,SUL,PR,LONDRINA,ACADÊMICO,SERVIÇO SOCIAL E POLÍTICA SOCIAL,4,2001,EM FUNCIONAMENTO
NÃO SE APLICA,48,ESTADUAL,PÚBLICA,SUL,PR,LONDRINA,ACADÊMICO,BIOTECNOLOGIA,6,2001,EM FUNCIONAMENTO
NÃO SE APLICA,37,ESTADUAL,PÚBLICA,SUL,PR,LONDRINA,ACADÊMICO,PSICOLOGIA,4,2017,EM FUNCIONAMENTO
ANATOMIA PATOLÓGICA E PATOLOGIA CLÍNICA,16,ESTADUAL,PÚBLICA,SUL,PR,LONDRINA,ACADÊMICO,PATOLOGIA EXPERIMENTAL,7,2002,EM FUNCIONAMENTO
MATEMÁTICA APLICADA,1,ESTADUAL,PÚBLICA,SUL,PR,LONDRINA,ACADÊMICO,MATEMÁTICA APLICADA E COMPUTACIONAL,4,2007,EM FUNCIONAMENTO
NÃO SE APLICA,37,ESTADUAL,PÚBLICA,SUL,PR,LONDRINA,ACADÊMICO,ANÁLISE DO COMPORTAMENTO,5,2005,EM FUNCIONAMENTO
NÃO SE APLICA,28,ESTADUAL,PÚBLICA,SUL,PR,LONDRINA,ACADÊMICO,ECONOMIA,3,2009,EM FUNCIONAMENTO
NÃO SE APLICA,4,ESTADUAL,PÚBLICA,SUL,PR,LONDRINA,ACADÊMICO,QUÍMICA,5,2000,EM FUNCIONAMENTO
NÃO SE APLICA,9,ESTADUAL,PÚBLICA,SUL,PR,LONDRINA,ACADÊMICO,MICROBIOLOGIA,5,1989,EM FUNCIONAMENTO
ANATOMIA PATOLÓGICA E PATOLOGIA CLÍNICA,16,ESTADUAL,PÚBLICA,SUL,PR,LONDRINA,ACADÊMICO,FISIOPATOLOGIA CLÍNICA E LABORATORIAL,4,2016,EM FUNCIONAMENTO
NÃO SE APLICA,41,ESTADUAL,PÚBLICA,SUL,PR,LONDRINA,ACADÊMICO,LETRAS,4,1993,EM FUNCIONAMENTO
NÃO SE APLICA,4,ESTADUAL,PÚBLICA,SUL,PR,LONDRINA,ACADÊMICO,QUÍMICA - UEL - UNICENTRO - UEPG,4,2009,EM FUNCIONAMENTO
NÃO SE APLICA,20,ESTADUAL,PÚBLICA,SUL,PR,LONDRINA,ACADÊMICO,ENFERMAGEM,4,2010,EM FUNCIONAMENTO
NÃO SE APLICA,26,ESTADUAL,PÚBLICA,SUL,PR,LONDRINA,ACADÊMICO,DIREITO NEGOCIAL,4,1978,EM FUNCIONAMENTO
NÃO SE APLICA,25,ESTADUAL,PÚBLICA,SUL,PR,LONDRINA,ACADÊMICO,CIÊNCIAS DE ALIMENTOS,4,1976,EM FUNCIONAMENTO
NÃO SE APLICA,22,ESTADUAL,PÚBLICA,SUL,PR,LONDRINA,ACADÊMICO,SAÚDE COLETIVA,4,1990,EM FUNCIONAMENTO
NÃO SE APLICA,19,ESTADUAL,PÚBLICA,SUL,PR,LONDRINA,ACADÊMICO,CIÊNCIAS FARMACÊUTICAS,3,2017,EM FUNCIONAMENTO
NÃO SE APLICA,7,ESTADUAL,PÚBLICA,SUL,PR,LONDRINA,ACADÊMICO,CIÊNCIAS BIOLÓGICAS,4,2001,EM FUNCIONAMENTO
NÃO SE APLICA,41,ESTADUAL,PÚBLICA,SUL,PR,LONDRINA,ACADÊMICO,ESTUDOS DA LINGUAGEM,4,2001,EM FUNCIONAMENTO
NÃO SE APLICA,31,ESTADUAL,PÚBLICA,SUL,PR,LONDRINA,ACADÊMICO,COMUNICAÇÃO,3,2008,EM FUNCIONAMENTO
FISIOLOGIA GERAL,8,ESTADUAL,PÚBLICA,SUL,PR,LONDRINA,ACADÊMICO,CIÊNCIAS FISIOLÓGICAS,4,2019,EM FUNCIONAMENTO
NÃO SE APLICA,2,ESTADUAL,PÚBLICA,SUL,PR,LONDRINA,ACADÊMICO,CIÊNCIA DA COMPUTAÇÃO,4,2008,EM FUNCIONAMENTO
NÃO SE APLICA,34,ESTADUAL,PÚBLICA,SUL,PR,LONDRINA,ACADÊMICO,SOCIOLOGIA,4,2000,EM FUNCIONAMENTO
NÃO SE APLICA,6,ESTADUAL,PÚBLICA,SUL,PR,LONDRINA,ACADÊMICO,GENÉTICA E BIOLOGIA MOLECULAR,5,1989,EM FUNCIONAMENTO
NÃO SE APLICA,3,ESTADUAL,PÚBLICA,SUL,PR,LONDRINA,ACADÊMICO,FÍSICA,4,1996,EM FUNCIONAMENTO
NÃO SE APLICA,27,ESTADUAL,PÚBLICA,SUL,PR,LONDRINA,ACADÊMICO,ADMINISTRAÇÃO,3,2010,EM FUNCIONAMENTO
FITOTECNIA,42,ESTADUAL,PÚBLICA,SUL,PR,LONDRINA,ACADÊMICO,AGRONOMIA,6,1994,EM FUNCIONAMENTO
NÃO SE APLICA,21,ESTADUAL,PÚBLICA,SUL,PR,LONDRINA,ACADÊMICO,CIÊNCIAS DA REABILITAÇÃO,5,2010,EM FUNCIONAMENTO
NÃO SE APLICA,15,ESTADUAL,PÚBLICA,SUL,PR,LONDRINA,ACADÊMICO,CIÊNCIAS DA SAÚDE,5,2010,EM FUNCIONAMENTO
NÃO SE APLICA,29,ESTADUAL,PÚBLICA,SUL,PR,LONDRINA,ACADÊMICO,ARQUITETURA E URBANISMO,5,2012,EM FUNCIONAMENTO
NÃO SE APLICA,14,ESTADUAL,PÚBLICA,SUL,PR,LONDRINA,ACADÊMICO,ENGENHARIA ELETRICA,4,2002,EM FUNCIONAMENTO
NÃO SE APLICA,36,ESTADUAL,PÚBLICA,SUL,PR,LONDRINA,ACADÊMICO,GEOGRAFIA,4,2001,EM FUNCIONAMENTO
NÃO SE APLICA,14,ESTADUAL,PÚBLICA,SUL,PR,LONDRINA,ACADÊMICO,ENGENHARIA ELETRICA,4,2016,EM FUNCIONAMENTO
NÃO SE APLICA,40,ESTADUAL,PÚBLICA,SUL,PR,LONDRINA,ACADÊMICO,HISTÓRIA SOCIAL,4,2007,EM FUNCIONAMENTO
NÃO SE APLICA,24,ESTADUAL,PÚBLICA,SUL,PR,LONDRINA,ACADÊMICO,CIÊNCIA ANIMAL,7,1992,EM FUNCIONAMENTO
NÃO SE APLICA,31,ESTADUAL,PÚBLICA,SUL,PR,LONDRINA,ACADÊMICO,CIÊNCIA DA INFORMAÇÃO,4,2012,EM FUNCIONAMENTO
ENSINO DE CIÊNCIAS E MATEMÁTICA,46,ESTADUAL,PÚBLICA,SUL,PR,LONDRINA,ACADÊMICO,ENSINO DE CIÊNCIAS E EDUCAÇÃO MATEMÁTICA,7,2002,EM FUNCIONAMENTO
LINGÜÍSTICA APLICADA,41,ESTADUAL,PÚBLICA,SUL,PR,LONDRINA,PROFISSIONAL,LETRAS ESTRANGEIRAS MODERNAS,4,2014,EM FUNCIONAMENTO
NÃO SE APLICA,24,ESTADUAL,PÚBLICA,SUL,PR,LONDRINA,PROFISSIONAL,CLÍNICAS VETERINÁRIAS,4,2014,EM FUNCIONAMENTO
NÃO SE APLICA,10,ESTADUAL,PÚBLICA,SUL,PR,LONDRINA,ACADÊMICO,ENGENHARIA CIVIL,4,2003,EM FUNCIONAMENTO
NÃO SE APLICA,18,PARTICULAR,PRIVADA,SUL,PR,CURITIBA,ACADÊMICO,ODONTOLOGIA,4,1996,EM FUNCIONAMENTO
NÃO SE APLICA,26,PARTICULAR,PRIVADA,SUL,PR,CURITIBA,ACADÊMICO,DIREITO,6,1999,EM FUNCIONAMENTO
SISTEMA DE COMPUTAÇÃO,2,PARTICULAR,PRIVADA,SUL,PR,CURITIBA,ACADÊMICO,INFORMÁTICA,5,1996,EM FUNCIONAMENTO
SAÚDE E BIOLÓGICAS,45,PARTICULAR,PRIVADA,SUL,PR,CURITIBA,ACADÊMICO,BIOÉTICA,4,2013,EM FUNCIONAMENTO
ADMINISTRAÇÃO DE EMPRESAS,27,PARTICULAR,PRIVADA,SUL,PR,CURITIBA,ACADÊMICO,ADMINISTRAÇÃO,6,2000,EM FUNCIONAMENTO
ADMINISTRAÇÃO DE SETORES ESPECÍFICOS,27,PARTICULAR,PRIVADA,SUL,PR,CURITIBA,PROFISSIONAL,GESTÃO DE COOPERATIVAS E ORGANIZAÇÕES COMPLEXAS E PLURAIS,4,2014,EM FUNCIONAMENTO
NÃO SE APLICA,30,PARTICULAR,PRIVADA,SUL,PR,CURITIBA,ACADÊMICO,GESTÃO URBANA,6,2003,EM FUNCIONAMENTO
NÃO SE APLICA,13,PARTICULAR,PRIVADA,SUL,PR,CURITIBA,ACADÊMICO,ENGENHARIA DE PRODUÇÃO E SISTEMAS,5,2001,EM FUNCIONAMENTO
NÃO SE APLICA,38,PARTICULAR,PRIVADA,SUL,PR,CURITIBA,ACADÊMICO,EDUCAÇÃO,5,1992,EM FUNCIONAMENTO
NÃO SE APLICA,15,PARTICULAR,PRIVADA,SUL,PR,CURITIBA,ACADÊMICO,CIENCIAS DA SAUDE,5,2003,EM FUNCIONAMENTO
SAÚDE E BIOLÓGICAS,45,PARTICULAR,PRIVADA,SUL,PR,CURITIBA,ACADÊMICO,TECNOLOGIA EM SAÚDE,4,2003,EM FUNCIONAMENTO
"SOCIAIS, CULTURAS E HUMANIDADES",45,PARTICULAR,PRIVADA,SUL,PR,CURITIBA,ACADÊMICO,DIREITOS HUMANOS E POLÍTICAS PÚBLICAS,4,2015,EM FUNCIONAMENTO
NÃO SE APLICA,33,PARTICULAR,PRIVADA,SUL,PR,CURITIBA,ACADÊMICO,FILOSOFIA,6,2003,EM FUNCIONAMENTO
NÃO SE APLICA,24,PARTICULAR,PRIVADA,SUL,PR,CURITIBA,ACADÊMICO,CIÊNCIA ANIMAL,4,2008,EM FUNCIONAMENTO
NÃO SE APLICA,44,PARTICULAR,PRIVADA,SUL,PR,CURITIBA,ACADÊMICO,TEOLOGIA,5,2009,EM FUNCIONAMENTO
NÃO SE APLICA,13,PARTICULAR,PRIVADA,SUL,PR,CURITIBA,ACADÊMICO,ENGENHARIA MECÂNICA,6,1999,EM FUNCIONAMENTO
POLÍTICAS PÚBLICAS,39,ESTADUAL,PÚBLICA,SUL,PR,MARINGÁ,PROFISSIONAL,POLÍTICAS PÚBLICAS,4,2010,EM FUNCIONAMENTO
NÃO SE APLICA,48,ESTADUAL,PÚBLICA,SUL,PR,MARINGÁ,ACADÊMICO,BIOTECNOLOGIA AMBIENTAL,4,2013,EM FUNCIONAMENTO
NÃO SE APLICA,10,ESTADUAL,PÚBLICA,SUL,PR,MARINGÁ,ACADÊMICO,ENGENHARIA URBANA,3,2006,EM FUNCIONAMENTO
NÃO SE APLICA,8,ESTADUAL,PÚBLICA,SUL,PR,MARINGÁ,ACADÊMICO,CIÊNCIAS FISIOLÓGICAS,4,2015,EM FUNCIONAMENTO
CIRURGIA,17,ESTADUAL,PÚBLICA,SUL,PR,MARINGÁ,PROFISSIONAL,"GESTÃO, TECNOLOGIA E INOVAÇÃO EM URGÊNCIA E EMERGÊNCIA",3,2019,EM FUNCIONAMENTO
NÃO SE APLICA,7,ESTADUAL,PÚBLICA,SUL,PR,MARINGÁ,ACADÊMICO,BIOLOGIA COMPARADA,4,2006,EM FUNCIONAMENTO
ENSINO DE CIÊNCIAS E MATEMÁTICA,46,ESTADUAL,PÚBLICA,SUL,PR,MARINGÁ,ACADÊMICO,EDUCAÇÃO PARA A CIÊNCIA E A MATEMÁTICA,5,2003,EM FUNCIONAMENTO
NÃO SE APLICA,34,ESTADUAL,PÚBLICA,SUL,PR,MARINGÁ,ACADÊMICO,CIÊNCIAS SOCIAIS,4,2009,EM FUNCIONAMENTO
NÃO SE APLICA,10,ESTADUAL,PÚBLICA,SUL,PR,MARINGÁ,ACADÊMICO,ENGENHARIA CIVIL,4,2013,EM FUNCIONAMENTO
NÃO SE APLICA,42,ESTADUAL,PÚBLICA,SUL,PR,MARINGÁ,PROFISSIONAL,AGROECOLOGIA,4,2014,EM FUNCIONAMENTO
NÃO SE APLICA,19,ESTADUAL,PÚBLICA,SUL,PR,MARINGÁ,PROFISSIONAL,ASSISTÊNCIA FARMACÊUTICA,3,2017,EM FUNCIONAMENTO
NÃO SE APLICA,24,ESTADUAL,PÚBLICA,SUL,PR,UMUARAMA,ACADÊMICO,PRODUÇÃO SUSTENTÁVEL E SAÚDE ANIMAL,4,2015,EM FUNCIONAMENTO
NÃO SE APLICA,41,ESTADUAL,PÚBLICA,SUL,PR,MARINGÁ,ACADÊMICO,LETRAS,6,1997,EM FUNCIONAMENTO
NÃO SE APLICA,36,ESTADUAL,PÚBLICA,SUL,PR,MARINGÁ,ACADÊMICO,GEOGRAFIA,5,1998,EM FUNCIONAMENTO
"ENGENHARIA, TECNOLOGIA E GESTÃO",45,ESTADUAL,PÚBLICA,SUL,PR,UMUARAMA,ACADÊMICO,SUSTENTABILIDADE,4,2017,EM FUNCIONAMENTO
FÍSICA DA MATÉRIA CONDENSADA,3,ESTADUAL,PÚBLICA,SUL,PR,MARINGÁ,ACADÊMICO,FÍSICA,6,1997,EM FUNCIONAMENTO
NÃO SE APLICA,20,ESTADUAL,PÚBLICA,SUL,PR,MARINGÁ,ACADÊMICO,ENFERMAGEM,5,2004,EM FUNCIONAMENTO
NÃO SE APLICA,18,ESTADUAL,PÚBLICA,SUL,PR,MARINGÁ,ACADÊMICO,ODONTOLOGIA INTEGRADA,4,2008,EM FUNCIONAMENTO
CLÍNICA MÉDICA,16,ESTADUAL,PÚBLICA,SUL,PR,MARINGÁ,ACADÊMICO,CIÊNCIAS DA SAÚDE,5,2003,EM FUNCIONAMENTO
CIÊNCIA DE ALIMENTOS,25,ESTADUAL,PÚBLICA,SUL,PR,MARINGÁ,ACADÊMICO,CIÊNCIA DE ALIMENTOS,4,2010,EM FUNCIONAMENTO
NÃO SE APLICA,1,ESTADUAL,PÚBLICA,SUL,PR,MARINGÁ,ACADÊMICO,MATEMÁTICA,5,1999,EM FUNCIONAMENTO
TEORIA ECONÔMICA,28,ESTADUAL,PÚBLICA,SUL,PR,MARINGÁ,ACADÊMICO,ECONOMIA,4,1995,EM FUNCIONAMENTO
NÃO SE APLICA,4,ESTADUAL,PÚBLICA,SUL,PR,MARINGÁ,ACADÊMICO,QUÍMICA,6,1987,EM FUNCIONAMENTO
NÃO SE APLICA,23,ESTADUAL,PÚBLICA,SUL,PR,MARINGÁ,ACADÊMICO,ZOOTECNIA,6,1993,EM FUNCIONAMENTO
NÃO SE APLICA,40,ESTADUAL,PÚBLICA,SUL,PR,MARINGÁ,ACADÊMICO,HISTÓRIA,5,2004,EM FUNCIONAMENTO
NÃO SE APLICA,37,ESTADUAL,PÚBLICA,SUL,PR,MARINGÁ,ACADÊMICO,PSICOLOGIA,4,2007,EM FUNCIONAMENTO
NÃO SE APLICA,7,ESTADUAL,PÚBLICA,SUL,PR,MARINGÁ,ACADÊMICO,ECOLOGIA DE AMBIENTES AQUÁTICOS CONTINENTAIS,7,1991,EM FUNCIONAMENTO
NÃO SE APLICA,13,ESTADUAL,PÚBLICA,SUL,PR,MARINGÁ,ACADÊMICO,ENGENHARIA MECÂNICA,3,2012,EM FUNCIONAMENTO
CIÊNCIAS CONTÁBEIS,27,ESTADUAL,PÚBLICA,SUL,PR,MARINGÁ,ACADÊMICO,CIÊNCIAS CONTÁBEIS,3,2014,EM FUNCIONAMENTO
SAÚDE E BIOLÓGICAS,45,ESTADUAL,PÚBLICA,SUL,PR,MARINGÁ,ACADÊMICO,BIOESTATÍSTICA,4,2013,EM FUNCIONAMENTO
NÃO SE APLICA,42,ESTADUAL,PÚBLICA,SUL,PR,UMUARAMA,ACADÊMICO,CIÊNCIAS AGRÁRIAS,3,2013,EM FUNCIONAMENTO
NÃO SE APLICA,13,ESTADUAL,PÚBLICA,SUL,PR,MARINGÁ,ACADÊMICO,ENGENHARIA DE PRODUÇÃO,3,2019,EM FUNCIONAMENTO
NÃO SE APLICA,12,ESTADUAL,PÚBLICA,SUL,PR,MARINGÁ,ACADÊMICO,ENGENHARIA QUÍMICA,6,1990,EM FUNCIONAMENTO
NÃO SE APLICA,19,ESTADUAL,PÚBLICA,SUL,PR,MARINGÁ,ACADÊMICO,BIOCIÊNCIAS E FISIOPATOLOGIA,5,2003,EM FUNCIONAMENTO
NÃO SE APLICA,27,ESTADUAL,PÚBLICA,SUL,PR,MARINGÁ,ACADÊMICO,ADMINISTRAÇÃO,4,2010,EM FUNCIONAMENTO
NÃO SE APLICA,42,ESTADUAL,PÚBLICA,SUL,PR,MARINGÁ,ACADÊMICO,AGRONOMIA,6,1995,EM FUNCIONAMENTO
MÚSICA,11,ESTADUAL,PÚBLICA,SUL,PR,MARINGÁ,ACADÊMICO,MÚSICA,3,2018,EM FUNCIONAMENTO
NÃO SE APLICA,38,ESTADUAL,PÚBLICA,SUL,PR,MARINGÁ,ACADÊMICO,EDUCAÇÃO,5,1990,EM FUNCIONAMENTO
NÃO SE APLICA,19,ESTADUAL,PÚBLICA,SUL,PR,MARINGÁ,ACADÊMICO,CIÊNCIAS FARMACÊUTICAS,5,1999,EM FUNCIONAMENTO
NÃO SE APLICA,2,ESTADUAL,PÚBLICA,SUL,PR,MARINGÁ,ACADÊMICO,CIÊNCIA DA COMPUTAÇÃO,4,2002,EM FUNCIONAMENTO
ENGENHARIA DE ALIMENTOS,25,ESTADUAL,PÚBLICA,SUL,PR,MARINGÁ,ACADÊMICO,ENGENHARIA DE ALIMENTOS,3,2016,EM FUNCIONAMENTO
NÃO SE APLICA,42,ESTADUAL,PÚBLICA,SUL,PR,MARINGÁ,ACADÊMICO,GENÉTICA E MELHORAMENTO,5,2002,EM FUNCIONAMENTO
NÃO SE APLICA,6,ESTADUAL,PÚBLICA,SUL,PR,MARINGÁ,ACADÊMICO,CIÊNCIAS BIOLÓGICAS (BIOLOGIA CELULAR),5,1987,EM FUNCIONAMENTO
NÃO SE APLICA,33,ESTADUAL,PÚBLICA,SUL,PR,MARINGÁ,ACADÊMICO,FILOSOFIA,4,2012,EM FUNCIONAMENTO
NÃO SE APLICA,8,ESTADUAL,PÚBLICA,SUL,PR,MARINGÁ,ACADÊMICO,BIOQUÍMICA,4,2019,EM FUNCIONAMENTO
NÃO SE APLICA,12,ESTADUAL,PÚBLICA,SUL,PR,PONTA GROSSA,ACADÊMICO,ENGENHARIA E CIÊNCIA DE MATERIAIS,4,2001,EM FUNCIONAMENTO
ENSINO DE CIÊNCIAS E MATEMÁTICA,46,ESTADUAL,PÚBLICA,SUL,PR,PONTA GROSSA,ACADÊMICO,ENSINO DE CIÊNCIAS E EDUCAÇÃO MATEMÁTICA,4,2017,EM FUNCIONAMENTO
PRODUÇÃO ANIMAL,23,ESTADUAL,PÚBLICA,SUL,PR,PONTA GROSSA,ACADÊMICO,ZOOTECNIA,4,2015,EM FUNCIONAMENTO
SAÚDE E BIOLÓGICAS,45,ESTADUAL,PÚBLICA,SUL,PR,PONTA GROSSA,ACADÊMICO,CIÊNCIAS DA SAÚDE,4,2016,EM FUNCIONAMENTO
NÃO SE APLICA,42,ESTADUAL,PÚBLICA,SUL,PR,PONTA GROSSA,ACADÊMICO,AGRONOMIA,5,2003,EM FUNCIONAMENTO
NÃO SE APLICA,3,ESTADUAL,PÚBLICA,SUL,PR,PONTA GROSSA,ACADÊMICO,CIÊNCIAS,5,2003,EM FUNCIONAMENTO
NÃO SE APLICA,40,ESTADUAL,PÚBLICA,SUL,PR,PONTA GROSSA,ACADÊMICO,HISTÓRIA,4,2012,EM FUNCIONAMENTO
NÃO SE APLICA,19,ESTADUAL,PÚBLICA,SUL,PR,PONTA GROSSA,ACADÊMICO,CIÊNCIAS FARMACÊUTICAS,4,2010,EM FUNCIONAMENTO
NÃO SE APLICA,31,ESTADUAL,PÚBLICA,SUL,PR,PONTA GROSSA,ACADÊMICO,JORNALISMO,4,2013,EM FUNCIONAMENTO
NÃO SE APLICA,36,ESTADUAL,PÚBLICA,SUL,PR,PONTA GROSSA,ACADÊMICO,GEOGRAFIA,5,2006,EM FUNCIONAMENTO
"ENGENHARIA, TECNOLOGIA E GESTÃO",45,ESTADUAL,PÚBLICA,SUL,PR,PONTA GROSSA,ACADÊMICO,COMPUTAÇÃO APLICADA,3,2010,EM FUNCIONAMENTO
NÃO SE APLICA,18,ESTADUAL,PÚBLICA,SUL,PR,PONTA GROSSA,ACADÊMICO,ODONTOLOGIA,5,2002,EM FUNCIONAMENTO
NÃO SE APLICA,28,ESTADUAL,PÚBLICA,SUL,PR,PONTA GROSSA,ACADÊMICO,ECONOMIA,3,2017,EM FUNCIONAMENTO
"ENGENHARIA, TECNOLOGIA E GESTÃO",45,ESTADUAL,PÚBLICA,SUL,PR,PONTA GROSSA,ACADÊMICO,BIOENERGIA - UEL - UEM - UEPG - UNICENTRO - UNIOESTE - UFPR,4,2010,EM FUNCIONAMENTO
NÃO SE APLICA,25,ESTADUAL,PÚBLICA,SUL,PR,PONTA GROSSA,ACADÊMICO,CIÊNCIA E TECNOLOGIA DE ALIMENTOS,4,2003,EM FUNCIONAMENTO
NÃO SE APLICA,26,ESTADUAL,PÚBLICA,SUL,PR,PONTA GROSSA,PROFISSIONAL,DIREITO,A,2021,EM FUNCIONAMENTO
NÃO SE APLICA,38,ESTADUAL,PÚBLICA,SUL,PR,PONTA GROSSA,ACADÊMICO,EDUCAÇÃO,5,2001,EM FUNCIONAMENTO
"SOCIAIS, CULTURAS E HUMANIDADES",45,ESTADUAL,PÚBLICA,SUL,PR,PONTA GROSSA,ACADÊMICO,CIÊNCIAS SOCIAIS APLICADAS,4,2000,EM FUNCIONAMENTO
NÃO SE APLICA,41,ESTADUAL,PÚBLICA,SUL,PR,PONTA GROSSA,ACADÊMICO,ESTUDOS DA LINGUAGEM,4,2010,EM FUNCIONAMENTO
NÃO SE APLICA,4,ESTADUAL,PÚBLICA,SUL,PR,PONTA GROSSA,ACADÊMICO,QUÍMICA,4,2005,EM FUNCIONAMENTO
NÃO SE APLICA,8,ESTADUAL,PÚBLICA,SUL,PR,PONTA GROSSA,ACADÊMICO,CIÊNCIAS BIOMÉDICAS,3,2014,EM FUNCIONAMENTO
NÃO SE APLICA,2,FEDERAL,PÚBLICA,SUL,PR,CAMPO MOURÃO,ACADÊMICO,CIÊNCIA DA COMPUTAÇÃO,A,2021,EM FUNCIONAMENTO
NÃO SE APLICA,41,FEDERAL,PÚBLICA,SUL,PR,PATO BRANCO,ACADÊMICO,LETRAS,4,2015,EM FUNCIONAMENTO
NÃO SE APLICA,2,FEDERAL,PÚBLICA,SUL,PR,CURITIBA,PROFISSIONAL,COMPUTAÇÃO APLICADA,3,2010,EM FUNCIONAMENTO
NÃO SE APLICA,14,FEDERAL,PÚBLICA,SUL,PR,PONTA GROSSA,ACADÊMICO,ENGENHARIA ELÉTRICA,4,2012,EM FUNCIONAMENTO
"ENGENHARIA, TECNOLOGIA E GESTÃO",45,FEDERAL,PÚBLICA,SUL,PR,CAMPO MOURÃO,PROFISSIONAL,INOVAÇÕES TECNOLÓGICAS,3,2016,EM FUNCIONAMENTO
ENSINO DE CIÊNCIAS E MATEMÁTICA,46,FEDERAL,PÚBLICA,SUL,PR,LONDRINA,PROFISSIONAL,ENSINO DE MATEMÁTICA,4,2015,EM FUNCIONAMENTO
NÃO SE APLICA,12,FEDERAL,PÚBLICA,SUL,PR,TOLEDO,ACADÊMICO,PROCESSOS QUÍMICOS E BIOTECNOLÓGICOS,3,2015,EM FUNCIONAMENTO
NÃO SE APLICA,27,FEDERAL,PÚBLICA,SUL,PR,CURITIBA,ACADÊMICO,ADMINISTRAÇÃO,3,2016,EM FUNCIONAMENTO
NÃO SE APLICA,10,FEDERAL,PÚBLICA,SUL,PR,LONDRINA,ACADÊMICO,ENGENHARIA AMBIENTAL,4,2012,EM FUNCIONAMENTO
NÃO SE APLICA,10,FEDERAL,PÚBLICA,SUL,PR,FRANCISCO BELTRÃO,ACADÊMICO,ENGENHARIA AMBIENTAL: ANÁLISE E TECNOLOGIA AMBIENTAL,3,2017,EM FUNCIONAMENTO
NÃO SE APLICA,12,FEDERAL,PÚBLICA,SUL,PR,APUCARANA,ACADÊMICO,ENGENHARIA QUÍMICA,3,2019,EM FUNCIONAMENTO
NÃO SE APLICA,42,FEDERAL,PÚBLICA,SUL,PR,DOIS VIZINHOS,ACADÊMICO,AGROECOSSISTEMAS,3,2015,EM FUNCIONAMENTO
TECNOLOGIA DE ALIMENTOS,25,FEDERAL,PÚBLICA,SUL,PR,MEDIANEIRA,ACADÊMICO,TECNOLOGIA DE ALIMENTOS,4,2011,EM FUNCIONAMENTO
NÃO SE APLICA,10,FEDERAL,PÚBLICA,SUL,PR,CURITIBA,ACADÊMICO,ENGENHARIA CIVIL,5,2009,EM FUNCIONAMENTO
NÃO SE APLICA,6,FEDERAL,PÚBLICA,SUL,PR,CORNÉLIO PROCÓPIO,ACADÊMICO,BIOINFORMÁTICA,4,2015,EM FUNCIONAMENTO
NÃO SE APLICA,14,FEDERAL,PÚBLICA,SUL,PR,PATO BRANCO,ACADÊMICO,ENGENHARIA ELÉTRICA E DE COMPUTAÇÃO,3,2009,EM FUNCIONAMENTO
FITOTECNIA,42,FEDERAL,PÚBLICA,SUL,PR,PATO BRANCO,ACADÊMICO,AGRONOMIA,4,2007,EM FUNCIONAMENTO
NÃO SE APLICA,41,FEDERAL,PÚBLICA,SUL,PR,CURITIBA,ACADÊMICO,ESTUDOS DE LINGUAGENS,4,2015,EM FUNCIONAMENTO
NÃO SE APLICA,14,FEDERAL,PÚBLICA,SUL,PR,CORNÉLIO PROCÓPIO,ACADÊMICO,ENGENHARIA ELÉTRICA - CORNÉLIO PROCÓPIO,4,2010,EM FUNCIONAMENTO
NÃO SE APLICA,45,FEDERAL,PÚBLICA,SUL,PR,CURITIBA,PROFISSIONAL,ENGENHARIA BIOMÉDICA,4,2011,EM FUNCIONAMENTO
NÃO SE APLICA,14,FEDERAL,PÚBLICA,SUL,PR,CURITIBA,PROFISSIONAL,SISTEMAS DE ENERGIA,4,2015,EM FUNCIONAMENTO
NÃO SE APLICA,46,FEDERAL,PÚBLICA,SUL,PR,LONDRINA,PROFISSIONAL,"ENSINO DE CIÊNCIAS HUMANAS, SOCIAIS E DA NATUREZA",4,2013,EM FUNCIONAMENTO
NÃO SE APLICA,10,FEDERAL,PÚBLICA,SUL,PR,PATO BRANCO,ACADÊMICO,ENGENHARIA CIVIL (PPGEC),3,2014,EM FUNCIONAMENTO
"ENGENHARIA, TECNOLOGIA E GESTÃO",45,FEDERAL,PÚBLICA,SUL,PR,TOLEDO,PROFISSIONAL,TECNOLOGIAS EM BIOCIÊNCIAS,3,2019,EM FUNCIONAMENTO
NÃO SE APLICA,13,FEDERAL,PÚBLICA,SUL,PR,CORNÉLIO PROCÓPIO,ACADÊMICO,ENGENHARIA MECÂNICA,3,2013,EM FUNCIONAMENTO
NÃO SE APLICA,49,FEDERAL,PÚBLICA,SUL,PR,CURITIBA,ACADÊMICO,CIÊNCIA E TECNOLOGIA AMBIENTAL,4,2010,EM FUNCIONAMENTO
ENSINO DE CIÊNCIAS E MATEMÁTICA,46,FEDERAL,PÚBLICA,SUL,PR,CURITIBA,PROFISSIONAL,"FORMAÇÃO CIENTÍFICA, EDUCACIONAL E TECNOLÓGICA",4,2011,EM FUNCIONAMENTO
NÃO SE APLICA,2,FEDERAL,PÚBLICA,SUL,PR,PONTA GROSSA,ACADÊMICO,CIÊNCIA DA COMPUTAÇÃO,3,2016,EM FUNCIONAMENTO
TECNOLOGIA DE ALIMENTOS,25,FEDERAL,PÚBLICA,SUL,PR,LONDRINA,PROFISSIONAL,TECNOLOGIA DE ALIMENTOS,4,2011,EM FUNCIONAMENTO
NÃO SE APLICA,30,FEDERAL,PÚBLICA,SUL,PR,PATO BRANCO,ACADÊMICO,DESENVOLVIMENTO REGIONAL,5,2010,EM FUNCIONAMENTO
NÃO SE APLICA,14,FEDERAL,PÚBLICA,SUL,PR,CURITIBA,ACADÊMICO,ENGENHARIA ELÉTRICA E INFORMÁTICA INDUSTRIAL,6,1988,EM FUNCIONAMENTO
NÃO SE APLICA,3,FEDERAL,PÚBLICA,SUL,PR,CURITIBA,ACADÊMICO,FÍSICA E ASTRONOMIA,3,2016,EM FUNCIONAMENTO
NÃO SE APLICA,13,FEDERAL,PÚBLICA,SUL,PR,PATO BRANCO,ACADÊMICO,ENGENHARIA DE PRODUÇÃO E SISTEMAS (PPGEPS),3,2014,EM FUNCIONAMENTO
NÃO SE APLICA,30,FEDERAL,PÚBLICA,SUL,PR,CURITIBA,PROFISSIONAL,PLANEJAMENTO E GOVERNANÇA PÚBLICA,4,2011,EM FUNCIONAMENTO
NÃO SE APLICA,12,FEDERAL,PÚBLICA,SUL,PR,PONTA GROSSA,ACADÊMICO,ENGENHARIA QUÍMICA,3,2017,EM FUNCIONAMENTO
ENSINO DE CIÊNCIAS E MATEMÁTICA,46,FEDERAL,PÚBLICA,SUL,PR,PONTA GROSSA,PROFISSIONAL,ENSINO DE CIÊNCIA E TECNOLOGIA,4,2008,EM FUNCIONAMENTO
NÃO SE APLICA,49,FEDERAL,PÚBLICA,SUL,PR,CURITIBA,ACADÊMICO,SUSTENTABILIDADE AMBIENTAL URBANA,4,2019,EM FUNCIONAMENTO
NÃO SE APLICA,21,FEDERAL,PÚBLICA,SUL,PR,CURITIBA,ACADÊMICO,EDUCAÇÃO FÍSICA,3,2017,EM FUNCIONAMENTO
"SOCIAIS, CULTURAS E HUMANIDADES",45,FEDERAL,PÚBLICA,SUL,PR,CURITIBA,ACADÊMICO,TECNOLOGIA E SOCIEDADE,5,1995,EM FUNCIONAMENTO
NÃO SE APLICA,10,FEDERAL,PÚBLICA,SUL,PR,MEDIANEIRA,ACADÊMICO,TECNOLOGIAS AMBIENTAIS,4,2013,EM FUNCIONAMENTO
"ENGENHARIA, TECNOLOGIA E GESTÃO",45,FEDERAL,PÚBLICA,SUL,PR,MEDIANEIRA,ACADÊMICO,TECNOLOGIAS COMPUTACIONAIS PARA O AGRONEGÓCIO,4,2015,EM FUNCIONAMENTO
NÃO SE APLICA,13,FEDERAL,PÚBLICA,SUL,PR,CURITIBA,ACADÊMICO,ENGENHARIA MECÂNICA E DE MATERIAIS,4,2000,EM FUNCIONAMENTO
NÃO SE APLICA,2,FEDERAL,PÚBLICA,SUL,PR,CORNÉLIO PROCÓPIO,PROFISSIONAL,INFORMÁTICA,4,2013,EM FUNCIONAMENTO
NÃO SE APLICA,49,FEDERAL,PÚBLICA,SUL,PR,SANTA HELENA,ACADÊMICO,RECURSOS NATURAIS E SUSTENTABILIDADE,3,2019,EM FUNCIONAMENTO
NÃO SE APLICA,13,FEDERAL,PÚBLICA,SUL,PR,PONTA GROSSA,ACADÊMICO,ENGENHARIA DE PRODUÇÃO,5,2004,EM FUNCIONAMENTO
NÃO SE APLICA,4,FEDERAL,PÚBLICA,SUL,PR,PATO BRANCO,ACADÊMICO,TECNOLOGIA DE PROCESSOS QUÍMICOS E BIOQUÍMICOS,3,2011,EM FUNCIONAMENTO
NÃO SE APLICA,46,FEDERAL,PÚBLICA,SUL,PR,PONTA GROSSA,ACADÊMICO,ENSINO DE CIÊNCIA E TECNOLOGIA,5,2013,EM FUNCIONAMENTO
NÃO SE APLICA,4,FEDERAL,PÚBLICA,SUL,PR,CURITIBA,ACADÊMICO,QUÍMICA,3,2014,EM FUNCIONAMENTO
NÃO SE APLICA,47,FEDERAL,PÚBLICA,SUL,PR,LONDRINA,ACADÊMICO,CIÊNCIA E ENGENHARIA DE MATERIAIS,4,2016,EM FUNCIONAMENTO
NÃO SE APLICA,48,FEDERAL,PÚBLICA,SUL,PR,DOIS VIZINHOS,ACADÊMICO,BIOTECNOLOGIA,4,2017,EM FUNCIONAMENTO
"ENGENHARIA, TECNOLOGIA E GESTÃO",45,FEDERAL,PÚBLICA,SUL,PR,CURITIBA,ACADÊMICO,TÊXTIL E MODA,A,2024,EM FUNCIONAMENTO
CIRURGIA,17,PARTICULAR,PRIVADA,SUL,PR,CURITIBA,ACADÊMICO,PRINCÍPIOS DA CIRURGIA,4,1994,EM FUNCIONAMENTO
NÃO SE APLICA,40,ESTADUAL,PÚBLICA,SUL,PR,GUARAPUAVA,ACADÊMICO,HÍSTÓRIA,3,2012,EM FUNCIONAMENTO
NÃO SE APLICA,47,ESTADUAL,PÚBLICA,SUL,PR,GUARAPUAVA,ACADÊMICO,NANOCIÊNCIAS E BIOCIÊNCIAS,3,2019,EM FUNCIONAMENTO
SANEAMENTO AMBIENTAL,10,ESTADUAL,PÚBLICA,SUL,PR,IRATI,ACADÊMICO,ENGENHARIA SANITÁRIA E AMBIENTAL - UEPG / UNICENTRO,3,2013,EM FUNCIONAMENTO
NÃO SE APLICA,4,ESTADUAL,PÚBLICA,SUL,PR,GUARAPUAVA,ACADÊMICO,QUÍMICA APLICADA,4,2006,EM FUNCIONAMENTO
"SOCIAIS, CULTURAS E HUMANIDADES",45,ESTADUAL,PÚBLICA,SUL,PR,IRATI,ACADÊMICO,DESENVOLVIMENTO COMUNITÁRIO,4,2013,EM FUNCIONAMENTO
NÃO SE APLICA,24,ESTADUAL,PÚBLICA,SUL,PR,GUARAPUAVA,ACADÊMICO,CIÊNCIAS VETERINÁRIAS,4,2015,EM FUNCIONAMENTO
NÃO SE APLICA,7,ESTADUAL,PÚBLICA,SUL,PR,GUARAPUAVA,ACADÊMICO,BIOLOGIA EVOLUTIVA,4,2007,EM FUNCIONAMENTO
NÃO SE APLICA,38,ESTADUAL,PÚBLICA,SUL,PR,GUARAPUAVA,ACADÊMICO,EDUCAÇÃO,4,2012,EM FUNCIONAMENTO
NÃO SE APLICA,41,ESTADUAL,PÚBLICA,SUL,PR,GUARAPUAVA,ACADÊMICO,LETRAS,5,2011,EM FUNCIONAMENTO
NÃO SE APLICA,42,ESTADUAL,PÚBLICA,SUL,PR,GUARAPUAVA,ACADÊMICO,AGRONOMIA,4,2007,EM FUNCIONAMENTO
NÃO SE APLICA,42,ESTADUAL,PÚBLICA,SUL,PR,IRATI,ACADÊMICO,CIÊNCIAS FLORESTAIS,4,2007,EM FUNCIONAMENTO
ENSINO DE CIÊNCIAS E MATEMÁTICA,46,ESTADUAL,PÚBLICA,SUL,PR,GUARAPUAVA,PROFISSIONAL,ENSINO DE CIÊNCIAS NATURAIS E MATEMÁTICA,4,2014,EM FUNCIONAMENTO
NÃO SE APLICA,36,ESTADUAL,PÚBLICA,SUL,PR,GUARAPUAVA,ACADÊMICO,GEOGRAFIA,4,2009,EM FUNCIONAMENTO
NÃO SE APLICA,27,ESTADUAL,PÚBLICA,SUL,PR,GUARAPUAVA,PROFISSIONAL,ADMINISTRAÇÃO,4,2014,EM FUNCIONAMENTO
NÃO SE APLICA,46,ESTADUAL,PÚBLICA,SUL,PR,FOZ DO IGUAÇU,ACADÊMICO,ENSINO,4,2014,EM FUNCIONAMENTO
NÃO SE APLICA,15,ESTADUAL,PÚBLICA,SUL,PR,FRANCISCO BELTRÃO,ACADÊMICO,CIÊNCIAS APLICADAS A SAÚDE,4,2017,EM FUNCIONAMENTO
NÃO SE APLICA,2,ESTADUAL,PÚBLICA,SUL,PR,CASCAVEL,ACADÊMICO,CIÊNCIA DA COMPUTAÇÃO,3,2019,EM FUNCIONAMENTO
NÃO SE APLICA,27,ESTADUAL,PÚBLICA,SUL,PR,CASCAVEL,ACADÊMICO,CONTABILIDADE,4,2015,EM FUNCIONAMENTO
NÃO SE APLICA,23,ESTADUAL,PÚBLICA,SUL,PR,MARECHAL CÂNDIDO RONDON,ACADÊMICO,ZOOTECNIA,4,2007,EM FUNCIONAMENTO
NÃO SE APLICA,38,ESTADUAL,PÚBLICA,SUL,PR,FRANCISCO BELTRÃO,ACADÊMICO,EDUCAÇÃO,4,2012,EM FUNCIONAMENTO
NÃO SE APLICA,42,ESTADUAL,PÚBLICA,SUL,PR,CASCAVEL,ACADÊMICO,ENGENHARIA DE ENERGIA NA AGRICULTURA,5,2010,EM FUNCIONAMENTO
NÃO SE APLICA,14,ESTADUAL,PÚBLICA,SUL,PR,FOZ DO IGUAÇU,ACADÊMICO,ENGENHARIA ELÉTRICA E COMPUTAÇÃO,3,2010,EM FUNCIONAMENTO
NÃO SE APLICA,12,ESTADUAL,PÚBLICA,SUL,PR,TOLEDO,ACADÊMICO,ENGENHARIA QUÍMICA,5,2006,EM FUNCIONAMENTO
"SOCIAIS, CULTURAS E HUMANIDADES",45,ESTADUAL,PÚBLICA,SUL,PR,FOZ DO IGUAÇU,ACADÊMICO,"SOCIEDADE, CULTURA E FRONTEIRAS",5,2010,EM FUNCIONAMENTO
NÃO SE APLICA,18,ESTADUAL,PÚBLICA,SUL,PR,CASCAVEL,ACADÊMICO,ODONTOLOGIA,4,2013,EM FUNCIONAMENTO
NÃO SE APLICA,32,ESTADUAL,PÚBLICA,SUL,PR,TOLEDO,ACADÊMICO,SERVIÇO SOCIAL,3,2013,EM FUNCIONAMENTO
ENFERMAGEM DE SAÚDE PÚBLICA,20,ESTADUAL,PÚBLICA,SUL,PR,FOZ DO IGUAÇU,ACADÊMICO,SAÚDE PÚBLICA EM REGIÃO DE FRONTEIRA,3,2015,EM FUNCIONAMENTO
SAÚDE E BIOLÓGICAS,45,ESTADUAL,PÚBLICA,SUL,PR,CASCAVEL,ACADÊMICO,BIOCIÊNCIAS E SAÚDE,5,2011,EM FUNCIONAMENTO
POLÍTICAS E DESENVOLVIMENTO DE TERRITÓRIOS,45,ESTADUAL,PÚBLICA,SUL,PR,MARECHAL CÂNDIDO RONDON,ACADÊMICO,DESENVOLVIMENTO RURAL SUSTENTÁVEL,5,2012,EM FUNCIONAMENTO
NÃO SE APLICA,40,ESTADUAL,PÚBLICA,SUL,PR,MARECHAL CÂNDIDO RONDON,ACADÊMICO,HISTÓRIA,5,2006,EM FUNCIONAMENTO
NÃO SE APLICA,49,ESTADUAL,PÚBLICA,SUL,PR,CASCAVEL,ACADÊMICO,CONSERVAÇÃO E MANEJO DE RECURSOS NATURAIS,4,2010,EM FUNCIONAMENTO
NÃO SE APLICA,49,ESTADUAL,PÚBLICA,SUL,PR,TOLEDO,ACADÊMICO,CIÊNCIAS AMBIENTAIS,3,2013,EM FUNCIONAMENTO
NÃO SE APLICA,36,ESTADUAL,PÚBLICA,SUL,PR,MARECHAL CÂNDIDO RONDON,ACADÊMICO,GEOGRAFIA,4,2011,EM FUNCIONAMENTO
NÃO SE APLICA,41,ESTADUAL,PÚBLICA,SUL,PR,CASCAVEL,ACADÊMICO,LETRAS,5,2003,EM FUNCIONAMENTO
NÃO SE APLICA,19,ESTADUAL,PÚBLICA,SUL,PR,CASCAVEL,ACADÊMICO,CIÊNCIAS FARMACÊUTICAS,3,2013,EM FUNCIONAMENTO
NÃO SE APLICA,33,ESTADUAL,PÚBLICA,SUL,PR,TOLEDO,ACADÊMICO,FILOSOFIA,5,2005,EM FUNCIONAMENTO
NÃO SE APLICA,36,ESTADUAL,PÚBLICA,SUL,PR,FRANCISCO BELTRÃO,ACADÊMICO,GEOGRAFIA,5,2007,EM FUNCIONAMENTO
NÃO SE APLICA,42,ESTADUAL,PÚBLICA,SUL,PR,CASCAVEL,ACADÊMICO,ENGENHARIA AGRÍCOLA,5,1997,EM FUNCIONAMENTO
NÃO SE APLICA,27,ESTADUAL,PÚBLICA,SUL,PR,CASCAVEL,PROFISSIONAL,ADMINISTRAÇÃO,4,2014,EM FUNCIONAMENTO
NÃO SE APLICA,30,ESTADUAL,PÚBLICA,SUL,PR,TOLEDO,ACADÊMICO,DESENVOLVIMENTO REGIONAL E AGRONEGÓCIO,6,2003,EM FUNCIONAMENTO
TEORIA ECONÔMICA,28,ESTADUAL,PÚBLICA,SUL,PR,TOLEDO,ACADÊMICO,ECONOMIA,3,2014,EM FUNCIONAMENTO
NÃO SE APLICA,23,ESTADUAL,PÚBLICA,SUL,PR,TOLEDO,ACADÊMICO,RECURSOS PESQUEIROS E ENGENHARIA DE PESCA,4,2008,EM FUNCIONAMENTO
NÃO SE APLICA,4,ESTADUAL,PÚBLICA,SUL,PR,TOLEDO,ACADÊMICO,QUÍMICA,4,2016,EM FUNCIONAMENTO
"ENGENHARIA, TECNOLOGIA E GESTÃO",45,ESTADUAL,PÚBLICA,SUL,PR,FOZ DO IGUAÇU,PROFISSIONAL,"TECNOLOGIAS, GESTÃO E SUSTENTABILIDADE",4,2016,EM FUNCIONAMENTO
NÃO SE APLICA,38,ESTADUAL,PÚBLICA,SUL,PR,CASCAVEL,ACADÊMICO,EDUCAÇÃO,5,2007,EM FUNCIONAMENTO
NÃO SE APLICA,42,ESTADUAL,PÚBLICA,SUL,PR,MARECHAL CÂNDIDO RONDON,ACADÊMICO,AGRONOMIA,5,2001,EM FUNCIONAMENTO
NÃO SE APLICA,46,ESTADUAL,PÚBLICA,SUL,PR,CASCAVEL,ACADÊMICO,EDUCAÇÃO EM CIÊNCIAS E EDUCAÇÃO MATEMÁTICA,5,2017,EM FUNCIONAMENTO
NÃO SE APLICA,38,PARTICULAR,PRIVADA,SUL,PR,CURITIBA,ACADÊMICO,EDUCAÇÃO,4,1999,EM FUNCIONAMENTO
NÃO SE APLICA,21,PARTICULAR,PRIVADA,SUL,PR,CURITIBA,ACADÊMICO,SAÚDE DA COMUNICAÇÃO HUMANA,5,1999,EM FUNCIONAMENTO
NÃO SE APLICA,37,PARTICULAR,PRIVADA,SUL,PR,CURITIBA,ACADÊMICO,PSICOLOGIA FORENSE,4,2011,EM FUNCIONAMENTO
NÃO SE APLICA,18,PARTICULAR,PRIVADA,SUL,PR,CURITIBA,ACADÊMICO,ODONTOLOGIA,A,2024,EM FUNCIONAMENTO
NÃO SE APLICA,18,PARTICULAR,PRIVADA,SUL,PR,CURITIBA,ACADÊMICO,ODONTOLOGIA,4,2014,EM FUNCIONAMENTO
NÃO SE APLICA,18,PARTICULAR,PRIVADA,SUL,PR,CURITIBA,ACADÊMICO,ODONTOLOGIA CLÍNICA,4,2008,EM FUNCIONAMENTO
NÃO SE APLICA,26,PARTICULAR,PRIVADA,SUL,PR,CURITIBA,PROFISSIONAL,DIREITO,3,2019,EM FUNCIONAMENTO
NÃO SE APLICA,48,PARTICULAR,PRIVADA,SUL,PR,CURITIBA,PROFISSIONAL,BIOTECNOLOGIA INDUSTRIAL,5,2010,EM FUNCIONAMENTO
NÃO SE APLICA,49,PARTICULAR,PRIVADA,SUL,PR,CURITIBA,ACADÊMICO,GESTÃO AMBIENTAL,5,2011,EM FUNCIONAMENTO
NÃO SE APLICA,27,PARTICULAR,PRIVADA,SUL,PR,CURITIBA,ACADÊMICO,ADMINISTRAÇÃO,4,2005,EM FUNCIONAMENTO
NÃO SE APLICA,21,PARTICULAR,PRIVADA,SUL,PR,LONDRINA,PROFISSIONAL,EXERCICIO FISICO NA PROMOÇÂO DA SAUDE,4,2012,EM FUNCIONAMENTO
NÃO SE APLICA,46,PARTICULAR,PRIVADA,SUL,PR,LONDRINA,ACADÊMICO,METODOLOGIAS PARA O ENSINO DE LINGUAGENS E SUAS TECNOLOGIAS,4,2013,EM FUNCIONAMENTO
NÃO SE APLICA,24,PARTICULAR,PRIVADA,SUL,PR,LONDRINA,ACADÊMICO,SAÚDE E PRODUÇÃO ANIMAL,4,2012,EM FUNCIONAMENTO
NÃO SE APLICA,26,PARTICULAR,PRIVADA,SUL,PR,UMUARAMA,ACADÊMICO,DIREITO PROCESSUAL E CIDADANIA,4,1999,EM FUNCIONAMENTO
NÃO SE APLICA,42,PARTICULAR,PRIVADA,SUL,PR,UMUARAMA,ACADÊMICO,BIOTECNOLOGIA APLICADA À AGRICULTURA,5,2006,EM FUNCIONAMENTO
NÃO SE APLICA,19,PARTICULAR,PRIVADA,SUL,PR,UMUARAMA,PROFISSIONAL,PLANTAS MEDICINAIS E FITOTERÁPICOS NA ATENÇÃO BÁSICA,4,2016,EM FUNCIONAMENTO
NÃO SE APLICA,24,PARTICULAR,PRIVADA,SUL,PR,UMUARAMA,ACADÊMICO,CIÊNCIA ANIMAL COM ÊNFASE EM PRODUTOS BIOATIVOS,4,2006,EM FUNCIONAMENTO
NÃO SE APLICA,26,PARTICULAR,PRIVADA,SUL,PR,CURITIBA,ACADÊMICO,DIREITO,5,2006,EM FUNCIONAMENTO
SAÚDE E BIOLÓGICAS,45,PARTICULAR,PRIVADA,SUL,PR,MARINGÁ,ACADÊMICO,PROMOÇÃO DA SAÚDE,5,2011,EM FUNCIONAMENTO
NÃO SE APLICA,49,PARTICULAR,PRIVADA,SUL,PR,MARINGÁ,ACADÊMICO,TECNOLOGIAS LIMPAS,4,2014,EM FUNCIONAMENTO
NÃO SE APLICA,26,PARTICULAR,PRIVADA,SUL,PR,MARINGÁ,ACADÊMICO,CIÊNCIAS JURÍDICAS,4,2005,EM FUNCIONAMENTO
"ENGENHARIA, TECNOLOGIA E GESTÃO",45,PARTICULAR,PRIVADA,SUL,PR,MARINGÁ,ACADÊMICO,GESTÃO DO CONHECIMENTO NAS ORGANIZAÇÕES,4,2014,EM FUNCIONAMENTO
NÃO SE APLICA,26,ESTADUAL,PÚBLICA,SUL,PR,JACAREZINHO,ACADÊMICO,CIÊNCIA JURÍDICA,4,2001,EM FUNCIONAMENTO
NÃO SE APLICA,21,ESTADUAL,PÚBLICA,SUL,PR,JACAREZINHO,ACADÊMICO,CIÊNCIAS DO MOVIMENTO HUMANO,3,2020,EM FUNCIONAMENTO
NÃO SE APLICA,38,ESTADUAL,PÚBLICA,SUL,PR,JACAREZINHO,PROFISSIONAL,EDUCAÇÃO,3,2019,EM FUNCIONAMENTO
ENFERMAGEM DE SAÚDE PÚBLICA,20,ESTADUAL,PÚBLICA,SUL,PR,JACAREZINHO,PROFISSIONAL,ENFERMAGEM EM ATENÇÃO PRIMÁRIA À SAÚDE,A,2024,EM FUNCIONAMENTO
NÃO SE APLICA,42,ESTADUAL,PÚBLICA,SUL,PR,BANDEIRANTES,ACADÊMICO,PRODUÇÃO AGROPECUÁRIA SUSTENTÁVEL,3,2012,EM FUNCIONAMENTO
NÃO SE APLICA,46,ESTADUAL,PÚBLICA,SUL,PR,CORNÉLIO PROCÓPIO,PROFISSIONAL,ENSINO,4,2016,EM FUNCIONAMENTO
"ENGENHARIA, TECNOLOGIA E GESTÃO",45,PARTICULAR,PRIVADA,SUL,PR,CURITIBA,PROFISSIONAL,DESENVOLVIMENTO DE TECNOLOGIA,4,2005,EM FUNCIONAMENTO
"SOCIAIS, CULTURAS E HUMANIDADES",45,FEDERAL,PÚBLICA,SUL,PR,CURITIBA,ACADÊMICO,"CIÊNCIA, TECNOLOGIA E SOCIEDADE",3,2017,EM FUNCIONAMENTO
TEORIA LITERARIA,41,PARTICULAR,PRIVADA,SUL,PR,CURITIBA,ACADÊMICO,TEORIA LITERÁRIA,4,2006,EM FUNCIONAMENTO
NÃO SE APLICA,26,PARTICULAR,PRIVADA,SUL,PR,CURITIBA,ACADÊMICO,DIREITO,5,2007,EM FUNCIONAMENTO
SAÚDE MATERNO-INFANTIL,16,PARTICULAR,PRIVADA,SUL,PR,CURITIBA,ACADÊMICO,BIOTECNOLOGIA APLICADA A SAÚDE DA CRIANÇA E DO ADOLESCENTE,4,2008,EM FUNCIONAMENTO
NÃO SE APLICA,46,PARTICULAR,PRIVADA,SUL,PR,CURITIBA,ACADÊMICO,ENSINO NAS CIÊNCIAS DA SAÚDE,4,2015,EM FUNCIONAMENTO
NÃO SE APLICA,18,PARTICULAR,PRIVADA,SUL,PR,MARINGÁ,PROFISSIONAL,ODONTOLOGIA,3,2008,EM FUNCIONAMENTO
NÃO SE APLICA,18,PARTICULAR,PRIVADA,SUL,PR,CURITIBA,PROFISSIONAL,ODONTOLOGIA,4,2008,EM FUNCIONAMENTO
NÃO SE APLICA,7,FEDERAL,PÚBLICA,SUL,PR,FOZ DO IGUAÇU,ACADÊMICO,BIODIVERSIDADE NEOTROPICAL,4,2017,EM FUNCIONAMENTO
NÃO SE APLICA,28,FEDERAL,PÚBLICA,SUL,PR,FOZ DO IGUAÇU,ACADÊMICO,ECONOMIA,3,2019,EM FUNCIONAMENTO
NÃO SE APLICA,10,FEDERAL,PÚBLICA,SUL,PR,FOZ DO IGUAÇU,ACADÊMICO,ENGENHARIA CIVIL,3,2016,EM FUNCIONAMENTO
"SOCIAIS, CULTURAS E HUMANIDADES",45,FEDERAL,PÚBLICA,SUL,PR,FOZ DO IGUAÇU,ACADÊMICO,INTERDISCIPLINAR EM ESTUDOS LATINO-AMERICANOS,4,2014,EM FUNCIONAMENTO
POLÍTICA INTERNACIONAL,39,FEDERAL,PÚBLICA,SUL,PR,FOZ DO IGUAÇU,ACADÊMICO,RELAÇÕES INTERNACIONAIS,3,2019,EM FUNCIONAMENTO
NÃO SE APLICA,40,FEDERAL,PÚBLICA,SUL,PR,FOZ DO IGUAÇU,ACADÊMICO,HISTÓRIA,3,2019,EM FUNCIONAMENTO
FISIOLOGIA GERAL,8,FEDERAL,PÚBLICA,SUL,PR,FOZ DO IGUAÇU,ACADÊMICO,BIOCIÊNCIAS,4,2017,EM FUNCIONAMENTO
LITERATURA COMPARADA,41,FEDERAL,PÚBLICA,SUL,PR,FOZ DO IGUAÇU,ACADÊMICO,LITERATURA COMPARADA,4,2016,EM FUNCIONAMENTO
"ENGENHARIA, TECNOLOGIA E GESTÃO",45,FEDERAL,PÚBLICA,SUL,PR,FOZ DO IGUAÇU,ACADÊMICO,ENERGIA & SUSTENTABILIDADE,4,2019,EM FUNCIONAMENTO
NÃO SE APLICA,30,FEDERAL,PÚBLICA,SUL,PR,FOZ DO IGUAÇU,ACADÊMICO,POLÍTICAS PÚBLICAS E DESENVOLVIMENTO,3,2016,EM FUNCIONAMENTO
NÃO SE APLICA,3,FEDERAL,PÚBLICA,SUL,PR,FOZ DO IGUAÇU,ACADÊMICO,FÍSICA APLICADA,3,2016,EM FUNCIONAMENTO
NÃO SE APLICA,39,FEDERAL,PÚBLICA,SUL,PR,FOZ DO IGUAÇU,ACADÊMICO,INTEGRAÇÃO CONTEMPORÂNEA DA AMÉRICA LATINA - ICAL,4,2014,EM FUNCIONAMENTO
NÃO SE APLICA,26,PARTICULAR,PRIVADA,SUL,PR,CURITIBA,ACADÊMICO,DIREITO,3,2016,EM FUNCIONAMENTO
NÃO SE APLICA,38,PARTICULAR,PRIVADA,SUL,PR,CURITIBA,PROFISSIONAL,EDUCAÇÃO E NOVAS TECNOLOGIAS,4,2014,EM FUNCIONAMENTO
DIREITOS ESPECIAIS,26,PARTICULAR,PRIVADA,SUL,PR,CASCAVEL,ACADÊMICO,"DIREITO, INOVAÇÃO E REGULAÇÕES",A,2021,EM FUNCIONAMENTO
TEOLOGIA PASTORAL,44,PARTICULAR,PRIVADA,SUL,PR,CURITIBA,PROFISSIONAL,TEOLOGIA,3,2013,EM FUNCIONAMENTO
NÃO SE APLICA,11,ESTADUAL,PÚBLICA,SUL,PR,CURITIBA,ACADÊMICO,ARTES VISUAIS,A,2024,EM FUNCIONAMENTO
NÃO SE APLICA,11,ESTADUAL,PÚBLICA,SUL,PR,CURITIBA,ACADÊMICO,CINEMA E ARTES DO VÍDEO,3,2019,EM FUNCIONAMENTO
"SOCIAIS, CULTURAS E HUMANIDADES",45,ESTADUAL,PÚBLICA,SUL,PR,CAMPO MOURÃO,ACADÊMICO,SOCIEDADE E DESENVOLVIMENTO,4,2014,EM FUNCIONAMENTO
ENSINO DE CIÊNCIAS E MATEMÁTICA,46,ESTADUAL,PÚBLICA,SUL,PR,PARANAVAÍ,ACADÊMICO,EDUCAÇÃO MATEMÁTICA,3,2019,EM FUNCIONAMENTO
NÃO SE APLICA,49,ESTADUAL,PÚBLICA,SUL,PR,PARANAGUÁ,ACADÊMICO,AMBIENTES LITORÂNEOS E INSULARES,A,2023,EM FUNCIONAMENTO
NÃO SE APLICA,46,ESTADUAL,PÚBLICA,SUL,PR,PARANAVAÍ,ACADÊMICO,FORMAÇÃO DOCENTE INTERDISCIPLINAR,4,2013,EM FUNCIONAMENTO
MÚSICA,11,ESTADUAL,PÚBLICA,SUL,PR,CURITIBA,ACADÊMICO,MÚSICA,3,2019,EM FUNCIONAMENTO
NÃO SE APLICA,40,ESTADUAL,PÚBLICA,SUL,PR,PARANAVAÍ,ACADÊMICO,HISTÓRIA,3,2019,EM FUNCIONAMENTO
NÃO SE APLICA,11,ESTADUAL,PÚBLICA,SUL,PR,PARANAVAÍ,PROFISSIONAL,ARTES,3,2019,EM FUNCIONAMENTO
SAÚDE E BIOLÓGICAS,45,PARTICULAR,PRIVADA,SUL,PR,GUARAPUAVA,PROFISSIONAL,PROMOÇÃO DA SAÚDE,3,2019,EM FUNCIONAMENTO
NÃO SE APLICA,13,FEDERAL,PÚBLICA,SUL,SC,ARARANGUÁ,ACADÊMICO,ENERGIA E SUSTENTABILIDADE,4,2016,EM FUNCIONAMENTO
"ENGENHARIA, TECNOLOGIA E GESTÃO",45,FEDERAL,PÚBLICA,SUL,SC,FLORIANÓPOLIS,ACADÊMICO,"ENGENHARIA, GESTÃO E MÍDIA DO CONHECIMENTO",7,2004,EM FUNCIONAMENTO
NÃO SE APLICA,41,FEDERAL,PÚBLICA,SUL,SC,FLORIANÓPOLIS,ACADÊMICO,ESTUDOS DA TRADUÇÃO,6,2004,EM FUNCIONAMENTO
NÃO SE APLICA,8,FEDERAL,PÚBLICA,SUL,SC,FLORIANÓPOLIS,ACADÊMICO,BIOQUÍMICA,6,2008,EM FUNCIONAMENTO
NÃO SE APLICA,8,FEDERAL,PÚBLICA,SUL,SC,FLORIANÓPOLIS,ACADÊMICO,FARMACOLOGIA,6,1991,EM FUNCIONAMENTO
NÃO SE APLICA,42,FEDERAL,PÚBLICA,SUL,SC,FLORIANÓPOLIS,ACADÊMICO,RECURSOS GENÉTICOS VEGETAIS,6,1998,EM FUNCIONAMENTO
NÃO SE APLICA,20,FEDERAL,PÚBLICA,SUL,SC,FLORIANÓPOLIS,PROFISSIONAL,GESTÃO DO CUIDADO EM ENFERMAGEM,5,2010,EM FUNCIONAMENTO
NÃO SE APLICA,47,FEDERAL,PÚBLICA,SUL,SC,FLORIANÓPOLIS,ACADÊMICO,CIÊNCIA E ENGENHARIA DE MATERIAIS,7,1994,EM FUNCIONAMENTO
NÃO SE APLICA,10,FEDERAL,PÚBLICA,SUL,SC,FLORIANÓPOLIS,ACADÊMICO,ENGENHARIA CIVIL,6,1991,EM FUNCIONAMENTO
NÃO SE APLICA,10,FEDERAL,PÚBLICA,SUL,SC,FLORIANÓPOLIS,ACADÊMICO,ENGENHARIA AMBIENTAL,6,1994,EM FUNCIONAMENTO
NÃO SE APLICA,6,FEDERAL,PÚBLICA,SUL,SC,FLORIANÓPOLIS,ACADÊMICO,BIOLOGIA CELULAR E DO DESENVOLVIMENTO,4,2009,EM FUNCIONAMENTO
NÃO SE APLICA,14,FEDERAL,PÚBLICA,SUL,SC,FLORIANÓPOLIS,ACADÊMICO,ENGENHARIA DE AUTOMAÇÃO E SISTEMAS,6,2007,EM FUNCIONAMENTO
POLÍTICA INTERNACIONAL,39,FEDERAL,PÚBLICA,SUL,SC,FLORIANÓPOLIS,ACADÊMICO,RELAÇÕES INTERNACIONAIS,4,2011,EM FUNCIONAMENTO
NÃO SE APLICA,49,FEDERAL,PÚBLICA,SUL,SC,FLORIANÓPOLIS,PROFISSIONAL,DESASTRES NATURAIS,3,2016,EM FUNCIONAMENTO
NÃO SE APLICA,14,FEDERAL,PÚBLICA,SUL,SC,JOINVILLE,ACADÊMICO,ENGENHARIA DE SISTEMAS ELETRÔNICOS,3,2017,EM FUNCIONAMENTO
NÃO SE APLICA,50,FEDERAL,PÚBLICA,SUL,SC,FLORIANÓPOLIS,ACADÊMICO,NUTRIÇÃO,4,2002,EM FUNCIONAMENTO
NÃO SE APLICA,35,FEDERAL,PÚBLICA,SUL,SC,FLORIANÓPOLIS,ACADÊMICO,ANTROPOLOGIA SOCIAL,6,1985,EM FUNCIONAMENTO
NÃO SE APLICA,41,FEDERAL,PÚBLICA,SUL,SC,FLORIANÓPOLIS,ACADÊMICO,INGLÊS:ESTUDOS LINGÜÍSTICOS E LITERÁRIOS,5,1972,EM FUNCIONAMENTO
NÃO SE APLICA,13,FEDERAL,PÚBLICA,SUL,SC,JOINVILLE,ACADÊMICO,ENGENHARIA E CIÊNCIAS MECÂNICAS,3,2015,EM FUNCIONAMENTO
NÃO SE APLICA,15,FEDERAL,PÚBLICA,SUL,SC,FLORIANÓPOLIS,ACADÊMICO,CIÊNCIAS MÉDICAS,4,2008,EM FUNCIONAMENTO
NÃO SE APLICA,8,FEDERAL,PÚBLICA,SUL,SC,FLORIANÓPOLIS,PROFISSIONAL,FARMACOLOGIA,5,2009,EM FUNCIONAMENTO
NÃO SE APLICA,27,FEDERAL,PÚBLICA,SUL,SC,FLORIANÓPOLIS,PROFISSIONAL,ADMINISTRAÇÃO UNIVERSITÁRIA,3,2010,EM FUNCIONAMENTO
NÃO SE APLICA,23,FEDERAL,PÚBLICA,SUL,SC,FLORIANÓPOLIS,ACADÊMICO,AQUICULTURA,6,1988,EM FUNCIONAMENTO
MICROBIOLOGIA APLICADA,9,FEDERAL,PÚBLICA,SUL,SC,FLORIANÓPOLIS,ACADÊMICO,BIOTECNOLOGIA E BIOCIÊNCIAS,5,1995,EM FUNCIONAMENTO
ENGENHARIA DE ALIMENTOS,25,FEDERAL,PÚBLICA,SUL,SC,FLORIANÓPOLIS,ACADÊMICO,ENGENHARIA DE ALIMENTOS,7,1999,EM FUNCIONAMENTO
NÃO SE APLICA,7,FEDERAL,PÚBLICA,SUL,SC,FLORIANÓPOLIS,ACADÊMICO,ECOLOGIA,5,2008,EM FUNCIONAMENTO
NÃO SE APLICA,8,FEDERAL,PÚBLICA,SUL,SC,FLORIANÓPOLIS,ACADÊMICO,NEUROCIÊNCIAS,6,1994,EM FUNCIONAMENTO
NÃO SE APLICA,4,FEDERAL,PÚBLICA,SUL,SC,FLORIANÓPOLIS,ACADÊMICO,QUÍMICA,7,1971,EM FUNCIONAMENTO
NÃO SE APLICA,27,FEDERAL,PÚBLICA,SUL,SC,FLORIANÓPOLIS,ACADÊMICO,ADMINISTRAÇÃO,4,1978,EM FUNCIONAMENTO
NÃO SE APLICA,1,FEDERAL,PÚBLICA,SUL,SC,FLORIANÓPOLIS,ACADÊMICO,MATEMÁTICA PURA E APLICADA,5,1976,EM FUNCIONAMENTO
HISTÓRIA DO BRASIL,40,FEDERAL,PÚBLICA,SUL,SC,FLORIANÓPOLIS,ACADÊMICO,HISTÓRIA,5,1975,EM FUNCIONAMENTO
NÃO SE APLICA,7,FEDERAL,PÚBLICA,SUL,SC,FLORIANÓPOLIS,ACADÊMICO,"BIOLOGIA DE FUNGOS, ALGAS E PLANTAS",5,1999,EM FUNCIONAMENTO
NÃO SE APLICA,3,FEDERAL,PÚBLICA,SUL,SC,FLORIANÓPOLIS,ACADÊMICO,FÍSICA,5,1988,EM FUNCIONAMENTO
NÃO SE APLICA,22,FEDERAL,PÚBLICA,SUL,SC,FLORIANÓPOLIS,ACADÊMICO,SAÚDE COLETIVA,6,1996,EM FUNCIONAMENTO
NÃO SE APLICA,21,FEDERAL,PÚBLICA,SUL,SC,FLORIANÓPOLIS,ACADÊMICO,FONOAUDIOLOGIA,A,2021,EM FUNCIONAMENTO
NÃO SE APLICA,21,FEDERAL,PÚBLICA,SUL,SC,ARARANGUÁ,ACADÊMICO,CIÊNCIAS DA REABILITAÇÃO,3,2016,EM FUNCIONAMENTO
NÃO SE APLICA,22,FEDERAL,PÚBLICA,SUL,SC,FLORIANÓPOLIS,PROFISSIONAL,SAÚDE MENTAL E ATENÇÃO PSICOSSOCIAL,3,2011,EM FUNCIONAMENTO
NÃO SE APLICA,20,FEDERAL,PÚBLICA,SUL,SC,FLORIANÓPOLIS,ACADÊMICO,ENFERMAGEM,6,1976,EM FUNCIONAMENTO
NÃO SE APLICA,10,FEDERAL,PÚBLICA,SUL,SC,FLORIANÓPOLIS,ACADÊMICO,ENGENHARIA DE TRANSPORTES E GESTÃO TERRITORIAL,3,2015,EM FUNCIONAMENTO
ENSINO DE CIÊNCIAS E MATEMÁTICA,46,FEDERAL,PÚBLICA,SUL,SC,FLORIANÓPOLIS,ACADÊMICO,EDUCAÇÃO CIENTIFICA E TECNOLÓGICA,6,2002,EM FUNCIONAMENTO
NÃO SE APLICA,19,FEDERAL,PÚBLICA,SUL,SC,FLORIANÓPOLIS,ACADÊMICO,FARMÁCIA,5,1999,EM FUNCIONAMENTO
"ENGENHARIA, TECNOLOGIA E GESTÃO",45,FEDERAL,PÚBLICA,SUL,SC,ARARANGUÁ,ACADÊMICO,TECNOLOGIAS DA INFORMAÇÃO E COMUNICAÇÃO,4,2014,EM FUNCIONAMENTO
OUTRAS SOCIOLOGIAS ESPECÍFICAS,34,FEDERAL,PÚBLICA,SUL,SC,FLORIANÓPOLIS,ACADÊMICO,SOCIOLOGIA E CIÊNCIA POLÍTICA,5,1985,EM FUNCIONAMENTO
NÃO SE APLICA,32,FEDERAL,PÚBLICA,SUL,SC,FLORIANÓPOLIS,ACADÊMICO,SERVIÇO SOCIAL,5,2001,EM FUNCIONAMENTO
NÃO SE APLICA,49,FEDERAL,PÚBLICA,SUL,SC,FLORIANÓPOLIS,ACADÊMICO,AGROECOSSISTEMAS,5,1995,EM FUNCIONAMENTO
NÃO SE APLICA,29,FEDERAL,PÚBLICA,SUL,SC,FLORIANÓPOLIS,ACADÊMICO,ARQUITETURA E URBANISMO,5,2001,EM FUNCIONAMENTO
NÃO SE APLICA,12,FEDERAL,PÚBLICA,SUL,SC,FLORIANÓPOLIS,ACADÊMICO,ENGENHARIA QUÍMICA,7,1993,EM FUNCIONAMENTO
NÃO SE APLICA,31,FEDERAL,PÚBLICA,SUL,SC,FLORIANÓPOLIS,ACADÊMICO,JORNALISMO,4,2007,EM FUNCIONAMENTO
NÃO SE APLICA,31,FEDERAL,PÚBLICA,SUL,SC,FLORIANÓPOLIS,ACADÊMICO,CIÊNCIA DA INFORMAÇÃO,5,2000,EM FUNCIONAMENTO
NÃO SE APLICA,20,FEDERAL,PÚBLICA,SUL,SC,FLORIANÓPOLIS,PROFISSIONAL,INFORMÁTICA EM SAÚDE,4,2016,EM FUNCIONAMENTO
NÃO SE APLICA,5,FEDERAL,PÚBLICA,SUL,SC,FLORIANÓPOLIS,ACADÊMICO,OCEANOGRAFIA,4,2015,EM FUNCIONAMENTO
NÃO SE APLICA,36,FEDERAL,PÚBLICA,SUL,SC,FLORIANÓPOLIS,ACADÊMICO,GEOGRAFIA,5,1985,EM FUNCIONAMENTO
GEOLOGIA,5,FEDERAL,PÚBLICA,SUL,SC,FLORIANÓPOLIS,ACADÊMICO,GEOLOGIA,3,2019,EM FUNCIONAMENTO
NÃO SE APLICA,41,FEDERAL,PÚBLICA,SUL,SC,FLORIANÓPOLIS,ACADÊMICO,LINGÜÍSTICA,6,1971,EM FUNCIONAMENTO
CIÊNCIAS CONTÁBEIS,27,FEDERAL,PÚBLICA,SUL,SC,FLORIANÓPOLIS,ACADÊMICO,CONTABILIDADE,5,2004,EM FUNCIONAMENTO
CIÊNCIAS CONTÁBEIS,27,FEDERAL,PÚBLICA,SUL,SC,FLORIANÓPOLIS,PROFISSIONAL,PLANEJAMENTO E CONTROLE DE GESTÃO,3,2019,EM FUNCIONAMENTO
NÃO SE APLICA,21,FEDERAL,PÚBLICA,SUL,SC,FLORIANÓPOLIS,ACADÊMICO,EDUCAÇÃO FÍSICA,7,1996,EM FUNCIONAMENTO
NÃO SE APLICA,14,FEDERAL,PÚBLICA,SUL,SC,FLORIANÓPOLIS,ACADÊMICO,ENGENHARIA ELÉTRICA,7,1971,EM FUNCIONAMENTO
NÃO SE APLICA,29,FEDERAL,PÚBLICA,SUL,SC,FLORIANÓPOLIS,ACADÊMICO,DESIGN,6,2007,EM FUNCIONAMENTO
NÃO SE APLICA,33,FEDERAL,PÚBLICA,SUL,SC,FLORIANÓPOLIS,ACADÊMICO,FILOSOFIA,7,1997,EM FUNCIONAMENTO
NÃO SE APLICA,37,FEDERAL,PÚBLICA,SUL,SC,FLORIANÓPOLIS,ACADÊMICO,PSICOLOGIA,5,1995,EM FUNCIONAMENTO
NÃO SE APLICA,2,FEDERAL,PÚBLICA,SUL,SC,FLORIANÓPOLIS,ACADÊMICO,CIÊNCIAS DA COMPUTAÇÃO,5,1992,EM FUNCIONAMENTO
NÃO SE APLICA,18,FEDERAL,PÚBLICA,SUL,SC,FLORIANÓPOLIS,ACADÊMICO,ODONTOLOGIA,5,1971,EM FUNCIONAMENTO
NÃO SE APLICA,38,FEDERAL,PÚBLICA,SUL,SC,FLORIANÓPOLIS,ACADÊMICO,EDUCAÇÃO,5,1984,EM FUNCIONAMENTO
CIÊNCIA DE ALIMENTOS,25,FEDERAL,PÚBLICA,SUL,SC,FLORIANÓPOLIS,ACADÊMICO,CIÊNCIAS DOS ALIMENTOS,6,1988,EM FUNCIONAMENTO
NÃO SE APLICA,42,FEDERAL,PÚBLICA,SUL,SC,CURITIBANOS,ACADÊMICO,ECOSSISTEMAS AGRÍCOLAS E NATURAIS,4,2016,EM FUNCIONAMENTO
NÃO SE APLICA,28,FEDERAL,PÚBLICA,SUL,SC,FLORIANÓPOLIS,ACADÊMICO,ECONOMIA,5,1995,EM FUNCIONAMENTO
NÃO SE APLICA,13,FEDERAL,PÚBLICA,SUL,SC,FLORIANÓPOLIS,ACADÊMICO,ENGENHARIA MECÂNICA,6,1969,EM FUNCIONAMENTO
NÃO SE APLICA,26,FEDERAL,PÚBLICA,SUL,SC,FLORIANÓPOLIS,ACADÊMICO,DIREITO,6,1974,EM FUNCIONAMENTO
"SOCIAIS, CULTURAS E HUMANIDADES",45,FEDERAL,PÚBLICA,SUL,SC,FLORIANÓPOLIS,ACADÊMICO,INTERDISCIPLINAR EM CIÊNCIAS HUMANAS,5,1995,EM FUNCIONAMENTO
NÃO SE APLICA,41,FEDERAL,PÚBLICA,SUL,SC,FLORIANÓPOLIS,ACADÊMICO,LITERATURA,5,1971,EM FUNCIONAMENTO
NÃO SE APLICA,19,FEDERAL,PÚBLICA,SUL,SC,FLORIANÓPOLIS,ACADÊMICO,ASSISTÊNCIA FARMACÊUTICA,4,2011,EM FUNCIONAMENTO
NÃO SE APLICA,13,FEDERAL,PÚBLICA,SUL,SC,FLORIANÓPOLIS,ACADÊMICO,ENGENHARIA DE PRODUÇÃO,6,2002,EM FUNCIONAMENTO
NÃO SE APLICA,26,FEDERAL,PÚBLICA,SUL,SC,FLORIANÓPOLIS,PROFISSIONAL,DIREITO,4,2016,EM FUNCIONAMENTO
NÃO SE APLICA,47,FEDERAL,PÚBLICA,SUL,SC,BLUMENAU,ACADÊMICO,"NANOCIÊNCIA, PROCESSOS E MATERIAIS AVANÇADOS",3,2019,EM FUNCIONAMENTO
NÃO SE APLICA,12,FEDERAL,PÚBLICA,SUL,SC,BLUMENAU,ACADÊMICO,ENGENHARIA TÊXTIL,3,2019,EM FUNCIONAMENTO
NÃO SE APLICA,24,FEDERAL,PÚBLICA,SUL,SC,CURITIBANOS,ACADÊMICO,MEDICINA VETERINARIA CONVENCIONAL E INTEGRATIVA,A,2021,EM FUNCIONAMENTO
NÃO SE APLICA,27,ESTADUAL,PÚBLICA,SUL,SC,FLORIANÓPOLIS,ACADÊMICO,ADMINISTRAÇÃO,4,2011,EM FUNCIONAMENTO
MÚSICA,11,ESTADUAL,PÚBLICA,SUL,SC,FLORIANÓPOLIS,ACADÊMICO,MÚSICA,5,2007,EM FUNCIONAMENTO
NÃO SE APLICA,46,ESTADUAL,PÚBLICA,SUL,SC,JOINVILLE,PROFISSIONAL,"ENSINO DE CIÊNCIAS, MATEMÁTICA E TECNOLOGIAS",4,2015,EM FUNCIONAMENTO
NÃO SE APLICA,4,ESTADUAL,PÚBLICA,SUL,SC,JOINVILLE,ACADÊMICO,QUÍMICA APLICADA,4,2016,EM FUNCIONAMENTO
NÃO SE APLICA,42,ESTADUAL,PÚBLICA,SUL,SC,LAGES,ACADÊMICO,CIENCIA DO SOLO,5,1997,EM FUNCIONAMENTO
NÃO SE APLICA,2,ESTADUAL,PÚBLICA,SUL,SC,JOINVILLE,ACADÊMICO,COMPUTAÇÃO APLICADA,4,2012,EM FUNCIONAMENTO
NÃO SE APLICA,10,ESTADUAL,PÚBLICA,SUL,SC,JOINVILLE,ACADÊMICO,ENGENHARIA CIVIL,4,2015,EM FUNCIONAMENTO
NÃO SE APLICA,23,ESTADUAL,PÚBLICA,SUL,SC,CHAPECÓ,ACADÊMICO,ZOOTECNIA,4,2015,EM FUNCIONAMENTO
NÃO SE APLICA,30,ESTADUAL,PÚBLICA,SUL,SC,FLORIANÓPOLIS,ACADÊMICO,PLANEJAMENTO TERRITORIAL E DESENVOLVIMENTO SÓCIO-AMBIENTAL,4,2007,EM FUNCIONAMENTO
NÃO SE APLICA,13,ESTADUAL,PÚBLICA,SUL,SC,JOINVILLE,ACADÊMICO,ENGENHARIA MECÂNICA,4,2011,EM FUNCIONAMENTO
NÃO SE APLICA,38,ESTADUAL,PÚBLICA,SUL,SC,FLORIANÓPOLIS,ACADÊMICO,EDUCAÇÃO,5,2007,EM FUNCIONAMENTO
NÃO SE APLICA,12,ESTADUAL,PÚBLICA,SUL,SC,JOINVILLE,ACADÊMICO,CIÊNCIA E ENGENHARIA DE MATERIAIS,4,1995,EM FUNCIONAMENTO
TEATRO,11,ESTADUAL,PÚBLICA,SUL,SC,FLORIANÓPOLIS,ACADÊMICO,ARTES CÊNICAS,5,2002,EM FUNCIONAMENTO
NÃO SE APLICA,24,ESTADUAL,PÚBLICA,SUL,SC,LAGES,ACADÊMICO,CIENCIA ANIMAL,5,2002,EM FUNCIONAMENTO
NÃO SE APLICA,27,ESTADUAL,PÚBLICA,SUL,SC,FLORIANÓPOLIS,PROFISSIONAL,ADMINISTRAÇÃO,5,2004,EM FUNCIONAMENTO
NÃO SE APLICA,21,ESTADUAL,PÚBLICA,SUL,SC,FLORIANÓPOLIS,ACADÊMICO,CIÊNCIAS DO MOVIMENTO HUMANO,5,1997,EM FUNCIONAMENTO
NÃO SE APLICA,14,ESTADUAL,PÚBLICA,SUL,SC,JOINVILLE,ACADÊMICO,ENGENHARIA ELÉTRICA,4,2009,EM FUNCIONAMENTO
NÃO SE APLICA,25,ESTADUAL,PÚBLICA,SUL,SC,PINHALZINHO,ACADÊMICO,CIÊNCIA E TECNOLOGIA DE ALIMENTOS,3,2016,EM FUNCIONAMENTO
NÃO SE APLICA,29,ESTADUAL,PÚBLICA,SUL,SC,FLORIANÓPOLIS,PROFISSIONAL,DESIGN DE VESTUÁRIO E MODA,4,2017,EM FUNCIONAMENTO
NÃO SE APLICA,29,ESTADUAL,PÚBLICA,SUL,SC,FLORIANÓPOLIS,ACADÊMICO,DESIGN,4,2011,EM FUNCIONAMENTO
NÃO SE APLICA,31,ESTADUAL,PÚBLICA,SUL,SC,FLORIANÓPOLIS,PROFISSIONAL,GESTÃO DA INFORMAÇÃO,4,2013,EM FUNCIONAMENTO
NÃO SE APLICA,21,ESTADUAL,PÚBLICA,SUL,SC,FLORIANÓPOLIS,ACADÊMICO,FISIOTERAPIA,4,2011,EM FUNCIONAMENTO
NÃO SE APLICA,20,ESTADUAL,PÚBLICA,SUL,SC,CHAPECÓ,PROFISSIONAL,ENFERMAGEM NA ATENÇÃO PRIMÁRIA À SAÚDE,4,2017,EM FUNCIONAMENTO
NÃO SE APLICA,3,ESTADUAL,PÚBLICA,SUL,SC,JOINVILLE,ACADÊMICO,FÍSICA,4,2006,EM FUNCIONAMENTO
NÃO SE APLICA,11,ESTADUAL,PÚBLICA,SUL,SC,FLORIANÓPOLIS,ACADÊMICO,ARTES VISUAIS,4,2005,EM FUNCIONAMENTO
NÃO SE APLICA,42,ESTADUAL,PÚBLICA,SUL,SC,LAGES,ACADÊMICO,PRODUÇÃO VEGETAL,5,2003,EM FUNCIONAMENTO
NÃO SE APLICA,40,ESTADUAL,PÚBLICA,SUL,SC,FLORIANÓPOLIS,ACADÊMICO,HISTÓRIA,5,2007,EM FUNCIONAMENTO
NÃO SE APLICA,42,ESTADUAL,PÚBLICA,SUL,SC,FLORIANÓPOLIS,ACADÊMICO,ENGENHARIA FLORESTAL,4,2012,EM FUNCIONAMENTO
NÃO SE APLICA,49,ESTADUAL,PÚBLICA,SUL,SC,FLORIANÓPOLIS,ACADÊMICO,CIÊNCIAS AMBIENTAIS,4,2015,EM FUNCIONAMENTO
NÃO SE APLICA,31,PARTICULAR,PRIVADA,SUL,SC,JOINVILLE,PROFISSIONAL,COMUNICAÇÃO E MEDIAÇÕES CONTEMPORÂNEAS,A,2024,EM FUNCIONAMENTO
NÃO SE APLICA,29,PARTICULAR,PRIVADA,SUL,SC,JOINVILLE,PROFISSIONAL,DESIGN,5,2013,EM FUNCIONAMENTO
PROCESSOS INDUSTRIAIS DE ENGENHARIA QUÍMICA,12,PARTICULAR,PRIVADA,SUL,SC,JOINVILLE,ACADÊMICO,ENGENHARIA DE PROCESSOS,3,2006,EM FUNCIONAMENTO
SAÚDE E BIOLÓGICAS,45,PARTICULAR,PRIVADA,SUL,SC,JOINVILLE,ACADÊMICO,SAÚDE E MEIO AMBIENTE,5,1999,EM FUNCIONAMENTO
NÃO SE APLICA,38,PARTICULAR,PRIVADA,SUL,SC,JOINVILLE,ACADÊMICO,EDUCAÇÃO,4,2011,EM FUNCIONAMENTO
"SOCIAIS, CULTURAS E HUMANIDADES",45,PARTICULAR,PRIVADA,SUL,SC,JOINVILLE,ACADÊMICO,PATRIMÔNIO CULTURAL E SOCIEDADE,4,2008,EM FUNCIONAMENTO
NÃO SE APLICA,26,PARTICULAR,PRIVADA,SUL,SC,ITAJAÍ,ACADÊMICO,CIÊNCIA JURÍDICA,6,1995,EM FUNCIONAMENTO
SAÚDE E BIOLÓGICAS,45,PARTICULAR,PRIVADA,SUL,SC,ITAJAÍ,PROFISSIONAL,SAÚDE E GESTÃO DO TRABALHO,4,2003,EM FUNCIONAMENTO
"SOCIAIS, CULTURAS E HUMANIDADES",45,PARTICULAR,PRIVADA,SUL,SC,ITAJAÍ,PROFISSIONAL,GESTÃO DE POLÍTICAS PÚBLICAS,4,2001,EM FUNCIONAMENTO
NÃO SE APLICA,27,PARTICULAR,PRIVADA,SUL,SC,ITAJAÍ,ACADÊMICO,ADMINISTRAÇÃO,5,2003,EM FUNCIONAMENTO
NÃO SE APLICA,37,PARTICULAR,PRIVADA,SUL,SC,ITAJAÍ,PROFISSIONAL,PSICOLOGIA,3,2020,EM FUNCIONAMENTO
NÃO SE APLICA,19,PARTICULAR,PRIVADA,SUL,SC,ITAJAÍ,ACADÊMICO,CIÊNCIAS FARMACÊUTICAS,5,2001,EM FUNCIONAMENTO
NÃO SE APLICA,27,PARTICULAR,PRIVADA,SUL,SC,ITAJAÍ,ACADÊMICO,TURISMO E HOTELARIA,5,1997,EM FUNCIONAMENTO
NÃO SE APLICA,49,PARTICULAR,PRIVADA,SUL,SC,ITAJAÍ,ACADÊMICO,CIÊNCIA E TECNOLOGIA AMBIENTAL,5,2001,EM FUNCIONAMENTO
ADMINISTRAÇÃO DE EMPRESAS,27,PARTICULAR,PRIVADA,SUL,SC,ITAJAÍ,PROFISSIONAL,"ADMINISTRAÇÃO - GESTÃO, INTERNACIONALIZAÇÃO E LOGÍSTICA",4,2015,EM FUNCIONAMENTO
NÃO SE APLICA,26,PARTICULAR,PRIVADA,SUL,SC,ITAJAÍ,PROFISSIONAL,DIREITO DAS MIGRAÇÕES TRANSNACIONAIS,3,2018,EM FUNCIONAMENTO
NÃO SE APLICA,2,PARTICULAR,PRIVADA,SUL,SC,ITAJAÍ,ACADÊMICO,COMPUTAÇÃO,4,2007,EM FUNCIONAMENTO
NÃO SE APLICA,38,PARTICULAR,PRIVADA,SUL,SC,ITAJAÍ,ACADÊMICO,EDUCAÇÃO,5,2000,EM FUNCIONAMENTO
NÃO SE APLICA,46,MUNICIPAL,PÚBLICA,SUL,SC,BLUMENAU,PROFISSIONAL,ENSINO DE CIÊNCIAS NATURAIS E MATEMÁTICA,4,2009,EM FUNCIONAMENTO
NÃO SE APLICA,49,MUNICIPAL,PÚBLICA,SUL,SC,BLUMENAU,ACADÊMICO,ENGENHARIA AMBIENTAL,5,1998,EM FUNCIONAMENTO
NÃO SE APLICA,14,MUNICIPAL,PÚBLICA,SUL,SC,BLUMENAU,PROFISSIONAL,ENGENHARIA ELÉTRICA,3,2017,EM FUNCIONAMENTO
CIÊNCIAS CONTÁBEIS,27,MUNICIPAL,PÚBLICA,SUL,SC,BLUMENAU,ACADÊMICO,CIÊNCIAS CONTÁBEIS,5,2005,EM FUNCIONAMENTO
NÃO SE APLICA,22,MUNICIPAL,PÚBLICA,SUL,SC,BLUMENAU,PROFISSIONAL,SAÚDE COLETIVA,3,2013,EM FUNCIONAMENTO
NÃO SE APLICA,30,MUNICIPAL,PÚBLICA,SUL,SC,BLUMENAU,ACADÊMICO,DESENVOLVIMENTO REGIONAL,5,2000,EM FUNCIONAMENTO
NÃO SE APLICA,42,MUNICIPAL,PÚBLICA,SUL,SC,BLUMENAU,ACADÊMICO,ENGENHARIA FLORESTAL,4,2011,EM FUNCIONAMENTO
NÃO SE APLICA,7,MUNICIPAL,PÚBLICA,SUL,SC,BLUMENAU,ACADÊMICO,BIODIVERSIDADE,3,2019,EM FUNCIONAMENTO
NÃO SE APLICA,27,MUNICIPAL,PÚBLICA,SUL,SC,BLUMENAU,ACADÊMICO,ADMINISTRAÇÃO,4,1997,EM FUNCIONAMENTO
DIREITO PÚBLICO,26,MUNICIPAL,PÚBLICA,SUL,SC,BLUMENAU,ACADÊMICO,DIREITO,3,2020,EM FUNCIONAMENTO
NÃO SE APLICA,4,MUNICIPAL,PÚBLICA,SUL,SC,BLUMENAU,ACADÊMICO,QUÍMICA,4,2002,EM FUNCIONAMENTO
NÃO SE APLICA,38,MUNICIPAL,PÚBLICA,SUL,SC,BLUMENAU,ACADÊMICO,EDUCAÇÃO,5,2001,EM FUNCIONAMENTO
NÃO SE APLICA,12,MUNICIPAL,PÚBLICA,SUL,SC,BLUMENAU,ACADÊMICO,ENGENHARIA QUÍMICA,3,2008,EM FUNCIONAMENTO
NÃO SE APLICA,26,PARTICULAR,PRIVADA,SUL,SC,CHAPECÓ,ACADÊMICO,DIREITO,4,2013,EM FUNCIONAMENTO
NÃO SE APLICA,38,PARTICULAR,PRIVADA,SUL,SC,JOAÇABA,ACADÊMICO,EDUCAÇÃO,4,2007,EM FUNCIONAMENTO
NÃO SE APLICA,27,PARTICULAR,PRIVADA,SUL,SC,CHAPECÓ,PROFISSIONAL,ADMINISTRAÇÃO,5,2013,EM FUNCIONAMENTO
NÃO SE APLICA,27,PARTICULAR,PRIVADA,SUL,SC,CHAPECÓ,ACADÊMICO,ADMINISTRAÇÃO,4,2017,EM FUNCIONAMENTO
SAÚDE E BIOLÓGICAS,45,PARTICULAR,PRIVADA,SUL,SC,JOAÇABA,ACADÊMICO,BIOCIÊNCIAS E SAÚDE,4,2014,EM FUNCIONAMENTO
NÃO SE APLICA,24,PARTICULAR,PRIVADA,SUL,SC,XANXERÊ,ACADÊMICO,SANIDADE E PRODUÇÃO ANIMAL,4,2017,EM FUNCIONAMENTO
NÃO SE APLICA,41,PARTICULAR,PRIVADA,SUL,SC,TUBARÃO,ACADÊMICO,CIÊNCIAS DA LINGUAGEM,5,2003,EM FUNCIONAMENTO
NÃO SE APLICA,27,PARTICULAR,PRIVADA,SUL,SC,TUBARÃO,ACADÊMICO,ADMINISTRAÇÃO,4,2007,EM FUNCIONAMENTO
CLÍNICA MÉDICA,16,PARTICULAR,PRIVADA,SUL,SC,TUBARÃO,ACADÊMICO,CIÊNCIAS DA SAÚDE,5,2009,EM FUNCIONAMENTO
NÃO SE APLICA,38,PARTICULAR,PRIVADA,SUL,SC,TUBARÃO,ACADÊMICO,EDUCAÇÃO,4,2007,EM FUNCIONAMENTO
NÃO SE APLICA,30,MUNICIPAL,PÚBLICA,SUL,SC,CANOINHAS,ACADÊMICO,DESENVOLVIMENTO REGIONAL,4,2006,EM FUNCIONAMENTO
NÃO SE APLICA,27,MUNICIPAL,PÚBLICA,SUL,SC,MAFRA,PROFISSIONAL,ADMINISTRAÇÃO,3,2020,EM FUNCIONAMENTO
NÃO SE APLICA,10,MUNICIPAL,PÚBLICA,SUL,SC,CONCÓRDIA,PROFISSIONAL,"ENGENHARIA CIVIL, SANITÁRIA E AMBIENTAL",3,2018,EM FUNCIONAMENTO
RADIOLOGIA MÉDICA,16,FEDERAL,PÚBLICA,SUL,SC,FLORIANÓPOLIS,PROFISSIONAL,PROTEÇÃO RADIOLÓGICA,3,2016,EM FUNCIONAMENTO
SISTEMAS ELÉTRICOS DE POTÊNCIA,14,FEDERAL,PÚBLICA,SUL,SC,FLORIANÓPOLIS,PROFISSIONAL,SISTEMAS DE ENERGIA ELÉTRICA,3,2017,EM FUNCIONAMENTO
NÃO SE APLICA,5,FEDERAL,PÚBLICA,SUL,SC,FLORIANÓPOLIS,PROFISSIONAL,CLIMA E AMBIENTE,4,2016,EM FUNCIONAMENTO
NÃO SE APLICA,49,FEDERAL,PÚBLICA,SUL,SC,ARAQUARI,PROFISSIONAL,TECNOLOGIA E AMBIENTE,3,2019,EM FUNCIONAMENTO
NÃO SE APLICA,38,FEDERAL,PÚBLICA,SUL,SC,CAMBORIÚ,ACADÊMICO,EDUCAÇÃO,3,2019,EM FUNCIONAMENTO
NÃO SE APLICA,24,FEDERAL,PÚBLICA,SUL,SC,ARAQUARI,PROFISSIONAL,PRODUÇÃO E SANIDADE ANIMAL,5,2016,EM FUNCIONAMENTO
NÃO SE APLICA,26,PARTICULAR,PRIVADA,SUL,SC,CRICIÚMA,ACADÊMICO,DIREITO,4,2017,EM FUNCIONAMENTO
NÃO SE APLICA,15,PARTICULAR,PRIVADA,SUL,SC,CRICIÚMA,ACADÊMICO,CIÊNCIAS DA SAÚDE,7,2005,EM FUNCIONAMENTO
NÃO SE APLICA,12,PARTICULAR,PRIVADA,SUL,SC,CRICIÚMA,ACADÊMICO,CIÊNCIA E ENGENHARIA DE MATERIAIS,4,2011,EM FUNCIONAMENTO
NÃO SE APLICA,38,PARTICULAR,PRIVADA,SUL,SC,CRICIÚMA,ACADÊMICO,EDUCAÇÃO,4,2004,EM FUNCIONAMENTO
NÃO SE APLICA,49,PARTICULAR,PRIVADA,SUL,SC,CRICIÚMA,ACADÊMICO,CIÊNCIAS AMBIENTAIS,5,2001,EM FUNCIONAMENTO
POLÍTICAS E DESENVOLVIMENTO DE TERRITÓRIOS,45,PARTICULAR,PRIVADA,SUL,SC,CRICIÚMA,ACADÊMICO,DESENVOLVIMENTO SOCIOECONÔMICO,4,2014,EM FUNCIONAMENTO
NÃO SE APLICA,22,PARTICULAR,PRIVADA,SUL,SC,CRICIÚMA,PROFISSIONAL,SAÚDE COLETIVA,3,2015,EM FUNCIONAMENTO
"ENGENHARIA, TECNOLOGIA E GESTÃO",45,PARTICULAR,PRIVADA,SUL,SC,CHAPECÓ,PROFISSIONAL,TECNOLOGIA E GESTÃO DA INOVAÇÃO,5,2014,EM FUNCIONAMENTO
SAÚDE E BIOLÓGICAS,45,PARTICULAR,PRIVADA,SUL,SC,CHAPECÓ,ACADÊMICO,CIÊNCIAS DA SAÚDE,4,2012,EM FUNCIONAMENTO
NÃO SE APLICA,38,PARTICULAR,PRIVADA,SUL,SC,CHAPECÓ,ACADÊMICO,EDUCAÇÃO,4,2012,EM FUNCIONAMENTO
CIÊNCIAS CONTÁBEIS,27,PARTICULAR,PRIVADA,SUL,SC,CHAPECÓ,ACADÊMICO,CIÊNCIAS CONTÁBEIS E ADMINISTRAÇÃO,4,2015,EM FUNCIONAMENTO
DIREITOS ESPECIAIS,26,PARTICULAR,PRIVADA,SUL,SC,CHAPECÓ,ACADÊMICO,DIREITO,4,2015,EM FUNCIONAMENTO
NÃO SE APLICA,49,PARTICULAR,PRIVADA,SUL,SC,CHAPECÓ,ACADÊMICO,CIÊNCIAS AMBIENTAIS,5,2005,EM FUNCIONAMENTO
SAÚDE E BIOLÓGICAS,45,PARTICULAR,PRIVADA,SUL,SC,LAGES,ACADÊMICO,AMBIENTE E SAÚDE,4,2013,EM FUNCIONAMENTO
NÃO SE APLICA,38,PARTICULAR,PRIVADA,SUL,SC,LAGES,ACADÊMICO,EDUCAÇÃO,4,2009,EM FUNCIONAMENTO
"ENGENHARIA, TECNOLOGIA E GESTÃO",45,PARTICULAR,PRIVADA,SUL,SC,LAGES,ACADÊMICO,SISTEMAS PRODUTIVOS,A,2021,EM FUNCIONAMENTO
NÃO SE APLICA,24,FEDERAL,PÚBLICA,SUL,PR,REALEZA,ACADÊMICO,"SAÚDE, BEM-ESTAR E PRODUÇÃO ANIMAL SUSTENTÁVEL NA FRONTEIRA SUL",4,2017,EM FUNCIONAMENTO
NÃO SE APLICA,25,FEDERAL,PÚBLICA,SUL,PR,LARANJEIRAS DO SUL,ACADÊMICO,CIÊNCIA E TECNOLOGIA DE ALIMENTOS,3,2016,EM FUNCIONAMENTO
NÃO SE APLICA,36,FEDERAL,PÚBLICA,SUL,SC,CHAPECÓ,ACADÊMICO,GEOGRAFIA,3,2019,EM FUNCIONAMENTO
NÃO SE APLICA,33,FEDERAL,PÚBLICA,SUL,SC,CHAPECÓ,ACADÊMICO,FILOSOFIA,3,2019,EM FUNCIONAMENTO
"SOCIAIS, CULTURAS E HUMANIDADES",45,FEDERAL,PÚBLICA,SUL,RS,ERECHIM,ACADÊMICO,INTERDISCIPLINAR EM CIÊNCIAS HUMANAS,4,2015,EM FUNCIONAMENTO
NÃO SE APLICA,49,FEDERAL,PÚBLICA,SUL,RS,CERRO LARGO,ACADÊMICO,AMBIENTE E TECNOLOGIAS SUSTENTÁVEIS,3,2016,EM FUNCIONAMENTO
NÃO SE APLICA,46,FEDERAL,PÚBLICA,SUL,RS,CERRO LARGO,ACADÊMICO,ENSINO DE CIÊNCIAS,3,2019,EM FUNCIONAMENTO
NÃO SE APLICA,41,FEDERAL,PÚBLICA,SUL,SC,CHAPECÓ,ACADÊMICO,ESTUDOS LINGUÍSTICOS,4,2012,EM FUNCIONAMENTO
NÃO SE APLICA,38,FEDERAL,PÚBLICA,SUL,RS,ERECHIM,PROFISSIONAL,EDUCAÇÃO,4,2015,EM FUNCIONAMENTO
NÃO SE APLICA,40,FEDERAL,PÚBLICA,SUL,SC,CHAPECÓ,ACADÊMICO,HISTÓRIA,4,2016,EM FUNCIONAMENTO
NÃO SE APLICA,20,FEDERAL,PÚBLICA,SUL,SC,CHAPECÓ,ACADÊMICO,ENFERMAGEM,A,2024,EM FUNCIONAMENTO
POLÍTICAS E DESENVOLVIMENTO DE TERRITÓRIOS,45,FEDERAL,PÚBLICA,SUL,PR,LARANJEIRAS DO SUL,ACADÊMICO,AGROECOLOGIA E DESENVOLVIMENTO RURAL SUSTENTÁVEL,4,2014,EM FUNCIONAMENTO
"SOCIAIS, CULTURAS E HUMANIDADES",45,FEDERAL,PÚBLICA,SUL,RS,CERRO LARGO,ACADÊMICO,DESENVOLVIMENTO E POLÍTICAS PÚBLICAS,4,2015,EM FUNCIONAMENTO
NÃO SE APLICA,49,FEDERAL,PÚBLICA,SUL,RS,ERECHIM,ACADÊMICO,CIÊNCIA E TECNOLOGIA AMBIENTAL,4,2014,EM FUNCIONAMENTO
ANATOMIA PATOLÓGICA E PATOLOGIA CLÍNICA,16,FEDERAL,PÚBLICA,SUL,SC,CHAPECÓ,ACADÊMICO,CIÊNCIAS BIOMÉDICAS,3,2020,EM FUNCIONAMENTO
NÃO SE APLICA,38,FEDERAL,PÚBLICA,SUL,SC,CHAPECÓ,ACADÊMICO,EDUCAÇÃO,3,2013,EM FUNCIONAMENTO
METALURGIA DE TRANSFORMAÇÃO,12,PARTICULAR,PRIVADA,SUL,SC,CRICIÚMA,PROFISSIONAL,ENGENHARIA METALÚRGICA,3,2016,EM FUNCIONAMENTO
NÃO SE APLICA,26,PARTICULAR,PRIVADA,SUL,SC,LAGES,PROFISSIONAL,DIREITO E DESENVOLVIMENTO SUSTENTÁVEL,A,2021,EM FUNCIONAMENTO
NÃO SE APLICA,44,PARTICULAR,PRIVADA,SUL,PR,LONDRINA,PROFISSIONAL,TEOLOGIA,3,2019,EM FUNCIONAMENTO
NÃO SE APLICA,26,PARTICULAR,PRIVADA,SUL,PR,LONDRINA,PROFISSIONAL,"DIREITO, SOCIEDADE E TECNOLOGIAS",3,2020,EM FUNCIONAMENTO
SAÚDE E BIOLÓGICAS,45,FEDERAL,PÚBLICA,SUL,PR,PALMAS,ACADÊMICO,AMBIENTES SAUDÁVEIS E SUSTENTÁVEIS,A,2024,EM FUNCIONAMENTO
NÃO SE APLICA,22,FEDERAL,PÚBLICA,SUL,RS,PORTO ALEGRE,PROFISSIONAL,ENSINO NA SAÚDE,4,2012,EM FUNCIONAMENTO
NÃO SE APLICA,37,FEDERAL,PÚBLICA,SUL,RS,PORTO ALEGRE,ACADÊMICO,PSICANÁLISE: CLÍNICA E CULTURA,4,2015,EM FUNCIONAMENTO
NÃO SE APLICA,11,FEDERAL,PÚBLICA,SUL,RS,PORTO ALEGRE,ACADÊMICO,ARTES VISUAIS,6,1991,EM FUNCIONAMENTO
NÃO SE APLICA,2,FEDERAL,PÚBLICA,SUL,RS,PORTO ALEGRE,ACADÊMICO,COMPUTAÇÃO,7,1973,EM FUNCIONAMENTO
NÃO SE APLICA,5,FEDERAL,PÚBLICA,SUL,RS,PORTO ALEGRE,ACADÊMICO,SENSORIAMENTO REMOTO,4,1990,EM FUNCIONAMENTO
NÃO SE APLICA,28,FEDERAL,PÚBLICA,SUL,RS,PORTO ALEGRE,PROFISSIONAL,ECONOMIA,4,1999,EM FUNCIONAMENTO
NÃO SE APLICA,19,FEDERAL,PÚBLICA,SUL,RS,PORTO ALEGRE,ACADÊMICO,CIÊNCIAS FARMACÊUTICAS,7,1970,EM FUNCIONAMENTO
NÃO SE APLICA,8,FEDERAL,PÚBLICA,SUL,RS,PORTO ALEGRE,ACADÊMICO,CIÊNCIAS BIOLÓGICAS: FARMACOLOGIA E TERAPÊUTICA,5,2014,EM FUNCIONAMENTO
NÃO SE APLICA,50,FEDERAL,PÚBLICA,SUL,RS,PORTO ALEGRE,ACADÊMICO,"ALIMENTAÇÃO, NUTRIÇÃO E SAÚDE",3,2017,EM FUNCIONAMENTO
NÃO SE APLICA,38,FEDERAL,PÚBLICA,SUL,RS,PORTO ALEGRE,ACADÊMICO,EDUCAÇÃO,6,1972,EM FUNCIONAMENTO
MÚSICA,11,FEDERAL,PÚBLICA,SUL,RS,PORTO ALEGRE,ACADÊMICO,MÚSICA,7,1987,EM FUNCIONAMENTO
NÃO SE APLICA,27,FEDERAL,PÚBLICA,SUL,RS,PORTO ALEGRE,ACADÊMICO,ADMINISTRAÇÃO,6,1972,EM FUNCIONAMENTO
NÃO SE APLICA,18,FEDERAL,PÚBLICA,SUL,RS,PORTO ALEGRE,ACADÊMICO,ODONTOLOGIA,6,1991,EM FUNCIONAMENTO
POLÍTICAS E DESENVOLVIMENTO DE TERRITÓRIOS,45,FEDERAL,PÚBLICA,SUL,RS,PORTO ALEGRE,ACADÊMICO,AGRONEGÓCIOS,5,1999,EM FUNCIONAMENTO
NÃO SE APLICA,4,FEDERAL,PÚBLICA,SUL,RS,PORTO ALEGRE,ACADÊMICO,QUÍMICA,7,1985,EM FUNCIONAMENTO
NÃO SE APLICA,22,FEDERAL,PÚBLICA,SUL,RS,PORTO ALEGRE,ACADÊMICO,SAÚDE COLETIVA,4,2012,EM FUNCIONAMENTO
CIÊNCIA DO SOLO,42,FEDERAL,PÚBLICA,SUL,RS,PORTO ALEGRE,ACADÊMICO,CIÊNCIA DO SOLO,6,1965,EM FUNCIONAMENTO
ENSINO DE CIÊNCIAS E MATEMÁTICA,46,FEDERAL,PÚBLICA,SUL,RS,PORTO ALEGRE,ACADÊMICO,ENSINO DE FÍSICA,6,2006,EM FUNCIONAMENTO
NÃO SE APLICA,35,FEDERAL,PÚBLICA,SUL,RS,PORTO ALEGRE,ACADÊMICO,ANTROPOLOGIA SOCIAL,7,1979,EM FUNCIONAMENTO
NÃO SE APLICA,11,FEDERAL,PÚBLICA,SUL,RS,PORTO ALEGRE,ACADÊMICO,ARTES CÊNICAS,5,2007,EM FUNCIONAMENTO
MEDICINA VETERINÁRIA PREVENTIVA,24,FEDERAL,PÚBLICA,SUL,RS,PORTO ALEGRE,PROFISSIONAL,ALIMENTOS DE ORIGEM ANIMAL,4,2015,EM FUNCIONAMENTO
NÃO SE APLICA,29,FEDERAL,PÚBLICA,SUL,RS,PORTO ALEGRE,ACADÊMICO,ARQUITETURA,6,1990,EM FUNCIONAMENTO
NÃO SE APLICA,7,FEDERAL,PÚBLICA,SUL,RS,PORTO ALEGRE,ACADÊMICO,BOTÂNICA,5,1969,EM FUNCIONAMENTO
NÃO SE APLICA,29,FEDERAL,PÚBLICA,SUL,RS,PORTO ALEGRE,ACADÊMICO,DESIGN,6,2007,EM FUNCIONAMENTO
FISIOLOGIA DOS ÓRGÃOS E SISTEMAS,8,FEDERAL,PÚBLICA,SUL,RS,PORTO ALEGRE,ACADÊMICO,CIÊNCIAS BIOLÓGICAS (NEUROCIÊNCIAS),5,1996,EM FUNCIONAMENTO
NÃO SE APLICA,37,FEDERAL,PÚBLICA,SUL,RS,PORTO ALEGRE,ACADÊMICO,PSICOLOGIA,7,1988,EM FUNCIONAMENTO
NÃO SE APLICA,41,FEDERAL,PÚBLICA,SUL,RS,PORTO ALEGRE,ACADÊMICO,LETRAS,7,1973,EM FUNCIONAMENTO
NÃO SE APLICA,47,FEDERAL,PÚBLICA,SUL,RS,PORTO ALEGRE,ACADÊMICO,CIÊNCIAS DOS MATERIAIS,6,1992,EM FUNCIONAMENTO
NÃO SE APLICA,34,FEDERAL,PÚBLICA,SUL,RS,PORTO ALEGRE,ACADÊMICO,SOCIOLOGIA,7,1973,EM FUNCIONAMENTO
NÃO SE APLICA,23,FEDERAL,PÚBLICA,SUL,RS,PORTO ALEGRE,ACADÊMICO,ZOOTECNIA,6,1965,EM FUNCIONAMENTO
PSIQUIATRIA,16,FEDERAL,PÚBLICA,SUL,RS,PORTO ALEGRE,ACADÊMICO,PSIQUIATRIA E CIÊNCIAS DO COMPORTAMENTO,7,2000,EM FUNCIONAMENTO
CLÍNICA MÉDICA,17,FEDERAL,PÚBLICA,SUL,RS,PORTO ALEGRE,ACADÊMICO,CIÊNCIAS DA SAÚDE: GINECOLOGIA E OBSTETRÍCIA,4,2014,EM FUNCIONAMENTO
PSICOLOGIA SOCIAL,37,FEDERAL,PÚBLICA,SUL,RS,PORTO ALEGRE,ACADÊMICO,PSICOLOGIA SOCIAL E INSTITUCIONAL,5,1998,EM FUNCIONAMENTO
NÃO SE APLICA,31,FEDERAL,PÚBLICA,SUL,RS,PORTO ALEGRE,ACADÊMICO,COMUNICAÇÃO,5,1995,EM FUNCIONAMENTO
NÃO SE APLICA,24,FEDERAL,PÚBLICA,SUL,RS,PORTO ALEGRE,ACADÊMICO,MEDICINA ANIMAL: EQÜINOS,3,2009,EM FUNCIONAMENTO
MATEMÁTICA APLICADA,1,FEDERAL,PÚBLICA,SUL,RS,PORTO ALEGRE,ACADÊMICO,MATEMÁTICA APLICADA,4,1995,EM FUNCIONAMENTO
NÃO SE APLICA,32,FEDERAL,PÚBLICA,SUL,RS,PORTO ALEGRE,ACADÊMICO,POLÍTICA SOCIAL E SERVIÇO SOCIAL,4,2016,EM FUNCIONAMENTO
NÃO SE APLICA,10,FEDERAL,PÚBLICA,SUL,RS,PORTO ALEGRE,ACADÊMICO,ENGENHARIA CIVIL,6,1970,EM FUNCIONAMENTO
POLÍTICAS PÚBLICAS,39,FEDERAL,PÚBLICA,SUL,RS,PORTO ALEGRE,PROFISSIONAL,SEGURANÇA CIDADÃ,3,2018,EM FUNCIONAMENTO
NÃO SE APLICA,30,FEDERAL,PÚBLICA,SUL,RS,PORTO ALEGRE,ACADÊMICO,PLANEJAMENTO URBANO E REGIONAL,5,1970,EM FUNCIONAMENTO
NÃO SE APLICA,42,FEDERAL,PÚBLICA,SUL,RS,PORTO ALEGRE,ACADÊMICO,MICROBIOLOGIA AGRÍCOLA E DO AMBIENTE,5,1989,EM FUNCIONAMENTO
NÃO SE APLICA,10,FEDERAL,PÚBLICA,SUL,RS,PORTO ALEGRE,ACADÊMICO,ENGENHARIA CIVIL: CONSTRUÇÃO E INFRAESTRUTURA,5,2017,EM FUNCIONAMENTO
NÃO SE APLICA,3,FEDERAL,PÚBLICA,SUL,RS,PORTO ALEGRE,ACADÊMICO,FÍSICA,7,1964,EM FUNCIONAMENTO
CLÍNICA MÉDICA,15,FEDERAL,PÚBLICA,SUL,RS,PORTO ALEGRE,ACADÊMICO,CIÊNCIAS MÉDICAS: ENDOCRINOLOGIA,6,1996,EM FUNCIONAMENTO
NÃO SE APLICA,40,FEDERAL,PÚBLICA,SUL,RS,PORTO ALEGRE,ACADÊMICO,HISTÓRIA,7,1986,EM FUNCIONAMENTO
NÃO SE APLICA,46,FEDERAL,PÚBLICA,SUL,RS,PORTO ALEGRE,ACADÊMICO,EDUCAÇÃO EM CIÊNCIAS QUÌMICA DA VIDA E SAÚDE ( UFSM - FURG),4,2008,EM FUNCIONAMENTO
NÃO SE APLICA,21,FEDERAL,PÚBLICA,SUL,RS,PORTO ALEGRE,ACADÊMICO,CIÊNCIAS DO MOVIMENTO HUMANO,6,1989,EM FUNCIONAMENTO
ESTATÍSTICA,1,FEDERAL,PÚBLICA,SUL,RS,PORTO ALEGRE,ACADÊMICO,ESTATÍSTICA,3,2019,EM FUNCIONAMENTO
NÃO SE APLICA,5,FEDERAL,PÚBLICA,SUL,RS,PORTO ALEGRE,ACADÊMICO,GEOCIÊNCIAS,7,1968,EM FUNCIONAMENTO
NÃO SE APLICA,7,FEDERAL,PÚBLICA,SUL,RS,PORTO ALEGRE,ACADÊMICO,BIOLOGIA ANIMAL,5,1994,EM FUNCIONAMENTO
NÃO SE APLICA,13,FEDERAL,PÚBLICA,SUL,RS,PORTO ALEGRE,ACADÊMICO,ENGENHARIA MECÂNICA,6,1986,EM FUNCIONAMENTO
CLÍNICA MÉDICA,15,FEDERAL,PÚBLICA,SUL,RS,PORTO ALEGRE,ACADÊMICO,CIÊNCIAS DA SAÚDE: CARDIOLOGIA E CIÊNCIAS CARDIOVASCULARES,6,1976,EM FUNCIONAMENTO
NÃO SE APLICA,28,FEDERAL,PÚBLICA,SUL,RS,PORTO ALEGRE,ACADÊMICO,ECONOMIA,6,1972,EM FUNCIONAMENTO
NÃO SE APLICA,36,FEDERAL,PÚBLICA,SUL,RS,PORTO ALEGRE,ACADÊMICO,GEOGRAFIA,5,1998,EM FUNCIONAMENTO
NÃO SE APLICA,33,FEDERAL,PÚBLICA,SUL,RS,PORTO ALEGRE,ACADÊMICO,FILOSOFIA,6,1981,EM FUNCIONAMENTO
NÃO SE APLICA,24,FEDERAL,PÚBLICA,SUL,RS,PORTO ALEGRE,ACADÊMICO,CIÊNCIAS VETERINÁRIAS,7,1969,EM FUNCIONAMENTO
CLÍNICA MÉDICA,15,FEDERAL,PÚBLICA,SUL,RS,PORTO ALEGRE,ACADÊMICO,CIÊNCIAS EM GASTROENTEROLOGIA E HEPATOLOGIA,4,1972,EM FUNCIONAMENTO
NÃO SE APLICA,31,FEDERAL,PÚBLICA,SUL,RS,PORTO ALEGRE,ACADÊMICO,MUSEOLOGIA E PATRIMÔNIO,4,2017,EM FUNCIONAMENTO
CIÊNCIAS CONTÁBEIS,27,FEDERAL,PÚBLICA,SUL,RS,PORTO ALEGRE,ACADÊMICO,CONTROLADORIA E CONTABILIDADE,4,2016,EM FUNCIONAMENTO
ENSINO DE CIÊNCIAS E MATEMÁTICA,46,FEDERAL,PÚBLICA,SUL,RS,PORTO ALEGRE,ACADÊMICO,ENSINO DE MATEMÁTICA,4,2017,EM FUNCIONAMENTO
NÃO SE APLICA,6,FEDERAL,PÚBLICA,SUL,RS,PORTO ALEGRE,ACADÊMICO,BIOLOGIA CELULAR E MOLECULAR,7,1998,EM FUNCIONAMENTO
NÃO SE APLICA,10,FEDERAL,PÚBLICA,SUL,RS,PORTO ALEGRE,ACADÊMICO,RECURSOS HÍDRICOS E SANEAMENTO AMBIENTAL,6,1969,EM FUNCIONAMENTO
NÃO SE APLICA,26,FEDERAL,PÚBLICA,SUL,RS,PORTO ALEGRE,ACADÊMICO,DIREITO,6,1985,EM FUNCIONAMENTO
NÃO SE APLICA,14,FEDERAL,PÚBLICA,SUL,RS,PORTO ALEGRE,ACADÊMICO,MICROELETRÔNICA,5,2003,EM FUNCIONAMENTO
NÃO SE APLICA,8,FEDERAL,PÚBLICA,SUL,RS,PORTO ALEGRE,ACADÊMICO,CIÊNCIAS BIOLÓGICAS (FISIOLOGIA),5,1976,EM FUNCIONAMENTO
NÃO SE APLICA,42,FEDERAL,PÚBLICA,SUL,RS,PORTO ALEGRE,ACADÊMICO,FITOTECNIA,5,1965,EM FUNCIONAMENTO
NÃO SE APLICA,31,FEDERAL,PÚBLICA,SUL,RS,PORTO ALEGRE,ACADÊMICO,CIÊNCIA DA INFORMAÇÃO,4,2019,EM FUNCIONAMENTO
NÃO SE APLICA,39,FEDERAL,PÚBLICA,SUL,RS,PORTO ALEGRE,ACADÊMICO,CIÊNCIA POLÍTICA,5,1973,EM FUNCIONAMENTO
NÃO SE APLICA,8,FEDERAL,PÚBLICA,SUL,RS,PORTO ALEGRE,ACADÊMICO,CIÊNCIAS BIOLÓGICAS (BIOQUÍMICA),7,1968,EM FUNCIONAMENTO
"SOCIAIS, CULTURAS E HUMANIDADES",45,FEDERAL,PÚBLICA,SUL,RS,PORTO ALEGRE,ACADÊMICO,INFORMÁTICA NA EDUCAÇÃO,7,1995,EM FUNCIONAMENTO
POLÍTICAS E DESENVOLVIMENTO DE TERRITÓRIOS,45,FEDERAL,PÚBLICA,SUL,RS,PORTO ALEGRE,ACADÊMICO,DESENVOLVIMENTO RURAL,6,1999,EM FUNCIONAMENTO
NÃO SE APLICA,13,FEDERAL,PÚBLICA,SUL,RS,PORTO ALEGRE,ACADÊMICO,ENGENHARIA DE PRODUÇÃO,7,1994,EM FUNCIONAMENTO
NÃO SE APLICA,13,FEDERAL,PÚBLICA,SUL,RS,PORTO ALEGRE,PROFISSIONAL,ENGENHARIA DE PRODUÇÃO,4,2005,EM FUNCIONAMENTO
NÃO SE APLICA,39,FEDERAL,PÚBLICA,SUL,RS,PORTO ALEGRE,ACADÊMICO,POLÍTICAS PÚBLICAS,4,2015,EM FUNCIONAMENTO
POLÍTICA INTERNACIONAL,39,FEDERAL,PÚBLICA,SUL,RS,PORTO ALEGRE,ACADÊMICO,ESTUDOS ESTRATÉGICOS INTERNACIONAIS,4,2011,EM FUNCIONAMENTO
CLÍNICA MÉDICA,15,FEDERAL,PÚBLICA,SUL,RS,PORTO ALEGRE,ACADÊMICO,CIÊNCIAS PNEUMOLÓGICAS,5,1972,EM FUNCIONAMENTO
NÃO SE APLICA,14,FEDERAL,PÚBLICA,SUL,RS,PORTO ALEGRE,ACADÊMICO,ENGENHARIA ELÉTRICA,7,1998,EM FUNCIONAMENTO
NÃO SE APLICA,25,FEDERAL,PÚBLICA,SUL,RS,PORTO ALEGRE,ACADÊMICO,CIÊNCIA E TECNOLOGIA DE ALIMENTOS,5,2005,EM FUNCIONAMENTO
CLÍNICA MÉDICA,16,FEDERAL,PÚBLICA,SUL,RS,PORTO ALEGRE,ACADÊMICO,SAÚDE DA CRIANÇA E DO ADOLESCENTE,5,1989,EM FUNCIONAMENTO
CLÍNICA MÉDICA,15,FEDERAL,PÚBLICA,SUL,RS,PORTO ALEGRE,ACADÊMICO,MEDICINA: CIÊNCIAS MÉDICAS,6,1985,EM FUNCIONAMENTO
NÃO SE APLICA,1,FEDERAL,PÚBLICA,SUL,RS,PORTO ALEGRE,ACADÊMICO,MATEMÁTICA,5,1978,EM FUNCIONAMENTO
NÃO SE APLICA,6,FEDERAL,PÚBLICA,SUL,RS,PORTO ALEGRE,ACADÊMICO,GENÉTICA E BIOLOGIA MOLECULAR,7,1963,EM FUNCIONAMENTO
NÃO SE APLICA,12,FEDERAL,PÚBLICA,SUL,RS,PORTO ALEGRE,ACADÊMICO,ENGENHARIA QUÍMICA,6,1995,EM FUNCIONAMENTO
NÃO SE APLICA,7,FEDERAL,PÚBLICA,SUL,RS,PORTO ALEGRE,ACADÊMICO,ECOLOGIA,6,1978,EM FUNCIONAMENTO
CIRURGIA,17,FEDERAL,PÚBLICA,SUL,RS,PORTO ALEGRE,ACADÊMICO,MEDICINA: CIÊNCIAS CIRÚRGICAS,4,1991,EM FUNCIONAMENTO
NÃO SE APLICA,12,FEDERAL,PÚBLICA,SUL,RS,PORTO ALEGRE,ACADÊMICO,"ENGENHARIA DE MINAS, METALÚRGICA E DE MATERIAIS",7,1974,EM FUNCIONAMENTO
NÃO SE APLICA,20,FEDERAL,PÚBLICA,SUL,RS,PORTO ALEGRE,ACADÊMICO,ENFERMAGEM,5,1998,EM FUNCIONAMENTO
EPIDEMIOLOGIA,22,FEDERAL,PÚBLICA,SUL,RS,PORTO ALEGRE,ACADÊMICO,EPIDEMIOLOGIA,6,1999,EM FUNCIONAMENTO
NÃO SE APLICA,30,FEDERAL,PÚBLICA,SUL,RS,TRAMANDAÍ,ACADÊMICO,DINÂMICAS REGIONAIS E DESENVOLVIMENTO,3,2019,EM FUNCIONAMENTO
NÃO SE APLICA,7,FEDERAL,PÚBLICA,SUL,RS,SANTA MARIA,ACADÊMICO,BIODIVERSIDADE ANIMAL,6,2003,EM FUNCIONAMENTO
NÃO SE APLICA,21,FEDERAL,PÚBLICA,SUL,RS,SANTA MARIA,ACADÊMICO,DISTÚRBIOS DA COMUNICAÇÃO HUMANA,5,1992,EM FUNCIONAMENTO
NÃO SE APLICA,3,FEDERAL,PÚBLICA,SUL,RS,SANTA MARIA,ACADÊMICO,FÍSICA,4,1994,EM FUNCIONAMENTO
NÃO SE APLICA,13,FEDERAL,PÚBLICA,SUL,RS,SANTA MARIA,ACADÊMICO,ENGENHARIA MECÂNICA,3,2019,EM FUNCIONAMENTO
NÃO SE APLICA,8,FEDERAL,PÚBLICA,SUL,RS,SANTA MARIA,ACADÊMICO,FARMACOLOGIA,5,2006,EM FUNCIONAMENTO
NÃO SE APLICA,20,FEDERAL,PÚBLICA,SUL,RS,PALMEIRA DAS MISSÕES,ACADÊMICO,SAÚDE E RURALIDADE,A,2021,EM FUNCIONAMENTO
"SOCIAIS, CULTURAS E HUMANIDADES",45,FEDERAL,PÚBLICA,SUL,RS,SANTA MARIA,PROFISSIONAL,PATRIMÔNIO CULTURAL,3,2008,EM FUNCIONAMENTO
NÃO SE APLICA,38,FEDERAL,PÚBLICA,SUL,RS,SANTA MARIA,ACADÊMICO,EDUCAÇÃO,5,1970,EM FUNCIONAMENTO
NÃO SE APLICA,42,FEDERAL,PÚBLICA,SUL,RS,SANTA MARIA,PROFISSIONAL,AGRICULTURA DE PRECISÂO,4,2011,EM FUNCIONAMENTO
NÃO SE APLICA,36,FEDERAL,PÚBLICA,SUL,RS,SANTA MARIA,ACADÊMICO,GEOGRAFIA,5,2003,EM FUNCIONAMENTO
NÃO SE APLICA,41,FEDERAL,PÚBLICA,SUL,RS,SANTA MARIA,ACADÊMICO,LETRAS,5,1988,EM FUNCIONAMENTO
NÃO SE APLICA,29,FEDERAL,PÚBLICA,SUL,RS,SANTA MARIA,ACADÊMICO,"ARQUITETURA, URBANISMO E PAISAGISMO",4,2018,EM FUNCIONAMENTO
POLÍTICA INTERNACIONAL,39,FEDERAL,PÚBLICA,SUL,RS,SANTA MARIA,ACADÊMICO,RELAÇÕES INTERNACIONAIS,3,2018,EM FUNCIONAMENTO
NÃO SE APLICA,31,FEDERAL,PÚBLICA,SUL,RS,SANTA MARIA,ACADÊMICO,COMUNICAÇÃO,5,2006,EM FUNCIONAMENTO
NÃO SE APLICA,4,FEDERAL,PÚBLICA,SUL,RS,SANTA MARIA,ACADÊMICO,QUÍMICA,7,1985,EM FUNCIONAMENTO
NÃO SE APLICA,14,FEDERAL,PÚBLICA,SUL,RS,SANTA MARIA,ACADÊMICO,ENGENHARIA ELÉTRICA,7,1974,EM FUNCIONAMENTO
NÃO SE APLICA,18,FEDERAL,PÚBLICA,SUL,RS,SANTA MARIA,ACADÊMICO,CIÊNCIAS ODONTOLÓGICAS,5,2008,EM FUNCIONAMENTO
NÃO SE APLICA,10,FEDERAL,PÚBLICA,SUL,RS,SANTA MARIA,ACADÊMICO,ENGENHARIA AMBIENTAL,5,2012,EM FUNCIONAMENTO
NÃO SE APLICA,12,FEDERAL,PÚBLICA,SUL,RS,SANTA MARIA,ACADÊMICO,ENGENHARIA QUÍMICA,5,2008,EM FUNCIONAMENTO
NÃO SE APLICA,13,FEDERAL,PÚBLICA,SUL,RS,SANTA MARIA,ACADÊMICO,ENGENHARIA DE PRODUÇÃO,4,1974,EM FUNCIONAMENTO
NÃO SE APLICA,42,FEDERAL,PÚBLICA,SUL,RS,SANTA MARIA,ACADÊMICO,AGRONOMIA,6,1971,EM FUNCIONAMENTO
NÃO SE APLICA,11,FEDERAL,PÚBLICA,SUL,RS,SANTA MARIA,ACADÊMICO,ARTES VISUAIS,5,2007,EM FUNCIONAMENTO
NÃO SE APLICA,20,FEDERAL,PÚBLICA,SUL,RS,SANTA MARIA,ACADÊMICO,ENFERMAGEM,5,2007,EM FUNCIONAMENTO
NÃO SE APLICA,42,FEDERAL,PÚBLICA,SUL,RS,SANTA MARIA,ACADÊMICO,ENGENHARIA FLORESTAL,5,1990,EM FUNCIONAMENTO
ENSINO DE CIÊNCIAS E MATEMÁTICA,46,FEDERAL,PÚBLICA,SUL,RS,SANTA MARIA,ACADÊMICO,EDUCAÇÃO MATEMÁTICA E ENSINO DE FÍSICA,4,2013,EM FUNCIONAMENTO
NÃO SE APLICA,40,FEDERAL,PÚBLICA,SUL,RS,SANTA MARIA,ACADÊMICO,HISTÓRIA,5,2011,EM FUNCIONAMENTO
NÃO SE APLICA,8,FEDERAL,PÚBLICA,SUL,RS,SANTA MARIA,ACADÊMICO,CIÊNCIAS BIOLÓGICAS (BIOQUÍMICA TOXICOLÓGICA),6,1998,EM FUNCIONAMENTO
"SOCIAIS, CULTURAS E HUMANIDADES",45,FEDERAL,PÚBLICA,SUL,RS,SANTA MARIA,PROFISSIONAL,TECNOLOGIAS EDUCACIONAIS EM REDE,5,2013,EM FUNCIONAMENTO
DIREITOS ESPECIAIS,26,FEDERAL,PÚBLICA,SUL,RS,SANTA MARIA,ACADÊMICO,DIREITO,4,2013,EM FUNCIONAMENTO
NÃO SE APLICA,19,FEDERAL,PÚBLICA,SUL,RS,SANTA MARIA,ACADÊMICO,CIÊNCIAS FARMACÊUTICAS,5,2004,EM FUNCIONAMENTO
NÃO SE APLICA,28,FEDERAL,PÚBLICA,SUL,RS,SANTA MARIA,ACADÊMICO,ECONOMIA E DESENVOLVIMENTO,4,2011,EM FUNCIONAMENTO
EXTENSÃO RURAL,42,FEDERAL,PÚBLICA,SUL,RS,SANTA MARIA,ACADÊMICO,EXTENSÃO RURAL,5,1975,EM FUNCIONAMENTO
NÃO SE APLICA,24,FEDERAL,PÚBLICA,SUL,RS,SANTA MARIA,ACADÊMICO,MEDICINA VETERINÁRIA,7,1974,EM FUNCIONAMENTO
SAÚDE E BIOLÓGICAS,45,FEDERAL,PÚBLICA,SUL,RS,SANTA MARIA,PROFISSIONAL,CIÊNCIAS DA SAÚDE,3,2011,EM FUNCIONAMENTO
NÃO SE APLICA,42,FEDERAL,PÚBLICA,SUL,RS,FREDERICO WESTPHALEN,ACADÊMICO,AGRONOMIA - AGRICULTURA E AMBIENTE,5,2011,EM FUNCIONAMENTO
NÃO SE APLICA,38,FEDERAL,PÚBLICA,SUL,RS,SANTA MARIA,PROFISSIONAL,POLÍTICAS PÚBLICAS E GESTÃO EDUCACIONAL,4,2015,EM FUNCIONAMENTO
NÃO SE APLICA,42,FEDERAL,PÚBLICA,SUL,RS,SANTA MARIA,ACADÊMICO,ENGENHARIA AGRÍCOLA,5,1972,EM FUNCIONAMENTO
NÃO SE APLICA,51,FEDERAL,PÚBLICA,SUL,RS,SANTA MARIA,PROFISSIONAL,ENSINO DE GEOGRAFIA EM REDE,A,2021,EM FUNCIONAMENTO
"ENGENHARIA, TECNOLOGIA E GESTÃO",45,FEDERAL,PÚBLICA,SUL,RS,SANTA MARIA,ACADÊMICO,EDUCAÇÃO PROFISSIONAL E TECNOLÓGICA,5,2015,EM FUNCIONAMENTO
NÃO SE APLICA,2,FEDERAL,PÚBLICA,SUL,RS,SANTA MARIA,ACADÊMICO,CIÊNCIA DA COMPUTAÇÃO,3,2007,EM FUNCIONAMENTO
NÃO SE APLICA,27,FEDERAL,PÚBLICA,SUL,RS,SANTA MARIA,ACADÊMICO,ADMINISTRAÇÃO,4,2003,EM FUNCIONAMENTO
NÃO SE APLICA,42,FEDERAL,PÚBLICA,SUL,RS,SANTA MARIA,ACADÊMICO,AGROBIOLOGIA,4,2010,EM FUNCIONAMENTO
NÃO SE APLICA,34,FEDERAL,PÚBLICA,SUL,RS,SANTA MARIA,ACADÊMICO,CIÊNCIAS SOCIAIS,4,2008,EM FUNCIONAMENTO
NÃO SE APLICA,37,FEDERAL,PÚBLICA,SUL,RS,SANTA MARIA,ACADÊMICO,PSICOLOGIA,5,2009,EM FUNCIONAMENTO
NÃO SE APLICA,10,FEDERAL,PÚBLICA,SUL,RS,SANTA MARIA,ACADÊMICO,ENGENHARIA CIVIL,4,1994,EM FUNCIONAMENTO
NÃO SE APLICA,21,FEDERAL,PÚBLICA,SUL,RS,SANTA MARIA,ACADÊMICO,CIÊNCIAS DO MOVIMENTO E REABILITAÇÃO,4,2012,EM FUNCIONAMENTO
NÃO SE APLICA,23,FEDERAL,PÚBLICA,SUL,RS,SANTA MARIA,ACADÊMICO,ZOOTECNIA,4,1974,EM FUNCIONAMENTO
SAÚDE E BIOLÓGICAS,45,FEDERAL,PÚBLICA,SUL,RS,SANTA MARIA,ACADÊMICO,GERONTOLOGIA,4,2014,EM FUNCIONAMENTO
NÃO SE APLICA,27,FEDERAL,PÚBLICA,SUL,RS,SANTA MARIA,PROFISSIONAL,GESTÃO DE ORGANIZAÇÕES PÚBLICAS,4,2011,EM FUNCIONAMENTO
METEOROLOGIA,5,FEDERAL,PÚBLICA,SUL,RS,SANTA MARIA,ACADÊMICO,METEOROLOGIA,5,2008,EM FUNCIONAMENTO
NÃO SE APLICA,49,FEDERAL,PÚBLICA,SUL,RS,FREDERICO WESTPHALEN,ACADÊMICO,CIÊNCIA E TECNOLOGIA AMBIENTAL,3,2018,EM FUNCIONAMENTO
CIÊNCIAS CONTÁBEIS,27,FEDERAL,PÚBLICA,SUL,RS,SANTA MARIA,ACADÊMICO,CIÊNCIAS CONTÁBEIS,3,2020,EM FUNCIONAMENTO
NÃO SE APLICA,42,FEDERAL,PÚBLICA,SUL,RS,SANTA MARIA,ACADÊMICO,CIÊNCIA DO SOLO,7,2003,EM FUNCIONAMENTO
NÃO SE APLICA,33,FEDERAL,PÚBLICA,SUL,RS,SANTA MARIA,ACADÊMICO,FILOSOFIA,5,1973,EM FUNCIONAMENTO
POLÍTICAS E DESENVOLVIMENTO DE TERRITÓRIOS,45,FEDERAL,PÚBLICA,SUL,RS,PALMEIRA DAS MISSÕES,ACADÊMICO,AGRONEGÓCIOS,4,2016,EM FUNCIONAMENTO
NÃO SE APLICA,25,FEDERAL,PÚBLICA,SUL,RS,SANTA MARIA,ACADÊMICO,CIÊNCIA E TECNOLOGIA DOS ALIMENTOS,5,1985,EM FUNCIONAMENTO
NÃO SE APLICA,1,FEDERAL,PÚBLICA,SUL,RS,SANTA MARIA,ACADÊMICO,MATEMÁTICA,3,2007,EM FUNCIONAMENTO
NÃO SE APLICA,5,FEDERAL,PÚBLICA,SUL,RS,CAPÃO DO LEÃO,ACADÊMICO,METEOROLOGIA,3,1995,EM FUNCIONAMENTO
NÃO SE APLICA,3,FEDERAL,PÚBLICA,SUL,RS,CAPÃO DO LEÃO,ACADÊMICO,FÍSICA,4,2008,EM FUNCIONAMENTO
NÃO SE APLICA,42,FEDERAL,PÚBLICA,SUL,RS,CAPÃO DO LEÃO,ACADÊMICO,AGRONOMIA,4,1985,EM FUNCIONAMENTO
FITOSSANIDADE,42,FEDERAL,PÚBLICA,SUL,RS,CAPÃO DO LEÃO,ACADÊMICO,FITOSSANIDADE,6,1999,EM FUNCIONAMENTO
TOXICOLOGIA,8,FEDERAL,PÚBLICA,SUL,RS,CAPÃO DO LEÃO,ACADÊMICO,BIOQUÍMICA E BIOPROSPECÇÃO,5,2011,EM FUNCIONAMENTO
NÃO SE APLICA,24,FEDERAL,PÚBLICA,SUL,RS,CAPÃO DO LEÃO,ACADÊMICO,VETERINÁRIA,6,1977,EM FUNCIONAMENTO
NÃO SE APLICA,41,FEDERAL,PÚBLICA,SUL,RS,PELOTAS,ACADÊMICO,LETRAS,5,2006,EM FUNCIONAMENTO
ENGENHARIA DE ÁGUA E SOLO,42,FEDERAL,PÚBLICA,SUL,RS,CAPÃO DO LEÃO,ACADÊMICO,MANEJO E CONSERVAÇÃO DO SOLO E DA ÁGUA,4,2011,EM FUNCIONAMENTO
EPIDEMIOLOGIA,22,FEDERAL,PÚBLICA,SUL,RS,PELOTAS,ACADÊMICO,EPIDEMIOLOGIA,7,1991,EM FUNCIONAMENTO
NÃO SE APLICA,42,FEDERAL,PÚBLICA,SUL,RS,CAPÃO DO LEÃO,ACADÊMICO,SISTEMAS DE PRODUÇÃO AGRÍCOLA FAMILIAR,5,2006,EM FUNCIONAMENTO
NÃO SE APLICA,38,FEDERAL,PÚBLICA,SUL,RS,PELOTAS,ACADÊMICO,EDUCAÇÃO,5,1995,EM FUNCIONAMENTO
NÃO SE APLICA,18,FEDERAL,PÚBLICA,SUL,RS,PELOTAS,ACADÊMICO,ODONTOLOGIA,6,1976,EM FUNCIONAMENTO
NÃO SE APLICA,21,FEDERAL,PÚBLICA,SUL,RS,PELOTAS,ACADÊMICO,EDUCAÇÃO FÍSICA,5,2007,EM FUNCIONAMENTO
NÃO SE APLICA,29,FEDERAL,PÚBLICA,SUL,RS,PELOTAS,ACADÊMICO,ARQUITETURA E URBANISMO,5,2008,EM FUNCIONAMENTO
NÃO SE APLICA,42,FEDERAL,PÚBLICA,SUL,RS,PELOTAS,PROFISSIONAL,CIÊNCIA E TECNOLOGIA DE SEMENTES,4,2000,EM FUNCIONAMENTO
NÃO SE APLICA,42,FEDERAL,PÚBLICA,SUL,RS,CAPÃO DO LEÃO,ACADÊMICO,CIÊNCIA E TECNOLOGIA DE SEMENTES,4,1996,EM FUNCIONAMENTO
TECNOLOGIA DE ALIMENTOS,25,FEDERAL,PÚBLICA,SUL,RS,CAPÃO DO LEÃO,ACADÊMICO,CIÊNCIA E TECNOLOGIA DE ALIMENTOS,6,1985,EM FUNCIONAMENTO
NÃO SE APLICA,48,FEDERAL,PÚBLICA,SUL,RS,CAPÃO DO LEÃO,ACADÊMICO,BIOTECNOLOGIA,7,2002,EM FUNCIONAMENTO
NÃO SE APLICA,36,FEDERAL,PÚBLICA,SUL,RS,PELOTAS,ACADÊMICO,GEOGRAFIA,4,2012,EM FUNCIONAMENTO
NÃO SE APLICA,25,FEDERAL,PÚBLICA,SUL,RS,PELOTAS,PROFISSIONAL,CIÊNCIA E TECNOLOGIA DE ALIMENTOS,4,2016,EM FUNCIONAMENTO
NÃO SE APLICA,49,FEDERAL,PÚBLICA,SUL,RS,PELOTAS,ACADÊMICO,CIÊNCIAS AMBIENTAIS,4,2017,EM FUNCIONAMENTO
NÃO SE APLICA,50,FEDERAL,PÚBLICA,SUL,RS,PELOTAS,ACADÊMICO,NUTRIÇÃO E ALIMENTOS,4,2010,EM FUNCIONAMENTO
NÃO SE APLICA,11,FEDERAL,PÚBLICA,SUL,RS,PELOTAS,ACADÊMICO,ARTES,4,2012,EM FUNCIONAMENTO
NÃO SE APLICA,9,FEDERAL,PÚBLICA,SUL,RS,CAPÃO DO LEÃO,ACADÊMICO,MICROBIOLOGIA E PARASITOLOGIA,5,2004,EM FUNCIONAMENTO
NÃO SE APLICA,47,FEDERAL,PÚBLICA,SUL,RS,PELOTAS,ACADÊMICO,CIÊNCIA E ENGENHARIA DE MATERIAIS,5,2011,EM FUNCIONAMENTO
ENSINO DE CIÊNCIAS E MATEMÁTICA,46,FEDERAL,PÚBLICA,SUL,RS,PELOTAS,PROFISSIONAL,ENSINO DE CIÊNCIAS E MATEMÁTICA,4,2011,EM FUNCIONAMENTO
NÃO SE APLICA,42,FEDERAL,PÚBLICA,SUL,RS,CAPÃO DO LEÃO,ACADÊMICO,FISIOLOGIA VEGETAL,4,1996,EM FUNCIONAMENTO
NÃO SE APLICA,39,FEDERAL,PÚBLICA,SUL,RS,PELOTAS,ACADÊMICO,CIÊNCIA POLÍTICA,5,2011,EM FUNCIONAMENTO
NÃO SE APLICA,33,FEDERAL,PÚBLICA,SUL,RS,PELOTAS,ACADÊMICO,FILOSOFIA,4,2008,EM FUNCIONAMENTO
NÃO SE APLICA,34,FEDERAL,PÚBLICA,SUL,RS,PELOTAS,ACADÊMICO,SOCIOLOGIA,5,2006,EM FUNCIONAMENTO
NÃO SE APLICA,40,FEDERAL,PÚBLICA,SUL,RS,PELOTAS,ACADÊMICO,HISTÓRIA,4,2010,EM FUNCIONAMENTO
"SOCIAIS, CULTURAS E HUMANIDADES",45,FEDERAL,PÚBLICA,SUL,RS,PELOTAS,ACADÊMICO,MEMÓRIA SOCIAL E PATRIMÔNIO CULTURAL,5,2007,EM FUNCIONAMENTO
RECURSOS HÍDRICOS,10,FEDERAL,PÚBLICA,SUL,RS,PELOTAS,ACADÊMICO,RECURSOS HÍDRICOS,4,2013,EM FUNCIONAMENTO
NÃO SE APLICA,23,FEDERAL,PÚBLICA,SUL,RS,CAPÃO DO LEÃO,ACADÊMICO,ZOOTECNIA,4,1977,EM FUNCIONAMENTO
NÃO SE APLICA,28,FEDERAL,PÚBLICA,SUL,RS,PELOTAS,ACADÊMICO,ORGANIZAÇÕES E MERCADOS,4,2009,EM FUNCIONAMENTO
NÃO SE APLICA,35,FEDERAL,PÚBLICA,SUL,RS,PELOTAS,ACADÊMICO,ANTROPOLOGIA,5,2012,EM FUNCIONAMENTO
POLÍTICAS E DESENVOLVIMENTO DE TERRITÓRIOS,45,FEDERAL,PÚBLICA,SUL,RS,CAPÃO DO LEÃO,ACADÊMICO,DESENVOLVIMENTO TERRITORIAL E SISTEMAS AGROINDUSTRIAIS,4,2014,EM FUNCIONAMENTO
"ENGENHARIA, TECNOLOGIA E GESTÃO",45,FEDERAL,PÚBLICA,SUL,RS,CAPÃO DO LEÃO,ACADÊMICO,MODELAGEM MATEMÁTICA,4,2013,EM FUNCIONAMENTO
NÃO SE APLICA,7,FEDERAL,PÚBLICA,SUL,RS,CAPÃO DO LEÃO,ACADÊMICO,BIODIVERSIDADE ANIMAL,4,2015,EM FUNCIONAMENTO
NÃO SE APLICA,2,FEDERAL,PÚBLICA,SUL,RS,PELOTAS,ACADÊMICO,COMPUTAÇÃO,5,2011,EM FUNCIONAMENTO
NÃO SE APLICA,20,FEDERAL,PÚBLICA,SUL,RS,PELOTAS,ACADÊMICO,ENFERMAGEM,5,2008,EM FUNCIONAMENTO
NÃO SE APLICA,4,FEDERAL,PÚBLICA,SUL,RS,CAPÃO DO LEÃO,ACADÊMICO,QUÍMICA,5,2007,EM FUNCIONAMENTO
NÃO SE APLICA,46,FEDERAL,PÚBLICA,SUL,RS,PELOTAS,ACADÊMICO,EDUCAÇÃO MATEMÁTICA,4,2016,EM FUNCIONAMENTO
NÃO SE APLICA,26,FEDERAL,PÚBLICA,SUL,RS,PELOTAS,ACADÊMICO,DIREITO,3,2017,EM FUNCIONAMENTO
GEOGRAFIA REGIONAL,36,FEDERAL,PÚBLICA,SUL,RS,RIO GRANDE,ACADÊMICO,GEOGRAFIA,4,2007,EM FUNCIONAMENTO
NÃO SE APLICA,20,FEDERAL,PÚBLICA,SUL,RS,RIO GRANDE,ACADÊMICO,ENFERMAGEM,5,2001,EM FUNCIONAMENTO
NÃO SE APLICA,26,FEDERAL,PÚBLICA,SUL,RS,RIO GRANDE,ACADÊMICO,DIREITO E JUSTIÇA SOCIAL,4,2014,EM FUNCIONAMENTO
NÃO SE APLICA,5,FEDERAL,PÚBLICA,SUL,RS,RIO GRANDE,ACADÊMICO,OCEANOLOGIA,7,1997,EM FUNCIONAMENTO
ENSINO DE CIÊNCIAS E MATEMÁTICA,46,FEDERAL,PÚBLICA,SUL,RS,SANTO ANTÔNIO DA PATRULHA,PROFISSIONAL,ENSINO DE CIÊNCIAS EXATAS,4,2017,EM FUNCIONAMENTO
NÃO SE APLICA,3,FEDERAL,PÚBLICA,SUL,RS,RIO GRANDE,ACADÊMICO,FÍSICA,3,2010,EM FUNCIONAMENTO
NÃO SE APLICA,40,FEDERAL,PÚBLICA,SUL,RS,RIO GRANDE,PROFISSIONAL,HISTÓRIA,4,2012,EM FUNCIONAMENTO
NÃO SE APLICA,46,FEDERAL,PÚBLICA,SUL,RS,RIO GRANDE,ACADÊMICO,EDUCAÇÃO EM CIÊNCIAS,4,2019,EM FUNCIONAMENTO
NÃO SE APLICA,2,FEDERAL,PÚBLICA,SUL,RS,RIO GRANDE,ACADÊMICO,COMPUTAÇÃO,4,2012,EM FUNCIONAMENTO
ESTRUTURAS NAVAIS E OCEÂNICAS,13,FEDERAL,PÚBLICA,SUL,RS,RIO GRANDE,ACADÊMICO,ENGENHARIA OCEÂNICA,4,1995,EM FUNCIONAMENTO
CLÍNICA MÉDICA,16,FEDERAL,PÚBLICA,SUL,RS,RIO GRANDE,ACADÊMICO,CIÊNCIAS DA SAÚDE,5,2004,EM FUNCIONAMENTO
NÃO SE APLICA,37,FEDERAL,PÚBLICA,SUL,RS,RIO GRANDE,ACADÊMICO,PSICOLOGIA,3,2019,EM FUNCIONAMENTO
NÃO SE APLICA,38,FEDERAL,PÚBLICA,SUL,RS,RIO GRANDE,ACADÊMICO,EDUCAÇÃO AMBIENTAL,4,1994,EM FUNCIONAMENTO
"ENGENHARIA, TECNOLOGIA E GESTÃO",45,FEDERAL,PÚBLICA,SUL,RS,RIO GRANDE,ACADÊMICO,MODELAGEM COMPUTACIONAL,4,2006,EM FUNCIONAMENTO
NÃO SE APLICA,27,FEDERAL,PÚBLICA,SUL,RS,RIO GRANDE,ACADÊMICO,ADMINISTRAÇÃO,4,2015,EM FUNCIONAMENTO
NÃO SE APLICA,4,FEDERAL,PÚBLICA,SUL,RS,RIO GRANDE,ACADÊMICO,QUIMICA TECNOLOGICA E AMBIENTAL,5,2007,EM FUNCIONAMENTO
NÃO SE APLICA,38,FEDERAL,PÚBLICA,SUL,RS,RIO GRANDE,ACADÊMICO,EDUCAÇÃO,4,2012,EM FUNCIONAMENTO
AQUICULTURA,23,FEDERAL,PÚBLICA,SUL,RS,RIO GRANDE,ACADÊMICO,AQÜICULTURA,6,2001,EM FUNCIONAMENTO
NÃO SE APLICA,13,FEDERAL,PÚBLICA,SUL,RS,RIO GRANDE,ACADÊMICO,ENGENHARIA MECÂNICA,3,2013,EM FUNCIONAMENTO
NÃO SE APLICA,28,FEDERAL,PÚBLICA,SUL,RS,RIO GRANDE,ACADÊMICO,ECONOMIA APLICADA,3,2014,EM FUNCIONAMENTO
NÃO SE APLICA,22,FEDERAL,PÚBLICA,SUL,RS,RIO GRANDE,ACADÊMICO,SAÚDE PÚBLICA,3,2014,EM FUNCIONAMENTO
NÃO SE APLICA,49,FEDERAL,PÚBLICA,SUL,RS,RIO GRANDE,ACADÊMICO,AMBIENTOMETRIA,3,2019,EM FUNCIONAMENTO
ENGENHARIA DE ALIMENTOS,25,FEDERAL,PÚBLICA,SUL,RS,RIO GRANDE,ACADÊMICO,ENGENHARIA E CIÊNCIA DE ALIMENTOS,7,1996,EM FUNCIONAMENTO
NÃO SE APLICA,41,FEDERAL,PÚBLICA,SUL,RS,RIO GRANDE,ACADÊMICO,LETRAS,4,2001,EM FUNCIONAMENTO
"ENGENHARIA, TECNOLOGIA E GESTÃO",45,FEDERAL,PÚBLICA,SUL,RS,SANTO ANTÔNIO DA PATRULHA,ACADÊMICO,SISTEMAS E PROCESSOS AGROINDUSTRIAIS,A,2021,EM FUNCIONAMENTO
NÃO SE APLICA,7,FEDERAL,PÚBLICA,SUL,RS,RIO GRANDE,ACADÊMICO,BIOLOGIA DE AMBIENTES AQUÁTICOS CONTINENTAIS,5,2006,EM FUNCIONAMENTO
CIÊNCIAS CONTÁBEIS,27,FEDERAL,PÚBLICA,SUL,RS,RIO GRANDE,ACADÊMICO,CONTABILIDADE,3,2017,EM FUNCIONAMENTO
NÃO SE APLICA,12,FEDERAL,PÚBLICA,SUL,RS,RIO GRANDE,ACADÊMICO,ENGENHARIA QUIMICA,3,2013,EM FUNCIONAMENTO
OCEANOGRAFIA BIOLÓGICA,7,FEDERAL,PÚBLICA,SUL,RS,RIO GRANDE,ACADÊMICO,OCEANOGRAFIA BIOLÓGICA,6,1979,EM FUNCIONAMENTO
NÃO SE APLICA,8,FEDERAL,PÚBLICA,SUL,RS,RIO GRANDE,ACADÊMICO,CIÊNCIAS FISIOLÓGICAS,5,2000,EM FUNCIONAMENTO
NÃO SE APLICA,26,PARTICULAR,PRIVADA,SUL,RS,PORTO ALEGRE,ACADÊMICO,DIREITO,6,1988,EM FUNCIONAMENTO
NÃO SE APLICA,44,PARTICULAR,PRIVADA,SUL,RS,PORTO ALEGRE,ACADÊMICO,TEOLOGIA,4,1993,EM FUNCIONAMENTO
NÃO SE APLICA,12,PARTICULAR,PRIVADA,SUL,RS,PORTO ALEGRE,ACADÊMICO,ENGENHARIA E TECNOLOGIA DE MATERIAIS,6,2001,EM FUNCIONAMENTO
PSICOLOGIA SOCIAL,37,PARTICULAR,PRIVADA,SUL,RS,PORTO ALEGRE,ACADÊMICO,PSICOLOGIA,7,1972,EM FUNCIONAMENTO
NÃO SE APLICA,31,PARTICULAR,PRIVADA,SUL,RS,PORTO ALEGRE,ACADÊMICO,COMUNICAÇÃO SOCIAL,6,1994,EM FUNCIONAMENTO
NÃO SE APLICA,2,PARTICULAR,PRIVADA,SUL,RS,PORTO ALEGRE,ACADÊMICO,CIÊNCIA DA COMPUTAÇÃO,7,1994,EM FUNCIONAMENTO
NÃO SE APLICA,28,PARTICULAR,PRIVADA,SUL,RS,PORTO ALEGRE,ACADÊMICO,ECONOMIA,5,2002,EM FUNCIONAMENTO
SAÚDE E BIOLÓGICAS,45,PARTICULAR,PRIVADA,SUL,RS,PORTO ALEGRE,ACADÊMICO,GERONTOLOGIA BIOMÉDICA,7,2000,EM FUNCIONAMENTO
NÃO SE APLICA,34,PARTICULAR,PRIVADA,SUL,RS,PORTO ALEGRE,ACADÊMICO,SOCIOLOGIA E CIÊNCIA POLÍTICA,6,2005,EM FUNCIONAMENTO
NÃO SE APLICA,27,PARTICULAR,PRIVADA,SUL,RS,PORTO ALEGRE,ACADÊMICO,ADMINISTRAÇÃO E NEGÓCIOS,5,2006,EM FUNCIONAMENTO
NÃO SE APLICA,6,PARTICULAR,PRIVADA,SUL,RS,PORTO ALEGRE,ACADÊMICO,BIOLOGIA CELULAR E MOLECULAR,6,2003,EM FUNCIONAMENTO
NÃO SE APLICA,41,PARTICULAR,PRIVADA,SUL,RS,PORTO ALEGRE,ACADÊMICO,LINGÜÍSTICA E LETRAS,7,1970,EM FUNCIONAMENTO
NÃO SE APLICA,18,PARTICULAR,PRIVADA,SUL,RS,PORTO ALEGRE,ACADÊMICO,ODONTOLOGIA,5,1999,EM FUNCIONAMENTO
NÃO SE APLICA,40,PARTICULAR,PRIVADA,SUL,RS,PORTO ALEGRE,ACADÊMICO,HISTÓRIA,5,1973,EM FUNCIONAMENTO
CLÍNICA MÉDICA,15,PARTICULAR,PRIVADA,SUL,RS,PORTO ALEGRE,ACADÊMICO,MEDICINA E CIÊNCIAS DA SAÚDE.,6,1993,EM FUNCIONAMENTO
CLÍNICA MÉDICA,16,PARTICULAR,PRIVADA,SUL,RS,PORTO ALEGRE,ACADÊMICO,MEDICINA PEDIATRIA E SAUDE DA CRIANÇA,7,1995,EM FUNCIONAMENTO
NÃO SE APLICA,26,PARTICULAR,PRIVADA,SUL,RS,PORTO ALEGRE,ACADÊMICO,CIÊNCIAS CRIMINAIS,5,1997,EM FUNCIONAMENTO
NÃO SE APLICA,7,PARTICULAR,PRIVADA,SUL,RS,PORTO ALEGRE,ACADÊMICO,ECOLOGIA E EVOLUÇÃO DA BIODIVERSIDADE,6,1978,EM FUNCIONAMENTO
NÃO SE APLICA,38,PARTICULAR,PRIVADA,SUL,RS,PORTO ALEGRE,ACADÊMICO,EDUCAÇÃO,6,1972,EM FUNCIONAMENTO
NÃO SE APLICA,33,PARTICULAR,PRIVADA,SUL,RS,PORTO ALEGRE,ACADÊMICO,FILOSOFIA,7,1974,EM FUNCIONAMENTO
NÃO SE APLICA,15,PARTICULAR,PRIVADA,SUL,RS,PELOTAS,ACADÊMICO,SAÚDE E COMPORTAMENTO,5,1999,EM FUNCIONAMENTO
NÃO SE APLICA,22,PARTICULAR,PRIVADA,SUL,RS,PELOTAS,PROFISSIONAL,SAÚDE NO CICLO VITAL,4,2013,EM FUNCIONAMENTO
NÃO SE APLICA,14,PARTICULAR,PRIVADA,SUL,RS,PELOTAS,ACADÊMICO,ENGENHARIA ELETRÔNICA E COMPUTAÇÃO,3,2014,EM FUNCIONAMENTO
NÃO SE APLICA,32,PARTICULAR,PRIVADA,SUL,RS,PELOTAS,ACADÊMICO,POLÍTICA SOCIAL E DIREITOS HUMANOS,5,2006,EM FUNCIONAMENTO
NÃO SE APLICA,38,PARTICULAR,PRIVADA,SUL,RS,SÃO LEOPOLDO,ACADÊMICO,EDUCAÇÃO,6,1994,EM FUNCIONAMENTO
NÃO SE APLICA,27,PARTICULAR,PRIVADA,SUL,RS,SÃO LEOPOLDO,PROFISSIONAL,GESTÃO E NEGÓCIOS,5,2011,EM FUNCIONAMENTO
NÃO SE APLICA,27,PARTICULAR,PRIVADA,SUL,RS,PORTO ALEGRE,ACADÊMICO,ADMINISTRAÇÃO,7,2000,EM FUNCIONAMENTO
NÃO SE APLICA,13,PARTICULAR,PRIVADA,SUL,RS,SÃO LEOPOLDO,ACADÊMICO,ENGENHARIA DE PRODUÇÃO E SISTEMAS,4,2006,EM FUNCIONAMENTO
NÃO SE APLICA,33,PARTICULAR,PRIVADA,SUL,RS,SÃO LEOPOLDO,ACADÊMICO,FILOSOFIA,6,2001,EM FUNCIONAMENTO
NÃO SE APLICA,2,PARTICULAR,PRIVADA,SUL,RS,SÃO LEOPOLDO,ACADÊMICO,COMPUTAÇÃO APLICADA,5,2000,EM FUNCIONAMENTO
NÃO SE APLICA,26,PARTICULAR,PRIVADA,SUL,RS,PORTO ALEGRE,PROFISSIONAL,DIREITO DA EMPRESA E DOS NEGÓCIOS,3,2015,EM FUNCIONAMENTO
DIREITO PÚBLICO,26,PARTICULAR,PRIVADA,SUL,RS,SÃO LEOPOLDO,ACADÊMICO,DIREITO,6,1997,EM FUNCIONAMENTO
NÃO SE APLICA,50,PARTICULAR,PRIVADA,SUL,RS,SÃO LEOPOLDO,PROFISSIONAL,"ALIMENTOS, NUTRIÇÃO E SAÚDE.",3,2012,EM FUNCIONAMENTO
NÃO SE APLICA,10,PARTICULAR,PRIVADA,SUL,RS,SÃO LEOPOLDO,ACADÊMICO,ENGENHARIA CIVIL,5,2007,EM FUNCIONAMENTO
NÃO SE APLICA,14,PARTICULAR,PRIVADA,SUL,RS,SÃO LEOPOLDO,PROFISSIONAL,ENGENHARIA ELÉTRICA,3,2013,EM FUNCIONAMENTO
NÃO SE APLICA,29,PARTICULAR,PRIVADA,SUL,RS,SÃO LEOPOLDO,PROFISSIONAL,DESIGN,5,2008,EM FUNCIONAMENTO
NÃO SE APLICA,38,PARTICULAR,PRIVADA,SUL,RS,SÃO LEOPOLDO,PROFISSIONAL,GESTÃO EDUCACIONAL,4,2013,EM FUNCIONAMENTO
NÃO SE APLICA,22,PARTICULAR,PRIVADA,SUL,RS,SÃO LEOPOLDO,ACADÊMICO,SAÚDE COLETIVA,5,2002,EM FUNCIONAMENTO
NÃO SE APLICA,26,PARTICULAR,PRIVADA,SUL,RS,CAXIAS DO SUL,ACADÊMICO,DIREITO,4,2001,EM FUNCIONAMENTO
NÃO SE APLICA,13,PARTICULAR,PRIVADA,SUL,RS,CAXIAS DO SUL,PROFISSIONAL,ENGENHARIA DE PRODUÇÃO,3,2016,EM FUNCIONAMENTO
NÃO SE APLICA,41,PARTICULAR,PRIVADA,SUL,RS,CAXIAS DO SUL,ACADÊMICO,LETRAS E CULTURA,4,2000,EM FUNCIONAMENTO
NÃO SE APLICA,10,PARTICULAR,PRIVADA,SUL,RS,CAXIAS DO SUL,PROFISSIONAL,ENGENHARIA E CIÊNCIAS AMBIENTAIS,3,2012,EM FUNCIONAMENTO
NÃO SE APLICA,38,PARTICULAR,PRIVADA,SUL,RS,CAXIAS DO SUL,ACADÊMICO,EDUCAÇÃO,5,2008,EM FUNCIONAMENTO
NÃO SE APLICA,47,PARTICULAR,PRIVADA,SUL,RS,CAXIAS DO SUL,ACADÊMICO,MATERIAIS,6,2004,EM FUNCIONAMENTO
NÃO SE APLICA,40,PARTICULAR,PRIVADA,SUL,RS,CAXIAS DO SUL,PROFISSIONAL,HISTÓRIA,4,2013,EM FUNCIONAMENTO
NÃO SE APLICA,37,PARTICULAR,PRIVADA,SUL,RS,CAXIAS DO SUL,PROFISSIONAL,PSICOLOGIA,3,2019,EM FUNCIONAMENTO
NÃO SE APLICA,15,PARTICULAR,PRIVADA,SUL,RS,CAXIAS DO SUL,ACADÊMICO,CIÊNCIAS DA SAÚDE,4,2016,EM FUNCIONAMENTO
ÉTICA,33,PARTICULAR,PRIVADA,SUL,RS,CAXIAS DO SUL,ACADÊMICO,FILOSOFIA,4,2011,EM FUNCIONAMENTO
NÃO SE APLICA,24,PARTICULAR,PRIVADA,SUL,RS,CAXIAS DO SUL,PROFISSIONAL,SAÚDE ANIMAL,3,2019,EM FUNCIONAMENTO
ENSINO DE CIÊNCIAS E MATEMÁTICA,46,PARTICULAR,PRIVADA,SUL,RS,CAXIAS DO SUL,PROFISSIONAL,ENSINO DE CIÊNCIAS E MATEMÁTICA,5,2013,EM FUNCIONAMENTO
NÃO SE APLICA,27,PARTICULAR,PRIVADA,SUL,RS,CAXIAS DO SUL,ACADÊMICO,TURISMO E HOSPITALIDADE,4,2000,EM FUNCIONAMENTO
NÃO SE APLICA,48,PARTICULAR,PRIVADA,SUL,RS,CAXIAS DO SUL,ACADÊMICO,BIOTECNOLOGIA,5,1993,EM FUNCIONAMENTO
ADMINISTRAÇÃO DE EMPRESAS,27,PARTICULAR,PRIVADA,SUL,RS,CAXIAS DO SUL,ACADÊMICO,ADMINISTRAÇÃO,4,2006,EM FUNCIONAMENTO
NÃO SE APLICA,12,PARTICULAR,PRIVADA,SUL,RS,CAXIAS DO SUL,ACADÊMICO,ENGENHARIA DE PROCESSOS E TECNOLOGIAS,4,2011,EM FUNCIONAMENTO
NÃO SE APLICA,2,PARTICULAR,PRIVADA,SUL,RS,CAXIAS DO SUL,PROFISSIONAL,COMPUTAÇÃO APLICADA,A,2024,EM FUNCIONAMENTO
NÃO SE APLICA,38,PARTICULAR,PRIVADA,SUL,RS,PASSO FUNDO,ACADÊMICO,EDUCAÇÃO,5,1997,EM FUNCIONAMENTO
NÃO SE APLICA,26,PARTICULAR,PRIVADA,SUL,RS,PASSO FUNDO,ACADÊMICO,DIREITO,3,2014,EM FUNCIONAMENTO
NÃO SE APLICA,24,PARTICULAR,PRIVADA,SUL,RS,PASSO FUNDO,ACADÊMICO,BIOEXPERIMENTAÇÃO,4,2012,EM FUNCIONAMENTO
NÃO SE APLICA,40,PARTICULAR,PRIVADA,SUL,RS,PASSO FUNDO,ACADÊMICO,HISTÓRIA,4,1999,EM FUNCIONAMENTO
NÃO SE APLICA,42,PARTICULAR,PRIVADA,SUL,RS,PASSO FUNDO,ACADÊMICO,AGRONOMIA,4,1996,EM FUNCIONAMENTO
ENSINO DE CIÊNCIAS E MATEMÁTICA,46,PARTICULAR,PRIVADA,SUL,RS,PASSO FUNDO,PROFISSIONAL,ENSINO DE CIÊNCIAS E MATEMÁTICA,4,2014,EM FUNCIONAMENTO
NÃO SE APLICA,18,PARTICULAR,PRIVADA,SUL,RS,PASSO FUNDO,ACADÊMICO,ODONTOLOGIA,5,2010,EM FUNCIONAMENTO
NÃO SE APLICA,10,PARTICULAR,PRIVADA,SUL,RS,PASSO FUNDO,ACADÊMICO,ENGENHARIA CIVIL E AMBIENTAL,5,2003,EM FUNCIONAMENTO
NÃO SE APLICA,27,PARTICULAR,PRIVADA,SUL,RS,PASSO FUNDO,ACADÊMICO,ADMINISTRAÇÃO,4,2015,EM FUNCIONAMENTO
NÃO SE APLICA,2,PARTICULAR,PRIVADA,SUL,RS,PASSO FUNDO,PROFISSIONAL,COMPUTAÇÃO APLICADA,4,2014,EM FUNCIONAMENTO
NÃO SE APLICA,25,PARTICULAR,PRIVADA,SUL,RS,PASSO FUNDO,ACADÊMICO,CIÊNCIA E TECNOLOGIA DE ALIMENTOS,4,2014,EM FUNCIONAMENTO
NÃO SE APLICA,49,PARTICULAR,PRIVADA,SUL,RS,PASSO FUNDO,ACADÊMICO,CIÊNCIAS AMBIENTAIS,3,2016,EM FUNCIONAMENTO
NÃO SE APLICA,41,PARTICULAR,PRIVADA,SUL,RS,PASSO FUNDO,ACADÊMICO,LETRAS,5,2003,EM FUNCIONAMENTO
SAÚDE E BIOLÓGICAS,45,PARTICULAR,PRIVADA,SUL,RS,PASSO FUNDO,ACADÊMICO,ENVELHECIMENTO HUMANO,5,2009,EM FUNCIONAMENTO
NÃO SE APLICA,13,PARTICULAR,PRIVADA,SUL,RS,PASSO FUNDO,PROFISSIONAL,PROJETO E PROCESSOS DE FABRICAÇÃO,3,2011,EM FUNCIONAMENTO
NÃO SE APLICA,26,PARTICULAR,PRIVADA,SUL,RS,SANTO ÂNGELO,ACADÊMICO,DIREITO,4,2006,EM FUNCIONAMENTO
NÃO SE APLICA,38,PARTICULAR,PRIVADA,SUL,RS,FREDERICO WESTPHALEN,ACADÊMICO,EDUCAÇÃO,4,2011,EM FUNCIONAMENTO
NÃO SE APLICA,7,PARTICULAR,PRIVADA,SUL,RS,ERECHIM,ACADÊMICO,ECOLOGIA,3,2007,EM FUNCIONAMENTO
NÃO SE APLICA,25,PARTICULAR,PRIVADA,SUL,RS,ERECHIM,ACADÊMICO,ENGENHARIA DE ALIMENTOS,4,2002,EM FUNCIONAMENTO
NÃO SE APLICA,27,PARTICULAR,PRIVADA,SUL,RS,SANTO ÂNGELO,PROFISSIONAL,GESTÃO ESTRATÉGICA DE ORGANIZAÇÕES,3,2011,EM FUNCIONAMENTO
ENSINO DE CIÊNCIAS E MATEMÁTICA,46,PARTICULAR,PRIVADA,SUL,RS,SANTO ÂNGELO,PROFISSIONAL,ENSINO CIENTIFICO E TECNOLÓGICO,5,2009,EM FUNCIONAMENTO
NÃO SE APLICA,48,PARTICULAR,PRIVADA,SUL,RS,LAJEADO,ACADÊMICO,BIOTECNOLOGIA,5,2012,EM FUNCIONAMENTO
NÃO SE APLICA,49,PARTICULAR,PRIVADA,SUL,RS,LAJEADO,ACADÊMICO,AMBIENTE E DESENVOLVIMENTO,5,2006,EM FUNCIONAMENTO
ENSINO DE CIÊNCIAS E MATEMÁTICA,46,PARTICULAR,PRIVADA,SUL,RS,LAJEADO,PROFISSIONAL,ENSINO DE CIÊNCIAS EXATAS,5,2007,EM FUNCIONAMENTO
NÃO SE APLICA,15,PARTICULAR,PRIVADA,SUL,RS,LAJEADO,ACADÊMICO,CIÊNCIAS MÉDICAS,3,2020,EM FUNCIONAMENTO
NÃO SE APLICA,46,PARTICULAR,PRIVADA,SUL,RS,LAJEADO,ACADÊMICO,ENSINO,4,2013,EM FUNCIONAMENTO
NÃO SE APLICA,37,FEDERAL,PÚBLICA,SUL,RS,PORTO ALEGRE,ACADÊMICO,PSICOLOGIA E SAÚDE,4,2016,EM FUNCIONAMENTO
NÃO SE APLICA,15,FEDERAL,PÚBLICA,SUL,RS,PORTO ALEGRE,ACADÊMICO,CIÊNCIAS DA SAÚDE,5,2002,EM FUNCIONAMENTO
CLÍNICA MÉDICA,16,FEDERAL,PÚBLICA,SUL,RS,PORTO ALEGRE,ACADÊMICO,PEDIATRIA: ATENÇÃO A SAÚDE DA CRIANÇA E DO ADOLESCENTE,3,2016,EM FUNCIONAMENTO
NÃO SE APLICA,21,FEDERAL,PÚBLICA,SUL,RS,PORTO ALEGRE,ACADÊMICO,CIÊNCIAS DA REABILITAÇÃO,4,2011,EM FUNCIONAMENTO
NÃO SE APLICA,6,FEDERAL,PÚBLICA,SUL,RS,PORTO ALEGRE,ACADÊMICO,BIOCIÊNCIAS,5,2015,EM FUNCIONAMENTO
NÃO SE APLICA,20,FEDERAL,PÚBLICA,SUL,RS,PORTO ALEGRE,PROFISSIONAL,ENFERMAGEM,3,2015,EM FUNCIONAMENTO
CLÍNICA MÉDICA,15,FEDERAL,PÚBLICA,SUL,RS,PORTO ALEGRE,ACADÊMICO,MEDICINA (HEPATOLOGIA),3,1993,EM FUNCIONAMENTO
ANATOMIA PATOLÓGICA E PATOLOGIA CLÍNICA,16,FEDERAL,PÚBLICA,SUL,RS,PORTO ALEGRE,ACADÊMICO,PATOLOGIA,4,1993,EM FUNCIONAMENTO
NÃO SE APLICA,46,FEDERAL,PÚBLICA,SUL,RS,PORTO ALEGRE,PROFISSIONAL,ENSINO NA SAÚDE,4,2014,EM FUNCIONAMENTO
SAÚDE E BIOLÓGICAS,45,FEDERAL,PÚBLICA,SUL,RS,PORTO ALEGRE,ACADÊMICO,TECNOLOGIAS DA INFORMAÇÃO E GESTÃO EM SAÚDE,3,2018,EM FUNCIONAMENTO
NÃO SE APLICA,50,FEDERAL,PÚBLICA,SUL,RS,PORTO ALEGRE,ACADÊMICO,CIÊNCIAS DA NUTRIÇÃO,3,2017,EM FUNCIONAMENTO
NÃO SE APLICA,44,PARTICULAR,PRIVADA,SUL,RS,SÃO LEOPOLDO,ACADÊMICO,TEOLOGIA,5,1983,EM FUNCIONAMENTO
NÃO SE APLICA,44,PARTICULAR,PRIVADA,SUL,RS,SÃO LEOPOLDO,PROFISSIONAL,TEOLOGIA,4,2001,EM FUNCIONAMENTO
NÃO SE APLICA,15,PARTICULAR,PRIVADA,SUL,RS,PORTO ALEGRE,ACADÊMICO,CIÊNCIAS DA SAÚDE (CARDIOLOGIA),5,2002,EM FUNCIONAMENTO
NÃO SE APLICA,38,PARTICULAR,PRIVADA,SUL,RS,SANTA CRUZ DO SUL,ACADÊMICO,EDUCAÇÃO,5,2008,EM FUNCIONAMENTO
NÃO SE APLICA,13,PARTICULAR,PRIVADA,SUL,RS,SANTA CRUZ DO SUL,ACADÊMICO,SISTEMAS E PROCESSOS INDUSTRIAIS,4,2005,EM FUNCIONAMENTO
SAÚDE E BIOLÓGICAS,45,PARTICULAR,PRIVADA,SUL,RS,SANTA CRUZ DO SUL,ACADÊMICO,PROMOÇÃO DA SAÚDE,4,2010,EM FUNCIONAMENTO
NÃO SE APLICA,10,PARTICULAR,PRIVADA,SUL,RS,SANTA CRUZ DO SUL,ACADÊMICO,TECNOLOGIA AMBIENTAL,5,2005,EM FUNCIONAMENTO
NÃO SE APLICA,30,PARTICULAR,PRIVADA,SUL,RS,SANTA CRUZ DO SUL,ACADÊMICO,DESENVOLVIMENTO REGIONAL,6,1994,EM FUNCIONAMENTO
NÃO SE APLICA,37,PARTICULAR,PRIVADA,SUL,RS,SANTA CRUZ DO SUL,PROFISSIONAL,PSICOLOGIA,4,2019,EM FUNCIONAMENTO
NÃO SE APLICA,26,PARTICULAR,PRIVADA,SUL,RS,SANTA CRUZ DO SUL,ACADÊMICO,DIREITO,5,1998,EM FUNCIONAMENTO
NÃO SE APLICA,41,PARTICULAR,PRIVADA,SUL,RS,SANTA CRUZ DO SUL,ACADÊMICO,LETRAS,4,2005,EM FUNCIONAMENTO
NÃO SE APLICA,27,PARTICULAR,PRIVADA,SUL,RS,SANTA CRUZ DO SUL,PROFISSIONAL,ADMINISTRAÇÃO,4,2011,EM FUNCIONAMENTO
"SOCIAIS, CULTURAS E HUMANIDADES",45,PARTICULAR,PRIVADA,SUL,RS,CANOAS,ACADÊMICO,MEMÓRIA SOCIAL E BENS CULTURAIS,5,2009,EM FUNCIONAMENTO
NÃO SE APLICA,38,PARTICULAR,PRIVADA,SUL,RS,CANOAS,ACADÊMICO,EDUCAÇÃO,5,2007,EM FUNCIONAMENTO
SAÚDE E BIOLÓGICAS,45,PARTICULAR,PRIVADA,SUL,RS,CANOAS,PROFISSIONAL,SAÚDE E DESENVOLVIMENTO HUMANO,4,2013,EM FUNCIONAMENTO
NÃO SE APLICA,26,PARTICULAR,PRIVADA,SUL,RS,CANOAS,ACADÊMICO,DIREITO,4,2014,EM FUNCIONAMENTO
"SOCIAIS, CULTURAS E HUMANIDADES",45,PARTICULAR,PRIVADA,SUL,RS,CANOAS,ACADÊMICO,MEMÓRIA SOCIAL E BENS CULTURAIS,5,2015,EM FUNCIONAMENTO
PSIQUIATRIA,16,FEDERAL,PÚBLICA,SUL,RS,PORTO ALEGRE,PROFISSIONAL,PREVENÇÃO E ASSISTÊNCIA EM SAÚDE MENTAL E TRANSTORNOS ADITIVOS,4,2014,EM FUNCIONAMENTO
NÃO SE APLICA,15,FEDERAL,PÚBLICA,SUL,RS,PORTO ALEGRE,PROFISSIONAL,PESQUISA CLÍNICA,4,2016,EM FUNCIONAMENTO
NÃO SE APLICA,49,PARTICULAR,PRIVADA,SUL,RS,IJUÍ,ACADÊMICO,SISTEMAS AMBIENTAIS E SUSTENTABILIDADE,3,2019,EM FUNCIONAMENTO
NÃO SE APLICA,38,PARTICULAR,PRIVADA,SUL,RS,IJUÍ,ACADÊMICO,EDUCAÇÃO NAS CIÊNCIAS,5,1995,EM FUNCIONAMENTO
NÃO SE APLICA,30,PARTICULAR,PRIVADA,SUL,RS,IJUÍ,ACADÊMICO,DESENVOLVIMENTO REGIONAL,5,2002,EM FUNCIONAMENTO
"ENGENHARIA, TECNOLOGIA E GESTÃO",45,PARTICULAR,PRIVADA,SUL,RS,IJUÍ,ACADÊMICO,MODELAGEM MATEMÁTICA E COMPUTACIONAL,4,1994,EM FUNCIONAMENTO
NÃO SE APLICA,26,PARTICULAR,PRIVADA,SUL,RS,IJUÍ,ACADÊMICO,DIREITOS HUMANOS,4,2012,EM FUNCIONAMENTO
NÃO SE APLICA,10,FEDERAL,PÚBLICA,SUL,RS,PELOTAS,PROFISSIONAL,ENGENHARIA E CIÊNCIAS AMBIENTAIS,3,2017,EM FUNCIONAMENTO
NÃO SE APLICA,38,FEDERAL,PÚBLICA,SUL,RS,PELOTAS,PROFISSIONAL,EDUCAÇÃO E TECNOLOGIA,4,2012,EM FUNCIONAMENTO
ENSINO DE CIÊNCIAS E MATEMÁTICA,46,FEDERAL,PÚBLICA,SUL,RS,PELOTAS,PROFISSIONAL,CIÊNCIAS E TECNOLOGIAS NA EDUCAÇÃO,4,2014,EM FUNCIONAMENTO
SAÚDE E BIOLÓGICAS,45,PARTICULAR,PRIVADA,SUL,RS,CRUZ ALTA,ACADÊMICO,ATENÇÃO INTEGRAL À SAÚDE,4,2014,EM FUNCIONAMENTO
POLÍTICAS E DESENVOLVIMENTO DE TERRITÓRIOS,45,PARTICULAR,PRIVADA,SUL,RS,CRUZ ALTA,PROFISSIONAL,DESENVOLVIMENTO RURAL,3,2012,EM FUNCIONAMENTO
"SOCIAIS, CULTURAS E HUMANIDADES",45,PARTICULAR,PRIVADA,SUL,RS,CRUZ ALTA,ACADÊMICO,PRÁTICAS SOCIOCULTURAIS E DESENVOLVIMENTO SOCIAL,4,2013,EM FUNCIONAMENTO
ENFERMAGEM OBSTÉTRICA,20,PARTICULAR,PRIVADA,SUL,RS,SANTA MARIA,PROFISSIONAL,SAÚDE MATERNO INFANTIL,4,2015,EM FUNCIONAMENTO
ANATOMIA PATOLÓGICA E PATOLOGIA CLÍNICA,16,PARTICULAR,PRIVADA,SUL,RS,SANTA MARIA,ACADÊMICO,CIÊNCIAS DA SAÚDE E DA VIDA,3,2016,EM FUNCIONAMENTO
"ENGENHARIA, TECNOLOGIA E GESTÃO",45,PARTICULAR,PRIVADA,SUL,RS,SANTA MARIA,ACADÊMICO,NANOCIÊNCIAS,5,2007,EM FUNCIONAMENTO
NÃO SE APLICA,46,PARTICULAR,PRIVADA,SUL,RS,SANTA MARIA,ACADÊMICO,ENSINO DE HUMANIDADES E LINGUAGENS,4,2016,EM FUNCIONAMENTO
ENSINO DE CIÊNCIAS E MATEMÁTICA,46,PARTICULAR,PRIVADA,SUL,RS,SANTA MARIA,ACADÊMICO,ENSINO DE CIÊNCIAS E MATEMÁTICA,4,2014,EM FUNCIONAMENTO
ENSINO DE CIÊNCIAS E MATEMÁTICA,46,PARTICULAR,PRIVADA,SUL,RS,SANTA MARIA,PROFISSIONAL,ENSINO DE CIÊNCIAS E MATEMÁTICA,4,2004,EM FUNCIONAMENTO
NÃO SE APLICA,47,PARTICULAR,PRIVADA,SUL,RS,NOVO HAMBURGO,PROFISSIONAL,TECNOLOGIA DE MATERIAIS E PROCESSOS INDUSTRIAIS,5,2009,EM FUNCIONAMENTO
MEDICINA VETERINÁRIA PREVENTIVA,24,PARTICULAR,PRIVADA,SUL,RS,NOVO HAMBURGO,ACADÊMICO,VIROLOGIA,4,2017,EM FUNCIONAMENTO
"SOCIAIS, CULTURAS E HUMANIDADES",45,PARTICULAR,PRIVADA,SUL,RS,NOVO HAMBURGO,PROFISSIONAL,INDÚSTRIA CRIATIVA,5,2014,EM FUNCIONAMENTO
NÃO SE APLICA,27,PARTICULAR,PRIVADA,SUL,RS,NOVO HAMBURGO,ACADÊMICO,ADMINISTRAÇÃO,3,2019,EM FUNCIONAMENTO
NÃO SE APLICA,19,PARTICULAR,PRIVADA,SUL,RS,NOVO HAMBURGO,ACADÊMICO,TOXICOLOGIA E ANÁLISES TOXICOLÓGICAS,3,2016,EM FUNCIONAMENTO
"SOCIAIS, CULTURAS E HUMANIDADES",45,PARTICULAR,PRIVADA,SUL,RS,NOVO HAMBURGO,ACADÊMICO,PROCESSOS E MANIFESTAÇÕES CULTURAIS,5,2010,EM FUNCIONAMENTO
"SOCIAIS, CULTURAS E HUMANIDADES",45,PARTICULAR,PRIVADA,SUL,RS,NOVO HAMBURGO,ACADÊMICO,DIVERSIDADE CULTURAL E INCLUSÃO SOCIAL,5,2013,EM FUNCIONAMENTO
NÃO SE APLICA,37,PARTICULAR,PRIVADA,SUL,RS,NOVO HAMBURGO,ACADÊMICO,PSICOLOGIA,3,2020,EM FUNCIONAMENTO
NÃO SE APLICA,49,PARTICULAR,PRIVADA,SUL,RS,NOVO HAMBURGO,ACADÊMICO,QUALIDADE AMBIENTAL,6,2005,EM FUNCIONAMENTO
DIREITOS ESPECIAIS,26,PARTICULAR,PRIVADA,SUL,RS,PORTO ALEGRE,ACADÊMICO,DIREITO,3,2011,EM FUNCIONAMENTO
POLÍTICAS E DESENVOLVIMENTO DE TERRITÓRIOS,45,FEDERAL,PÚBLICA,SUL,RS,BENTO GONÇALVES,PROFISSIONAL,VITICULTURA E ENOLOGIA,A,2022,EM FUNCIONAMENTO
NÃO SE APLICA,38,FEDERAL,PÚBLICA,SUL,RS,BENTO GONÇALVES,PROFISSIONAL,PROFISSIONAL EM EDUCAÇÃO BÁSICA,A,2024,EM FUNCIONAMENTO
NÃO SE APLICA,12,FEDERAL,PÚBLICA,SUL,RS,BENTO GONÇALVES,PROFISSIONAL,TECNOLOGIA E ENGENHARIA DE MATERIAIS,4,2015,EM FUNCIONAMENTO
"SOCIAIS, CULTURAS E HUMANIDADES",45,FEDERAL,PÚBLICA,SUL,RS,BENTO GONÇALVES,PROFISSIONAL,INFORMÁTICA NA EDUCAÇÃO,4,2015,EM FUNCIONAMENTO
POLÍTICAS E DESENVOLVIMENTO DE TERRITÓRIOS,45,ESTADUAL,PÚBLICA,SUL,RS,SÃO FRANCISCO DE PAULA,PROFISSIONAL,AMBIENTE E SUSTENTABILIDADE,3,2016,EM FUNCIONAMENTO
NÃO SE APLICA,25,ESTADUAL,PÚBLICA,SUL,RS,ENCANTADO,PROFISSIONAL,CIÊNCIA E TECNOLOGIA DE ALIMENTOS,3,2019,EM FUNCIONAMENTO
NÃO SE APLICA,38,ESTADUAL,PÚBLICA,SUL,RS,OSÓRIO,PROFISSIONAL,EDUCAÇÃO,4,2017,EM FUNCIONAMENTO
ENSINO DE CIÊNCIAS E MATEMÁTICA,46,ESTADUAL,PÚBLICA,SUL,RS,PORTO ALEGRE,PROFISSIONAL,"FORMAÇÃO DOCENTE PARA CIÊNCIAS, TECNOLOGIAS, ENGENHARIAS E MATEMÁTICA",3,2019,EM FUNCIONAMENTO
"ENGENHARIA, TECNOLOGIA E GESTÃO",45,FEDERAL,PÚBLICA,SUL,RS,BAGÉ,ACADÊMICO,COMPUTAÇÃO APLICADA,3,2017,EM FUNCIONAMENTO
NÃO SE APLICA,24,FEDERAL,PÚBLICA,SUL,RS,BAGÉ,ACADÊMICO,CIÊNCIA ANIMAL,4,2011,EM FUNCIONAMENTO
NÃO SE APLICA,19,FEDERAL,PÚBLICA,SUL,RS,URUGUAIANA,ACADÊMICO,CIÊNCIAS FARMACÊUTICAS,4,2012,EM FUNCIONAMENTO
METODOLOGIA E TÉCNICAS DA COMPUTAÇÃO,2,FEDERAL,PÚBLICA,SUL,RS,ALEGRETE,PROFISSIONAL,ENGENHARIA DE SOFTWARE,3,2019,EM FUNCIONAMENTO
NÃO SE APLICA,47,FEDERAL,PÚBLICA,SUL,RS,BAGÉ,ACADÊMICO,CIÊNCIA E ENGENHARIA DE MATERIAIS,3,2019,EM FUNCIONAMENTO
NÃO SE APLICA,32,FEDERAL,PÚBLICA,SUL,RS,BAGÉ,ACADÊMICO,SERVIÇO SOCIAL E PROTEÇÃO SOCIAL,A,2024,EM FUNCIONAMENTO
NÃO SE APLICA,31,FEDERAL,PÚBLICA,SUL,RS,BAGÉ,PROFISSIONAL,COMUNICAÇÃO E INDÚSTRIA CRIATIVA,4,2017,EM FUNCIONAMENTO
LINGÜÍSTICA APLICADA,41,FEDERAL,PÚBLICA,SUL,RS,BAGÉ,PROFISSIONAL,ENSINO DE LÍNGUAS,4,2014,EM FUNCIONAMENTO
NÃO SE APLICA,27,FEDERAL,PÚBLICA,SUL,RS,SANT´ANA DO LIVRAMENTO,ACADÊMICO,ADMINISTRAÇÃO,4,2016,EM FUNCIONAMENTO
POLÍTICAS PÚBLICAS,39,FEDERAL,PÚBLICA,SUL,RS,SÃO BORJA,PROFISSIONAL,POLÍTICAS PÚBLICAS,4,2016,EM FUNCIONAMENTO
PLANEJAMENTO E AVALIAÇÃO EDUCACIONAL,38,FEDERAL,PÚBLICA,SUL,RS,BAGÉ,PROFISSIONAL,EDUCAÇÃO,4,2012,EM FUNCIONAMENTO
NÃO SE APLICA,8,FEDERAL,PÚBLICA,SUL,RS,URUGUAIANA,ACADÊMICO,BIOQUÍMICA,5,2011,EM FUNCIONAMENTO
NÃO SE APLICA,12,FEDERAL,PÚBLICA,SUL,RS,CAÇAPAVA DO SUL,PROFISSIONAL,ENGENHARIA MINERAL,3,2013,EM FUNCIONAMENTO
NÃO SE APLICA,10,FEDERAL,PÚBLICA,SUL,RS,ALEGRETE,ACADÊMICO,ENGENHARIA,4,2011,EM FUNCIONAMENTO
NÃO SE APLICA,14,FEDERAL,PÚBLICA,SUL,RS,ALEGRETE,ACADÊMICO,ENGENHARIA ELÉTRICA,3,2020,EM FUNCIONAMENTO
ENSINO-APRENDIZAGEM,38,FEDERAL,PÚBLICA,SUL,RS,BAGÉ,ACADÊMICO,ENSINO,4,2017,EM FUNCIONAMENTO
ENSINO DE CIÊNCIAS E MATEMÁTICA,46,FEDERAL,PÚBLICA,SUL,RS,BAGÉ,PROFISSIONAL,ENSINO DE CIÊNCIAS,4,2012,EM FUNCIONAMENTO
NÃO SE APLICA,6,FEDERAL,PÚBLICA,SUL,RS,SÃO GABRIEL,ACADÊMICO,CIÊNCIAS BIOLÓGICAS,4,2011,EM FUNCIONAMENTO
NÃO SE APLICA,10,PARTICULAR,PRIVADA,SUL,RS,PASSO FUNDO,ACADÊMICO,ENGENHARIA CIVIL,3,2017,EM FUNCIONAMENTO
NÃO SE APLICA,37,PARTICULAR,PRIVADA,SUL,RS,PASSO FUNDO,ACADÊMICO,PSICOLOGIA,4,2017,EM FUNCIONAMENTO
NÃO SE APLICA,26,PARTICULAR,PRIVADA,SUL,RS,PASSO FUNDO,ACADÊMICO,DIREITO,4,2013,EM FUNCIONAMENTO
NÃO SE APLICA,18,PARTICULAR,PRIVADA,SUL,RS,PASSO FUNDO,ACADÊMICO,ODONTOLOGIA,4,2017,EM FUNCIONAMENTO
NÃO SE APLICA,18,PARTICULAR,PRIVADA,SUL,RS,PASSO FUNDO,ACADÊMICO,ODONTOLOGIA NA FORMA ASSOCIATIVA,A,2021,EM FUNCIONAMENTO
NÃO SE APLICA,27,PARTICULAR,PRIVADA,SUL,RS,PASSO FUNDO,ACADÊMICO,ADMINISTRAÇÃO,4,2014,EM FUNCIONAMENTO
NÃO SE APLICA,29,PARTICULAR,PRIVADA,SUL,RS,PASSO FUNDO,ACADÊMICO,ARQUITETURA E URBANISMO,4,2016,EM FUNCIONAMENTO
NÃO SE APLICA,30,PARTICULAR,PRIVADA,SUL,RS,TAQUARA,ACADÊMICO,DESENVOLVIMENTO REGIONAL,4,2013,EM FUNCIONAMENTO
NÃO SE APLICA,38,PARTICULAR,PRIVADA,SUL,SC,CAÇADOR,PROFISSIONAL,EDUCAÇÃO BÁSICA,4,2016,EM FUNCIONAMENTO
POLÍTICAS E DESENVOLVIMENTO DE TERRITÓRIOS,45,PARTICULAR,PRIVADA,SUL,SC,CAÇADOR,ACADÊMICO,DESENVOLVIMENTO E SOCIEDADE,4,2015,EM FUNCIONAMENTO
SAÚDE PÚBLICA,22,FEDERAL,PÚBLICA,SUL,RS,PORTO ALEGRE,PROFISSIONAL,AVALIAÇÃO DE TECNOLOGIAS PARA O SUS,4,2015,EM FUNCIONAMENTO
DIREITOS ESPECIAIS,26,PARTICULAR,PRIVADA,SUL,RS,PORTO ALEGRE,ACADÊMICO,DIREITO,4,2016,EM FUNCIONAMENTO
NÃO SE APLICA,24,ESTADUAL,PÚBLICA,SUL,RS,ELDORADO DO SUL,ACADÊMICO,SAÚDE ANIMAL,4,2014,EM FUNCIONAMENTO
TAXONOMIA DOS GRUPOS RECENTES,7,ESTADUAL,PÚBLICA,SUL,RS,PORTO ALEGRE,ACADÊMICO,SISTEMÁTICA E CONSERVAÇÃO DA DIVERSIDADE BIOLÓGICA,3,2020,EM FUNCIONAMENTO
"SOCIAIS, CULTURAS E HUMANIDADES",45,FEDERAL,PÚBLICA,CENTRO-OESTE,MT,CUIABÁ,ACADÊMICO,ESTUDOS DE CULTURA CONTEMPORÂNEA,5,2008,EM FUNCIONAMENTO
NÃO SE APLICA,3,FEDERAL,PÚBLICA,CENTRO-OESTE,MT,CUIABÁ,ACADÊMICO,FÍSICA,4,2005,EM FUNCIONAMENTO
NÃO SE APLICA,37,FEDERAL,PÚBLICA,CENTRO-OESTE,MT,CUIABÁ,ACADÊMICO,PSICOLOGIA,3,2017,EM FUNCIONAMENTO
NÃO SE APLICA,42,FEDERAL,PÚBLICA,CENTRO-OESTE,MT,CUIABÁ,ACADÊMICO,AGRICULTURA TROPICAL,5,1993,EM FUNCIONAMENTO
NÃO SE APLICA,31,FEDERAL,PÚBLICA,CENTRO-OESTE,MT,CUIABÁ,ACADÊMICO,COMUNICAÇÃO,3,2020,EM FUNCIONAMENTO
NÃO SE APLICA,21,FEDERAL,PÚBLICA,CENTRO-OESTE,MT,CUIABÁ,ACADÊMICO,EDUCAÇÃO FÍSICA,3,2012,EM FUNCIONAMENTO
NÃO SE APLICA,42,FEDERAL,PÚBLICA,CENTRO-OESTE,MT,CUIABÁ,ACADÊMICO,CIÊNCIAS FLORESTAIS E AMBIENTAIS,4,2006,EM FUNCIONAMENTO
SAÚDE E BIOLÓGICAS,45,FEDERAL,PÚBLICA,CENTRO-OESTE,MT,SINOP,ACADÊMICO,CIÊNCIAS EM SAÚDE,4,2017,EM FUNCIONAMENTO
NÃO SE APLICA,24,FEDERAL,PÚBLICA,CENTRO-OESTE,MT,CUIABÁ,ACADÊMICO,CIÊNCIAS VETERINÁRIAS,5,2007,EM FUNCIONAMENTO
NÃO SE APLICA,10,FEDERAL,PÚBLICA,CENTRO-OESTE,MT,CUIABÁ,ACADÊMICO,RECURSOS HÍDRICOS,3,2007,EM FUNCIONAMENTO
NÃO SE APLICA,49,FEDERAL,PÚBLICA,CENTRO-OESTE,MT,SINOP,ACADÊMICO,CIÊNCIAS AMBIENTAIS,3,2012,EM FUNCIONAMENTO
NÃO SE APLICA,41,FEDERAL,PÚBLICA,CENTRO-OESTE,MT,CUIABÁ,ACADÊMICO,ESTUDOS DE LINGUAGEM,5,2003,EM FUNCIONAMENTO
NÃO SE APLICA,36,FEDERAL,PÚBLICA,CENTRO-OESTE,MT,CUIABÁ,ACADÊMICO,GEOGRAFIA,4,2003,EM FUNCIONAMENTO
NÃO SE APLICA,49,FEDERAL,PÚBLICA,CENTRO-OESTE,MT,CUIABÁ,ACADÊMICO,FÍSICA AMBIENTAL,4,2001,EM FUNCIONAMENTO
GEOLOGIA,5,FEDERAL,PÚBLICA,CENTRO-OESTE,MT,CUIABÁ,ACADÊMICO,GEOCIÊNCIAS,3,2005,EM FUNCIONAMENTO
NÃO SE APLICA,32,FEDERAL,PÚBLICA,CENTRO-OESTE,MT,CUIABÁ,ACADÊMICO,POLÍTICA SOCIAL,4,2009,EM FUNCIONAMENTO
NÃO SE APLICA,42,FEDERAL,PÚBLICA,CENTRO-OESTE,MT,CUIABÁ,ACADÊMICO,AGRONOMIA,3,2012,EM FUNCIONAMENTO
NÃO SE APLICA,7,FEDERAL,PÚBLICA,CENTRO-OESTE,MT,CUIABÁ,ACADÊMICO,ZOOLOGIA,4,2014,EM FUNCIONAMENTO
DIREITOS ESPECIAIS,26,FEDERAL,PÚBLICA,CENTRO-OESTE,MT,CUIABÁ,ACADÊMICO,DIREITO,4,2010,EM FUNCIONAMENTO
METODOLOGIA E TÉCNICAS DA COMPUTAÇÃO,2,FEDERAL,PÚBLICA,CENTRO-OESTE,MT,CUIABÁ,ACADÊMICO,COMPUTAÇÃO APLICADA,A,2024,EM FUNCIONAMENTO
NÃO SE APLICA,7,FEDERAL,PÚBLICA,CENTRO-OESTE,MT,CUIABÁ,ACADÊMICO,ECOLOGIA E CONSERVAÇÃO DA BIODIVERSIDADE,5,1993,EM FUNCIONAMENTO
NÃO SE APLICA,50,FEDERAL,PÚBLICA,CENTRO-OESTE,MT,CUIABÁ,ACADÊMICO,"NUTRIÇÃO, ALIMENTOS E METABOLISMO",4,2008,EM FUNCIONAMENTO
NÃO SE APLICA,23,FEDERAL,PÚBLICA,CENTRO-OESTE,MT,SINOP,ACADÊMICO,ZOOTECNIA,4,2012,EM FUNCIONAMENTO
NÃO SE APLICA,40,FEDERAL,PÚBLICA,CENTRO-OESTE,MT,CUIABÁ,ACADÊMICO,HISTÓRIA,4,1998,EM FUNCIONAMENTO
NÃO SE APLICA,34,FEDERAL,PÚBLICA,CENTRO-OESTE,MT,CUIABÁ,ACADÊMICO,SOCIOLOGIA,3,2016,EM FUNCIONAMENTO
ENSINO DE CIÊNCIAS E MATEMÁTICA,46,FEDERAL,PÚBLICA,CENTRO-OESTE,MT,SINOP,PROFISSIONAL,ENSINO DE CIÊNCIAS DA NATUREZA E MATEMÁTICA,3,2019,EM FUNCIONAMENTO
NÃO SE APLICA,35,FEDERAL,PÚBLICA,CENTRO-OESTE,MT,CUIABÁ,ACADÊMICO,ANTROPOLOGIA SOCIAL,4,2014,EM FUNCIONAMENTO
NÃO SE APLICA,28,FEDERAL,PÚBLICA,CENTRO-OESTE,MT,CUIABÁ,ACADÊMICO,ECONOMIA,4,2005,EM FUNCIONAMENTO
NÃO SE APLICA,7,FEDERAL,PÚBLICA,CENTRO-OESTE,MT,CUIABÁ,ACADÊMICO,BIOLOGIA VEGETAL,A,2021,EM FUNCIONAMENTO
ENSINO DE CIÊNCIAS E MATEMÁTICA,46,FEDERAL,PÚBLICA,CENTRO-OESTE,MT,CUIABÁ,PROFISSIONAL,ENSINO DE CIÊNCIAS NATURAIS,4,2010,EM FUNCIONAMENTO
NÃO SE APLICA,23,FEDERAL,PÚBLICA,CENTRO-OESTE,MT,CUIABÁ,ACADÊMICO,CIÊNCIA ANIMAL,4,2006,EM FUNCIONAMENTO
NÃO SE APLICA,33,FEDERAL,PÚBLICA,CENTRO-OESTE,MT,CUIABÁ,ACADÊMICO,FILOSOFIA,4,2014,EM FUNCIONAMENTO
NÃO SE APLICA,15,FEDERAL,PÚBLICA,CENTRO-OESTE,MT,CUIABÁ,ACADÊMICO,CIÊNCIAS DA SAÚDE,5,2003,EM FUNCIONAMENTO
NÃO SE APLICA,38,FEDERAL,PÚBLICA,CENTRO-OESTE,MT,CUIABÁ,ACADÊMICO,EDUCAÇÃO,4,1988,EM FUNCIONAMENTO
NÃO SE APLICA,9,FEDERAL,PÚBLICA,CENTRO-OESTE,MT,BARRA DO GARÇAS,ACADÊMICO,IMUNOLOGIA E PARASITOLOGIA BÁSICAS E APLICADAS,4,2011,EM FUNCIONAMENTO
NÃO SE APLICA,22,FEDERAL,PÚBLICA,CENTRO-OESTE,MT,CUIABÁ,ACADÊMICO,SAUDE COLETIVA,4,2003,EM FUNCIONAMENTO
NÃO SE APLICA,20,FEDERAL,PÚBLICA,CENTRO-OESTE,MT,CUIABÁ,ACADÊMICO,ENFERMAGEM,4,2006,EM FUNCIONAMENTO
MÚSICA,11,FEDERAL,PÚBLICA,CENTRO-OESTE,MT,CUIABÁ,PROFISSIONAL,MÚSICA,A,2024,EM FUNCIONAMENTO
NÃO SE APLICA,47,FEDERAL,PÚBLICA,CENTRO-OESTE,MT,BARRA DO GARÇAS,ACADÊMICO,CIÊNCIA DE MATERIAIS,4,2010,EM FUNCIONAMENTO
NÃO SE APLICA,4,FEDERAL,PÚBLICA,CENTRO-OESTE,MT,CUIABÁ,ACADÊMICO,QUÍMICA,3,2010,EM FUNCIONAMENTO
NÃO SE APLICA,41,ESTADUAL,PÚBLICA,CENTRO-OESTE,MT,CÁCERES,ACADÊMICO,ESTUDOS LITERÁRIOS,4,2009,EM FUNCIONAMENTO
ENSINO DE CIÊNCIAS E MATEMÁTICA,46,ESTADUAL,PÚBLICA,CENTRO-OESTE,MT,BARRA DO BUGRES,ACADÊMICO,ENSINO DE CIENCIAS E MATEMÁTICA,4,2015,EM FUNCIONAMENTO
NÃO SE APLICA,48,ESTADUAL,PÚBLICA,CENTRO-OESTE,MT,CÁCERES,ACADÊMICO,BIOTECNOLOGIA E BIODIVERSIDADE - REDE PRÓ-CENTRO-OESTE,4,2013,EM FUNCIONAMENTO
NÃO SE APLICA,41,ESTADUAL,PÚBLICA,CENTRO-OESTE,MT,CÁCERES,ACADÊMICO,LETRAS,4,2016,EM FUNCIONAMENTO
NÃO SE APLICA,36,ESTADUAL,PÚBLICA,CENTRO-OESTE,MT,CÁCERES,ACADÊMICO,GEOGRAFIA,4,2015,EM FUNCIONAMENTO
NÃO SE APLICA,7,ESTADUAL,PÚBLICA,CENTRO-OESTE,MT,NOVA XAVANTINA,ACADÊMICO,ECOLOGIA E CONSERVAÇÃO,5,2008,EM FUNCIONAMENTO
NÃO SE APLICA,41,ESTADUAL,PÚBLICA,CENTRO-OESTE,MT,CÁCERES,ACADÊMICO,LÍNGUÍSTICA,4,2010,EM FUNCIONAMENTO
NÃO SE APLICA,49,ESTADUAL,PÚBLICA,CENTRO-OESTE,MT,CÁCERES,ACADÊMICO,CIÊNCIAS AMBIENTAIS,4,2006,EM FUNCIONAMENTO
NÃO SE APLICA,46,ESTADUAL,PÚBLICA,CENTRO-OESTE,MT,BARRA DO BUGRES,PROFISSIONAL,ENSINO EM CONTEXTO INDÍGENA INTERCULTURAL,3,2020,EM FUNCIONAMENTO
FITOTECNIA,42,ESTADUAL,PÚBLICA,CENTRO-OESTE,MT,CÁCERES,ACADÊMICO,GENÉTICA E MELHORAMENTO DE PLANTAS,4,2012,EM FUNCIONAMENTO
NÃO SE APLICA,38,ESTADUAL,PÚBLICA,CENTRO-OESTE,MT,CÁCERES,ACADÊMICO,EDUCAÇÃO,4,2010,EM FUNCIONAMENTO
NÃO SE APLICA,49,ESTADUAL,PÚBLICA,CENTRO-OESTE,MT,ALTA FLORESTA,ACADÊMICO,BIODIVERSIDADE E AGROECOSSISTEMAS AMAZÔNICOS,4,2012,EM FUNCIONAMENTO
POLÍTICAS E DESENVOLVIMENTO DE TERRITÓRIOS,45,ESTADUAL,PÚBLICA,CENTRO-OESTE,MT,TANGARÁ DA SERRA,ACADÊMICO,AMBIENTE E SISTEMAS DE PRODUÇÃO AGRÍCOLA,4,2011,EM FUNCIONAMENTO
CIÊNCIA DE ALIMENTOS,25,FEDERAL,PÚBLICA,CENTRO-OESTE,MT,CUIABÁ,ACADÊMICO,CIÊNCIA E TECNOLOGIA DE ALIMENTOS,3,2012,EM FUNCIONAMENTO
NÃO SE APLICA,4,FEDERAL,PÚBLICA,CENTRO-OESTE,MT,CUIABÁ,PROFISSIONAL,QUIMICA TECNOLÓGICA E AMBIENTAL,3,2020,EM FUNCIONAMENTO
NÃO SE APLICA,46,FEDERAL,PÚBLICA,CENTRO-OESTE,MT,CUIABÁ,ACADÊMICO,ENSINO,3,2016,EM FUNCIONAMENTO
SAÚDE E BIOLÓGICAS,45,PARTICULAR,PRIVADA,CENTRO-OESTE,MT,CUIABÁ,ACADÊMICO,AMBIENTE E SAÚDE,4,2016,EM FUNCIONAMENTO
NÃO SE APLICA,49,PARTICULAR,PRIVADA,CENTRO-OESTE,MT,CUIABÁ,ACADÊMICO,CIÊNCIAS AMBIENTAIS,4,2013,EM FUNCIONAMENTO
NÃO SE APLICA,18,PARTICULAR,PRIVADA,CENTRO-OESTE,MT,CUIABÁ,ACADÊMICO,CIÊNCIAS ODONTOLÓGICAS INTEGRADAS,4,2011,EM FUNCIONAMENTO
NÃO SE APLICA,24,PARTICULAR,PRIVADA,CENTRO-OESTE,MT,CUIABÁ,ACADÊMICO,BIOCIÊNCIA ANIMAL,4,2011,EM FUNCIONAMENTO
NÃO SE APLICA,18,PARTICULAR,PRIVADA,CENTRO-OESTE,MT,CUIABÁ,ACADÊMICO,CIÊNCIAS ODONTOLÓGICAS INTEGRADAS,4,2016,EM FUNCIONAMENTO
NÃO SE APLICA,29,PARTICULAR,PRIVADA,CENTRO-OESTE,MT,VÁRZEA GRANDE,ACADÊMICO,ARQUITETURA E URBANISMO,3,2019,EM FUNCIONAMENTO
NÃO SE APLICA,27,FEDERAL,PÚBLICA,CENTRO-OESTE,MS,CAMPO GRANDE,ACADÊMICO,ADMINISTRAÇÃO,4,2008,EM FUNCIONAMENTO
NÃO SE APLICA,24,FEDERAL,PÚBLICA,CENTRO-OESTE,MS,CAMPO GRANDE,ACADÊMICO,CIÊNCIAS VETERINÁRIAS,4,2015,EM FUNCIONAMENTO
NÃO SE APLICA,2,FEDERAL,PÚBLICA,CENTRO-OESTE,MS,CAMPO GRANDE,PROFISSIONAL,COMPUTAÇÃO APLICADA,3,2013,EM FUNCIONAMENTO
NÃO SE APLICA,31,FEDERAL,PÚBLICA,CENTRO-OESTE,MS,CAMPO GRANDE,ACADÊMICO,COMUNICAÇÃO,4,2011,EM FUNCIONAMENTO
NÃO SE APLICA,42,FEDERAL,PÚBLICA,CENTRO-OESTE,MS,CHAPADÃO DO SUL,ACADÊMICO,AGRONOMIA,4,2012,EM FUNCIONAMENTO
"SOCIAIS, CULTURAS E HUMANIDADES",45,FEDERAL,PÚBLICA,CENTRO-OESTE,MS,AQUIDAUANA,ACADÊMICO,ESTUDOS CULTURAIS,3,2019,EM FUNCIONAMENTO
"SOCIAIS, CULTURAS E HUMANIDADES",45,FEDERAL,PÚBLICA,CENTRO-OESTE,MS,CORUMBÁ,PROFISSIONAL,ESTUDOS FRONTEIRIÇOS,4,2008,EM FUNCIONAMENTO
ENSINO DE CIÊNCIAS E MATEMÁTICA,46,FEDERAL,PÚBLICA,CENTRO-OESTE,MS,CAMPO GRANDE,ACADÊMICO,EDUCAÇÃO MATEMÁTICA,5,2007,EM FUNCIONAMENTO
NÃO SE APLICA,2,FEDERAL,PÚBLICA,CENTRO-OESTE,MS,CAMPO GRANDE,ACADÊMICO,CIÊNCIA DA COMPUTAÇÃO,4,1999,EM FUNCIONAMENTO
NÃO SE APLICA,7,FEDERAL,PÚBLICA,CENTRO-OESTE,MS,CAMPO GRANDE,ACADÊMICO,BIOLOGIA ANIMAL,4,2011,EM FUNCIONAMENTO
NÃO SE APLICA,7,FEDERAL,PÚBLICA,CENTRO-OESTE,MS,CAMPO GRANDE,ACADÊMICO,BIOLOGIA VEGETAL,4,2004,EM FUNCIONAMENTO
NÃO SE APLICA,19,FEDERAL,PÚBLICA,CENTRO-OESTE,MS,CAMPO GRANDE,ACADÊMICO,FARMÁCIA,4,2011,EM FUNCIONAMENTO
NÃO SE APLICA,10,FEDERAL,PÚBLICA,CENTRO-OESTE,MS,CAMPO GRANDE,ACADÊMICO,TECNOLOGIAS AMBIENTAIS,5,1999,EM FUNCIONAMENTO
NÃO SE APLICA,38,FEDERAL,PÚBLICA,CENTRO-OESTE,MS,CAMPO GRANDE,ACADÊMICO,PÓS GRADUAÇÃO EM EDUCAÇÃO,3,2019,EM FUNCIONAMENTO
CLÍNICA MÉDICA,16,FEDERAL,PÚBLICA,CENTRO-OESTE,MS,CAMPO GRANDE,ACADÊMICO,DOENÇAS INFECCIOSAS E PARASITÁRIAS,6,2007,EM FUNCIONAMENTO
NÃO SE APLICA,36,FEDERAL,PÚBLICA,CENTRO-OESTE,MS,AQUIDAUANA,ACADÊMICO,GEOGRAFIA,3,2014,EM FUNCIONAMENTO
NÃO SE APLICA,23,FEDERAL,PÚBLICA,CENTRO-OESTE,MS,CAMPO GRANDE,ACADÊMICO,CIÊNCIA ANIMAL,4,2002,EM FUNCIONAMENTO
NÃO SE APLICA,38,FEDERAL,PÚBLICA,CENTRO-OESTE,MS,CORUMBÁ,ACADÊMICO,EDUCAÇÃO,4,2009,EM FUNCIONAMENTO
NÃO SE APLICA,20,FEDERAL,PÚBLICA,CENTRO-OESTE,MS,CAMPO GRANDE,ACADÊMICO,ENFERMAGEM,3,2012,EM FUNCIONAMENTO
NÃO SE APLICA,49,FEDERAL,PÚBLICA,CENTRO-OESTE,MS,CAMPO GRANDE,ACADÊMICO,RECURSOS NATURAIS,4,2016,EM FUNCIONAMENTO
NÃO SE APLICA,21,FEDERAL,PÚBLICA,CENTRO-OESTE,MS,CAMPO GRANDE,ACADÊMICO,CIÊNCIAS DO MOVIMENTO,3,2019,EM FUNCIONAMENTO
NÃO SE APLICA,47,FEDERAL,PÚBLICA,CENTRO-OESTE,MS,CAMPO GRANDE,ACADÊMICO,CIÊNCIA DOS MATERIAIS,4,2016,EM FUNCIONAMENTO
NÃO SE APLICA,10,FEDERAL,PÚBLICA,CENTRO-OESTE,MS,CAMPO GRANDE,PROFISSIONAL,EFICIÊNCIA ENERGÉTICA E SUSTENTABILIDADE,4,2012,EM FUNCIONAMENTO
NÃO SE APLICA,35,FEDERAL,PÚBLICA,CENTRO-OESTE,MS,CAMPO GRANDE,ACADÊMICO,ANTROPOLOGIA SOCIAL,3,2017,EM FUNCIONAMENTO
SAÚDE E BIOLÓGICAS,45,FEDERAL,PÚBLICA,CENTRO-OESTE,MS,CAMPO GRANDE,ACADÊMICO,SAÚDE E DESENVOLVIMENTO NA REGIÃO CENTRO-OESTE,5,2006,EM FUNCIONAMENTO
NÃO SE APLICA,26,FEDERAL,PÚBLICA,CENTRO-OESTE,MS,CAMPO GRANDE,ACADÊMICO,DIREITO,4,2016,EM FUNCIONAMENTO
NÃO SE APLICA,4,FEDERAL,PÚBLICA,CENTRO-OESTE,MS,CAMPO GRANDE,ACADÊMICO,QUÍMICA,5,1996,EM FUNCIONAMENTO
NÃO SE APLICA,36,FEDERAL,PÚBLICA,CENTRO-OESTE,MS,TRÊS LAGOAS,ACADÊMICO,GEOGRAFIA,4,2009,EM FUNCIONAMENTO
NÃO SE APLICA,48,FEDERAL,PÚBLICA,CENTRO-OESTE,MS,CAMPO GRANDE,ACADÊMICO,BIOTECNOLOGIA,4,2019,EM FUNCIONAMENTO
ENSINO DE CIÊNCIAS E MATEMÁTICA,46,FEDERAL,PÚBLICA,CENTRO-OESTE,MS,CAMPO GRANDE,ACADÊMICO,ENSINO DE CIÊNCIAS,4,2007,EM FUNCIONAMENTO
NÃO SE APLICA,41,FEDERAL,PÚBLICA,CENTRO-OESTE,MS,CAMPO GRANDE,ACADÊMICO,ESTUDOS DE LINGUAGENS,4,2006,EM FUNCIONAMENTO
NÃO SE APLICA,14,FEDERAL,PÚBLICA,CENTRO-OESTE,MS,CAMPO GRANDE,ACADÊMICO,ENGENHARIA ELÉTRICA,3,2017,EM FUNCIONAMENTO
NÃO SE APLICA,38,FEDERAL,PÚBLICA,CENTRO-OESTE,MS,CAMPO GRANDE,ACADÊMICO,EDUCAÇÃO,4,1988,EM FUNCIONAMENTO
NÃO SE APLICA,20,FEDERAL,PÚBLICA,CENTRO-OESTE,MS,TRÊS LAGOAS,ACADÊMICO,ENFERMAGEM,3,2019,EM FUNCIONAMENTO
NÃO SE APLICA,41,FEDERAL,PÚBLICA,CENTRO-OESTE,MS,TRÊS LAGOAS,ACADÊMICO,LETRAS,5,1998,EM FUNCIONAMENTO
NÃO SE APLICA,13,FEDERAL,PÚBLICA,CENTRO-OESTE,MS,CAMPO GRANDE,ACADÊMICO,ENGENHARIA DE PRODUÇÃO,A,2024,EM FUNCIONAMENTO
NÃO SE APLICA,7,FEDERAL,PÚBLICA,CENTRO-OESTE,MS,CAMPO GRANDE,ACADÊMICO,ECOLOGIA E CONSERVAÇÃO,6,1996,EM FUNCIONAMENTO
NÃO SE APLICA,37,FEDERAL,PÚBLICA,CENTRO-OESTE,MS,CAMPO GRANDE,ACADÊMICO,PSICOLOGIA,4,2011,EM FUNCIONAMENTO
CIÊNCIAS CONTÁBEIS,27,FEDERAL,PÚBLICA,CENTRO-OESTE,MS,CAMPO GRANDE,ACADÊMICO,CIÊNCIAS CONTÁBEIS,3,2017,EM FUNCIONAMENTO
NÃO SE APLICA,22,FEDERAL,PÚBLICA,CENTRO-OESTE,MS,CAMPO GRANDE,PROFISSIONAL,SAÚDE DA FAMILIA,4,2013,EM FUNCIONAMENTO
"SOCIAIS, CULTURAS E HUMANIDADES",45,PARTICULAR,PRIVADA,CENTRO-OESTE,MS,CAMPO GRANDE,ACADÊMICO,DESENVOLVIMENTO LOCAL,5,1998,EM FUNCIONAMENTO
NÃO SE APLICA,49,PARTICULAR,PRIVADA,CENTRO-OESTE,MS,CAMPO GRANDE,ACADÊMICO,CIÊNCIAS AMBIENTAIS E SUSTENTABILIDADE AGROPECUÁRIA,5,2012,EM FUNCIONAMENTO
NÃO SE APLICA,37,PARTICULAR,PRIVADA,CENTRO-OESTE,MS,CAMPO GRANDE,ACADÊMICO,PSICOLOGIA,4,1997,EM FUNCIONAMENTO
NÃO SE APLICA,38,PARTICULAR,PRIVADA,CENTRO-OESTE,MS,CAMPO GRANDE,ACADÊMICO,EDUCAÇÃO,5,1994,EM FUNCIONAMENTO
NÃO SE APLICA,48,PARTICULAR,PRIVADA,CENTRO-OESTE,MS,CAMPO GRANDE,ACADÊMICO,BIOTECNOLOGIA,5,2006,EM FUNCIONAMENTO
NÃO SE APLICA,42,PARTICULAR,PRIVADA,CENTRO-OESTE,MS,CAMPO GRANDE,PROFISSIONAL,AGRONEGÓCIO SUSTENTÁVEL,4,2002,EM FUNCIONAMENTO
NÃO SE APLICA,49,PARTICULAR,PRIVADA,CENTRO-OESTE,MS,CAMPO GRANDE,ACADÊMICO,MEIO AMBIENTE E DESENVOLVIMENTO REGIONAL,4,2002,EM FUNCIONAMENTO
NÃO SE APLICA,18,PARTICULAR,PRIVADA,CENTRO-OESTE,MS,CAMPO GRANDE,ACADÊMICO,ODONTOLOGIA,4,2003,EM FUNCIONAMENTO
ENSINO DE CIÊNCIAS E MATEMÁTICA,46,PARTICULAR,PRIVADA,CENTRO-OESTE,MS,CAMPO GRANDE,ACADÊMICO,ENSINO DE CIÊNCIAS E MATEMÁTICA,3,2019,EM FUNCIONAMENTO
NÃO SE APLICA,42,ESTADUAL,PÚBLICA,CENTRO-OESTE,MS,CASSILÂNDIA,ACADÊMICO,AGRONOMIA - SUSTENTABILIDADE NA AGRICULTURA,3,2013,EM FUNCIONAMENTO
NÃO SE APLICA,38,ESTADUAL,PÚBLICA,CENTRO-OESTE,MS,CAMPO GRANDE,PROFISSIONAL,EDUCAÇÃO,4,2013,EM FUNCIONAMENTO
NÃO SE APLICA,30,ESTADUAL,PÚBLICA,CENTRO-OESTE,MS,PONTA PORÃ,ACADÊMICO,DESENVOLVIMENTO REGIONAL E DE SISTEMAS PRODUTIVOS,3,2014,EM FUNCIONAMENTO
NÃO SE APLICA,41,ESTADUAL,PÚBLICA,CENTRO-OESTE,MS,CAMPO GRANDE,ACADÊMICO,LETRAS,3,2011,EM FUNCIONAMENTO
NÃO SE APLICA,46,ESTADUAL,PÚBLICA,CENTRO-OESTE,MS,DOURADOS,PROFISSIONAL,ENSINO EM SAÚDE,4,2014,EM FUNCIONAMENTO
NÃO SE APLICA,23,ESTADUAL,PÚBLICA,CENTRO-OESTE,MS,AQUIDAUANA,ACADÊMICO,ZOOTECNIA,3,2011,EM FUNCIONAMENTO
NÃO SE APLICA,49,ESTADUAL,PÚBLICA,CENTRO-OESTE,MS,DOURADOS,ACADÊMICO,RECURSOS NATURAIS,5,2010,EM FUNCIONAMENTO
ENSINO DE CIÊNCIAS E MATEMÁTICA,46,ESTADUAL,PÚBLICA,CENTRO-OESTE,MS,DOURADOS,PROFISSIONAL,EDUCAÇÃO CIENTÍFICA E MATEMÁTICA,4,2015,EM FUNCIONAMENTO
NÃO SE APLICA,36,ESTADUAL,PÚBLICA,CENTRO-OESTE,MS,DOURADOS,ACADÊMICO,GEOGRAFIA,A,2024,EM FUNCIONAMENTO
NÃO SE APLICA,38,ESTADUAL,PÚBLICA,CENTRO-OESTE,MS,PARANAÍBA,ACADÊMICO,EDUCAÇÃO,3,2011,EM FUNCIONAMENTO
NÃO SE APLICA,49,ESTADUAL,PÚBLICA,CENTRO-OESTE,MS,DOURADOS,ACADÊMICO,BIODIVERSIDADE E SUSTENTABILIDADE AMBIENTAL,A,2024,EM FUNCIONAMENTO
NÃO SE APLICA,42,ESTADUAL,PÚBLICA,CENTRO-OESTE,MS,DOURADOS,ACADÊMICO,AGRONOMIA,4,2009,EM FUNCIONAMENTO
NÃO SE APLICA,37,FEDERAL,PÚBLICA,CENTRO-OESTE,MS,DOURADOS,ACADÊMICO,PSICOLOGIA,3,2016,EM FUNCIONAMENTO
NÃO SE APLICA,38,FEDERAL,PÚBLICA,CENTRO-OESTE,MS,DOURADOS,ACADÊMICO,EDUCAÇÃO,5,2008,EM FUNCIONAMENTO
"SOCIAIS, CULTURAS E HUMANIDADES",45,FEDERAL,PÚBLICA,CENTRO-OESTE,MS,DOURADOS,ACADÊMICO,EDUCAÇÃO E TERRITORIALIDADE,3,2019,EM FUNCIONAMENTO
NÃO SE APLICA,50,FEDERAL,PÚBLICA,CENTRO-OESTE,MS,DOURADOS,ACADÊMICO,"ALIMENTOS, NUTRIÇÃO E SAÚDE",3,2019,EM FUNCIONAMENTO
NÃO SE APLICA,25,FEDERAL,PÚBLICA,CENTRO-OESTE,MS,DOURADOS,ACADÊMICO,CIÊNCIA E TECNOLOGIA DE ALIMENTOS,3,2016,EM FUNCIONAMENTO
NÃO SE APLICA,4,FEDERAL,PÚBLICA,CENTRO-OESTE,MS,DOURADOS,ACADÊMICO,QUÍMICA,4,2017,EM FUNCIONAMENTO
NÃO SE APLICA,23,FEDERAL,PÚBLICA,CENTRO-OESTE,MS,DOURADOS,ACADÊMICO,ZOOTECNIA,4,2009,EM FUNCIONAMENTO
NÃO SE APLICA,7,FEDERAL,PÚBLICA,CENTRO-OESTE,MS,DOURADOS,ACADÊMICO,BIODIVERSIDADE E MEIO AMBIENTE,4,2011,EM FUNCIONAMENTO
"SOCIAIS, CULTURAS E HUMANIDADES",45,FEDERAL,PÚBLICA,CENTRO-OESTE,MS,DOURADOS,ACADÊMICO,FRONTEIRAS E DIREITOS HUMANOS,4,2016,EM FUNCIONAMENTO
POLÍTICAS E DESENVOLVIMENTO DE TERRITÓRIOS,45,FEDERAL,PÚBLICA,CENTRO-OESTE,MS,DOURADOS,ACADÊMICO,AGRONEGÓCIOS,4,2011,EM FUNCIONAMENTO
NÃO SE APLICA,35,FEDERAL,PÚBLICA,CENTRO-OESTE,MS,DOURADOS,ACADÊMICO,ANTROPOLOGIA,4,2011,EM FUNCIONAMENTO
"ENGENHARIA, TECNOLOGIA E GESTÃO",45,FEDERAL,PÚBLICA,CENTRO-OESTE,MS,DOURADOS,ACADÊMICO,CIÊNCIA E TECNOLOGIA AMBIENTAL,4,2009,EM FUNCIONAMENTO
NÃO SE APLICA,40,FEDERAL,PÚBLICA,CENTRO-OESTE,MS,DOURADOS,ACADÊMICO,HISTÓRIA,4,1999,EM FUNCIONAMENTO
NÃO SE APLICA,41,FEDERAL,PÚBLICA,CENTRO-OESTE,MS,DOURADOS,ACADÊMICO,LETRAS,4,2009,EM FUNCIONAMENTO
NÃO SE APLICA,36,FEDERAL,PÚBLICA,CENTRO-OESTE,MS,DOURADOS,ACADÊMICO,GEOGRAFIA,5,2007,EM FUNCIONAMENTO
ENSINO DE CIÊNCIAS E MATEMÁTICA,46,FEDERAL,PÚBLICA,CENTRO-OESTE,MS,DOURADOS,ACADÊMICO,ENSINO DE CIÊNCIAS E MATEMÁTICA,A,2021,EM FUNCIONAMENTO
NÃO SE APLICA,34,FEDERAL,PÚBLICA,CENTRO-OESTE,MS,DOURADOS,ACADÊMICO,SOCIOLOGIA,4,2013,EM FUNCIONAMENTO
NÃO SE APLICA,4,FEDERAL,PÚBLICA,CENTRO-OESTE,MS,DOURADOS,ACADÊMICO,QUÍMICA,4,2011,EM FUNCIONAMENTO
NÃO SE APLICA,42,FEDERAL,PÚBLICA,CENTRO-OESTE,MS,DOURADOS,ACADÊMICO,ENGENHARIA AGRÍCOLA,3,2012,EM FUNCIONAMENTO
NÃO SE APLICA,42,FEDERAL,PÚBLICA,CENTRO-OESTE,MS,DOURADOS,ACADÊMICO,AGRONOMIA,5,1994,EM FUNCIONAMENTO
NÃO SE APLICA,7,FEDERAL,PÚBLICA,CENTRO-OESTE,MS,DOURADOS,ACADÊMICO,ENTOMOLOGIA E CONSERVAÇÃO DA BIODIVERSIDADE,4,2002,EM FUNCIONAMENTO
CLÍNICA MÉDICA,16,FEDERAL,PÚBLICA,CENTRO-OESTE,MS,DOURADOS,ACADÊMICO,CIÊNCIAS DA SAUDE,4,2010,EM FUNCIONAMENTO
NÃO SE APLICA,15,FEDERAL,PÚBLICA,CENTRO-OESTE,MT,CUIABÁ,PROFISSIONAL,CIÊNCIAS APLICADAS À ATENÇÃO HOSPITALAR,3,2016,EM FUNCIONAMENTO
NÃO SE APLICA,23,FEDERAL,PÚBLICA,CENTRO-OESTE,MT,RONDONÓPOLIS,ACADÊMICO,ZOOTECNIA,3,2023,EM FUNCIONAMENTO
SAÚDE E BIOLÓGICAS,45,FEDERAL,PÚBLICA,CENTRO-OESTE,MT,RONDONÓPOLIS,ACADÊMICO,BIOCIÊNCIAS E SAÚDE,A,2023,EM FUNCIONAMENTO
NÃO SE APLICA,42,FEDERAL,PÚBLICA,CENTRO-OESTE,MT,RONDONÓPOLIS,ACADÊMICO,ENGENHARIA AGRÍCOLA,3,2023,EM FUNCIONAMENTO
NÃO SE APLICA,36,FEDERAL,PÚBLICA,CENTRO-OESTE,MT,RONDONÓPOLIS,ACADÊMICO,GEOGRAFIA,3,2023,EM FUNCIONAMENTO
NÃO SE APLICA,49,FEDERAL,PÚBLICA,CENTRO-OESTE,MT,RONDONÓPOLIS,ACADÊMICO,GESTÃO E TECNOLOGIA AMBIENTAL,3,2023,EM FUNCIONAMENTO
NÃO SE APLICA,38,FEDERAL,PÚBLICA,CENTRO-OESTE,MT,RONDONÓPOLIS,ACADÊMICO,EDUCAÇÃO,4,2023,EM FUNCIONAMENTO
ENSINO DE CIÊNCIAS E MATEMÁTICA,46,FEDERAL,PÚBLICA,CENTRO-OESTE,GO,GOIÂNIA,ACADÊMICO,EDUCAÇÃO EM CIÊNCIAS E MATEMÁTICA,4,2007,EM FUNCIONAMENTO
DIREITO PÚBLICO,26,FEDERAL,PÚBLICA,CENTRO-OESTE,GO,GOIÂNIA,PROFISSIONAL,DIREITO E POLÍTICAS PÚBLICAS,4,2017,EM FUNCIONAMENTO
"SOCIAIS, CULTURAS E HUMANIDADES",45,FEDERAL,PÚBLICA,CENTRO-OESTE,GO,GOIÂNIA,ACADÊMICO,DIREITOS HUMANOS,4,2012,EM FUNCIONAMENTO
NÃO SE APLICA,3,FEDERAL,PÚBLICA,CENTRO-OESTE,GO,GOIÂNIA,ACADÊMICO,FÍSICA,6,1992,EM FUNCIONAMENTO
NÃO SE APLICA,13,FEDERAL,PÚBLICA,CENTRO-OESTE,GO,GOIÂNIA,ACADÊMICO,ENGENHARIA MECÂNICA,A,2021,EM FUNCIONAMENTO
NÃO SE APLICA,29,FEDERAL,PÚBLICA,CENTRO-OESTE,GO,GOIÂNIA,ACADÊMICO,PROJETO E CIDADE,4,2013,EM FUNCIONAMENTO
NÃO SE APLICA,6,FEDERAL,PÚBLICA,CENTRO-OESTE,GO,GOIÂNIA,ACADÊMICO,GENÉTICA E BIOLOGIA MOLECULAR,4,2012,EM FUNCIONAMENTO
NÃO SE APLICA,31,FEDERAL,PÚBLICA,CENTRO-OESTE,GO,GOIÂNIA,ACADÊMICO,COMUNICAÇÃO,4,2007,EM FUNCIONAMENTO
NÃO SE APLICA,19,FEDERAL,PÚBLICA,CENTRO-OESTE,GO,GOIÂNIA,ACADÊMICO,ASSISTÊNCIA E AVALIAÇÃO EM SAÚDE,3,2014,EM FUNCIONAMENTO
NÃO SE APLICA,30,FEDERAL,PÚBLICA,CENTRO-OESTE,GO,GOIÂNIA,ACADÊMICO,DESENVOLVIMENTO REGIONAL (PPGDR),A,2024,EM FUNCIONAMENTO
NÃO SE APLICA,46,FEDERAL,PÚBLICA,CENTRO-OESTE,GO,GOIÂNIA,PROFISSIONAL,ENSINO NA EDUCAÇÃO BÁSICA,4,2013,EM FUNCIONAMENTO
NÃO SE APLICA,36,FEDERAL,PÚBLICA,CENTRO-OESTE,GO,GOIÂNIA,ACADÊMICO,GEOGRAFIA,6,1995,EM FUNCIONAMENTO
NÃO SE APLICA,7,FEDERAL,PÚBLICA,CENTRO-OESTE,GO,GOIÂNIA,ACADÊMICO,ECOLOGIA E EVOLUÇÃO,7,2004,EM FUNCIONAMENTO
NÃO SE APLICA,2,FEDERAL,PÚBLICA,CENTRO-OESTE,GO,GOIÂNIA,ACADÊMICO,CIÊNCIA DA COMPUTAÇÃO,4,2004,EM FUNCIONAMENTO
NÃO SE APLICA,23,FEDERAL,PÚBLICA,CENTRO-OESTE,GO,GOIÂNIA,ACADÊMICO,ZOOTECNIA,4,2013,EM FUNCIONAMENTO
NÃO SE APLICA,25,FEDERAL,PÚBLICA,CENTRO-OESTE,GO,GOIÂNIA,ACADÊMICO,CIÊNCIA E TECNOLOGIA DE ALIMENTOS,4,2005,EM FUNCIONAMENTO
ANATOMIA PATOLÓGICA E PATOLOGIA CLÍNICA,16,FEDERAL,PÚBLICA,CENTRO-OESTE,GO,GOIÂNIA,ACADÊMICO,CIÊNCIAS DA SAÚDE,4,2006,EM FUNCIONAMENTO
NÃO SE APLICA,1,FEDERAL,PÚBLICA,CENTRO-OESTE,GO,GOIÂNIA,ACADÊMICO,MATEMÁTICA,5,1973,EM FUNCIONAMENTO
NÃO SE APLICA,19,FEDERAL,PÚBLICA,CENTRO-OESTE,GO,GOIÂNIA,ACADÊMICO,NANOTECNOLOGIA FARMACÊUTICA,4,2010,EM FUNCIONAMENTO
NÃO SE APLICA,24,FEDERAL,PÚBLICA,CENTRO-OESTE,GO,GOIÂNIA,ACADÊMICO,CIÊNCIA ANIMAL,5,1995,EM FUNCIONAMENTO
NÃO SE APLICA,7,FEDERAL,PÚBLICA,CENTRO-OESTE,GO,GOIÂNIA,ACADÊMICO,BIODIVERSIDADE ANIMAL,4,2014,EM FUNCIONAMENTO
NÃO SE APLICA,40,FEDERAL,PÚBLICA,CENTRO-OESTE,GO,GOIÂNIA,ACADÊMICO,HISTÓRIA,6,1972,EM FUNCIONAMENTO
NÃO SE APLICA,28,FEDERAL,PÚBLICA,CENTRO-OESTE,GO,GOIÂNIA,ACADÊMICO,ECONOMIA,3,2015,EM FUNCIONAMENTO
NÃO SE APLICA,46,FEDERAL,PÚBLICA,CENTRO-OESTE,GO,GOIÂNIA,PROFISSIONAL,ENSINO NA SAÚDE,4,2011,EM FUNCIONAMENTO
CLÍNICA MÉDICA,16,FEDERAL,PÚBLICA,CENTRO-OESTE,GO,GOIÂNIA,ACADÊMICO,MEDICINA TROPICAL E SAÚDE PÚBLICA,6,1976,EM FUNCIONAMENTO
NÃO SE APLICA,34,FEDERAL,PÚBLICA,CENTRO-OESTE,GO,GOIÂNIA,ACADÊMICO,SOCIOLOGIA,4,1999,EM FUNCIONAMENTO
NÃO SE APLICA,8,FEDERAL,PÚBLICA,CENTRO-OESTE,GO,GOIÂNIA,ACADÊMICO,CIÊNCIAS BIOLÓGICAS,5,1980,EM FUNCIONAMENTO
FITOTECNIA,42,FEDERAL,PÚBLICA,CENTRO-OESTE,GO,GOIÂNIA,ACADÊMICO,AGRONOMIA,5,1985,EM FUNCIONAMENTO
NÃO SE APLICA,27,FEDERAL,PÚBLICA,CENTRO-OESTE,GO,GOIÂNIA,ACADÊMICO,ADMINISTRAÇÃO,4,2014,EM FUNCIONAMENTO
NÃO SE APLICA,22,FEDERAL,PÚBLICA,CENTRO-OESTE,GO,GOIÂNIA,PROFISSIONAL,SAUDE COLETIVA,4,2010,EM FUNCIONAMENTO
NÃO SE APLICA,10,FEDERAL,PÚBLICA,CENTRO-OESTE,GO,GOIÂNIA,ACADÊMICO,"GEOTECNIA, ESTRUTURAS E CONSTRUÇÃO CIVIL",4,2007,EM FUNCIONAMENTO
NÃO SE APLICA,49,FEDERAL,PÚBLICA,CENTRO-OESTE,GO,GOIÂNIA,ACADÊMICO,CIÊNCIAS AMBIENTAIS,6,2002,EM FUNCIONAMENTO
POLÍTICAS E DESENVOLVIMENTO DE TERRITÓRIOS,45,FEDERAL,PÚBLICA,CENTRO-OESTE,GO,GOIÂNIA,ACADÊMICO,AGRONEGÓCIO,4,2006,EM FUNCIONAMENTO
NÃO SE APLICA,10,FEDERAL,PÚBLICA,CENTRO-OESTE,GO,GOIÂNIA,ACADÊMICO,ENGENHARIA AMBIENTAL E SANITÁRIA,3,2015,EM FUNCIONAMENTO
NÃO SE APLICA,9,FEDERAL,PÚBLICA,CENTRO-OESTE,GO,GOIÂNIA,ACADÊMICO,BIOLOGIA DA RELAÇÃO PARASITO-HOSPEDEIRO,5,2011,EM FUNCIONAMENTO
NÃO SE APLICA,33,FEDERAL,PÚBLICA,CENTRO-OESTE,GO,GOIÂNIA,ACADÊMICO,FILOSOFIA,5,1993,EM FUNCIONAMENTO
NÃO SE APLICA,4,FEDERAL,PÚBLICA,CENTRO-OESTE,GO,GOIÂNIA,ACADÊMICO,QUÍMICA,6,1999,EM FUNCIONAMENTO
NÃO SE APLICA,11,FEDERAL,PÚBLICA,CENTRO-OESTE,GO,GOIÂNIA,ACADÊMICO,ARTE E CULTURA VISUAL,4,2003,EM FUNCIONAMENTO
NÃO SE APLICA,19,FEDERAL,PÚBLICA,CENTRO-OESTE,GO,GOIÂNIA,ACADÊMICO,CIÊNCIAS FARMACÊUTICAS,4,2005,EM FUNCIONAMENTO
NÃO SE APLICA,37,FEDERAL,PÚBLICA,CENTRO-OESTE,GO,GOIÂNIA,ACADÊMICO,PSICOLOGIA,3,2014,EM FUNCIONAMENTO
NÃO SE APLICA,14,FEDERAL,PÚBLICA,CENTRO-OESTE,GO,GOIÂNIA,ACADÊMICO,ENGENHARIA ELÉTRICA E DE COMPUTAÇÃO,4,1998,EM FUNCIONAMENTO
NÃO SE APLICA,39,FEDERAL,PÚBLICA,CENTRO-OESTE,GO,GOIÂNIA,ACADÊMICO,CIÊNCIA POLÍTICA E RELAÇÕES INTERNACIONAIS,4,2012,EM FUNCIONAMENTO
NÃO SE APLICA,35,FEDERAL,PÚBLICA,CENTRO-OESTE,GO,GOIÂNIA,ACADÊMICO,ANTROPOLOGIA SOCIAL,5,2009,EM FUNCIONAMENTO
NÃO SE APLICA,13,FEDERAL,PÚBLICA,CENTRO-OESTE,GO,APARECIDA DE GOIÂNIA,PROFISSIONAL,ENGENHARIA DE PRODUÇÃO,3,2019,EM FUNCIONAMENTO
DIREITO PÚBLICO,26,FEDERAL,PÚBLICA,CENTRO-OESTE,GO,GOIÂNIA,ACADÊMICO,DIREITO AGRÁRIO,4,2008,EM FUNCIONAMENTO
"SOCIAIS, CULTURAS E HUMANIDADES",45,FEDERAL,PÚBLICA,CENTRO-OESTE,GO,GOIÂNIA,ACADÊMICO,PERFORMANCES CULTURAIS,4,2012,EM FUNCIONAMENTO
NÃO SE APLICA,50,FEDERAL,PÚBLICA,CENTRO-OESTE,GO,GOIÂNIA,ACADÊMICO,NUTRIÇÃO E SAÚDE,4,2009,EM FUNCIONAMENTO
NÃO SE APLICA,11,FEDERAL,PÚBLICA,CENTRO-OESTE,GO,GOIÂNIA,ACADÊMICO,ARTES DA CENA,3,2019,EM FUNCIONAMENTO
NÃO SE APLICA,20,FEDERAL,PÚBLICA,CENTRO-OESTE,GO,GOIÂNIA,ACADÊMICO,ENFERMAGEM E SAÚDE (PPGENFS),5,2003,EM FUNCIONAMENTO
NÃO SE APLICA,12,FEDERAL,PÚBLICA,CENTRO-OESTE,GO,GOIÂNIA,ACADÊMICO,ENGENHARIA QUÍMICA,3,2014,EM FUNCIONAMENTO
NÃO SE APLICA,38,FEDERAL,PÚBLICA,CENTRO-OESTE,GO,GOIÂNIA,ACADÊMICO,EDUCAÇÃO,5,1986,EM FUNCIONAMENTO
NÃO SE APLICA,41,FEDERAL,PÚBLICA,CENTRO-OESTE,GO,GOIÂNIA,ACADÊMICO,LETRAS E LINGUÍSTICA,6,1972,EM FUNCIONAMENTO
CIÊNCIAS CONTÁBEIS,27,FEDERAL,PÚBLICA,CENTRO-OESTE,GO,GOIÂNIA,ACADÊMICO,CIÊNCIAS CONTÁBEIS,4,2016,EM FUNCIONAMENTO
GEOLOGIA,5,FEDERAL,PÚBLICA,CENTRO-OESTE,GO,GOIÂNIA,ACADÊMICO,GEOCIÊNCIAS,A,2024,EM FUNCIONAMENTO
FITOTECNIA,42,FEDERAL,PÚBLICA,CENTRO-OESTE,GO,GOIÂNIA,ACADÊMICO,GENÉTICA E MELHORAMENTO DE PLANTAS,5,2010,EM FUNCIONAMENTO
NÃO SE APLICA,21,FEDERAL,PÚBLICA,CENTRO-OESTE,GO,GOIÂNIA,ACADÊMICO,EDUCAÇÃO FÍSICA,3,2019,EM FUNCIONAMENTO
CLÍNICA ODONTOLÓGICA,18,FEDERAL,PÚBLICA,CENTRO-OESTE,GO,GOIÂNIA,ACADÊMICO,ODONTOLOGIA,5,2003,EM FUNCIONAMENTO
NÃO SE APLICA,13,PARTICULAR,PRIVADA,CENTRO-OESTE,GO,GOIÂNIA,ACADÊMICO,ENGENHARIA DE PRODUÇÃO E SISTEMAS,3,2010,EM FUNCIONAMENTO
NÃO SE APLICA,40,PARTICULAR,PRIVADA,CENTRO-OESTE,GO,GOIÂNIA,ACADÊMICO,HISTÓRIA,4,2007,EM FUNCIONAMENTO
NÃO SE APLICA,30,PARTICULAR,PRIVADA,CENTRO-OESTE,GO,GOIÂNIA,ACADÊMICO,DESENVOLVIMENTO E PLANEJAMENTO TERRITORIAL,4,2006,EM FUNCIONAMENTO
SAÚDE E BIOLÓGICAS,45,PARTICULAR,PRIVADA,CENTRO-OESTE,GO,GOIÂNIA,ACADÊMICO,CIÊNCIAS AMBIENTAIS E SAÚDE,5,2003,EM FUNCIONAMENTO
NÃO SE APLICA,32,PARTICULAR,PRIVADA,CENTRO-OESTE,GO,GOIÂNIA,ACADÊMICO,SERVIÇO SOCIAL,3,2007,EM FUNCIONAMENTO
NÃO SE APLICA,37,PARTICULAR,PRIVADA,CENTRO-OESTE,GO,GOIÂNIA,ACADÊMICO,PSICOLOGIA,4,1999,EM FUNCIONAMENTO
NÃO SE APLICA,20,PARTICULAR,PRIVADA,CENTRO-OESTE,GO,GOIÂNIA,ACADÊMICO,ATENÇÃO À SAÚDE,3,2013,EM FUNCIONAMENTO
NÃO SE APLICA,6,PARTICULAR,PRIVADA,CENTRO-OESTE,GO,GOIÂNIA,ACADÊMICO,GENÉTICA,4,2006,EM FUNCIONAMENTO
NÃO SE APLICA,38,PARTICULAR,PRIVADA,CENTRO-OESTE,GO,GOIÂNIA,ACADÊMICO,EDUCAÇÃO,4,1999,EM FUNCIONAMENTO
NÃO SE APLICA,44,PARTICULAR,PRIVADA,CENTRO-OESTE,GO,GOIÂNIA,ACADÊMICO,CIÊNCIAS DA RELIGIÃO,5,1999,EM FUNCIONAMENTO
NÃO SE APLICA,41,PARTICULAR,PRIVADA,CENTRO-OESTE,GO,GOIÂNIA,ACADÊMICO,LETRAS,4,2006,EM FUNCIONAMENTO
NÃO SE APLICA,42,MUNICIPAL,PÚBLICA,CENTRO-OESTE,GO,RIO VERDE,ACADÊMICO,PRODUÇÃO VEGETAL,4,2004,EM FUNCIONAMENTO
NÃO SE APLICA,26,MUNICIPAL,PÚBLICA,CENTRO-OESTE,GO,RIO VERDE,PROFISSIONAL,DIREITO DO AGRONEGÓCIO E DESENVOLVIMENTO,A,2021,EM FUNCIONAMENTO
"ENGENHARIA, TECNOLOGIA E GESTÃO",45,FEDERAL,PÚBLICA,CENTRO-OESTE,GO,GOIÂNIA,PROFISSIONAL,"TECNOLOGIA, GESTÃO E SUSTENTABILIDADE",A,2021,EM FUNCIONAMENTO
ENSINO DE CIÊNCIAS E MATEMÁTICA,46,FEDERAL,PÚBLICA,CENTRO-OESTE,GO,JATAÍ,PROFISSIONAL,EDUCAÇÃO PARA CIÊNCIAS E MATEMÁTICA,4,2012,EM FUNCIONAMENTO
NÃO SE APLICA,38,FEDERAL,PÚBLICA,CENTRO-OESTE,GO,GOIÂNIA,ACADÊMICO,EDUCAÇÃO,A,2022,EM FUNCIONAMENTO
NÃO SE APLICA,18,PARTICULAR,PRIVADA,CENTRO-OESTE,GO,ANÁPOLIS,ACADÊMICO,ODONTOLOGIA,3,2019,EM FUNCIONAMENTO
NÃO SE APLICA,49,PARTICULAR,PRIVADA,CENTRO-OESTE,GO,ANÁPOLIS,ACADÊMICO,"SOCIEDADE, TECNOLOGIA E MEIO AMBIENTE",4,2006,EM FUNCIONAMENTO
NÃO SE APLICA,19,PARTICULAR,PRIVADA,CENTRO-OESTE,GO,ANÁPOLIS,PROFISSIONAL,"CIÊNCIAS FARMACÊUTICAS, FARMACOLOGIA E TERAPÊUTICA",3,2020,EM FUNCIONAMENTO
NÃO SE APLICA,21,PARTICULAR,PRIVADA,CENTRO-OESTE,GO,ANÁPOLIS,ACADÊMICO,MOVIMENTO HUMANO E REABILITAÇÃO,4,2020,EM FUNCIONAMENTO
NÃO SE APLICA,42,FEDERAL,PÚBLICA,CENTRO-OESTE,GO,CERES,PROFISSIONAL,IRRIGAÇÃO NO CERRADO,4,2015,EM FUNCIONAMENTO
NÃO SE APLICA,27,FEDERAL,PÚBLICA,CENTRO-OESTE,GO,GOIÂNIA,PROFISSIONAL,ADMINISTRAÇÃO,A,2024,EM FUNCIONAMENTO
NÃO SE APLICA,42,FEDERAL,PÚBLICA,CENTRO-OESTE,GO,GOIÂNIA,PROFISSIONAL,PROTEÇÃO DE PLANTAS,4,2015,EM FUNCIONAMENTO
NÃO SE APLICA,23,FEDERAL,PÚBLICA,CENTRO-OESTE,GO,RIO VERDE,ACADÊMICO,ZOOTECNIA,3,2011,EM FUNCIONAMENTO
NÃO SE APLICA,10,FEDERAL,PÚBLICA,CENTRO-OESTE,GO,GOIÂNIA,PROFISSIONAL,ENGENHARIA APLICADA E SUSTENTABILIDADE,4,2017,EM FUNCIONAMENTO
NÃO SE APLICA,42,FEDERAL,PÚBLICA,CENTRO-OESTE,GO,RIO VERDE,ACADÊMICO,CIÊNCIAS AGRÁRIAS - AGRONOMIA,5,2013,EM FUNCIONAMENTO
TECNOLOGIA DE ALIMENTOS,25,FEDERAL,PÚBLICA,CENTRO-OESTE,GO,RIO VERDE,PROFISSIONAL,TECNOLOGIA DE ALIMENTOS,4,2015,EM FUNCIONAMENTO
NÃO SE APLICA,46,FEDERAL,PÚBLICA,CENTRO-OESTE,GO,GOIÂNIA,PROFISSIONAL,ENSINO PARA A EDUCAÇÃO BÁSICA,3,2019,EM FUNCIONAMENTO
NÃO SE APLICA,42,FEDERAL,PÚBLICA,CENTRO-OESTE,GO,GOIÂNIA,PROFISSIONAL,BIOENERGIA E GRÃOS,4,2017,EM FUNCIONAMENTO
NÃO SE APLICA,42,FEDERAL,PÚBLICA,CENTRO-OESTE,GO,RIO VERDE,ACADÊMICO,AGROQUÍMICA,5,2013,EM FUNCIONAMENTO
NÃO SE APLICA,7,FEDERAL,PÚBLICA,CENTRO-OESTE,GO,RIO VERDE,ACADÊMICO,BIODIVERSIDADE E CONSERVAÇÃO,4,2016,EM FUNCIONAMENTO
NÃO SE APLICA,42,FEDERAL,PÚBLICA,CENTRO-OESTE,GO,MORRINHOS,PROFISSIONAL,OLERICULTURA,4,2014,EM FUNCIONAMENTO
NÃO SE APLICA,49,FEDERAL,PÚBLICA,CENTRO-OESTE,GO,URUTAÍ,PROFISSIONAL,CONSERVAÇÃO DE RECURSOS NATURAIS DO CERRADO,4,2016,EM FUNCIONAMENTO
NÃO SE APLICA,23,ESTADUAL,PÚBLICA,CENTRO-OESTE,GO,SÃO LUÍS DE MONTES BELOS,PROFISSIONAL,PRODUÇÃO ANIMAL E FORRAGICULTURA,3,2015,EM FUNCIONAMENTO
NÃO SE APLICA,40,ESTADUAL,PÚBLICA,CENTRO-OESTE,GO,GOIÁS,PROFISSIONAL,ESTUDOS CULTURAIS MEMORIA E PATRIMÔNIO,3,2018,EM FUNCIONAMENTO
NÃO SE APLICA,41,ESTADUAL,PÚBLICA,CENTRO-OESTE,GO,GOIÁS,ACADÊMICO,"LÍNGUA, LITERATURA E INTERCULTURALIDADE",4,2017,EM FUNCIONAMENTO
"SOCIAIS, CULTURAS E HUMANIDADES",45,ESTADUAL,PÚBLICA,CENTRO-OESTE,GO,ANÁPOLIS,ACADÊMICO,TERRITÓRIOS E EXPRESSÕES CULTURAIS NO CERRADO,4,2013,EM FUNCIONAMENTO
NÃO SE APLICA,40,ESTADUAL,PÚBLICA,CENTRO-OESTE,GO,MORRINHOS,ACADÊMICO,HISTÓRIA,3,2018,EM FUNCIONAMENTO
NÃO SE APLICA,4,ESTADUAL,PÚBLICA,CENTRO-OESTE,GO,ANÁPOLIS,ACADÊMICO,CIÊNCIAS MOLECULARES,3,2006,EM FUNCIONAMENTO
NÃO SE APLICA,49,ESTADUAL,PÚBLICA,CENTRO-OESTE,GO,ANÁPOLIS,ACADÊMICO,RECURSOS NATURAIS DO CERRADO (RENAC),5,2013,EM FUNCIONAMENTO
NÃO SE APLICA,42,ESTADUAL,PÚBLICA,CENTRO-OESTE,GO,IPAMERI,ACADÊMICO,PRODUÇÃO VEGETAL,4,2012,EM FUNCIONAMENTO
NÃO SE APLICA,42,ESTADUAL,PÚBLICA,CENTRO-OESTE,GO,ANÁPOLIS,ACADÊMICO,ENGENHARIA AGRÍCOLA,4,2006,EM FUNCIONAMENTO
ENSINO DE CIÊNCIAS E MATEMÁTICA,46,ESTADUAL,PÚBLICA,CENTRO-OESTE,GO,ANÁPOLIS,PROFISSIONAL,ENSINO DE CIÊNCIAS,4,2013,EM FUNCIONAMENTO
NÃO SE APLICA,36,ESTADUAL,PÚBLICA,CENTRO-OESTE,GO,ANÁPOLIS,ACADÊMICO,GEOGRAFIA,3,2019,EM FUNCIONAMENTO
NÃO SE APLICA,38,ESTADUAL,PÚBLICA,CENTRO-OESTE,GO,ANÁPOLIS,ACADÊMICO,EDUCAÇÃO,A,2021,EM FUNCIONAMENTO
"SOCIAIS, CULTURAS E HUMANIDADES",45,ESTADUAL,PÚBLICA,CENTRO-OESTE,GO,ANÁPOLIS,ACADÊMICO,"EDUCAÇÃO, LINGUAGEM E TECNOLOGIAS",4,2012,EM FUNCIONAMENTO
"SOCIAIS, CULTURAS E HUMANIDADES",45,ESTADUAL,PÚBLICA,CENTRO-OESTE,GO,LUZIÂNIA,ACADÊMICO,"GESTÃO, EDUCAÇÃO E TECNOLOGIAS",3,2020,EM FUNCIONAMENTO
NÃO SE APLICA,49,ESTADUAL,PÚBLICA,CENTRO-OESTE,GO,QUIRINÓPOLIS,ACADÊMICO,AMBIENTE E SOCIEDADE,4,2014,EM FUNCIONAMENTO
SAÚDE E BIOLÓGICAS,45,ESTADUAL,PÚBLICA,CENTRO-OESTE,GO,ANÁPOLIS,ACADÊMICO,CIÊNCIAS APLICADAS A PRODUTOS PARA SAÚDE,4,2014,EM FUNCIONAMENTO
NÃO SE APLICA,30,PARTICULAR,PRIVADA,CENTRO-OESTE,GO,GOIÂNIA,PROFISSIONAL,DESENVOLVIMENTO REGIONAL,3,2007,EM FUNCIONAMENTO
NÃO SE APLICA,26,PARTICULAR,PRIVADA,CENTRO-OESTE,GO,GOIÂNIA,ACADÊMICO,DIREITO,3,2019,EM FUNCIONAMENTO
NÃO SE APLICA,27,PARTICULAR,PRIVADA,CENTRO-OESTE,GO,GOIÂNIA,PROFISSIONAL,ADMINISTRAÇÃO,3,2012,EM FUNCIONAMENTO
NÃO SE APLICA,38,PARTICULAR,PRIVADA,CENTRO-OESTE,GO,INHUMAS,ACADÊMICO,EDUCAÇÃO,3,2019,EM FUNCIONAMENTO
NÃO SE APLICA,13,FEDERAL,PÚBLICA,CENTRO-OESTE,GO,CATALÃO,ACADÊMICO,ENGENHARIA DE PRODUÇÃO,3,2017,EM FUNCIONAMENTO
NÃO SE APLICA,40,FEDERAL,PÚBLICA,CENTRO-OESTE,GO,CATALÃO,PROFISSIONAL,HISTORIA,3,2014,EM FUNCIONAMENTO
NÃO SE APLICA,36,FEDERAL,PÚBLICA,CENTRO-OESTE,GO,CATALÃO,ACADÊMICO,GEOGRAFIA,4,2021,EM FUNCIONAMENTO
NÃO SE APLICA,38,FEDERAL,PÚBLICA,CENTRO-OESTE,GO,CATALÃO,ACADÊMICO,EDUCAÇÃO,4,2011,EM FUNCIONAMENTO
NÃO SE APLICA,41,FEDERAL,PÚBLICA,CENTRO-OESTE,GO,CATALÃO,ACADÊMICO,ESTUDOS DA LINGUAGEM,4,2011,EM FUNCIONAMENTO
"ENGENHARIA, TECNOLOGIA E GESTÃO",45,FEDERAL,PÚBLICA,CENTRO-OESTE,GO,CATALÃO,ACADÊMICO,MODELAGEM E OTIMIZAÇÃO,3,2014,EM FUNCIONAMENTO
"ENGENHARIA, TECNOLOGIA E GESTÃO",45,FEDERAL,PÚBLICA,CENTRO-OESTE,GO,CATALÃO,PROFISSIONAL,GESTÃO ORGANIZACIONAL,4,2013,EM FUNCIONAMENTO
NÃO SE APLICA,47,FEDERAL,PÚBLICA,CENTRO-OESTE,GO,CATALÃO,ACADÊMICO,CIÊNCIA E ENGENHARIA DE MATERIAIS,4,2016,EM FUNCIONAMENTO
NÃO SE APLICA,4,FEDERAL,PÚBLICA,CENTRO-OESTE,GO,CATALÃO,ACADÊMICO,QUÍMICA,3,2011,EM FUNCIONAMENTO
NÃO SE APLICA,42,FEDERAL,PÚBLICA,CENTRO-OESTE,GO,JATAÍ,ACADÊMICO,AGRONOMIA (PRODUÇÃO VEGETAL),3,2006,EM FUNCIONAMENTO
NÃO SE APLICA,4,FEDERAL,PÚBLICA,CENTRO-OESTE,GO,JATAÍ,ACADÊMICO,QUÍMICA,3,2021,EM FUNCIONAMENTO
NÃO SE APLICA,38,FEDERAL,PÚBLICA,CENTRO-OESTE,GO,JATAÍ,ACADÊMICO,EDUCAÇÃO,4,2013,EM FUNCIONAMENTO
NÃO SE APLICA,36,FEDERAL,PÚBLICA,CENTRO-OESTE,GO,JATAÍ,ACADÊMICO,GEOGRAFIA,4,2009,EM FUNCIONAMENTO
NÃO SE APLICA,7,FEDERAL,PÚBLICA,CENTRO-OESTE,GO,JATAÍ,ACADÊMICO,BIODIVERSIDADE,A,2024,EM FUNCIONAMENTO
NÃO SE APLICA,24,FEDERAL,PÚBLICA,CENTRO-OESTE,GO,JATAÍ,ACADÊMICO,BIOCIÊNCIA ANIMAL,4,2021,EM FUNCIONAMENTO
SAÚDE E BIOLÓGICAS,45,FEDERAL,PÚBLICA,CENTRO-OESTE,GO,JATAÍ,ACADÊMICO,CIÊNCIAS APLICADAS À SAÚDE,4,2021,EM FUNCIONAMENTO
NÃO SE APLICA,26,FEDERAL,PÚBLICA,CENTRO-OESTE,GO,JATAÍ,ACADÊMICO,DIREITO,A,2024,EM FUNCIONAMENTO
CLÍNICA MÉDICA,16,FEDERAL,PÚBLICA,CENTRO-OESTE,DF,BRASÍLIA,ACADÊMICO,CIÊNCIAS DA SAÚDE,5,1995,EM FUNCIONAMENTO
NÃO SE APLICA,27,FEDERAL,PÚBLICA,CENTRO-OESTE,DF,BRASÍLIA,ACADÊMICO,CIÊNCIAS CONTÁBEIS,5,2014,EM FUNCIONAMENTO
PSICOLOGIA DO DESENVOLVIMENTO HUMANO,37,FEDERAL,PÚBLICA,CENTRO-OESTE,DF,BRASÍLIA,ACADÊMICO,PSICOLOGIA DO DESENVOLVIMENTO E ESCOLAR,5,2006,EM FUNCIONAMENTO
GEOLOGIA,5,FEDERAL,PÚBLICA,CENTRO-OESTE,DF,BRASÍLIA,ACADÊMICO,GEOLOGIA,7,1975,EM FUNCIONAMENTO
OUTRAS SOCIOLOGIAS ESPECÍFICAS,34,FEDERAL,PÚBLICA,CENTRO-OESTE,DF,BRASÍLIA,ACADÊMICO,ESTUDOS COMPARADOS SOBRE AS AMÉRICAS,4,1988,EM FUNCIONAMENTO
"SOCIAIS, CULTURAS E HUMANIDADES",45,FEDERAL,PÚBLICA,CENTRO-OESTE,DF,BRASÍLIA,ACADÊMICO,DIREITOS HUMANOS E CIDADANIA,5,2012,EM FUNCIONAMENTO
"ENGENHARIA, TECNOLOGIA E GESTÃO",45,FEDERAL,PÚBLICA,CENTRO-OESTE,DF,BRASÍLIA,ACADÊMICO,NANOCIÊNCIA E NANOBIOTECNOLOGIA,4,2012,EM FUNCIONAMENTO
NÃO SE APLICA,29,FEDERAL,PÚBLICA,CENTRO-OESTE,DF,BRASÍLIA,ACADÊMICO,ARQUITETURA E URBANISMO,5,1995,EM FUNCIONAMENTO
NÃO SE APLICA,31,FEDERAL,PÚBLICA,CENTRO-OESTE,DF,BRASÍLIA,ACADÊMICO,CIÊNCIAS DA INFORMAÇÃO,5,1978,EM FUNCIONAMENTO
NÃO SE APLICA,9,FEDERAL,PÚBLICA,CENTRO-OESTE,DF,BRASÍLIA,ACADÊMICO,BIOLOGIA MICROBIANA,4,2012,EM FUNCIONAMENTO
NÃO SE APLICA,5,FEDERAL,PÚBLICA,CENTRO-OESTE,DF,BRASÍLIA,ACADÊMICO,GEOCIÊNCIAS APLICADAS E GEODINÂMICA,4,2008,EM FUNCIONAMENTO
NÃO SE APLICA,42,FEDERAL,PÚBLICA,CENTRO-OESTE,DF,BRASÍLIA,ACADÊMICO,AGRONOMIA,4,2008,EM FUNCIONAMENTO
NÃO SE APLICA,7,FEDERAL,PÚBLICA,CENTRO-OESTE,DF,BRASÍLIA,ACADÊMICO,ZOOLOGIA,4,2012,EM FUNCIONAMENTO
NÃO SE APLICA,34,FEDERAL,PÚBLICA,CENTRO-OESTE,DF,BRASÍLIA,ACADÊMICO,SOCIOLOGIA,7,1970,EM FUNCIONAMENTO
NÃO SE APLICA,37,FEDERAL,PÚBLICA,CENTRO-OESTE,DF,BRASÍLIA,ACADÊMICO,PSICOLOGIA CLÍNICA E CULTURA,5,2006,EM FUNCIONAMENTO
NÃO SE APLICA,31,FEDERAL,PÚBLICA,CENTRO-OESTE,DF,BRASÍLIA,ACADÊMICO,COMUNICAÇÃO,5,1974,EM FUNCIONAMENTO
NÃO SE APLICA,38,FEDERAL,PÚBLICA,CENTRO-OESTE,DF,BRASÍLIA,ACADÊMICO,EDUCAÇÃO,5,1974,EM FUNCIONAMENTO
NÃO SE APLICA,4,FEDERAL,PÚBLICA,CENTRO-OESTE,DF,BRASÍLIA,ACADÊMICO,QUÍMICA,6,1974,EM FUNCIONAMENTO
SAÚDE E BIOLÓGICAS,45,FEDERAL,PÚBLICA,CENTRO-OESTE,DF,BRASÍLIA,ACADÊMICO,CIÊNCIAS E TECNOLOGIAS EM SAÚDE,5,2011,EM FUNCIONAMENTO
NÃO SE APLICA,6,FEDERAL,PÚBLICA,CENTRO-OESTE,DF,BRASÍLIA,ACADÊMICO,CIÊNCIAS BIOLÓGICAS (BIOLOGIA MOLECULAR),6,1973,EM FUNCIONAMENTO
NÃO SE APLICA,47,FEDERAL,PÚBLICA,CENTRO-OESTE,DF,BRASÍLIA,ACADÊMICO,CIÊNCIAS DE MATERIAIS,3,2011,EM FUNCIONAMENTO
NÃO SE APLICA,49,FEDERAL,PÚBLICA,CENTRO-OESTE,DF,BRASÍLIA,ACADÊMICO,CIÊNCIAS AMBIENTAIS,5,2015,EM FUNCIONAMENTO
NÃO SE APLICA,42,FEDERAL,PÚBLICA,CENTRO-OESTE,DF,BRASÍLIA,ACADÊMICO,CIÊNCIAS FLORESTAIS,4,1997,EM FUNCIONAMENTO
NÃO SE APLICA,9,FEDERAL,PÚBLICA,CENTRO-OESTE,DF,BRASÍLIA,ACADÊMICO,PATOLOGIA MOLECULAR,6,1988,EM FUNCIONAMENTO
NÃO SE APLICA,40,FEDERAL,PÚBLICA,CENTRO-OESTE,DF,BRASÍLIA,ACADÊMICO,HISTÓRIA,5,1976,EM FUNCIONAMENTO
NÃO SE APLICA,6,FEDERAL,PÚBLICA,CENTRO-OESTE,DF,BRASÍLIA,ACADÊMICO,BIOLOGIA ANIMAL,5,1998,EM FUNCIONAMENTO
NÃO SE APLICA,22,FEDERAL,PÚBLICA,CENTRO-OESTE,DF,BRASÍLIA,ACADÊMICO,SAÚDE COLETIVA,4,2011,EM FUNCIONAMENTO
NÃO SE APLICA,20,FEDERAL,PÚBLICA,CENTRO-OESTE,DF,BRASÍLIA,ACADÊMICO,ENFERMAGEM,4,2010,EM FUNCIONAMENTO
NÃO SE APLICA,36,FEDERAL,PÚBLICA,CENTRO-OESTE,DF,BRASÍLIA,ACADÊMICO,GEOGRAFIA,5,1996,EM FUNCIONAMENTO
NÃO SE APLICA,41,FEDERAL,PÚBLICA,CENTRO-OESTE,DF,BRASÍLIA,ACADÊMICO,LINGÜÍSTICA,5,1976,EM FUNCIONAMENTO
NÃO SE APLICA,24,FEDERAL,PÚBLICA,CENTRO-OESTE,DF,BRASÍLIA,ACADÊMICO,SAÚDE ANIMAL,4,2007,EM FUNCIONAMENTO
NÃO SE APLICA,14,FEDERAL,PÚBLICA,CENTRO-OESTE,DF,BRASÍLIA,ACADÊMICO,ENGENHARIA ELÉTRICA,5,2010,EM FUNCIONAMENTO
ADMINISTRAÇÃO PÚBLICA,27,FEDERAL,PÚBLICA,CENTRO-OESTE,DF,BRASÍLIA,PROFISSIONAL,GESTÃO PÚBLICA,4,2013,EM FUNCIONAMENTO
DIREITO PÚBLICO,26,FEDERAL,PÚBLICA,CENTRO-OESTE,DF,BRASÍLIA,PROFISSIONAL,"DIREITO, REGULAÇÃO E POLÍTICAS PÚBLICAS",3,2019,EM FUNCIONAMENTO
REPRODUÇÃO ANIMAL,24,FEDERAL,PÚBLICA,CENTRO-OESTE,DF,BRASÍLIA,ACADÊMICO,CIÊNCIAS ANIMAIS,6,2007,EM FUNCIONAMENTO
NÃO SE APLICA,7,FEDERAL,PÚBLICA,CENTRO-OESTE,DF,BRASÍLIA,ACADÊMICO,ECOLOGIA,6,1976,EM FUNCIONAMENTO
NÃO SE APLICA,15,FEDERAL,PÚBLICA,CENTRO-OESTE,DF,BRASÍLIA,ACADÊMICO,CIENCIAS MEDICAS,5,2002,EM FUNCIONAMENTO
NÃO SE APLICA,49,FEDERAL,PÚBLICA,CENTRO-OESTE,DF,BRASÍLIA,ACADÊMICO,DESENVOLVIMENTO SUSTENTÁVEL,7,1996,EM FUNCIONAMENTO
"SOCIAIS, CULTURAS E HUMANIDADES",45,FEDERAL,PÚBLICA,CENTRO-OESTE,DF,BRASÍLIA,PROFISSIONAL,SUSTENTABILIDADE JUNTO A POVOS E TERRITÓRIOS TRADICIONAIS,3,2020,EM FUNCIONAMENTO
NÃO SE APLICA,27,FEDERAL,PÚBLICA,CENTRO-OESTE,DF,BRASÍLIA,PROFISSIONAL,ADMINISTRAÇÃO,4,2004,EM FUNCIONAMENTO
NÃO SE APLICA,32,FEDERAL,PÚBLICA,CENTRO-OESTE,DF,BRASÍLIA,ACADÊMICO,POLÍTICA SOCIAL,6,1990,EM FUNCIONAMENTO
NÃO SE APLICA,1,FEDERAL,PÚBLICA,CENTRO-OESTE,DF,BRASÍLIA,ACADÊMICO,MATEMÁTICA,7,1971,EM FUNCIONAMENTO
NÃO SE APLICA,14,FEDERAL,PÚBLICA,CENTRO-OESTE,DF,BRASÍLIA,PROFISSIONAL,ENGENHARIA ELÉTRICA,3,1999,EM FUNCIONAMENTO
NÃO SE APLICA,18,FEDERAL,PÚBLICA,CENTRO-OESTE,DF,BRASÍLIA,ACADÊMICO,ODONTOLOGIA,4,2017,EM FUNCIONAMENTO
NÃO SE APLICA,37,FEDERAL,PÚBLICA,CENTRO-OESTE,DF,BRASÍLIA,ACADÊMICO,"PSICOLOGIA SOCIAL, DO TRABALHO E DAS ORGANIZAÇÕES (PSTO)",6,2006,EM FUNCIONAMENTO
NÃO SE APLICA,10,FEDERAL,PÚBLICA,CENTRO-OESTE,DF,BRASÍLIA,ACADÊMICO,ESTRUTURAS E CONSTRUÇÃO CIVIL,5,1992,EM FUNCIONAMENTO
SAÚDE E BIOLÓGICAS,45,FEDERAL,PÚBLICA,CENTRO-OESTE,DF,BRASÍLIA,ACADÊMICO,BIOÉTICA,5,2008,EM FUNCIONAMENTO
NÃO SE APLICA,19,FEDERAL,PÚBLICA,CENTRO-OESTE,DF,BRASÍLIA,ACADÊMICO,CIÊNCIAS FARMACÊUTICAS,5,2011,EM FUNCIONAMENTO
NÃO SE APLICA,39,FEDERAL,PÚBLICA,CENTRO-OESTE,DF,BRASÍLIA,ACADÊMICO,CIÊNCIA POLÍTICA,7,1984,EM FUNCIONAMENTO
NÃO SE APLICA,42,FEDERAL,PÚBLICA,CENTRO-OESTE,DF,BRASÍLIA,ACADÊMICO,FITOPATOLOGIA,5,1976,EM FUNCIONAMENTO
ENSINO DE CIÊNCIAS E MATEMÁTICA,46,FEDERAL,PÚBLICA,CENTRO-OESTE,DF,BRASÍLIA,ACADÊMICO,EDUCAÇÃO EM CIÊNCIAS,5,2015,EM FUNCIONAMENTO
NÃO SE APLICA,37,FEDERAL,PÚBLICA,CENTRO-OESTE,DF,BRASÍLIA,ACADÊMICO,CIÊNCIAS DO COMPORTAMENTO,4,2006,EM FUNCIONAMENTO
NÃO SE APLICA,41,FEDERAL,PÚBLICA,CENTRO-OESTE,DF,BRASÍLIA,ACADÊMICO,LITERATURA,5,1975,EM FUNCIONAMENTO
POLÍTICAS E DESENVOLVIMENTO DE TERRITÓRIOS,45,FEDERAL,PÚBLICA,CENTRO-OESTE,DF,BRASÍLIA,ACADÊMICO,AGRONEGÓCIOS,4,2006,EM FUNCIONAMENTO
NÃO SE APLICA,13,FEDERAL,PÚBLICA,CENTRO-OESTE,DF,BRASÍLIA,ACADÊMICO,SISTEMAS MECATRÔNICOS,4,2003,EM FUNCIONAMENTO
NÃO SE APLICA,33,FEDERAL,PÚBLICA,CENTRO-OESTE,DF,BRASÍLIA,ACADÊMICO,FILOSOFIA,5,1999,EM FUNCIONAMENTO
NÃO SE APLICA,38,FEDERAL,PÚBLICA,CENTRO-OESTE,DF,BRASÍLIA,PROFISSIONAL,EDUCAÇÃO,3,2011,EM FUNCIONAMENTO
NÃO SE APLICA,10,FEDERAL,PÚBLICA,CENTRO-OESTE,DF,BRASÍLIA,ACADÊMICO,TECNOLOGIA AMBIENTAL E RECURSOS HÍDRICOS,4,1995,EM FUNCIONAMENTO
DIREITO PÚBLICO,26,FEDERAL,PÚBLICA,CENTRO-OESTE,DF,BRASÍLIA,ACADÊMICO,DIREITO,7,1975,EM FUNCIONAMENTO
"SOCIAIS, CULTURAS E HUMANIDADES",45,FEDERAL,PÚBLICA,CENTRO-OESTE,DF,BRASÍLIA,PROFISSIONAL,GOVERNANÇA E INOVAÇÃO EM POLÍTICAS PÚBLICAS,A,2022,EM FUNCIONAMENTO
NÃO SE APLICA,21,FEDERAL,PÚBLICA,CENTRO-OESTE,DF,BRASÍLIA,ACADÊMICO,EDUCAÇÃO FÍSICA,5,2006,EM FUNCIONAMENTO
CLÍNICA MÉDICA,16,FEDERAL,PÚBLICA,CENTRO-OESTE,DF,BRASÍLIA,ACADÊMICO,MEDICINA TROPICAL,5,1976,EM FUNCIONAMENTO
POLÍTICA INTERNACIONAL,39,FEDERAL,PÚBLICA,CENTRO-OESTE,DF,BRASÍLIA,ACADÊMICO,RELAÇÕES INTERNACIONAIS,5,1984,EM FUNCIONAMENTO
NÃO SE APLICA,2,FEDERAL,PÚBLICA,CENTRO-OESTE,DF,BRASÍLIA,PROFISSIONAL,COMPUTAÇÃO APLICADA,4,2012,EM FUNCIONAMENTO
GEOTÉCNICA,10,FEDERAL,PÚBLICA,CENTRO-OESTE,DF,BRASÍLIA,ACADÊMICO,GEOTECNIA,6,1989,EM FUNCIONAMENTO
POLÍTICAS E DESENVOLVIMENTO DE TERRITÓRIOS,45,FEDERAL,PÚBLICA,CENTRO-OESTE,DF,BRASÍLIA,ACADÊMICO,MEIO AMBIENTE E DESENVOLVIMENTO RURAL,4,2012,EM FUNCIONAMENTO
NÃO SE APLICA,27,FEDERAL,PÚBLICA,CENTRO-OESTE,DF,BRASÍLIA,ACADÊMICO,ADMINISTRAÇÃO,5,1976,EM FUNCIONAMENTO
ESTATÍSTICA,1,FEDERAL,PÚBLICA,CENTRO-OESTE,DF,BRASÍLIA,ACADÊMICO,ESTATISTICA,4,2008,EM FUNCIONAMENTO
NÃO SE APLICA,13,FEDERAL,PÚBLICA,CENTRO-OESTE,DF,BRASÍLIA,ACADÊMICO,INTEGRIDADE DE MATERIAIS DA ENGENHARIA,3,2011,EM FUNCIONAMENTO
NÃO SE APLICA,3,FEDERAL,PÚBLICA,CENTRO-OESTE,DF,BRASÍLIA,ACADÊMICO,FÍSICA,5,1969,EM FUNCIONAMENTO
NÃO SE APLICA,14,FEDERAL,PÚBLICA,CENTRO-OESTE,DF,BRASÍLIA,ACADÊMICO,ENGENHARIA BIOMÉDICA,3,2010,EM FUNCIONAMENTO
NÃO SE APLICA,11,FEDERAL,PÚBLICA,CENTRO-OESTE,DF,BRASÍLIA,ACADÊMICO,ARTES CÊNICAS,5,2014,EM FUNCIONAMENTO
NÃO SE APLICA,33,FEDERAL,PÚBLICA,CENTRO-OESTE,DF,BRASÍLIA,ACADÊMICO,METAFÍSICA,5,2016,EM FUNCIONAMENTO
NÃO SE APLICA,28,FEDERAL,PÚBLICA,CENTRO-OESTE,DF,BRASÍLIA,PROFISSIONAL,ECONOMIA,4,1999,EM FUNCIONAMENTO
NÃO SE APLICA,21,FEDERAL,PÚBLICA,CENTRO-OESTE,DF,BRASÍLIA,ACADÊMICO,CIÊNCIAS DA REABILITAÇÃO,3,2016,EM FUNCIONAMENTO
"SOCIAIS, CULTURAS E HUMANIDADES",45,FEDERAL,PÚBLICA,CENTRO-OESTE,DF,BRASÍLIA,ACADÊMICO,"DESENVOLVIMENTO, SOCIEDADE E COOPERAÇÃO INTERNACIONAL",4,2011,EM FUNCIONAMENTO
NÃO SE APLICA,35,FEDERAL,PÚBLICA,CENTRO-OESTE,DF,BRASÍLIA,ACADÊMICO,ANTROPOLOGIA,7,1972,EM FUNCIONAMENTO
NÃO SE APLICA,50,FEDERAL,PÚBLICA,CENTRO-OESTE,DF,BRASÍLIA,ACADÊMICO,NUTRIÇÃO HUMANA,5,2000,EM FUNCIONAMENTO
NÃO SE APLICA,11,FEDERAL,PÚBLICA,CENTRO-OESTE,DF,BRASÍLIA,ACADÊMICO,ARTES VISUAIS,5,1994,EM FUNCIONAMENTO
NÃO SE APLICA,10,FEDERAL,PÚBLICA,CENTRO-OESTE,DF,BRASÍLIA,ACADÊMICO,TRANSPORTES,3,1988,EM FUNCIONAMENTO
MÚSICA,11,FEDERAL,PÚBLICA,CENTRO-OESTE,DF,BRASÍLIA,ACADÊMICO,MÚSICA,4,2004,EM FUNCIONAMENTO
NÃO SE APLICA,13,FEDERAL,PÚBLICA,CENTRO-OESTE,DF,BRASÍLIA,ACADÊMICO,CIÊNCIAS MECÂNICAS,5,2002,EM FUNCIONAMENTO
NÃO SE APLICA,22,FEDERAL,PÚBLICA,CENTRO-OESTE,DF,BRASÍLIA,PROFISSIONAL,SAÚDE COLETIVA,4,2011,EM FUNCIONAMENTO
NÃO SE APLICA,28,FEDERAL,PÚBLICA,CENTRO-OESTE,DF,BRASÍLIA,ACADÊMICO,ECONOMIA,6,1973,EM FUNCIONAMENTO
NÃO SE APLICA,29,FEDERAL,PÚBLICA,CENTRO-OESTE,DF,BRASÍLIA,ACADÊMICO,DESIGN,4,2013,EM FUNCIONAMENTO
NÃO SE APLICA,41,FEDERAL,PÚBLICA,CENTRO-OESTE,DF,BRASÍLIA,ACADÊMICO,ESTUDOS DE TRADUÇÃO,4,2011,EM FUNCIONAMENTO
"SOCIAIS, CULTURAS E HUMANIDADES",45,FEDERAL,PÚBLICA,CENTRO-OESTE,DF,BRASÍLIA,PROFISSIONAL,POLÍTICAS PÚBLICAS PARA INFÂNCIA E JUVENTUDE,A,2022,EM FUNCIONAMENTO
NÃO SE APLICA,7,FEDERAL,PÚBLICA,CENTRO-OESTE,DF,BRASÍLIA,ACADÊMICO,BOTÂNICA,4,2019,EM FUNCIONAMENTO
NÃO SE APLICA,2,FEDERAL,PÚBLICA,CENTRO-OESTE,DF,BRASÍLIA,ACADÊMICO,INFORMÁTICA,5,1989,EM FUNCIONAMENTO
LINGÜÍSTICA APLICADA,41,FEDERAL,PÚBLICA,CENTRO-OESTE,DF,BRASÍLIA,ACADÊMICO,LINGÜÍSTICA APLICADA,4,2008,EM FUNCIONAMENTO
NÃO SE APLICA,37,PARTICULAR,PRIVADA,CENTRO-OESTE,DF,BRASÍLIA,ACADÊMICO,PSICOLOGIA,5,1999,EM FUNCIONAMENTO
NÃO SE APLICA,28,PARTICULAR,PRIVADA,CENTRO-OESTE,DF,BRASÍLIA,ACADÊMICO,ECONOMIA,5,1998,EM FUNCIONAMENTO
NÃO SE APLICA,38,PARTICULAR,PRIVADA,CENTRO-OESTE,DF,BRASÍLIA,ACADÊMICO,EDUCAÇÃO,4,1994,EM FUNCIONAMENTO
"ENGENHARIA, TECNOLOGIA E GESTÃO",45,PARTICULAR,PRIVADA,CENTRO-OESTE,DF,BRASÍLIA,PROFISSIONAL,"GOVERNANÇA, TECNOLOGIA E INOVAÇÃO",4,1998,EM FUNCIONAMENTO
NÃO SE APLICA,21,PARTICULAR,PRIVADA,CENTRO-OESTE,DF,BRASÍLIA,ACADÊMICO,EDUCAÇÃO FÍSICA,5,1999,EM FUNCIONAMENTO
NÃO SE APLICA,48,PARTICULAR,PRIVADA,CENTRO-OESTE,DF,BRASÍLIA,ACADÊMICO,CIÊNCIAS GENÔMICAS E BIOTECNOLOGIA,7,2000,EM FUNCIONAMENTO
NÃO SE APLICA,26,PARTICULAR,PRIVADA,CENTRO-OESTE,DF,BRASÍLIA,ACADÊMICO,DIREITO,5,2003,EM FUNCIONAMENTO
NÃO SE APLICA,28,PARTICULAR,PRIVADA,CENTRO-OESTE,DF,BRASÍLIA,PROFISSIONAL,POLÍTICAS PÚBLICAS,3,2019,EM FUNCIONAMENTO
SAÚDE E BIOLÓGICAS,45,PARTICULAR,PRIVADA,CENTRO-OESTE,DF,BRASÍLIA,ACADÊMICO,GERONTOLOGIA,4,2005,EM FUNCIONAMENTO
NÃO SE APLICA,31,PARTICULAR,PRIVADA,CENTRO-OESTE,DF,BRASÍLIA,PROFISSIONAL,INOVAÇÃO EM COMUNICAÇÃO E ECONOMIA CRIATIVA,4,2008,EM FUNCIONAMENTO
NÃO SE APLICA,37,PARTICULAR,PRIVADA,CENTRO-OESTE,DF,BRASÍLIA,ACADÊMICO,PSICOLOGIA,4,2012,EM FUNCIONAMENTO
NÃO SE APLICA,29,PARTICULAR,PRIVADA,CENTRO-OESTE,DF,BRASÍLIA,ACADÊMICO,ARQUITETURA E URBANISMO,3,2016,EM FUNCIONAMENTO
NÃO SE APLICA,26,PARTICULAR,PRIVADA,CENTRO-OESTE,DF,BRASÍLIA,ACADÊMICO,DIREITO,5,2003,EM FUNCIONAMENTO
NÃO SE APLICA,28,FEDERAL,PÚBLICA,CENTRO-OESTE,DF,BRASÍLIA,PROFISSIONAL,POLÍTICAS PÚBLICAS E DESENVOLVIMENTO,4,2014,EM FUNCIONAMENTO
ESTADO E GOVERNO,39,FEDERAL,PÚBLICA,CENTRO-OESTE,DF,BRASÍLIA,PROFISSIONAL,GOVERNANÇA E DESENVOLVIMENTO,3,2017,EM FUNCIONAMENTO
POLÍTICAS PÚBLICAS,39,FEDERAL,PÚBLICA,CENTRO-OESTE,DF,BRASÍLIA,PROFISSIONAL,AVALIAÇÃO E MONITORAMENTO DE POLÍTICAS PÚBLICAS,3,2020,EM FUNCIONAMENTO
POLÍTICAS PÚBLICAS,39,FEDERAL,PÚBLICA,CENTRO-OESTE,DF,BRASÍLIA,PROFISSIONAL,POLÍTICAS PÚBLICAS,A,2021,EM FUNCIONAMENTO
ADMINISTRAÇÃO PÚBLICA,27,PARTICULAR,PRIVADA,CENTRO-OESTE,DF,BRASÍLIA,PROFISSIONAL,ADMINISTRAÇÃO PÚBLICA,4,2016,EM FUNCIONAMENTO
NÃO SE APLICA,26,PARTICULAR,PRIVADA,CENTRO-OESTE,DF,BRASÍLIA,PROFISSIONAL,DIREITO ECONÔMICO E DESENVOLVIMENTO,3,2019,EM FUNCIONAMENTO
NÃO SE APLICA,31,PARTICULAR,PRIVADA,CENTRO-OESTE,DF,BRASÍLIA,ACADÊMICO,COMUNICAÇÃO,A,2024,EM FUNCIONAMENTO
NÃO SE APLICA,28,PARTICULAR,PRIVADA,CENTRO-OESTE,DF,BRASÍLIA,PROFISSIONAL,ECONOMIA DO SETOR PÚBLICO,4,2019,EM FUNCIONAMENTO
DIREITO PÚBLICO,26,PARTICULAR,PRIVADA,CENTRO-OESTE,DF,BRASÍLIA,ACADÊMICO,DIREITO CONSTITUCIONAL,5,2007,EM FUNCIONAMENTO
NÃO SE APLICA,39,PARTICULAR,PRIVADA,CENTRO-OESTE,DF,BRASÍLIA,PROFISSIONAL,CIÊNCIA POLÍTICA E RELAÇÕES INTERNACIONAIS,A,2024,EM FUNCIONAMENTO
NÃO SE APLICA,20,ESTADUAL,PÚBLICA,CENTRO-OESTE,DF,BRASÍLIA,PROFISSIONAL,CIÊNCIAS PARA A SAÚDE,4,2012,EM FUNCIONAMENTO
NÃO SE APLICA,26,PARTICULAR,PRIVADA,CENTRO-OESTE,DF,BRASÍLIA,PROFISSIONAL,DIREITOS SOCIAIS E PROCESSOS REIVINDICATÓRIOS,3,2018,EM FUNCIONAMENTO
NÃO SE APLICA,27,PARTICULAR,PRIVADA,CENTRO-OESTE,DF,BRASÍLIA,PROFISSIONAL,GESTÃO ESTRATÉGICA DE ORGANIZAÇÕES,3,2017,EM FUNCIONAMENTO
NÃO SE APLICA,15,ESTADUAL,PÚBLICA,CENTRO-OESTE,DF,BRASÍLIA,ACADÊMICO,CIÊNCIAS DA SAÚDE,3,2017,EM FUNCIONAMENTO
NÃO SE APLICA,26,PARTICULAR,PRIVADA,CENTRO-OESTE,DF,BRASÍLIA,ACADÊMICO,DIREITO,4,2016,EM FUNCIONAMENTO
NÃO SE APLICA,39,FEDERAL,PÚBLICA,CENTRO-OESTE,DF,BRASÍLIA,PROFISSIONAL,PODER LEGISLATIVO,5,2013,EM FUNCIONAMENTO
NÃO SE APLICA,22,FEDERAL,PÚBLICA,CENTRO-OESTE,DF,BRASÍLIA,PROFISSIONAL,POLÍTICAS PÚBLICAS EM SAÚDE,4,2015,EM FUNCIONAMENTO
ADMINISTRAÇÃO PÚBLICA,27,FEDERAL,PÚBLICA,CENTRO-OESTE,DF,BRASÍLIA,PROFISSIONAL,ADMINISTRAÇÃO PÚBLICA EM REDE NACIONAL,3,2014,EM FUNCIONAMENTO
NÃO SE APLICA,28,PARTICULAR,PRIVADA,CENTRO-OESTE,DF,BRASÍLIA,PROFISSIONAL,ECONOMIA,4,2019,EM FUNCIONAMENTO
POLÍTICAS PÚBLICAS,39,PARTICULAR,PRIVADA,CENTRO-OESTE,DF,BRASÍLIA,ACADÊMICO,POLÍTICAS PÚBLICAS E GOVERNO,3,2019,EM FUNCIONAMENTO
NÃO SE APLICA,26,FEDERAL,PÚBLICA,CENTRO-OESTE,DF,BRASÍLIA,PROFISSIONAL,DIREITO E PODER JUDICIÁRIO,3,2020,EM FUNCIONAMENTO
NÃO SE APLICA,27,FEDERAL,PÚBLICA,CENTRO-OESTE,DF,BRASÍLIA,PROFISSIONAL,CONTROLE DA ADMINISTRAÇÃO PÚBLICA,A,2024,EM FUNCIONAMENTO
NÃO SE APLICA,39,FEDERAL,PÚBLICA,CENTRO-OESTE,DF,BRASÍLIA,ACADÊMICO,"SEGURANÇA, DESENVOLVIMENTO E DEFESA",A,2024,EM FUNCIONAMENTO
