AN_BASE,CD_AREA_AVALIACAO,NM_AREA_AVALIACAO,IN_REDE,SG_UF_PROGRAMA,CD_PROGRAMA_IES,NM_PROGRAMA_IES,DS_SITUACAO_PROGRAMA
2024,7,BIODIVERSIDADE,NÃO,RO,10001018041P7,CONSERVAÇÃO E USO DE RECURSOS NATURAIS,EM FUNCIONAMENTO
2024,41,LINGUÍSTICA E LITERATURA,NÃO,RO,10001018010P4,LETRAS,EM FUNCIONAMENTO
2024,27,"ADMINISTRAÇÃO PÚBLICA E DE EMPRESAS, CIÊNCIAS CONTÁBEIS E TURISMO",NÃO,RO,10001018048P1,ADMINISTRAÇÃO E CONTABILIDADE,EM FUNCIONAMENTO
2024,33,FILOSOFIA,NÃO,RO,10001018043P0,FILOSOFIA,EM FUNCIONAMENTO
2024,46,ENSINO,NÃO,RO,10001018040P0,ENSINO DE CIÊNCIAS DA NATUREZA - PPGECN,EM FUNCIONAMENTO
2024,38,EDUCAÇÃO,NÃO,RO,10001018016P2,EDUCAÇÃO ESCOLAR,EM FUNCIONAMENTO
2024,36,GEOGRAFIA,NÃO,RO,10001018005P0,GEOGRAFIA,EM FUNCIONAMENTO
2024,49,CIÊNCIAS AMBIENTAIS,NÃO,RO,10001018017P9,CIÊNCIAS AMBIENTAIS,EM FUNCIONAMENTO
2024,38,EDUCAÇÃO,NÃO,RO,10001018011P0,EDUCAÇÃO,EM FUNCIONAMENTO
2024,45,INTERDISCIPLINAR,NÃO,RO,10001018039P2,DIREITOS HUMANOS E DESENVOLVIMENTO DA JUSTIÇA,EM FUNCIONAMENTO
2024,37,PSICOLOGIA,NÃO,RO,10001018009P6,PSICOLOGIA,EM FUNCIONAMENTO
2024,45,INTERDISCIPLINAR,NÃO,RO,10001018004P4,DESENVOLVIMENTO REGIONAL E MEIO AMBIENTE,EM FUNCIONAMENTO
2024,45,INTERDISCIPLINAR,NÃO,RO,10001018044P6,AGROECOSSISTEMAS AMAZÔNICOS,EM FUNCIONAMENTO
2024,46,ENSINO,NÃO,RO,10001018042P3,EDUCAÇÃO MATEMÁTICA,EM FUNCIONAMENTO
2024,27,"ADMINISTRAÇÃO PÚBLICA E DE EMPRESAS, CIÊNCIAS CONTÁBEIS E TURISMO",NÃO,RO,10001018006P7,ADMINISTRAÇÃO,EM FUNCIONAMENTO
2024,41,LINGUÍSTICA E LITERATURA,NÃO,RO,10001018012P7,ESTUDOS LITERÁRIOS,EM FUNCIONAMENTO
2024,40,HISTÓRIA,NÃO,RO,10001018045P2,HISTÓRIA DA AMAZÔNIA,EM FUNCIONAMENTO
2024,31,COMUNICAÇÃO E INFORMAÇÃO,NÃO,RO,10001018046P9,COMUNICAÇÃO,EM FUNCIONAMENTO
2024,16,MEDICINA II,NÃO,AC,11001011070P0,CIÊNCIAS DA SAÚDE NA AMAZÔNIA OCIDENTAL,EM FUNCIONAMENTO
2024,38,EDUCAÇÃO,NÃO,AC,11001011009P9,EDUCAÇÃO,EM FUNCIONAMENTO
2024,24,MEDICINA VETERINÁRIA,SIM,AC,11001011008P2,SANIDADE E PRODUÇÃO ANIMAL SUSTENTÁVEL NA AMAZÔNIA OCIDENTAL,EM FUNCIONAMENTO
2024,11,ARTES,NÃO,AC,11001011075P1,ARTES CÊNICAS,EM FUNCIONAMENTO
2024,36,GEOGRAFIA,NÃO,AC,11001011076P8,GEOGRAFIA,EM FUNCIONAMENTO
2024,46,ENSINO,NÃO,AC,11001011007P6,ENSINO DE CIÊNCIAS E MATEMÁTICA,EM FUNCIONAMENTO
2024,42,CIÊNCIAS AGRÁRIAS I,NÃO,AC,11001011071P6,CIÊNCIA FLORESTAL,EM FUNCIONAMENTO
2024,7,BIODIVERSIDADE,NÃO,AC,11001011001P8,ECOLOGIA E MANEJO DE RECURSOS NATURAIS,EM FUNCIONAMENTO
2024,46,ENSINO,NÃO,AC,11001011073P9,ENSINO DE HUMANIDADES E LINGUAGENS,EM FUNCIONAMENTO
2024,22,SAÚDE COLETIVA,NÃO,AC,11001011005P3,SAÚDE COLETIVA,EM FUNCIONAMENTO
2024,49,CIÊNCIAS AMBIENTAIS,NÃO,AC,11001011074P5,CIÊNCIAS AMBIENTAIS,EM FUNCIONAMENTO
2024,45,INTERDISCIPLINAR,NÃO,AC,11001011006P0,"CIÊNCIA, INOVAÇÃO E TECNOLOGIA PARA A AMAZÔNIA",EM FUNCIONAMENTO
2024,42,CIÊNCIAS AGRÁRIAS I,NÃO,AC,11001011004P7,PRODUÇÃO VEGETAL,EM FUNCIONAMENTO
2024,2,COMPUTAÇÃO,NÃO,AC,11001011072P2,CIÊNCIA DA COMPUTAÇÃO,EM FUNCIONAMENTO
2024,41,LINGUÍSTICA E LITERATURA,NÃO,AC,11001011003P0,LETRAS- LINGUAGEM E IDENTIDADE,EM FUNCIONAMENTO
2024,9,CIÊNCIAS BIOLÓGICAS III,SIM,RO,10001018002P1,BIOLOGIA EXPERIMENTAL,EM FUNCIONAMENTO
2024,26,DIREITO,NÃO,RO,11015004001P0,DIREITO,EM FUNCIONAMENTO
2024,31,COMUNICAÇÃO E INFORMAÇÃO,NÃO,AM,12001015176P5,INFORMAÇÃO E COMUNICAÇÃO (PPGIC),EM FUNCIONAMENTO
2024,32,SERVIÇO SOCIAL,NÃO,AM,12001015027P0,SERVIÇO SOCIAL,EM FUNCIONAMENTO
2024,5,GEOCIÊNCIAS,NÃO,AM,12001015008P5,GEOCIÊNCIAS,EM FUNCIONAMENTO
2024,49,CIÊNCIAS AMBIENTAIS,NÃO,AM,12001015064P2,CIÊNCIAS AMBIENTAIS,EM FUNCIONAMENTO
2024,37,PSICOLOGIA,NÃO,AM,12001015036P9,PSICOLOGIA,EM FUNCIONAMENTO
2024,4,QUÍMICA,NÃO,AM,12001015002P7,QUÍMICA,EM FUNCIONAMENTO
2024,36,GEOGRAFIA,NÃO,AM,12001015026P3,GEOGRAFIA,EM FUNCIONAMENTO
2024,26,DIREITO,NÃO,AM,12001015174P2,DIREITO,EM FUNCIONAMENTO
2024,2,COMPUTAÇÃO,NÃO,AM,12001015012P2,INFORMÁTICA,EM FUNCIONAMENTO
2024,18,ODONTOLOGIA,NÃO,AM,12001015040P6,ODONTOLOGIA,EM FUNCIONAMENTO
2024,17,MEDICINA III,NÃO,AM,12001015065P9,CIRURGIA,EM FUNCIONAMENTO
2024,20,ENFERMAGEM,NÃO,AM,12001015173P6,ENFERMAGEM NO CONTEXTO AMAZÔNICO,EM FUNCIONAMENTO
2024,46,ENSINO,NÃO,AM,12001015171P3,ENSINO DE CIÊNCIAS E HUMANIDADES,EM FUNCIONAMENTO
2024,47,MATERIAIS,NÃO,AM,12001015035P2,CIÊNCIA E ENGENHARIA DE MATERIAIS,EM FUNCIONAMENTO
2024,35,ANTROPOLOGIA / ARQUEOLOGIA,NÃO,AM,12001015029P2,ANTROPOLOGIA SOCIAL,EM FUNCIONAMENTO
2024,49,CIÊNCIAS AMBIENTAIS,NÃO,AM,12001015041P2,CIÊNCIA E TECNOLOGIA PARA RECURSOS AMAZÔNICOS,EM FUNCIONAMENTO
2024,13,ENGENHARIAS III,NÃO,AM,12001015179P4,ENGENHARIA MECÂNICA,EM FUNCIONAMENTO
2024,34,SOCIOLOGIA,NÃO,AM,12001015178P8,SOCIOLOGIA,EM FUNCIONAMENTO
2024,13,ENGENHARIAS III,NÃO,AM,12001015009P1,ENGENHARIA DE PRODUÇÃO,EM FUNCIONAMENTO
2024,42,CIÊNCIAS AGRÁRIAS I,NÃO,AM,12001015016P8,CIÊNCIAS FLORESTAIS E AMBIENTAIS,EM FUNCIONAMENTO
2024,42,CIÊNCIAS AGRÁRIAS I,NÃO,AM,12001015003P3,AGRONOMIA TROPICAL,EM FUNCIONAMENTO
2024,48,BIOTECNOLOGIA,NÃO,AM,12001015013P9,BIOTECNOLOGIA,EM FUNCIONAMENTO
2024,46,ENSINO,NÃO,AM,12001015042P9,ENSINO DE CIÊNCIAS E MATEMÁTICA,EM FUNCIONAMENTO
2024,1,MATEMÁTICA / PROBABILIDADE E ESTATÍSTICA,NÃO,AM,12001015015P1,MATEMÁTICA,EM FUNCIONAMENTO
2024,49,CIÊNCIAS AMBIENTAIS,NÃO,AM,12001015007P9,CIÊNCIAS DO AMBIENTE E SUSTENTABILIDADE NA AMAZÔNIA,EM FUNCIONAMENTO
2024,19,FARMÁCIA,NÃO,AM,12001015033P0,CIÊNCIAS FARMACÊUTICAS,EM FUNCIONAMENTO
2024,3,ASTRONOMIA / FÍSICA,NÃO,AM,12001015006P2,FÍSICA,EM FUNCIONAMENTO
2024,14,ENGENHARIAS IV,NÃO,AM,12001015021P1,ENGENHARIA ELÉTRICA,EM FUNCIONAMENTO
2024,45,INTERDISCIPLINAR,NÃO,AM,12001015014P5,SOCIEDADE E CULTURA NA AMAZÔNIA,EM FUNCIONAMENTO
2024,29,"ARQUITETURA, URBANISMO E DESIGN",NÃO,AM,12001015172P0,DESIGN,EM FUNCIONAMENTO
2024,38,EDUCAÇÃO,NÃO,AM,12001015001P0,EDUCAÇÃO,EM FUNCIONAMENTO
2024,7,BIODIVERSIDADE,SIM,AM,12001015063P6,ZOOLOGIA,EM FUNCIONAMENTO
2024,23,ZOOTECNIA / RECURSOS PESQUEIROS,NÃO,AM,12001015025P7,CIÊNCIA ANIMAL E RECURSOS PESQUEIROS,EM FUNCIONAMENTO
2024,40,HISTÓRIA,NÃO,AM,12001015023P4,HISTÓRIA,EM FUNCIONAMENTO
2024,28,ECONOMIA,NÃO,AM,12001015177P1,ECONOMIA,EM FUNCIONAMENTO
2024,21,"EDUCAÇÃO FÍSICA, FISIOTERAPIA, FONOAUDIOLOGIA E TERAPIA OCUPACIONAL",NÃO,AM,12001015175P9,CIÊNCIAS DO MOVIMENTO HUMANO,EM FUNCIONAMENTO
2024,41,LINGUÍSTICA E LITERATURA,NÃO,AM,12001015037P5,LETRAS,EM FUNCIONAMENTO
2024,9,CIÊNCIAS BIOLÓGICAS III,NÃO,AM,12001015034P6,IMUNOLOGIA BÁSICA E APLICADA,EM FUNCIONAMENTO
2024,7,BIODIVERSIDADE,NÃO,AM,12002011002P3,CIÊNCIAS BIOLÓGICAS (BOTÂNICA),EM FUNCIONAMENTO
2024,7,BIODIVERSIDADE,NÃO,AM,12002011004P6,CIÊNCIAS BIOLÓGICAS (ENTOMOLOGIA),EM FUNCIONAMENTO
2024,6,CIÊNCIAS BIOLÓGICAS I,NÃO,AM,12002011009P8,"GENÉTICA, CONSERVAÇÃO E BIOLOGIA EVOLUTIVA",EM FUNCIONAMENTO
2024,7,BIODIVERSIDADE,NÃO,AM,12002011003P0,BIOLOGIA (ECOLOGIA),EM FUNCIONAMENTO
2024,5,GEOCIÊNCIAS,SIM,AM,12002011011P2,CLIMA E AMBIENTE - INPA - UEA,EM FUNCIONAMENTO
2024,7,BIODIVERSIDADE,NÃO,AM,12002011001P7,CIÊNCIAS BIOLÓGICAS,EM FUNCIONAMENTO
2024,42,CIÊNCIAS AGRÁRIAS I,NÃO,AM,12002011010P6,AGRICULTURA NO TRÓPICO ÚMIDO,EM FUNCIONAMENTO
2024,42,CIÊNCIAS AGRÁRIAS I,NÃO,AM,12002011012P9,GESTÃO DE ÁREAS PROTEGIDAS NA AMAZÔNIA,EM FUNCIONAMENTO
2024,42,CIÊNCIAS AGRÁRIAS I,NÃO,AM,12002011006P9,CIÊNCIAS DE FLORESTAS TROPICAIS,EM FUNCIONAMENTO
2024,46,ENSINO,NÃO,AM,12003018001P3,ENSINO TECNOLÓGICO,EM FUNCIONAMENTO
2024,23,ZOOTECNIA / RECURSOS PESQUEIROS,SIM,AM,12006017003P5,AQUICULTURA,EM FUNCIONAMENTO
2024,36,GEOGRAFIA,NÃO,AM,12008010077P5,GEOGRAFIA,EM FUNCIONAMENTO
2024,22,SAÚDE COLETIVA,NÃO,AM,12008010074P6,SAÚDE COLETIVA,EM FUNCIONAMENTO
2024,14,ENGENHARIAS IV,NÃO,AM,12008010076P9,ENGENHARIA ELÉTRICA,EM FUNCIONAMENTO
2024,16,MEDICINA II,NÃO,AM,12008010008P3,HEMATOLOGIA,EM FUNCIONAMENTO
2024,45,INTERDISCIPLINAR,NÃO,AM,12008010070P0,CIÊNCIAS HUMANAS,EM FUNCIONAMENTO
2024,26,DIREITO,NÃO,AM,12008010002P5,DIREITO AMBIENTAL,EM FUNCIONAMENTO
2024,45,INTERDISCIPLINAR,NÃO,AM,12008010007P7,"SEGURANÇA PÚBLICA, CIDADANIA E DIREITOS HUMANOS",EM FUNCIONAMENTO
2024,38,EDUCAÇÃO,NÃO,AM,12008010073P0,EDUCAÇÃO,EM FUNCIONAMENTO
2024,15,MEDICINA I,SIM,AM,12008010071P7,CIÊNCIAS APLICADAS À DERMATOLOGIA,EM FUNCIONAMENTO
2024,48,BIOTECNOLOGIA,NÃO,AM,12008010003P1,BIOTECNOLOGIA E RECURSOS NATURAIS DA AMAZÔNIA,EM FUNCIONAMENTO
2024,20,ENFERMAGEM,NÃO,AM,12008010072P3,ENFERMAGEM EM SAÚDE PÚBLICA,EM FUNCIONAMENTO
2024,16,MEDICINA II,NÃO,AM,12008010001P9,MEDICINA TROPICAL,EM FUNCIONAMENTO
2024,41,LINGUÍSTICA E LITERATURA,NÃO,AM,12008010039P6,LETRAS E ARTES,EM FUNCIONAMENTO
2024,46,ENSINO,NÃO,AM,12008010005P4,EDUCAÇÃO EM CIÊNCIAS NA AMAZÔNIA,EM FUNCIONAMENTO
2024,31,COMUNICAÇÃO E INFORMAÇÃO,NÃO,RR,13001019040P9,COMUNICAÇÃO,EM FUNCIONAMENTO
2024,45,INTERDISCIPLINAR,NÃO,RR,13001019007P1,CIÊNCIAS DA SAÚDE,EM FUNCIONAMENTO
2024,35,ANTROPOLOGIA / ARQUEOLOGIA,NÃO,RR,13001019039P0,ANTROPOLOGIA SOCIAL,EM FUNCIONAMENTO
2024,49,CIÊNCIAS AMBIENTAIS,NÃO,RR,13001019001P3,RECURSOS NATURAIS,EM FUNCIONAMENTO
2024,45,INTERDISCIPLINAR,NÃO,RR,13001019008P8,SOCIEDADE E FRONTEIRAS,EM FUNCIONAMENTO
2024,42,CIÊNCIAS AGRÁRIAS I,NÃO,RR,13001019004P2,AGRONOMIA,EM FUNCIONAMENTO
2024,36,GEOGRAFIA,NÃO,RR,13001019006P5,GEOGRAFIA,EM FUNCIONAMENTO
2024,45,INTERDISCIPLINAR,NÃO,RR,13001019042P1,SAÚDE E BIODIVERSIDADE,EM FUNCIONAMENTO
2024,41,LINGUÍSTICA E LITERATURA,NÃO,RR,13001019005P9,LETRAS,EM FUNCIONAMENTO
2024,38,EDUCAÇÃO,NÃO,RR,13001019041P5,EDUCAÇÃO,EM FUNCIONAMENTO
2024,38,EDUCAÇÃO,SIM,RR,13003011003P9,EDUCAÇÃO,EM FUNCIONAMENTO
2024,45,INTERDISCIPLINAR,NÃO,RR,13003011004P5,"SEGURANÇA PÚBLICA, DIREITOS HUMANOS E CIDADANIA",EM FUNCIONAMENTO
2024,49,CIÊNCIAS AMBIENTAIS,SIM,RR,13003011002P2,"AGROECOLOGIA, AMBIENTE, SOCIEDADE E AMAZÔNIA (PPGAASA)",EM FUNCIONAMENTO
2024,46,ENSINO,NÃO,RR,13003011001P6,ENSINO DE CIÊNCIAS E MATEMÁTICA,EM FUNCIONAMENTO
2024,45,INTERDISCIPLINAR,NÃO,AM,13007009001P6,"ENGENHARIA, GESTÃO DE PROCESSOS, SISTEMAS E AMBIENTAL",EM FUNCIONAMENTO
2024,22,SAÚDE COLETIVA,SIM,AM,13009001042P7,SAÚDE PÚBLICA NA AMAZÔNIA,EM FUNCIONAMENTO
2024,22,SAÚDE COLETIVA,NÃO,AM,13009001040P4,CONDIÇÕES DE VIDA E SITUAÇÕES DE SAÚDE NA AMAZÔNIA,EM FUNCIONAMENTO
2024,9,CIÊNCIAS BIOLÓGICAS III,NÃO,AM,13009001041P0,BIOLOGIA DA INTERAÇÃO PATÓGENO HOSPEDEIRO,EM FUNCIONAMENTO
2024,29,"ARQUITETURA, URBANISMO E DESIGN",NÃO,AM,13012002001P6,DESIGN DE ARTEFATOS DIGITAIS,EM FUNCIONAMENTO
2024,39,CIÊNCIA POLÍTICA E RELAÇÕES INTERNACIONAIS,NÃO,AP,14001012156P0,ESTUDOS DE FRONTEIRA,EM FUNCIONAMENTO
2024,7,BIODIVERSIDADE,SIM,AP,14001012003P9,BIODIVERSIDADE TROPICAL,EM FUNCIONAMENTO
2024,40,HISTÓRIA,NÃO,AP,14001012159P9,HISTÓRIA,EM FUNCIONAMENTO
2024,45,INTERDISCIPLINAR,NÃO,AP,14001012004P5,CIÊNCIAS DA SAÚDE,EM FUNCIONAMENTO
2024,19,FARMÁCIA,NÃO,AP,14001012005P1,CIÊNCIAS FARMACÊUTICAS,EM FUNCIONAMENTO
2024,26,DIREITO,NÃO,AP,14001012162P0,DIREITO,EM FUNCIONAMENTO
2024,38,EDUCAÇÃO,NÃO,AP,14001012157P6,EDUCAÇÃO,EM FUNCIONAMENTO
2024,49,CIÊNCIAS AMBIENTAIS,NÃO,AP,14001012158P2,CIÊNCIAS AMBIENTAIS,EM FUNCIONAMENTO
2024,45,INTERDISCIPLINAR,NÃO,AP,14001012163P6,ESTUDOS DE CULTURA E POLÍTICA,EM FUNCIONAMENTO
2024,30,PLANEJAMENTO URBANO E REGIONAL / DEMOGRAFIA,NÃO,AP,14001012001P6,DESENVOLVIMENTO DA AMAZÔNIA SUSTENTÁVEL,EM FUNCIONAMENTO
2024,36,GEOGRAFIA,NÃO,AP,14001012161P3,GEOGRAFIA,EM FUNCIONAMENTO
2024,41,LINGUÍSTICA E LITERATURA,NÃO,AP,14001012160P7,LETRAS,EM FUNCIONAMENTO
2024,18,ODONTOLOGIA,NÃO,PA,15001016039P6,ODONTOLOGIA,EM FUNCIONAMENTO
2024,8,CIÊNCIAS BIOLÓGICAS II,NÃO,PA,15001016044P0,NEUROCIÊNCIAS E BIOLOGIA CELULAR,EM FUNCIONAMENTO
2024,10,ENGENHARIAS I,NÃO,PA,15001016090P1,ENGENHARIA DE BARRAGEM E GESTÃO AMBIENTAL,EM FUNCIONAMENTO
2024,45,INTERDISCIPLINAR,NÃO,PA,15001016174P0,ESTUDOS EM ETNODIVERSIDADE,EM FUNCIONAMENTO
2024,15,MEDICINA I,NÃO,PA,15001016167P4,ATENÇÃO E ESTUDO CLÍNICO NO DIABETES,EM FUNCIONAMENTO
2024,46,ENSINO,NÃO,PA,15001016033P8,EDUCAÇÃO EM CIÊNCIAS E MATEMÁTICAS,EM FUNCIONAMENTO
2024,46,ENSINO,SIM,PA,50001019028P3,EDUCAÇÃO EM CIÊNCIAS E MATEMÁTICA - UFMT - UFPA - UEA,EM FUNCIONAMENTO
2024,24,MEDICINA VETERINÁRIA,NÃO,PA,15001016057P4,SAÚDE ANIMAL NA AMAZÔNIA,EM FUNCIONAMENTO
2024,37,PSICOLOGIA,NÃO,PA,15001016084P1,NEUROCIÊNCIAS E COMPORTAMENTO,EM FUNCIONAMENTO
2024,13,ENGENHARIAS III,NÃO,PA,15001016072P3,ENGENHARIA INDUSTRIAL,EM FUNCIONAMENTO
2024,36,GEOGRAFIA,NÃO,PA,15001016042P7,GEOGRAFIA,EM FUNCIONAMENTO
2024,13,ENGENHARIAS III,NÃO,PA,15001016075P2,ENGENHARIA DE PROCESSOS,EM FUNCIONAMENTO
2024,5,GEOCIÊNCIAS,NÃO,PA,15001016080P6,RECURSOS HÍDRICOS,EM FUNCIONAMENTO
2024,16,MEDICINA II,NÃO,PA,15001016015P0,DOENÇAS TROPICAIS,EM FUNCIONAMENTO
2024,22,SAÚDE COLETIVA,NÃO,PA,15001016079P8,SAÚDE COLETIVA NA AMAZÔNIA,EM FUNCIONAMENTO
2024,45,INTERDISCIPLINAR,NÃO,PA,15001016002P5,DESENVOLVIMENTO SUSTENTÁVEL DO TRÓPICO ÚMIDO,EM FUNCIONAMENTO
2024,38,EDUCAÇÃO,NÃO,PA,15001016035P0,EDUCAÇÃO,EM FUNCIONAMENTO
2024,45,INTERDISCIPLINAR,NÃO,PA,15001016067P0,LINGUAGENS E SABERES NA AMAZÔNIA,EM FUNCIONAMENTO
2024,48,BIOTECNOLOGIA,NÃO,PA,15001016068P6,BIOTECNOLOGIA,EM FUNCIONAMENTO
2024,27,"ADMINISTRAÇÃO PÚBLICA E DE EMPRESAS, CIÊNCIAS CONTÁBEIS E TURISMO",NÃO,PA,15001016169P7,ADMINISTRAÇÃO,EM FUNCIONAMENTO
2024,5,GEOCIÊNCIAS,NÃO,PA,15001016017P2,GEOLOGIA E GEOQUÍMICA,EM FUNCIONAMENTO
2024,27,"ADMINISTRAÇÃO PÚBLICA E DE EMPRESAS, CIÊNCIAS CONTÁBEIS E TURISMO",NÃO,PA,15001016172P8,CONTABILIDADE,EM FUNCIONAMENTO
2024,15,MEDICINA I,NÃO,PA,15001016071P7,ONCOLOGIA E CIÊNCIAS MÉDICAS,EM FUNCIONAMENTO
2024,10,ENGENHARIAS I,NÃO,PA,15001016069P2,PROCESSOS CONSTRUTIVOS E SANEAMENTO URBANO,EM FUNCIONAMENTO
2024,41,LINGUÍSTICA E LITERATURA,NÃO,PA,15001016175P7,ESTUDOS DA LINGUAGEM,EM FUNCIONAMENTO
2024,3,ASTRONOMIA / FÍSICA,NÃO,PA,15001016037P3,FÍSICA,EM FUNCIONAMENTO
2024,5,GEOCIÊNCIAS,NÃO,PA,15001016016P6,GEOFÍSICA,EM FUNCIONAMENTO
2024,2,COMPUTAÇÃO,NÃO,PA,15001016092P4,COMPUTAÇÃO APLICADA,EM FUNCIONAMENTO
2024,32,SERVIÇO SOCIAL,NÃO,PA,15001016036P7,SERVIÇO SOCIAL,EM FUNCIONAMENTO
2024,26,DIREITO,NÃO,PA,15001016003P1,DIREITO,EM FUNCIONAMENTO
2024,12,ENGENHARIAS II,NÃO,PA,15001016168P0,CIÊNCIA E ENGENHARIA DE MATERIAIS,EM FUNCIONAMENTO
2024,45,INTERDISCIPLINAR,NÃO,PA,15001016164P5,CIÊNCIAS DO PATRIMÔNIO CULTURAL,EM FUNCIONAMENTO
2024,45,INTERDISCIPLINAR,NÃO,PA,15001016027P8,AGRICULTURAS AMAZÔNICAS,EM FUNCIONAMENTO
2024,1,MATEMÁTICA / PROBABILIDADE E ESTATÍSTICA,NÃO,PA,15001016041P0,MATEMÁTICA E ESTATÍSTICA,EM FUNCIONAMENTO
2024,40,HISTÓRIA,NÃO,PA,15001016043P3,HISTÓRIA,EM FUNCIONAMENTO
2024,38,EDUCAÇÃO,SIM,PA,15001016166P8,EDUCAÇÃO NA AMAZÔNIA,EM FUNCIONAMENTO
2024,45,INTERDISCIPLINAR,NÃO,PA,15001016156P2,ESTUDOS ANTRÓPICOS NA AMAZÔNIA,EM FUNCIONAMENTO
2024,39,CIÊNCIA POLÍTICA E RELAÇÕES INTERNACIONAIS,NÃO,PA,15001016053P9,CIÊNCIA POLÍTICA,EM FUNCIONAMENTO
2024,13,ENGENHARIAS III,NÃO,PA,15001016085P8,ENGENHARIA NAVAL,EM FUNCIONAMENTO
2024,48,BIOTECNOLOGIA,SIM,PA,12001015038P1,BIODIVERSIDADE E BIOTECNOLOGIA - REDE BIONORTE,EM FUNCIONAMENTO
2024,4,QUÍMICA,NÃO,PA,15001016007P7,QUÍMICA,EM FUNCIONAMENTO
2024,12,ENGENHARIAS II,NÃO,PA,15001016010P8,ENGENHARIA QUÍMICA,EM FUNCIONAMENTO
2024,31,COMUNICAÇÃO E INFORMAÇÃO,NÃO,PA,15001016062P8,"COMUNICAÇÃO, CULTURA E AMAZÔNIA",EM FUNCIONAMENTO
2024,33,FILOSOFIA,NÃO,PA,15001016070P0,FILOSOFIA,EM FUNCIONAMENTO
2024,29,"ARQUITETURA, URBANISMO E DESIGN",NÃO,PA,15001016063P4,ARQUITETURA E URBANISMO,EM FUNCIONAMENTO
2024,19,FARMÁCIA,NÃO,PA,15001016049P1,CIÊNCIAS FARMACÊUTICAS,EM FUNCIONAMENTO
2024,46,ENSINO,NÃO,PA,15001016159P1,CRIATIVIDADE E INOVAÇÃO EM METODOLOGIAS DE ENSINO SUPERIOR,EM FUNCIONAMENTO
2024,1,MATEMÁTICA / PROBABILIDADE E ESTATÍSTICA,SIM,PA,15001016061P1,MATEMÁTICA - UFPA - UFAM,EM FUNCIONAMENTO
2024,6,CIÊNCIAS BIOLÓGICAS I,NÃO,PA,15001016032P1,GENÉTICA E BIOLOGIA MOLECULAR,EM FUNCIONAMENTO
2024,2,COMPUTAÇÃO,NÃO,PA,15001016047P9,CIÊNCIA DA COMPUTAÇÃO,EM FUNCIONAMENTO
2024,35,ANTROPOLOGIA / ARQUEOLOGIA,NÃO,PA,15001016060P5,ANTROPOLOGIA,EM FUNCIONAMENTO
2024,11,ARTES,NÃO,PA,15001016173P4,MÚSICA,EM FUNCIONAMENTO
2024,7,BIODIVERSIDADE,NÃO,PA,15001016081P2,BIODIVERSIDADE E CONSERVAÇÃO,EM FUNCIONAMENTO
2024,45,INTERDISCIPLINAR,NÃO,PA,15001016065P7,SEGURANÇA PUBLICA,EM FUNCIONAMENTO
2024,28,ECONOMIA,NÃO,PA,15001016162P2,ECONOMIA APLICADA,EM FUNCIONAMENTO
2024,10,ENGENHARIAS I,NÃO,PA,15001016031P5,ENGENHARIA CIVIL,EM FUNCIONAMENTO
2024,45,INTERDISCIPLINAR,NÃO,PA,15001016157P9,"CIDADES, TERRITÓRIOS, IDENTIDADES E EDUCAÇÃO",EM FUNCIONAMENTO
2024,49,CIÊNCIAS AMBIENTAIS,NÃO,PA,15001016076P9,CIÊNCIAS E MEIO AMBIENTE,EM FUNCIONAMENTO
2024,13,ENGENHARIAS III,NÃO,PA,15001016018P9,ENGENHARIA MECÂNICA,EM FUNCIONAMENTO
2024,23,ZOOTECNIA / RECURSOS PESQUEIROS,NÃO,PA,15001016028P4,CIÊNCIA ANIMAL,EM FUNCIONAMENTO
2024,28,ECONOMIA,NÃO,PA,15001016050P0,ECONOMIA,EM FUNCIONAMENTO
2024,6,CIÊNCIAS BIOLÓGICAS I,NÃO,PA,15001016077P5,ANÁLISES CLÍNICAS,EM FUNCIONAMENTO
2024,31,COMUNICAÇÃO E INFORMAÇÃO,NÃO,PA,15001016158P5,CIÊNCIA DA INFORMAÇÃO,EM FUNCIONAMENTO
2024,45,INTERDISCIPLINAR,NÃO,PA,15001016059P7,GESTAO DOS RECURSOS NATURAIS E DESENVOLVIMENTO LOCAL NA AMAZONIA,EM FUNCIONAMENTO
2024,10,ENGENHARIAS I,NÃO,PA,15001016163P9,ENGENHARIA SANITÁRIA E AMBIENTAL - PPGESA,EM FUNCIONAMENTO
2024,49,CIÊNCIAS AMBIENTAIS,NÃO,PA,15001016161P6,OCEANOGRAFIA,EM FUNCIONAMENTO
2024,7,BIODIVERSIDADE,NÃO,PA,15001016052P2,ECOLOGIA AQUÁTICA E PESCA,EM FUNCIONAMENTO
2024,19,FARMÁCIA,NÃO,PA,15001016160P0,ASSISTÊNCIA FARMACÊUTICA,EM FUNCIONAMENTO
2024,16,MEDICINA II,NÃO,PA,15001016064P0,SAÚDE NA AMAZÔNIA,EM FUNCIONAMENTO
2024,10,ENGENHARIAS I,NÃO,PA,15001016091P8,ENGENHARIA DE INFRAESTRUTURA E DESENVOLVIMENTO ENERGÉTICO,EM FUNCIONAMENTO
2024,26,DIREITO,NÃO,PA,15001016170P5,DIREITO E DESENVOLVIMENTO NA AMAZÔNIA,EM FUNCIONAMENTO
2024,20,ENFERMAGEM,NÃO,PA,15001016066P3,ENFERMAGEM,EM FUNCIONAMENTO
2024,37,PSICOLOGIA,NÃO,PA,15001016045P6,PSICOLOGIA,EM FUNCIONAMENTO
2024,19,FARMÁCIA,NÃO,PA,15001016086P4,QUÍMICA MEDICINAL E MODELAGEM MOLECULAR,EM FUNCIONAMENTO
2024,21,"EDUCAÇÃO FÍSICA, FISIOTERAPIA, FONOAUDIOLOGIA E TERAPIA OCUPACIONAL",NÃO,PA,15001016165P1,CIÊNCIAS DO MOVIMENTO HUMANO,EM FUNCIONAMENTO
2024,9,CIÊNCIAS BIOLÓGICAS III,NÃO,PA,15001016040P4,BIOLOGIA DE AGENTES INFECCIOSOS E PARASITÁRIOS,EM FUNCIONAMENTO
2024,7,BIODIVERSIDADE,NÃO,PA,15001016022P6,ZOOLOGIA,EM FUNCIONAMENTO
2024,7,BIODIVERSIDADE,SIM,PA,15001016087P0,ECOLOGIA,EM FUNCIONAMENTO
2024,34,SOCIOLOGIA,NÃO,PA,15001016034P4,SOCIOLOGIA E ANTROPOLOGIA,EM FUNCIONAMENTO
2024,49,CIÊNCIAS AMBIENTAIS,NÃO,PA,15001016088P7,GESTÃO DE RISCOS E DESASTRES NATURAIS NA AMAZÔNIA,EM FUNCIONAMENTO
2024,37,PSICOLOGIA,NÃO,PA,15001016009P0,PSICOLOGIA (TEORIA E PESQUISA DO COMPORTAMENTO),EM FUNCIONAMENTO
2024,8,CIÊNCIAS BIOLÓGICAS II,NÃO,PA,15001016171P1,FARMACOLOGIA E BIOQUÍMICA,EM FUNCIONAMENTO
2024,38,EDUCAÇÃO,NÃO,PA,15001016089P3,CURRÍCULO E GESTÃO DA ESCOLA BÁSICA,EM FUNCIONAMENTO
2024,49,CIÊNCIAS AMBIENTAIS,NÃO,PA,15001016046P2,CIÊNCIAS AMBIENTAIS,EM FUNCIONAMENTO
2024,11,ARTES,NÃO,PA,15001016055P1,ARTES,EM FUNCIONAMENTO
2024,25,CIÊNCIA DE ALIMENTOS,NÃO,PA,15001016038P0,CIÊNCIA E TECNOLOGIA DE ALIMENTOS,EM FUNCIONAMENTO
2024,46,ENSINO,NÃO,PA,15001016078P1,DOCÊNCIA EM EDUCAÇÃO EM CIÊNCIAS E MATEMÁTICAS,EM FUNCIONAMENTO
2024,19,FARMÁCIA,SIM,PA,52001016062P2,INOVAÇÃO FARMACÊUTICA,EM FUNCIONAMENTO
2024,38,EDUCAÇÃO,NÃO,PA,15001016082P9,EDUCAÇÃO E CULTURA,EM FUNCIONAMENTO
2024,14,ENGENHARIAS IV,NÃO,PA,15001016004P8,ENGENHARIA ELÉTRICA,EM FUNCIONAMENTO
2024,41,LINGUÍSTICA E LITERATURA,NÃO,PA,15001016008P3,LETRAS: LINGÜÍSTICA E TEORIA LITERÁRIA,EM FUNCIONAMENTO
2024,7,BIODIVERSIDADE,NÃO,PA,15001016030P9,BIOLOGIA AMBIENTAL,EM FUNCIONAMENTO
2024,42,CIÊNCIAS AGRÁRIAS I,NÃO,PA,15002012008P0,CIÊNCIAS FLORESTAIS,EM FUNCIONAMENTO
2024,23,ZOOTECNIA / RECURSOS PESQUEIROS,NÃO,PA,15002012005P0,AQUICULTURA E RECURSOS AQUÁTICOS TROPICAIS,EM FUNCIONAMENTO
2024,24,MEDICINA VETERINÁRIA,NÃO,PA,15002012006P7,SAÚDE E PRODUÇÃO ANIMAL NA AMAZÔNIA,EM FUNCIONAMENTO
2024,42,CIÊNCIAS AGRÁRIAS I,NÃO,PA,15002012001P5,AGRONOMIA,EM FUNCIONAMENTO
2024,24,MEDICINA VETERINÁRIA,SIM,PA,15001059001P0,REPRODUÇÃO ANIMAL NA AMAZÔNIA,EM FUNCIONAMENTO
2024,48,BIOTECNOLOGIA,NÃO,PA,15002012007P3,BIOTECNOLOGIA APLICADA À AGROPECUÁRIA,EM FUNCIONAMENTO
2024,7,BIODIVERSIDADE,SIM,PA,15002012004P4,CIÊNCIAS BIOLÓGICAS,EM FUNCIONAMENTO
2024,45,INTERDISCIPLINAR,NÃO,PA,15004015006P0,"COMUNICAÇÃO, LINGUAGENS E CULTURA",EM FUNCIONAMENTO
2024,27,"ADMINISTRAÇÃO PÚBLICA E DE EMPRESAS, CIÊNCIAS CONTÁBEIS E TURISMO",NÃO,PA,15004015005P3,ADMINISTRAÇÃO,EM FUNCIONAMENTO
2024,45,INTERDISCIPLINAR,NÃO,PA,15004015008P2,GESTÃO DE CONHECIMENTOS PARA O DESENVOLVIMENTO SOCIOAMBIENTAL,EM FUNCIONAMENTO
2024,30,PLANEJAMENTO URBANO E REGIONAL / DEMOGRAFIA,NÃO,PA,15004015004P7,DESENVOLVIMENTO E MEIO AMBIENTE URBANO,EM FUNCIONAMENTO
2024,26,DIREITO,NÃO,PA,15004015007P6,DIREITOS FUNDAMENTAIS,EM FUNCIONAMENTO
2024,46,ENSINO,NÃO,PA,15006018012P2,EDUCAÇÃO E ENSINO DE CIÊNCIAS NA AMAZÔNIA,EM FUNCIONAMENTO
2024,21,"EDUCAÇÃO FÍSICA, FISIOTERAPIA, FONOAUDIOLOGIA E TERAPIA OCUPACIONAL",NÃO,PA,15006018015P1,REABILITAÇÃO E DESEMPENHO FUNCIONAL,EM FUNCIONAMENTO
2024,46,ENSINO,NÃO,PA,15006018006P2,ENSINO EM SAÚDE NA AMAZÔNIA,EM FUNCIONAMENTO
2024,11,ARTES,NÃO,PA,15006018014P5,MÚSICA NA AMAZÔNIA (PPGMUSA),EM FUNCIONAMENTO
2024,41,LINGUÍSTICA E LITERATURA,NÃO,PA,15006018010P0,ENSINO DE LÍNGUA PORTUGUESA E SUAS RESPECTIVAS LITERATURAS,EM FUNCIONAMENTO
2024,36,GEOGRAFIA,NÃO,PA,15006018011P6,GEOGRAFIA,EM FUNCIONAMENTO
2024,17,MEDICINA III,NÃO,PA,15006018007P9,CIRURGIA E PESQUISA EXPERIMENTAL,EM FUNCIONAMENTO
2024,20,ENFERMAGEM,SIM,PA,15006018003P3,ENFERMAGEM,EM FUNCIONAMENTO
2024,45,INTERDISCIPLINAR,NÃO,PA,15006018013P9,"TECNOLOGIA, RECURSOS NATURAIS E SUSTENTABILIDADE NA AMAZÔNIA",EM FUNCIONAMENTO
2024,38,EDUCAÇÃO,NÃO,PA,15006018001P0,EDUCAÇÃO,EM FUNCIONAMENTO
2024,46,ENSINO,NÃO,PA,15006018008P5,ENSINO DE MATEMÁTICA,EM FUNCIONAMENTO
2024,9,CIÊNCIAS BIOLÓGICAS III,NÃO,PA,15006018002P7,BIOLOGIA PARASITÁRIA NA AMAZÔNIA,EM FUNCIONAMENTO
2024,45,INTERDISCIPLINAR,NÃO,PA,15006018005P6,CIÊNCIAS AMBIENTAIS,EM FUNCIONAMENTO
2024,46,ENSINO,SIM,PA,15006018009P1,EDUCAÇÃO ESCOLAR INDÍGENA,EM FUNCIONAMENTO
2024,44,CIÊNCIAS DA RELIGIÃO E TEOLOGIA,NÃO,PA,15006018004P0,CIÊNCIAS DA RELIGIÃO,EM FUNCIONAMENTO
2024,12,ENGENHARIAS II,NÃO,PA,15008010002P0,ENGENHARIA DE MATERIAIS,EM FUNCIONAMENTO
2024,45,INTERDISCIPLINAR,NÃO,PA,15008010001P3,DESENVOLVIMENTO RURAL E GESTÃO DE EMPREEND. AGROALIMENTARES,EM FUNCIONAMENTO
2024,49,CIÊNCIAS AMBIENTAIS,NÃO,PA,15010015003P7,"SOCIEDADE, NATUREZA E DESENVOLVIMENTO",EM FUNCIONAMENTO
2024,24,MEDICINA VETERINÁRIA,NÃO,PA,15010015076P4,CIÊNCIAS ANIMAL,EM FUNCIONAMENTO
2024,8,CIÊNCIAS BIOLÓGICAS II,NÃO,PA,15010015004P3,BIOCIÊNCIAS,EM FUNCIONAMENTO
2024,49,CIÊNCIAS AMBIENTAIS,NÃO,PA,15010015002P0,RECURSOS NATURAIS DA AMAZÔNIA,EM FUNCIONAMENTO
2024,41,LINGUÍSTICA E LITERATURA,NÃO,PA,15010015074P1,LETRAS,EM FUNCIONAMENTO
2024,45,INTERDISCIPLINAR,NÃO,PA,15010015071P2,"SOCIEDADE, AMBIENTE E QUALIDADE DE VIDA",EM FUNCIONAMENTO
2024,35,ANTROPOLOGIA / ARQUEOLOGIA,NÃO,PA,15010015075P8,ANTROPOLOGIA E ARQUEOLOGIA,EM FUNCIONAMENTO
2024,7,BIODIVERSIDADE,NÃO,PA,15010015072P9,BIODIVERSIDADE,EM FUNCIONAMENTO
2024,15,MEDICINA I,NÃO,PA,15010015073P5,CIÊNCIAS DA SAÚDE,EM FUNCIONAMENTO
2024,38,EDUCAÇÃO,NÃO,PA,15010015005P0,EDUCAÇÃO,EM FUNCIONAMENTO
2024,45,INTERDISCIPLINAR,NÃO,PA,15010015070P6,CIÊNCIAS DA SOCIEDADE,EM FUNCIONAMENTO
2024,22,SAÚDE COLETIVA,NÃO,PA,15012018002P3,EPIDEMIOLOGIA E VIGILÂNCIA EM SAÚDE,EM FUNCIONAMENTO
2024,9,CIÊNCIAS BIOLÓGICAS III,SIM,PA,15012018001P7,VIROLOGIA,EM FUNCIONAMENTO
2024,18,ODONTOLOGIA,NÃO,PA,15013014003P6,CLÍNICA ODONTOLÓGICA,EM FUNCIONAMENTO
2024,49,CIÊNCIAS AMBIENTAIS,NÃO,PA,15013014004P2,INTELIGÊNCIA TERRITORIAL E SUSTENTABILIDADE,EM FUNCIONAMENTO
2024,46,ENSINO,NÃO,PA,15013014002P0,ENSINO EM SAÚDE,EM FUNCIONAMENTO
2024,26,DIREITO,NÃO,PA,15013014001P3,"DIREITO, POLÍTICAS PÚBLICAS E DESENVOLVIMENTO REGIONAL",EM FUNCIONAMENTO
2024,45,INTERDISCIPLINAR,NÃO,PA,15021017001P2,GESTÃO E SAÚDE NA AMAZÔNIA,EM FUNCIONAMENTO
2024,49,CIÊNCIAS AMBIENTAIS,NÃO,PA,15024016001P1,USO SUSTENTÁVEL DE RECURSOS NATURAIS EM REGIÕES TROPICAIS,EM FUNCIONAMENTO
2024,41,LINGUÍSTICA E LITERATURA,NÃO,PA,15025012070P0,LETRAS,EM FUNCIONAMENTO
2024,40,HISTÓRIA,NÃO,PA,15025012073P9,HISTÓRIA,EM FUNCIONAMENTO
2024,45,INTERDISCIPLINAR,NÃO,PA,15025012001P8,DINÂMICAS TERRITORIAIS E SOCIEDADE NA AMAZÔNIA,EM FUNCIONAMENTO
2024,46,ENSINO,NÃO,PA,15025012072P2,EDUCAÇÃO EM CIÊNCIAS EM MATEMÁTICA,EM FUNCIONAMENTO
2024,45,INTERDISCIPLINAR,NÃO,PA,15025012074P5,CIÊNCIAS FORENSES,EM FUNCIONAMENTO
2024,36,GEOGRAFIA,NÃO,PA,15025012076P8,GEOGRAFIA,EM FUNCIONAMENTO
2024,30,PLANEJAMENTO URBANO E REGIONAL / DEMOGRAFIA,NÃO,PA,15025012075P1,PLANEJAMENTO E DESENVOLVIMENTO REGIONAL E URBANO NA AMAZÔNIA,EM FUNCIONAMENTO
2024,4,QUÍMICA,NÃO,PA,15025012071P6,QUIMICA,EM FUNCIONAMENTO
2024,7,BIODIVERSIDADE,NÃO,PA,15027007039P2,BIODIVERSIDADE E EVOLUÇÃO,EM FUNCIONAMENTO
2024,35,ANTROPOLOGIA / ARQUEOLOGIA,NÃO,PA,15027007040P0,DIVERSIDADE SOCIOCULTURAL,EM FUNCIONAMENTO
2024,30,PLANEJAMENTO URBANO E REGIONAL / DEMOGRAFIA,NÃO,TO,16003012017P8,GESTÃO DE POLÍTICAS PÚBLICAS,EM FUNCIONAMENTO
2024,46,ENSINO,NÃO,TO,16003012157P4,ENSINO EM CIÊNCIAS E SAÚDE,EM FUNCIONAMENTO
2024,25,CIÊNCIA DE ALIMENTOS,NÃO,TO,16003012012P6,CIÊNCIA E TECNOLOGIA DE ALIMENTOS,EM FUNCIONAMENTO
2024,7,BIODIVERSIDADE,NÃO,TO,16003012006P6,"BIODIVERSIDADE, ECOLOGIA E CONSERVAÇÃO.",EM FUNCIONAMENTO
2024,42,CIÊNCIAS AGRÁRIAS I,NÃO,TO,16003012016P1,CIÊNCIAS FLORESTAIS E AMBIENTAIS,EM FUNCIONAMENTO
2024,49,CIÊNCIAS AMBIENTAIS,NÃO,TO,16003012001P4,CIÊNCIAS DO AMBIENTE,EM FUNCIONAMENTO
2024,48,BIOTECNOLOGIA,NÃO,TO,16003012011P0,BIOTECNOLOGIA,EM FUNCIONAMENTO
2024,45,INTERDISCIPLINAR,NÃO,TO,16003012015P5,PRESTAÇÃO JURISDICIONAL E DIREITOS HUMANOS,EM FUNCIONAMENTO
2024,36,GEOGRAFIA,NÃO,TO,16003012009P5,GEOGRAFIA,EM FUNCIONAMENTO
2024,45,INTERDISCIPLINAR,NÃO,TO,16003012014P9,GOVERNANÇA E TRANSFORMAÇÃO DIGITAL,EM FUNCIONAMENTO
2024,42,CIÊNCIAS AGRÁRIAS I,NÃO,TO,16003012005P0,AGROENERGIA DIGITAL,EM FUNCIONAMENTO
2024,40,HISTÓRIA,NÃO,TO,16003012174P6,HISTÓRIA DAS POPULAÇÕES AMAZÔNICAS,EM FUNCIONAMENTO
2024,4,QUÍMICA,NÃO,TO,16003012171P7,QUÍMICA,EM FUNCIONAMENTO
2024,10,ENGENHARIAS I,NÃO,TO,16003012010P3,ENGENHARIA AMBIENTAL,EM FUNCIONAMENTO
2024,38,EDUCAÇÃO,NÃO,TO,16003012013P2,EDUCAÇAO,EM FUNCIONAMENTO
2024,30,PLANEJAMENTO URBANO E REGIONAL / DEMOGRAFIA,NÃO,TO,16003012004P3,DESENVOLVIMENTO REGIONAL,EM FUNCIONAMENTO
2024,31,COMUNICAÇÃO E INFORMAÇÃO,NÃO,TO,16003012161P1,COMUNICAÇÃO E SOCIEDADE,EM FUNCIONAMENTO
2024,45,INTERDISCIPLINAR,NÃO,TO,16003012007P2,CIÊNCIAS DA SAÚDE,EM FUNCIONAMENTO
2024,33,FILOSOFIA,NÃO,TO,16003012176P9,FILOSOFIA,EM FUNCIONAMENTO
2024,42,CIÊNCIAS AGRÁRIAS I,NÃO,TO,16003012003P7,PRODUÇÃO VEGETAL,EM FUNCIONAMENTO
2024,38,EDUCAÇÃO,NÃO,TO,16003012160P5,EDUCAÇÃO,EM FUNCIONAMENTO
2024,32,SERVIÇO SOCIAL,NÃO,TO,16003012175P2,SERVIÇO SOCIAL,EM FUNCIONAMENTO
2024,41,LINGUÍSTICA E LITERATURA,NÃO,TO,16003012159P7,LETRAS,EM FUNCIONAMENTO
2024,45,INTERDISCIPLINAR,NÃO,TO,17010004002P0,ESTUDOS DE CULTURA E TERRITÓRIO,EM FUNCIONAMENTO
2024,41,LINGUÍSTICA E LITERATURA,NÃO,TO,17010004005P0,LINGUÍSTICA E LITERATURA,EM FUNCIONAMENTO
2024,36,GEOGRAFIA,NÃO,TO,17010004006P6,GEOGRAFIA,EM FUNCIONAMENTO
2024,30,PLANEJAMENTO URBANO E REGIONAL / DEMOGRAFIA,NÃO,TO,17010004004P3,DEMANDAS POPULARES E DINÂMICAS REGIONAIS,EM FUNCIONAMENTO
2024,46,ENSINO,NÃO,TO,17010004001P4,ENSINO DE CIÊNCIAS E MATEMÁTICA,EM FUNCIONAMENTO
2024,23,ZOOTECNIA / RECURSOS PESQUEIROS,SIM,TO,16003012002P0,INTEGRADO EM ZOOTECNIA NOS TRÓPICOS,EM FUNCIONAMENTO
2024,24,MEDICINA VETERINÁRIA,NÃO,TO,17010004003P7,SANIDADE ANIMAL E SAÚDE PÚBLICA NOS TRÓPICOS,EM FUNCIONAMENTO
2024,15,MEDICINA I,NÃO,MA,20001010009P4,CIÊNCIAS DA SAÚDE,EM FUNCIONAMENTO
2024,7,BIODIVERSIDADE,NÃO,MA,20001010012P5,BIODIVERSIDADE E CONSERVAÇÃO,EM FUNCIONAMENTO
2024,14,ENGENHARIAS IV,NÃO,MA,20001010005P9,ENGENHARIA ELÉTRICA,EM FUNCIONAMENTO
2024,38,EDUCAÇÃO,NÃO,MA,20001010008P8,EDUCAÇÃO,EM FUNCIONAMENTO
2024,41,LINGUÍSTICA E LITERATURA,NÃO,MA,20001010052P7,LETRAS,EM FUNCIONAMENTO
2024,45,INTERDISCIPLINAR,NÃO,MA,20001010050P4,SAÚDE E TECNOLOGIA,EM FUNCIONAMENTO
2024,21,"EDUCAÇÃO FÍSICA, FISIOTERAPIA, FONOAUDIOLOGIA E TERAPIA OCUPACIONAL",NÃO,MA,20001010043P8,EDUCAÇÃO FÍSICA,EM FUNCIONAMENTO
2024,46,ENSINO,NÃO,MA,20001010039P0,ENSINO DE CIÊNCIAS E MATEMÁTICA,EM FUNCIONAMENTO
2024,33,FILOSOFIA,NÃO,MA,20001010056P2,FILOSOFIA,EM FUNCIONAMENTO
2024,36,GEOGRAFIA,NÃO,MA,20001010047P3,"GEOGRAFIA, AMBIENTE E SOCIEDADE",EM FUNCIONAMENTO
2024,20,ENFERMAGEM,NÃO,MA,20001010025P0,ENFERMAGEM,EM FUNCIONAMENTO
2024,16,MEDICINA II,NÃO,MA,20001010014P8,SAÚDE DO ADULTO,EM FUNCIONAMENTO
2024,40,HISTÓRIA,NÃO,MA,20001010024P3,HISTÓRIA,EM FUNCIONAMENTO
2024,23,ZOOTECNIA / RECURSOS PESQUEIROS,NÃO,MA,20001010026P6,CIÊNCIA ANIMAL,EM FUNCIONAMENTO
2024,26,DIREITO,NÃO,MA,20001010029P5,DIREITO E INSTITUIÇÕES DO SISTEMA DE JUSTIÇA,EM FUNCIONAMENTO
2024,2,COMPUTAÇÃO,NÃO,MA,20001010022P0,CIÊNCIA DA COMPUTAÇÃO,EM FUNCIONAMENTO
2024,34,SOCIOLOGIA,NÃO,MA,20001010011P9,CIÊNCIAS SOCIAIS,EM FUNCIONAMENTO
2024,38,EDUCAÇÃO,NÃO,MA,20001010053P3,EDUCAÇÃO E PRÁTICAS EDUCATIVAS,EM FUNCIONAMENTO
2024,1,MATEMÁTICA / PROBABILIDADE E ESTATÍSTICA,NÃO,MA,20001010019P0,MATEMATICA,EM FUNCIONAMENTO
2024,4,QUÍMICA,SIM,MA,20001010054P0,QUÍMICA UFMA - IFMA,EM FUNCIONAMENTO
2024,45,INTERDISCIPLINAR,NÃO,MA,20001010020P8,CULTURA E SOCIEDADE,EM FUNCIONAMENTO
2024,45,INTERDISCIPLINAR,NÃO,MA,20001010023P7,ENERGIA E AMBIENTE,EM FUNCIONAMENTO
2024,3,ASTRONOMIA / FÍSICA,NÃO,MA,20001010013P1,FÍSICA,EM FUNCIONAMENTO
2024,5,GEOCIÊNCIAS,NÃO,MA,20001010042P1,CIÊNCIA E TECNOLOGIA AMBIENTAL,EM FUNCIONAMENTO
2024,22,SAÚDE COLETIVA,NÃO,MA,20001010015P4,SAÚDE COLETIVA,EM FUNCIONAMENTO
2024,32,SERVIÇO SOCIAL,NÃO,MA,20001010003P6,POLÍTICAS PÚBLICAS,EM FUNCIONAMENTO
2024,49,CIÊNCIAS AMBIENTAIS,NÃO,MA,20001010055P6,DESENVOLVIMENTO E MEIO AMBIENTE,EM FUNCIONAMENTO
2024,13,ENGENHARIAS III,SIM,MA,23001011181P0,ENGENHARIA AEROESPACIAL,EM FUNCIONAMENTO
2024,38,EDUCAÇÃO,NÃO,MA,20001010041P5,GESTÃO DE ENSINO DA EDUCAÇÃO BÁSICA,EM FUNCIONAMENTO
2024,31,COMUNICAÇÃO E INFORMAÇÃO,NÃO,MA,20001010046P7,COMUNICAÇÃO,EM FUNCIONAMENTO
2024,41,LINGUÍSTICA E LITERATURA,NÃO,MA,20001010032P6,LETRAS,EM FUNCIONAMENTO
2024,29,"ARQUITETURA, URBANISMO E DESIGN",NÃO,MA,20001010028P9,DESIGN,EM FUNCIONAMENTO
2024,49,CIÊNCIAS AMBIENTAIS,NÃO,MA,20001010051P0,CIÊNCIAS AMBIENTAIS,EM FUNCIONAMENTO
2024,4,QUÍMICA,NÃO,MA,20001010004P2,QUÍMICA,EM FUNCIONAMENTO
2024,31,COMUNICAÇÃO E INFORMAÇÃO,NÃO,MA,20001010048P0,COMUNICAÇÃO,EM FUNCIONAMENTO
2024,18,ODONTOLOGIA,NÃO,MA,20001010017P7,ODONTOLOGIA,EM FUNCIONAMENTO
2024,28,ECONOMIA,NÃO,MA,20001010021P4,DESENVOLVIMENTO SOCIOECONÔMICO,EM FUNCIONAMENTO
2024,2,COMPUTAÇÃO,SIM,MA,20001010049P6,CIÊNCIA DA COMPUTAÇÃO,EM FUNCIONAMENTO
2024,11,ARTES,NÃO,MA,20001010045P0,ARTES CÊNICAS,EM FUNCIONAMENTO
2024,37,PSICOLOGIA,NÃO,MA,20001010027P2,PSICOLOGIA,EM FUNCIONAMENTO
2024,45,INTERDISCIPLINAR,NÃO,MA,20001010006P5,SAÚDE E AMBIENTE,EM FUNCIONAMENTO
2024,47,MATERIAIS,NÃO,MA,20001010031P0,CIÊNCIA DOS MATERIAS,EM FUNCIONAMENTO
2024,34,SOCIOLOGIA,NÃO,MA,20001010044P4,SOCIOLOGIA,EM FUNCIONAMENTO
2024,42,CIÊNCIAS AGRÁRIAS I,NÃO,MA,20002017001P0,AGROECOLOGIA,EM FUNCIONAMENTO
2024,45,INTERDISCIPLINAR,NÃO,MA,20002017010P9,"BIODIVERSIDADE, AMBIENTE E SAÚDE",EM FUNCIONAMENTO
2024,2,COMPUTAÇÃO,NÃO,MA,20002017004P9,ENGENHARIA DE COMPUTAÇÃO E SISTEMAS,EM FUNCIONAMENTO
2024,23,ZOOTECNIA / RECURSOS PESQUEIROS,SIM,MA,20002017043P4,PRODUÇÃO ANIMAL,EM FUNCIONAMENTO
2024,40,HISTÓRIA,NÃO,MA,20002017008P4,HISTÓRIA,EM FUNCIONAMENTO
2024,35,ANTROPOLOGIA / ARQUEOLOGIA,NÃO,MA,20002017007P8,CARTOGRAFIA SOCIAL E POLÍTICA DA AMAZÔNIA,EM FUNCIONAMENTO
2024,36,GEOGRAFIA,NÃO,MA,20002017039P7,"GEOGRAFIA, NATUREZA E DINÂMICA DO ESPAÇO",EM FUNCIONAMENTO
2024,7,BIODIVERSIDADE,NÃO,MA,20002017009P0,ECOLOGIA E CONSERVAÇÃO DA BIODIVERSIDADE,EM FUNCIONAMENTO
2024,30,PLANEJAMENTO URBANO E REGIONAL / DEMOGRAFIA,NÃO,MA,20002017003P2,DESENVOLVIMENTO SOCIOESPACIAL E REGIONAL,EM FUNCIONAMENTO
2024,42,CIÊNCIAS AGRÁRIAS I,NÃO,MA,20002017041P1,AGRICULTURA E AMBIENTE,EM FUNCIONAMENTO
2024,41,LINGUÍSTICA E LITERATURA,NÃO,MA,20002017040P5,LETRAS,EM FUNCIONAMENTO
2024,38,EDUCAÇÃO,NÃO,MA,20002017042P8,EDUCAÇÃO,EM FUNCIONAMENTO
2024,24,MEDICINA VETERINÁRIA,NÃO,MA,20002017005P5,DEFESA SANITÁRIA ANIMAL,EM FUNCIONAMENTO
2024,24,MEDICINA VETERINÁRIA,NÃO,MA,20002017002P6,CIÊNCIA ANIMAL,EM FUNCIONAMENTO
2024,47,MATERIAIS,NÃO,MA,20003013001P6,CIÊNCIA E TECNOLOGIA DE MATERIAIS,EM FUNCIONAMENTO
2024,4,QUÍMICA,NÃO,MA,20003013002P2,QUÍMICA,EM FUNCIONAMENTO
2024,26,DIREITO,NÃO,MA,20009011042P2,DIREITO E AFIRMAÇÃO DE VULNERÁVEIS,EM FUNCIONAMENTO
2024,49,CIÊNCIAS AMBIENTAIS,NÃO,MA,21014000039P9,MEIO AMBIENTE,EM FUNCIONAMENTO
2024,45,INTERDISCIPLINAR,NÃO,MA,20009011041P6,BIOCIÊNCIAS APLICADAS À SAÚDE,EM FUNCIONAMENTO
2024,22,SAÚDE COLETIVA,NÃO,MA,20009011003P7,GESTÃO E ATENÇÃO À SAÚDE,EM FUNCIONAMENTO
2024,18,ODONTOLOGIA,NÃO,MA,20009011001P4,ODONTOLOGIA,EM FUNCIONAMENTO
2024,18,ODONTOLOGIA,SIM,MA,20009011040P0,ODONTOLOGIA,EM FUNCIONAMENTO
2024,45,INTERDISCIPLINAR,SIM,MA,20015011001P0,SAÚDE BIOPSICOSSOCIAL,EM FUNCIONAMENTO
2024,7,BIODIVERSIDADE,NÃO,PI,21001014084P9,BIODIVERSIDADE E CONSERVAÇÃO,EM FUNCIONAMENTO
2024,17,MEDICINA III,NÃO,PI,21001014076P6,SAÚDE DA MULHER,EM FUNCIONAMENTO
2024,35,ANTROPOLOGIA / ARQUEOLOGIA,NÃO,PI,21001014017P0,ANTROPOLOGIA,EM FUNCIONAMENTO
2024,14,ENGENHARIAS IV,SIM,PI,21001014078P9,ENGENHARIA ELÉTRICA,EM FUNCIONAMENTO
2024,23,ZOOTECNIA / RECURSOS PESQUEIROS,NÃO,PI,21001014002P2,ZOOTECNIA TROPICAL,EM FUNCIONAMENTO
2024,21,"EDUCAÇÃO FÍSICA, FISIOTERAPIA, FONOAUDIOLOGIA E TERAPIA OCUPACIONAL",NÃO,PI,21001014085P5,CIÊNCIAS DO MOVIMENTO,EM FUNCIONAMENTO
2024,42,CIÊNCIAS AGRÁRIAS I,NÃO,PI,21001014007P4,AGRONOMIA,EM FUNCIONAMENTO
2024,39,CIÊNCIA POLÍTICA E RELAÇÕES INTERNACIONAIS,NÃO,PI,21001014082P6,CIÊNCIA POLÍTICA,EM FUNCIONAMENTO
2024,45,INTERDISCIPLINAR,NÃO,PI,21001014077P2,GESTÃO PÚBLICA,EM FUNCIONAMENTO
2024,22,SAÚDE COLETIVA,NÃO,PI,21001014075P0,SAÚDE E COMUNIDADE,EM FUNCIONAMENTO
2024,3,ASTRONOMIA / FÍSICA,NÃO,PI,21001014016P3,FÍSICA,EM FUNCIONAMENTO
2024,49,CIÊNCIAS AMBIENTAIS,NÃO,PI,21001014004P5,DESENVOLVIMENTO E MEIO AMBIENTE,EM FUNCIONAMENTO
2024,35,ANTROPOLOGIA / ARQUEOLOGIA,NÃO,PI,21001014032P9,ARQUEOLOGIA,EM FUNCIONAMENTO
2024,18,ODONTOLOGIA,NÃO,PI,21001014028P1,ODONTOLOGIA,EM FUNCIONAMENTO
2024,25,CIÊNCIA DE ALIMENTOS,NÃO,PI,21001014020P0,ALIMENTOS E NUTRIÇÃO,EM FUNCIONAMENTO
2024,42,CIÊNCIAS AGRÁRIAS I,NÃO,PI,21001014023P0,CIÊNCIAS AGRÁRIAS,EM FUNCIONAMENTO
2024,4,QUÍMICA,NÃO,PI,21001014003P9,QUÍMICA,EM FUNCIONAMENTO
2024,45,INTERDISCIPLINAR,NÃO,PI,21001014011P1,CIÊNCIAS E SAÚDE,EM FUNCIONAMENTO
2024,41,LINGUÍSTICA E LITERATURA,NÃO,PI,21001014008P0,LETRAS,EM FUNCIONAMENTO
2024,19,FARMÁCIA,NÃO,PI,21001014022P3,CIENCIAS FARMACEUTICAS,EM FUNCIONAMENTO
2024,34,SOCIOLOGIA,NÃO,PI,21001014030P6,SOCIOLOGIA,EM FUNCIONAMENTO
2024,1,MATEMÁTICA / PROBABILIDADE E ESTATÍSTICA,NÃO,PI,21001014021P7,MATEMÁTICA,EM FUNCIONAMENTO
2024,32,SERVIÇO SOCIAL,NÃO,PI,21001014005P1,POLÍTICAS PÚBLICAS,EM FUNCIONAMENTO
2024,47,MATERIAIS,NÃO,PI,21001014024P6,CIÊNCIA E ENGENHARIA DOS MATERIAIS,EM FUNCIONAMENTO
2024,2,COMPUTAÇÃO,NÃO,PI,21001014031P2,CIÊNCIA DA COMPUTAÇÃO,EM FUNCIONAMENTO
2024,20,ENFERMAGEM,NÃO,PI,21001014012P8,ENFERMAGEM,EM FUNCIONAMENTO
2024,26,DIREITO,NÃO,PI,21001014083P2,DIREITO,EM FUNCIONAMENTO
2024,8,CIÊNCIAS BIOLÓGICAS II,NÃO,PI,21001014013P4,FARMACOLOGIA,EM FUNCIONAMENTO
2024,24,MEDICINA VETERINÁRIA,NÃO,PI,21001014080P3,TECNOLOGIAS APLICADAS A ANIMAIS DE INTERESSE REGIONAL,EM FUNCIONAMENTO
2024,33,FILOSOFIA,NÃO,PI,21001014015P7,FILOSOFIA,EM FUNCIONAMENTO
2024,38,EDUCAÇÃO,NÃO,PI,21001014001P6,EDUCAÇÃO,EM FUNCIONAMENTO
2024,36,GEOGRAFIA,NÃO,PI,21001014027P5,GEOGRAFIA,EM FUNCIONAMENTO
2024,40,HISTÓRIA,NÃO,PI,21001014009P7,HISTÓRIA,EM FUNCIONAMENTO
2024,31,COMUNICAÇÃO E INFORMAÇÃO,NÃO,PI,21001014026P9,COMUNICAÇÃO,EM FUNCIONAMENTO
2024,41,LINGUÍSTICA E LITERATURA,NÃO,PI,21002010001P2,LETRAS,EM FUNCIONAMENTO
2024,4,QUÍMICA,NÃO,PI,21002010070P4,QUÍMICA,EM FUNCIONAMENTO
2024,45,INTERDISCIPLINAR,NÃO,PI,21002010071P0,INTERDISCIPLINAR EM SOCIEDADE E CULTURA,EM FUNCIONAMENTO
2024,36,GEOGRAFIA,NÃO,PI,21003017002P5,ANÁLISE E PLANEJAMENTO ESPACIAL,EM FUNCIONAMENTO
2024,47,MATERIAIS,NÃO,PI,21003017001P9,ENGENHARIA DE MATERIAIS,EM FUNCIONAMENTO
2024,20,ENFERMAGEM,NÃO,PI,21005010001P5,SAÚDE DA FAMÍLIA,EM FUNCIONAMENTO
2024,13,ENGENHARIAS III,NÃO,MA,21015007001P8,ENGENHARIA MECÂNICA,EM FUNCIONAMENTO
2024,27,"ADMINISTRAÇÃO PÚBLICA E DE EMPRESAS, CIÊNCIAS CONTÁBEIS E TURISMO",NÃO,MA,21016003001P4,CONTABILIDADE E ADMINISTRAÇÃO,EM FUNCIONAMENTO
2024,41,LINGUÍSTICA E LITERATURA,NÃO,MA,21018006001P7,LETRAS,EM FUNCIONAMENTO
2024,8,CIÊNCIAS BIOLÓGICAS II,NÃO,CE,22001018007P7,FARMACOLOGIA,EM FUNCIONAMENTO
2024,2,COMPUTAÇÃO,NÃO,CE,22001018031P5,CIÊNCIAS DA COMPUTAÇÃO,EM FUNCIONAMENTO
2024,45,INTERDISCIPLINAR,NÃO,CE,22001018087P0,MODELAGEM E MÉTODOS QUANTITATIVOS,EM FUNCIONAMENTO
2024,15,MEDICINA I,NÃO,CE,22001018178P6,MEDICINA TRANSLACIONAL,EM FUNCIONAMENTO
2024,17,MEDICINA III,NÃO,CE,22001018023P2,CIÊNCIAS MÉDICO-CIRÚRGICAS,EM FUNCIONAMENTO
2024,22,SAÚDE COLETIVA,SIM,CE,22001018073P0,SAÚDE DA FAMÍLIA,EM FUNCIONAMENTO
2024,2,COMPUTAÇÃO,NÃO,CE,22001018173P4,COMPUTAÇÃO,EM FUNCIONAMENTO
2024,42,CIÊNCIAS AGRÁRIAS I,NÃO,CE,22001018012P0,AGRONOMIA (FITOTECNIA),EM FUNCIONAMENTO
2024,28,ECONOMIA,NÃO,CE,22001018009P0,ECONOMIA,EM FUNCIONAMENTO
2024,42,CIÊNCIAS AGRÁRIAS I,NÃO,CE,22001018013P7,CIÊNCIA DO SOLO,EM FUNCIONAMENTO
2024,38,EDUCAÇÃO,NÃO,CE,22001018001P9,EDUCAÇÃO,EM FUNCIONAMENTO
2024,7,BIODIVERSIDADE,NÃO,CE,22001018058P0,ECOLOGIA E RECURSOS NATURAIS,EM FUNCIONAMENTO
2024,16,MEDICINA II,NÃO,CE,22001018086P4,SAÚDE DA MULHER E DA CRIANÇA,EM FUNCIONAMENTO
2024,31,COMUNICAÇÃO E INFORMAÇÃO,NÃO,CE,22001018063P4,COMUNICAÇÃO,EM FUNCIONAMENTO
2024,7,BIODIVERSIDADE,NÃO,CE,22001018172P8,"SISTEMÁTICA, USO E CONSERVAÇÃO DA BIODIVERSIDADE (PPG-SIS)",EM FUNCIONAMENTO
2024,45,INTERDISCIPLINAR,NÃO,CE,22001018088P7,AVALIAÇÃO DE POLÍTICAS PÚBLICAS - PPGAPP,EM FUNCIONAMENTO
2024,51,CIÊNCIAS E HUMANIDADES PARA A EDUCAÇÃO BÁSICA,SIM,CE,25016016039P8,SOCIOLOGIA EM REDE NACIONAL,EM FUNCIONAMENTO
2024,10,ENGENHARIAS I,NÃO,CE,22001018010P8,ENGENHARIA CIVIL (RECURSOS HÍDRICOS),EM FUNCIONAMENTO
2024,47,MATERIAIS,NÃO,CE,22001018034P4,ENGENHARIA E CIÊNCIA DE MATERIAIS,EM FUNCIONAMENTO
2024,25,CIÊNCIA DE ALIMENTOS,NÃO,CE,22001018017P2,CIÊNCIA E TECNOLOGIA DE ALIMENTOS,EM FUNCIONAMENTO
2024,13,ENGENHARIAS III,NÃO,CE,22001018054P5,ENGENHARIA MECÂNICA,EM FUNCIONAMENTO
2024,49,CIÊNCIAS AMBIENTAIS,NÃO,CE,22001018040P4,CIÊNCIAS MARINHAS TROPICAIS,EM FUNCIONAMENTO
2024,8,CIÊNCIAS BIOLÓGICAS II,NÃO,CE,22001018052P2,FARMACOLOGIA,EM FUNCIONAMENTO
2024,26,DIREITO,NÃO,CE,22001018011P4,DIREITO,EM FUNCIONAMENTO
2024,45,INTERDISCIPLINAR,NÃO,CE,22001018049P1,AVALIAÇÃO DE POLÍTICAS PÚBLICAS,EM FUNCIONAMENTO
2024,10,ENGENHARIAS I,NÃO,CE,22001018036P7,ENGENHARIA DE TRANSPORTES,EM FUNCIONAMENTO
2024,28,ECONOMIA,NÃO,CE,22001018015P0,ECONOMIA RURAL,EM FUNCIONAMENTO
2024,20,ENFERMAGEM,NÃO,CE,22001018021P0,ENFERMAGEM,EM FUNCIONAMENTO
2024,15,MEDICINA I,NÃO,CE,22001018047P9,CIÊNCIAS MÉDICAS,EM FUNCIONAMENTO
2024,14,ENGENHARIAS IV,NÃO,CE,22001018048P5,ENGENHARIA DE TELEINFORMÁTICA,EM FUNCIONAMENTO
2024,1,MATEMÁTICA / PROBABILIDADE E ESTATÍSTICA,NÃO,CE,22001018003P1,MATEMÁTICA,EM FUNCIONAMENTO
2024,12,ENGENHARIAS II,NÃO,CE,22001018035P0,ENGENHARIA QUÍMICA,EM FUNCIONAMENTO
2024,8,CIÊNCIAS BIOLÓGICAS II,NÃO,CE,22001018082P9,CIÊNCIAS MORFOFUNCIONAIS,EM FUNCIONAMENTO
2024,41,LINGUÍSTICA E LITERATURA,NÃO,CE,22001018083P5,ESTUDOS DA TRADUÇÃO,EM FUNCIONAMENTO
2024,19,FARMÁCIA,NÃO,CE,22001018072P3,CIÊNCIAS FARMACÊUTICAS,EM FUNCIONAMENTO
2024,14,ENGENHARIAS IV,NÃO,CE,22001018081P2,ENGENHARIA ELÉTRICA E DE COMPUTAÇÃO,EM FUNCIONAMENTO
2024,10,ENGENHARIAS I,NÃO,CE,22001018180P0,ENGENHARIA CIVIL,EM FUNCIONAMENTO
2024,15,MEDICINA I,NÃO,CE,22001018174P0,CIÊNCIAS CARDIOVASCULARES,EM FUNCIONAMENTO
2024,5,GEOCIÊNCIAS,NÃO,CE,22001018027P8,GEOLOGIA,EM FUNCIONAMENTO
2024,23,ZOOTECNIA / RECURSOS PESQUEIROS,SIM,CE,25003011009P0,ZOOTECNIA,EM FUNCIONAMENTO
2024,8,CIÊNCIAS BIOLÓGICAS II,NÃO,CE,22001018006P0,BIOQUÍMICA,EM FUNCIONAMENTO
2024,45,INTERDISCIPLINAR,NÃO,CE,22001018055P1,POLÍTICAS PÚBLICAS E GESTÃO DA EDUCAÇÃO SUPERIOR,EM FUNCIONAMENTO
2024,37,PSICOLOGIA,NÃO,CE,22001018176P3,PSICOLOGIA E POLÍTICAS PÚBLICAS,EM FUNCIONAMENTO
2024,49,CIÊNCIAS AMBIENTAIS,NÃO,CE,22001018028P4,DESENVOLVIMENTO E MEIO AMBIENTE,EM FUNCIONAMENTO
2024,22,SAÚDE COLETIVA,NÃO,CE,22001018025P5,SAÚDE PÚBLICA,EM FUNCIONAMENTO
2024,38,EDUCAÇÃO,NÃO,CE,22001018177P0,TECNOLOGIA EDUCACIONAL,EM FUNCIONAMENTO
2024,21,"EDUCAÇÃO FÍSICA, FISIOTERAPIA, FONOAUDIOLOGIA E TERAPIA OCUPACIONAL",NÃO,CE,22001018175P7,FISIOTERAPIA E FUNCIONALIDADE,EM FUNCIONAMENTO
2024,11,ARTES,NÃO,CE,22001018078P1,ARTES,EM FUNCIONAMENTO
2024,31,COMUNICAÇÃO E INFORMAÇÃO,NÃO,CE,22001018085P8,CIÊNCIA DA INFORMAÇÃO,EM FUNCIONAMENTO
2024,48,BIOTECNOLOGIA,NÃO,CE,22001018080P6,BIOTECNOLOGIA DE RECURSOS NATURAIS,EM FUNCIONAMENTO
2024,29,"ARQUITETURA, URBANISMO E DESIGN",NÃO,CE,22001018084P1,ARQUITETURA E URBANISMO E DESIGN,EM FUNCIONAMENTO
2024,41,LINGUÍSTICA E LITERATURA,NÃO,CE,22001018018P9,LETRAS,EM FUNCIONAMENTO
2024,34,SOCIOLOGIA,NÃO,CE,22001018008P3,SOCIOLOGIA,EM FUNCIONAMENTO
2024,41,LINGUÍSTICA E LITERATURA,NÃO,CE,22001018024P9,LINGÜÍSTICA,EM FUNCIONAMENTO
2024,27,"ADMINISTRAÇÃO PÚBLICA E DE EMPRESAS, CIÊNCIAS CONTÁBEIS E TURISMO",NÃO,CE,22001018065P7,ADMINISTRAÇÃO E CONTROLADORIA,EM FUNCIONAMENTO
2024,33,FILOSOFIA,NÃO,CE,22001018037P3,FILOSOFIA,EM FUNCIONAMENTO
2024,42,CIÊNCIAS AGRÁRIAS I,NÃO,CE,22001018014P3,ENGENHARIA AGRÍCOLA,EM FUNCIONAMENTO
2024,14,ENGENHARIAS IV,NÃO,CE,22001018032P1,ENGENHARIA ELÉTRICA,EM FUNCIONAMENTO
2024,3,ASTRONOMIA / FÍSICA,NÃO,CE,22001018002P5,FÍSICA,EM FUNCIONAMENTO
2024,37,PSICOLOGIA,NÃO,CE,22001018043P3,PSICOLOGIA,EM FUNCIONAMENTO
2024,48,BIOTECNOLOGIA,NÃO,CE,22001018064P0,BIOTECNOLOGIA,EM FUNCIONAMENTO
2024,9,CIÊNCIAS BIOLÓGICAS III,NÃO,CE,22001018042P7,MICROBIOLOGIA MÉDICA,EM FUNCIONAMENTO
2024,23,ZOOTECNIA / RECURSOS PESQUEIROS,NÃO,CE,22001018020P3,ENGENHARIA DE PESCA,EM FUNCIONAMENTO
2024,18,ODONTOLOGIA,NÃO,CE,22001018046P2,ODONTOLOGIA,EM FUNCIONAMENTO
2024,40,HISTÓRIA,NÃO,CE,22001018033P8,HISTÓRIA,EM FUNCIONAMENTO
2024,46,ENSINO,NÃO,CE,22001018061P1,ENSINO DE CIÊNCIAS E MATEMÁTICA,EM FUNCIONAMENTO
2024,27,"ADMINISTRAÇÃO PÚBLICA E DE EMPRESAS, CIÊNCIAS CONTÁBEIS E TURISMO",NÃO,CE,22001018071P7,ADMINISTRAÇÃO E CONTROLADORIA,EM FUNCIONAMENTO
2024,45,INTERDISCIPLINAR,NÃO,CE,22001018179P2,GASTRONOMIA,EM FUNCIONAMENTO
2024,16,MEDICINA II,NÃO,CE,22001018019P5,PATOLOGIA,EM FUNCIONAMENTO
2024,10,ENGENHARIAS I,NÃO,CE,22001018059P7,ENGENHARIA CIVIL: ESTRUTURAS E CONSTRUÇÃO CIVIL,EM FUNCIONAMENTO
2024,36,GEOGRAFIA,NÃO,CE,22001018044P0,GEOGRAFIA,EM FUNCIONAMENTO
2024,16,MEDICINA II,NÃO,CE,22001018079P8,CIÊNCIAS DA SAÚDE,EM FUNCIONAMENTO
2024,4,QUÍMICA,NÃO,CE,22001018004P8,QUÍMICA,EM FUNCIONAMENTO
2024,28,ECONOMIA,NÃO,CE,22001018053P9,ECONOMIA,EM FUNCIONAMENTO
2024,15,MEDICINA I,NÃO,CE,22002014007P3,CIÊNCIAS MÉDICAS,EM FUNCIONAMENTO
2024,29,"ARQUITETURA, URBANISMO E DESIGN",NÃO,CE,22002014011P0,CIÊNCIAS DA CIDADE,EM FUNCIONAMENTO
2024,27,"ADMINISTRAÇÃO PÚBLICA E DE EMPRESAS, CIÊNCIAS CONTÁBEIS E TURISMO",NÃO,CE,22002014009P6,ADMINISTRAÇÃO,EM FUNCIONAMENTO
2024,20,ENFERMAGEM,NÃO,CE,22002014012P7,TECNOLOGIA E INOVAÇÃO EM ENFERMAGEM,EM FUNCIONAMENTO
2024,27,"ADMINISTRAÇÃO PÚBLICA E DE EMPRESAS, CIÊNCIAS CONTÁBEIS E TURISMO",NÃO,CE,22002014001P5,ADMINISTRAÇÃO,EM FUNCIONAMENTO
2024,2,COMPUTAÇÃO,NÃO,CE,22002014002P1,INFORMÁTICA APLICADA,EM FUNCIONAMENTO
2024,26,DIREITO,NÃO,CE,22002014003P8,DIREITO CONSTITUCIONAL,EM FUNCIONAMENTO
2024,26,DIREITO,NÃO,CE,22002014008P0,DIREITO E GESTÃO DE CONFLITOS,EM FUNCIONAMENTO
2024,37,PSICOLOGIA,NÃO,CE,22002014005P0,PSICOLOGIA,EM FUNCIONAMENTO
2024,22,SAÚDE COLETIVA,NÃO,CE,22002014004P4,SAÚDE COLETIVA,EM FUNCIONAMENTO
2024,18,ODONTOLOGIA,NÃO,CE,22002014010P4,ODONTOLOGIA,EM FUNCIONAMENTO
2024,22,SAÚDE COLETIVA,NÃO,CE,22003010071P0,GESTÃO EM SAÚDE,EM FUNCIONAMENTO
2024,45,INTERDISCIPLINAR,NÃO,CE,22003010014P6,CIÊNCIAS FÍSICAS APLICADAS,EM FUNCIONAMENTO
2024,32,SERVIÇO SOCIAL,NÃO,CE,22003010025P8,"SERVIÇO SOCIAL, TRABALHO E QUESTÃO SOCIAL",EM FUNCIONAMENTO
2024,24,MEDICINA VETERINÁRIA,NÃO,CE,22003010001P1,CIÊNCIAS VETERINÁRIAS,EM FUNCIONAMENTO
2024,38,EDUCAÇÃO,NÃO,CE,22003010027P0,EDUCAÇÃO E ENSINO (MAIE),EM FUNCIONAMENTO
2024,5,GEOCIÊNCIAS,NÃO,CE,22003010070P3,CLIMATOLOGIA,EM FUNCIONAMENTO
2024,17,MEDICINA III,NÃO,CE,22003010073P2,TRANSPLANTES,EM FUNCIONAMENTO
2024,50,NUTRIÇÃO,NÃO,CE,22003010022P9,NUTRIÇÃO E SAÚDE,EM FUNCIONAMENTO
2024,45,INTERDISCIPLINAR,SIM,CE,22003010026P4,CIÊNCIAS NATURAIS,EM FUNCIONAMENTO
2024,39,CIÊNCIA POLÍTICA E RELAÇÕES INTERNACIONAIS,NÃO,CE,22003010074P9,POLÍTICAS PÚBLICAS,EM FUNCIONAMENTO
2024,39,CIÊNCIA POLÍTICA E RELAÇÕES INTERNACIONAIS,NÃO,CE,22003010019P8,PLANEJAMENTO E POLITICAS PÚBLICAS,EM FUNCIONAMENTO
2024,41,LINGUÍSTICA E LITERATURA,NÃO,CE,22003010008P6,LINGÜÍSTICA APLICADA,EM FUNCIONAMENTO
2024,2,COMPUTAÇÃO,NÃO,CE,22003010018P1,CIÊNCIA DA COMPUTAÇÃO,EM FUNCIONAMENTO
2024,34,SOCIOLOGIA,NÃO,CE,22003010009P2,SOCIOLOGIA,EM FUNCIONAMENTO
2024,38,EDUCAÇÃO,NÃO,CE,22003010010P0,EDUCAÇÃO,EM FUNCIONAMENTO
2024,8,CIÊNCIAS BIOLÓGICAS II,NÃO,CE,22003010007P0,CIÊNCIAS FISIOLÓGICAS,EM FUNCIONAMENTO
2024,45,INTERDISCIPLINAR,NÃO,CE,22003010072P6,INTERDISCIPLINAR EM HISTÓRIA E LETRAS - MIHL,EM FUNCIONAMENTO
2024,27,"ADMINISTRAÇÃO PÚBLICA E DE EMPRESAS, CIÊNCIAS CONTÁBEIS E TURISMO",NÃO,CE,22003010013P0,ADMINISTRAÇÃO,EM FUNCIONAMENTO
2024,48,BIOTECNOLOGIA,SIM,CE,22003010028P7,BIOTECNOLOGIA EM SAÚDE HUMANA E ANIMAL,EM FUNCIONAMENTO
2024,45,INTERDISCIPLINAR,NÃO,CE,22003010023P5,ENSINO NA SAÚDE,EM FUNCIONAMENTO
2024,33,FILOSOFIA,NÃO,CE,22003010076P1,FILOSOFIA,EM FUNCIONAMENTO
2024,22,SAÚDE COLETIVA,NÃO,CE,22003010004P0,SAÚDE COLETIVA,EM FUNCIONAMENTO
2024,40,HISTÓRIA,NÃO,CE,22003010075P5,"HISTÓRIA, CULTURAS E ESPACIALIDADES",EM FUNCIONAMENTO
2024,20,ENFERMAGEM,NÃO,CE,22003010012P3,CUIDADOS CLÍNICOS EM ENFERMAGEM E SAÚDE,EM FUNCIONAMENTO
2024,36,GEOGRAFIA,NÃO,CE,22003010006P3,GEOGRAFIA,EM FUNCIONAMENTO
2024,36,GEOGRAFIA,NÃO,CE,22004017003P0,GEOGRAFIA,EM FUNCIONAMENTO
2024,23,ZOOTECNIA / RECURSOS PESQUEIROS,NÃO,CE,22004017002P4,ZOOTECNIA,EM FUNCIONAMENTO
2024,33,FILOSOFIA,NÃO,CE,22004017004P7,FILOSOFIA,EM FUNCIONAMENTO
2024,20,ENFERMAGEM,NÃO,CE,22005013002P0,ENFERMAGEM,EM FUNCIONAMENTO
2024,28,ECONOMIA,NÃO,CE,22005013006P6,ECONOMIA REGIONAL E URBANA,EM FUNCIONAMENTO
2024,38,EDUCAÇÃO,NÃO,CE,22005013003P7,EDUCAÇÃO,EM FUNCIONAMENTO
2024,8,CIÊNCIAS BIOLÓGICAS II,NÃO,CE,22005013004P3,QUÍMICA BIOLÓGICA,EM FUNCIONAMENTO
2024,7,BIODIVERSIDADE,NÃO,CE,22005013001P4,DIVERSIDADE BIOLÓGICA E RECURSOS NATURAIS,EM FUNCIONAMENTO
2024,41,LINGUÍSTICA E LITERATURA,NÃO,CE,22005013005P0,LETRAS,EM FUNCIONAMENTO
2024,10,ENGENHARIAS I,NÃO,CE,22008012001P3,TECNOLOGIA E GESTÃO AMBIENTAL,EM FUNCIONAMENTO
2024,46,ENSINO,SIM,CE,22011013005P6,ENSINO E FORMAÇÃO DOCENTE,EM FUNCIONAMENTO
2024,25,CIÊNCIA DE ALIMENTOS,NÃO,CE,22008012002P0,TECNOLOGIA DE ALIMENTOS,EM FUNCIONAMENTO
2024,46,ENSINO,NÃO,CE,22008012006P5,ENSINO DE CIÊNCIAS E MATEMÁTICA,EM FUNCIONAMENTO
2024,45,INTERDISCIPLINAR,NÃO,CE,22008012076P3,MEIO AMBIENTE,EM FUNCIONAMENTO
2024,11,ARTES,NÃO,CE,22008012075P7,ARTES,EM FUNCIONAMENTO
2024,2,COMPUTAÇÃO,NÃO,CE,22008012004P2,CIÊNCIA DA COMPUTAÇÃO,EM FUNCIONAMENTO
2024,14,ENGENHARIAS IV,NÃO,CE,22008012003P6,ENGENHARIA DE TELECOMUNICAÇÕES,EM FUNCIONAMENTO
2024,45,INTERDISCIPLINAR,NÃO,CE,22008012005P9,ENERGIAS RENOVÁVEIS,EM FUNCIONAMENTO
2024,41,LINGUÍSTICA E LITERATURA,NÃO,CE,22011013004P0,ESTUDOS DA LINGUAGEM,EM FUNCIONAMENTO
2024,10,ENGENHARIAS I,NÃO,CE,22011013006P2,ENERGIA E AMBIENTE,EM FUNCIONAMENTO
2024,45,INTERDISCIPLINAR,NÃO,CE,22011013001P0,SOCIOBIODIVERSIDADE E TECNOLOGIAS SUSTENTÁVEIS,EM FUNCIONAMENTO
2024,45,INTERDISCIPLINAR,NÃO,CE,22011013002P7,INTERDISCIPLINAR EM HUMANIDADES,EM FUNCIONAMENTO
2024,35,ANTROPOLOGIA / ARQUEOLOGIA,SIM,CE,22001018171P1,ANTROPOLOGIA,EM FUNCIONAMENTO
2024,20,ENFERMAGEM,NÃO,CE,22011013003P3,ENFERMAGEM,EM FUNCIONAMENTO
2024,41,LINGUÍSTICA E LITERATURA,NÃO,BA,22011030001P5,ESTUDOS DE LINGUAGENS: CONTEXTOS LUSÓFONOS BRASIL-ÁFRICA,EM FUNCIONAMENTO
2024,26,DIREITO,NÃO,CE,22012010001P0,DIREITO,EM FUNCIONAMENTO
2024,46,ENSINO,NÃO,CE,22016015001P2,ENSINO EM SAÚDE,EM FUNCIONAMENTO
2024,16,MEDICINA II,NÃO,CE,22021019001P2,BIOTECNOLOGIA,EM FUNCIONAMENTO
2024,16,MEDICINA II,NÃO,CE,22033017003P0,CIÊNCIAS DA SAÚDE,EM FUNCIONAMENTO
2024,49,CIÊNCIAS AMBIENTAIS,NÃO,CE,22033017001P7,DESENVOLVIMENTO REGIONAL SUSTENTÁVEL,EM FUNCIONAMENTO
2024,27,"ADMINISTRAÇÃO PÚBLICA E DE EMPRESAS, CIÊNCIAS CONTÁBEIS E TURISMO",NÃO,CE,22033017004P6,ADMINISTRAÇÃO,EM FUNCIONAMENTO
2024,31,COMUNICAÇÃO E INFORMAÇÃO,NÃO,CE,22033017002P3,BIBLIOTECONOMIA,EM FUNCIONAMENTO
2024,31,COMUNICAÇÃO E INFORMAÇÃO,NÃO,PI,22042008001P7,"ARTES, PATRIMÔNIO E MUSEOLOGIA",EM FUNCIONAMENTO
2024,48,BIOTECNOLOGIA,NÃO,PI,22042008002P3,BIOTECNOLOGIA,EM FUNCIONAMENTO
2024,37,PSICOLOGIA,NÃO,PI,22042008004P6,PSICOLOGIA,EM FUNCIONAMENTO
2024,15,MEDICINA I,NÃO,PI,22042008003P0,CIÊNCIAS BIOMÉDICAS,EM FUNCIONAMENTO
2024,29,"ARQUITETURA, URBANISMO E DESIGN",NÃO,RN,23001011052P5,"ARQUITETURA, PROJETO E MEIO AMBIENTE",EM FUNCIONAMENTO
2024,27,"ADMINISTRAÇÃO PÚBLICA E DE EMPRESAS, CIÊNCIAS CONTÁBEIS E TURISMO",NÃO,RN,23001011057P7,GESTÃO PÚBLICA,EM FUNCIONAMENTO
2024,26,DIREITO,NÃO,RN,23001011034P7,DIREITO,EM FUNCIONAMENTO
2024,2,COMPUTAÇÃO,NÃO,RN,23001011022P9,SISTEMAS E COMPUTAÇÃO,EM FUNCIONAMENTO
2024,13,ENGENHARIAS III,NÃO,RN,23001011074P9,ENGENHARIA MECATRÔNICA,EM FUNCIONAMENTO
2024,22,SAÚDE COLETIVA,NÃO,RN,23001011033P0,SAÚDE COLETIVA,EM FUNCIONAMENTO
2024,8,CIÊNCIAS BIOLÓGICAS II,NÃO,RN,23001011020P6,BIOQUÍMICA E BIOLOGIA MOLECULAR,EM FUNCIONAMENTO
2024,47,MATERIAIS,NÃO,RN,23001011026P4,CIÊNCIA E ENGENHARIA DE MATERIAIS,EM FUNCIONAMENTO
2024,40,HISTÓRIA,NÃO,RN,23001011179P5,HISTÓRIA,EM FUNCIONAMENTO
2024,36,GEOGRAFIA,NÃO,RN,23001011028P7,GEOGRAFIA,EM FUNCIONAMENTO
2024,14,ENGENHARIAS IV,NÃO,RN,23001011068P9,ENERGIA ELÉTRICA,EM FUNCIONAMENTO
2024,8,CIÊNCIAS BIOLÓGICAS II,NÃO,RN,23001011054P8,NEUROCIÊNCIAS,EM FUNCIONAMENTO
2024,37,PSICOLOGIA,NÃO,RN,23001011025P8,PSICOLOGIA,EM FUNCIONAMENTO
2024,30,PLANEJAMENTO URBANO E REGIONAL / DEMOGRAFIA,NÃO,RN,23001011058P3,DEMOGRAFIA,EM FUNCIONAMENTO
2024,7,BIODIVERSIDADE,NÃO,RN,23001011059P0,SISTEMÁTICA E EVOLUÇÃO,EM FUNCIONAMENTO
2024,6,CIÊNCIAS BIOLÓGICAS I,NÃO,RN,23001011170P8,BIOINFORMÁTICA,EM FUNCIONAMENTO
2024,45,INTERDISCIPLINAR,NÃO,RN,23001011079P0,"CIÊNCIA, TECNOLOGIA E INOVAÇÃO",EM FUNCIONAMENTO
2024,13,ENGENHARIAS III,NÃO,RN,23001011009P2,ENGENHARIA MECÂNICA,EM FUNCIONAMENTO
2024,50,NUTRIÇÃO,NÃO,RN,23001011075P5,NUTRIÇÃO,EM FUNCIONAMENTO
2024,41,LINGUÍSTICA E LITERATURA,NÃO,RN,23001011013P0,ESTUDOS DA LINGUAGEM,EM FUNCIONAMENTO
2024,12,ENGENHARIAS II,NÃO,RN,23001011176P6,ENGENHARIA TÊXTIL,EM FUNCIONAMENTO
2024,22,SAÚDE COLETIVA,NÃO,RN,23001011072P6,GESTÃO DA QUALIDADE EM SERVIÇOS DE SAÚDE,EM FUNCIONAMENTO
2024,5,GEOCIÊNCIAS,NÃO,RN,23001011056P0,CIÊNCIAS CLIMÁTICAS,EM FUNCIONAMENTO
2024,37,PSICOLOGIA,NÃO,RN,23001011003P4,PSICOBIOLOGIA,EM FUNCIONAMENTO
2024,8,CIÊNCIAS BIOLÓGICAS II,NÃO,RN,23001011070P3,BIOLOGIA ESTRUTURAL E FUNCIONAL,EM FUNCIONAMENTO
2024,14,ENGENHARIAS IV,NÃO,RN,23001011008P6,ENGENHARIA ELÉTRICA E DE COMPUTAÇÃO,EM FUNCIONAMENTO
2024,22,SAÚDE COLETIVA,NÃO,RN,23001011178P9,"GESTÃO, TRABALHO, EDUCAÇÃO E SAÚDE",EM FUNCIONAMENTO
2024,27,"ADMINISTRAÇÃO PÚBLICA E DE EMPRESAS, CIÊNCIAS CONTÁBEIS E TURISMO",NÃO,RN,23001011046P5,TURISMO,EM FUNCIONAMENTO
2024,31,COMUNICAÇÃO E INFORMAÇÃO,NÃO,RN,23001011080P9,CIÊNCIA DA INFORMAÇÃO,EM FUNCIONAMENTO
2024,11,ARTES,NÃO,RN,23001011067P2,MÚSICA,EM FUNCIONAMENTO
2024,2,COMPUTAÇÃO,NÃO,RN,23001011071P0,TECNOLOGIA DA INFORMAÇÃO,EM FUNCIONAMENTO
2024,11,ARTES,NÃO,RN,23001011044P2,ARTES CÊNICAS,EM FUNCIONAMENTO
2024,36,GEOGRAFIA,NÃO,RN,23001011078P4,GEOGRAFIA,EM FUNCIONAMENTO
2024,21,"EDUCAÇÃO FÍSICA, FISIOTERAPIA, FONOAUDIOLOGIA E TERAPIA OCUPACIONAL",SIM,RN,24001015081P8,FONOAUDIOLOGIA,EM FUNCIONAMENTO
2024,3,ASTRONOMIA / FÍSICA,NÃO,RN,23001011010P0,FÍSICA,EM FUNCIONAMENTO
2024,18,ODONTOLOGIA,NÃO,RN,23001011005P7,CIÊNCIAS ODONTOLÓGICAS,EM FUNCIONAMENTO
2024,33,FILOSOFIA,NÃO,RN,23001011030P1,FILOSOFIA,EM FUNCIONAMENTO
2024,7,BIODIVERSIDADE,NÃO,RN,23001011015P2,ECOLOGIA,EM FUNCIONAMENTO
2024,13,ENGENHARIAS III,NÃO,RN,23001011021P2,ENGENHARIA DE PRODUÇÃO,EM FUNCIONAMENTO
2024,45,INTERDISCIPLINAR,NÃO,RN,23001011175P0,GESTÃO E INOVAÇÃO EM SAÚDE,EM FUNCIONAMENTO
2024,38,EDUCAÇÃO,NÃO,RN,23001011182P6,EDUCAÇÃO ESPECIAL,EM FUNCIONAMENTO
2024,13,ENGENHARIAS III,NÃO,RN,23001011041P3,ENERGIA E PETRÓLEO,EM FUNCIONAMENTO
2024,21,"EDUCAÇÃO FÍSICA, FISIOTERAPIA, FONOAUDIOLOGIA E TERAPIA OCUPACIONAL",NÃO,RN,23001011173P7,CIÊNCIAS DA REABILITAÇÃO,EM FUNCIONAMENTO
2024,40,HISTÓRIA,NÃO,RN,23001011038P2,HISTÓRIA,EM FUNCIONAMENTO
2024,35,ANTROPOLOGIA / ARQUEOLOGIA,NÃO,RN,23001011037P6,ANTROPOLOGIA SOCIAL,EM FUNCIONAMENTO
2024,17,MEDICINA III,NÃO,RN,23001011183P2,CIÊNCIAS APLICADAS À SAÚDE DA MULHER,EM FUNCIONAMENTO
2024,1,MATEMÁTICA / PROBABILIDADE E ESTATÍSTICA,NÃO,RN,23001011042P0,MATEMÁTICA APLICADA E ESTATISTICA,EM FUNCIONAMENTO
2024,45,INTERDISCIPLINAR,NÃO,RN,23001011066P6,GESTÃO DE PROCESSOS INSTITUCIONAIS,EM FUNCIONAMENTO
2024,21,"EDUCAÇÃO FÍSICA, FISIOTERAPIA, FONOAUDIOLOGIA E TERAPIA OCUPACIONAL",NÃO,RN,23001011043P6,FISIOTERAPIA,EM FUNCIONAMENTO
2024,34,SOCIOLOGIA,NÃO,RN,23001011004P0,CIÊNCIAS SOCIAIS,EM FUNCIONAMENTO
2024,12,ENGENHARIAS II,NÃO,RN,23001011011P7,ENGENHARIA QUÍMICA,EM FUNCIONAMENTO
2024,46,ENSINO,NÃO,RN,23001011032P4,ENSINO DE CIÊNCIAS NATURAIS E MATEMÁTICA,EM FUNCIONAMENTO
2024,22,SAÚDE COLETIVA,NÃO,RN,23001011171P4,SAÚDE COLETIVA,EM FUNCIONAMENTO
2024,20,ENFERMAGEM,NÃO,RN,23001011029P3,ENFERMAGEM,EM FUNCIONAMENTO
2024,28,ECONOMIA,NÃO,RN,23001011039P9,ECONOMIA,EM FUNCIONAMENTO
2024,46,ENSINO,NÃO,RN,23001011063P7,ENSINO NA SAÚDE,EM FUNCIONAMENTO
2024,36,GEOGRAFIA,NÃO,RN,23001011180P3,GEOGRAFIA,EM FUNCIONAMENTO
2024,19,FARMÁCIA,NÃO,RN,23001011040P7,CIÊNCIAS FARMACÊUTICAS,EM FUNCIONAMENTO
2024,31,COMUNICAÇÃO E INFORMAÇÃO,NÃO,RN,23001011053P1,ESTUDOS DA MÍDIA,EM FUNCIONAMENTO
2024,27,"ADMINISTRAÇÃO PÚBLICA E DE EMPRESAS, CIÊNCIAS CONTÁBEIS E TURISMO",NÃO,RN,23001011076P1,CIÊNCIAS CONTÁBEIS,EM FUNCIONAMENTO
2024,46,ENSINO,NÃO,RN,23001011172P0,"EDUCAÇÃO, TRABALHO E INOVAÇÃO EM MEDICINA",EM FUNCIONAMENTO
2024,38,EDUCAÇÃO,NÃO,RN,23001011001P1,EDUCAÇÃO,EM FUNCIONAMENTO
2024,49,CIÊNCIAS AMBIENTAIS,NÃO,RN,23001011036P0,DESENVOLVIMENTO E MEIO AMBIENTE,EM FUNCIONAMENTO
2024,32,SERVIÇO SOCIAL,NÃO,RN,23001011027P0,SERVIÇO SOCIAL,EM FUNCIONAMENTO
2024,51,CIÊNCIAS E HUMANIDADES PARA A EDUCAÇÃO BÁSICA,SIM,RN,23001011069P5,LETRAS,EM FUNCIONAMENTO
2024,45,INTERDISCIPLINAR,NÃO,RN,23001011174P3,INOVAÇÃO EM TECNOLOGIAS EDUCACIONAIS,EM FUNCIONAMENTO
2024,9,CIÊNCIAS BIOLÓGICAS III,NÃO,RN,23001011073P2,BIOLOGIA PARASITÁRIA,EM FUNCIONAMENTO
2024,30,PLANEJAMENTO URBANO E REGIONAL / DEMOGRAFIA,NÃO,RN,23001011055P4,ESTUDOS URBANOS E REGIONAIS,EM FUNCIONAMENTO
2024,4,QUÍMICA,NÃO,RN,23001011012P3,QUÍMICA,EM FUNCIONAMENTO
2024,27,"ADMINISTRAÇÃO PÚBLICA E DE EMPRESAS, CIÊNCIAS CONTÁBEIS E TURISMO",NÃO,RN,23001011007P0,ADMINISTRAÇÃO,EM FUNCIONAMENTO
2024,21,"EDUCAÇÃO FÍSICA, FISIOTERAPIA, FONOAUDIOLOGIA E TERAPIA OCUPACIONAL",NÃO,RN,23001011060P8,EDUCAÇÃO FÍSICA,EM FUNCIONAMENTO
2024,10,ENGENHARIAS I,NÃO,RN,23001011023P5,ENGENHARIA CIVIL E AMBIENTAL,EM FUNCIONAMENTO
2024,20,ENFERMAGEM,NÃO,RN,23001011177P2,SAÚDE E SOCIEDADE,EM FUNCIONAMENTO
2024,5,GEOCIÊNCIAS,NÃO,RN,23001011018P1,GEODINÂMICA E GEOFÍSICA,EM FUNCIONAMENTO
2024,29,"ARQUITETURA, URBANISMO E DESIGN",NÃO,RN,23001011024P1,ARQUITETURA E URBANISMO,EM FUNCIONAMENTO
2024,42,CIÊNCIAS AGRÁRIAS I,NÃO,RN,23001011061P4,CIÊNCIAS FLORESTAIS,EM FUNCIONAMENTO
2024,46,ENSINO,NÃO,RN,23001011077P8,ENSINO DE CIÊNCIAS E MATEMÁTICA,EM FUNCIONAMENTO
2024,16,MEDICINA II,NÃO,RN,23001011031P8,CIÊNCIAS DA SAÚDE,EM FUNCIONAMENTO
2024,49,CIÊNCIAS AMBIENTAIS,SIM,RN,22001018074P6,DESENVOLVIMENTO E MEIO AMBIENTE UFPI-UFRN-FUFSE-UESC-UFPB/JP-UFERSA,EM FUNCIONAMENTO
2024,41,LINGUÍSTICA E LITERATURA,NÃO,RN,23002018073P9,CIÊNCIAS DA LINGUAGEM,EM FUNCIONAMENTO
2024,46,ENSINO,SIM,RN,23002018071P6,ENSINO,EM FUNCIONAMENTO
2024,16,MEDICINA II,NÃO,RN,23002018007P6,SAÚDE E SOCIEDADE,EM FUNCIONAMENTO
2024,45,INTERDISCIPLINAR,NÃO,RN,23002018008P2,CIÊNCIAS SOCIAIS E HUMANAS,EM FUNCIONAMENTO
2024,46,ENSINO,NÃO,RN,23002018009P9,ENSINO,EM FUNCIONAMENTO
2024,28,ECONOMIA,NÃO,RN,23002018072P2,ECONOMIA,EM FUNCIONAMENTO
2024,30,PLANEJAMENTO URBANO E REGIONAL / DEMOGRAFIA,NÃO,RN,23002018070P0,PLANEJAMENTO E DINÂMICAS TERRITORIAIS NO SEMIÁRIDO,EM FUNCIONAMENTO
2024,41,LINGUÍSTICA E LITERATURA,NÃO,RN,23002018004P7,LETRAS,EM FUNCIONAMENTO
2024,32,SERVIÇO SOCIAL,NÃO,RN,23002018010P7,SERVIÇO SOCIAL E DIREITOS SOCIAIS,EM FUNCIONAMENTO
2024,2,COMPUTAÇÃO,SIM,RN,23002018002P4,CIÊNCIA DA COMPUTAÇÃO - UERN - UFERSA,EM FUNCIONAMENTO
2024,38,EDUCAÇÃO,NÃO,RN,23002018006P0,EDUCAÇÃO,EM FUNCIONAMENTO
2024,36,GEOGRAFIA,NÃO,RN,23002018074P5,GEOGRAFIA,EM FUNCIONAMENTO
2024,49,CIÊNCIAS AMBIENTAIS,NÃO,RN,23002018005P3,CIÊNCIAS NATURAIS,EM FUNCIONAMENTO
2024,3,ASTRONOMIA / FÍSICA,NÃO,RN,23002018003P0,FÍSICA,EM FUNCIONAMENTO
2024,7,BIODIVERSIDADE,NÃO,RN,23003014019P0,ECOLOGIA E CONSERVAÇÃO,EM FUNCIONAMENTO
2024,42,CIÊNCIAS AGRÁRIAS I,NÃO,RN,23003014011P0,FITOTECNIA,EM FUNCIONAMENTO
2024,47,MATERIAIS,NÃO,RN,23003014051P1,CIÊNCIA E ENGENHARIA DE MATERIAIS,EM FUNCIONAMENTO
2024,42,CIÊNCIAS AGRÁRIAS I,NÃO,RN,23003014018P4,MANEJO DE SOLO E ÁGUA,EM FUNCIONAMENTO
2024,27,"ADMINISTRAÇÃO PÚBLICA E DE EMPRESAS, CIÊNCIAS CONTÁBEIS E TURISMO",NÃO,RN,23003014074P1,ADMINISTRAÇÃO,EM FUNCIONAMENTO
2024,24,MEDICINA VETERINÁRIA,NÃO,RN,23003014013P2,CIÊNCIA ANIMAL,EM FUNCIONAMENTO
2024,26,DIREITO,NÃO,RN,23003014073P5,DIREITO,EM FUNCIONAMENTO
2024,23,ZOOTECNIA / RECURSOS PESQUEIROS,SIM,RN,23001011050P2,PRODUÇÃO ANIMAL,EM FUNCIONAMENTO
2024,45,INTERDISCIPLINAR,NÃO,RN,23003014072P9,"COGNIÇÃO, TECNOLOGIAS E INSTITUIÇÕES",EM FUNCIONAMENTO
2024,49,CIÊNCIAS AMBIENTAIS,NÃO,RN,23003014016P1,"AMBIENTE, TECNOLOGIA E SOCIEDADE",EM FUNCIONAMENTO
2024,14,ENGENHARIAS IV,NÃO,RN,23003014017P8,ENGENHARIA ELÉTRICA,EM FUNCIONAMENTO
2024,27,"ADMINISTRAÇÃO PÚBLICA E DE EMPRESAS, CIÊNCIAS CONTÁBEIS E TURISMO",NÃO,RN,23004010002P7,ADMINISTRAÇÃO,EM FUNCIONAMENTO
2024,37,PSICOLOGIA,NÃO,RN,23004010005P6,PSICOLOGIA ORGANIZACIONAL E DO TRABALHO,EM FUNCIONAMENTO
2024,27,"ADMINISTRAÇÃO PÚBLICA E DE EMPRESAS, CIÊNCIAS CONTÁBEIS E TURISMO",NÃO,RN,23004010008P5,ADMINISTRAÇÃO,EM FUNCIONAMENTO
2024,48,BIOTECNOLOGIA,NÃO,RN,23004010004P0,BIOTECNOLOGIA,EM FUNCIONAMENTO
2024,49,CIÊNCIAS AMBIENTAIS,NÃO,RN,23005017002P3,USO SUSTENTÁVEL DE RECURSOS NATURAIS,EM FUNCIONAMENTO
2024,38,EDUCAÇÃO,NÃO,RN,23005017001P7,EDUCAÇÃO PROFISSIONAL,EM FUNCIONAMENTO
2024,26,DIREITO,NÃO,CE,23009004003P0,DIREITO,EM FUNCIONAMENTO
2024,17,MEDICINA III,NÃO,CE,23009004001P7,TECNOLOGIA MINIMAMENTE INVASIVA E SIMULAÇÃO NA ÁREA DE SAÚDE,EM FUNCIONAMENTO
2024,46,ENSINO,NÃO,CE,23009004005P2,ENSINO NA SAÚDE E TECNOLOGIAS EDUCACIONAIS,EM FUNCIONAMENTO
2024,18,ODONTOLOGIA,NÃO,CE,23009004004P6,CIÊNCIAS ODONTOLÓGICAS,EM FUNCIONAMENTO
2024,18,ODONTOLOGIA,NÃO,CE,23022000001P6,CLÍNICA ODONTOLÓGICA,EM FUNCIONAMENTO
2024,15,MEDICINA I,NÃO,CE,23027002001P8,ONCOLOGIA,EM FUNCIONAMENTO
2024,44,CIÊNCIAS DA RELIGIÃO E TEOLOGIA,NÃO,PB,24001015050P5,CIÊNCIAS DAS RELIGIÕES,EM FUNCIONAMENTO
2024,10,ENGENHARIAS I,NÃO,PB,24001015040P0,ENGENHARIA CIVIL E AMBIENTAL,EM FUNCIONAMENTO
2024,45,INTERDISCIPLINAR,NÃO,PB,24001015055P7,MODELOS DE DECISÃO E SAÚDE,EM FUNCIONAMENTO
2024,12,ENGENHARIAS II,NÃO,PB,24001015076P4,ENGENHARIA QUÍMICA,EM FUNCIONAMENTO
2024,2,COMPUTAÇÃO,NÃO,PB,24001015047P4,INFORMÁTICA,EM FUNCIONAMENTO
2024,33,FILOSOFIA,NÃO,PB,24001015005P0,FILOSOFIA,EM FUNCIONAMENTO
2024,22,SAÚDE COLETIVA,NÃO,PB,24001015083P0,SAÚDE COLETIVA,EM FUNCIONAMENTO
2024,31,COMUNICAÇÃO E INFORMAÇÃO,NÃO,PB,24001015068P1,JORNALISMO,EM FUNCIONAMENTO
2024,50,NUTRIÇÃO,NÃO,PB,24001015041P6,CIÊNCIAS DA NUTRIÇÃO,EM FUNCIONAMENTO
2024,27,"ADMINISTRAÇÃO PÚBLICA E DE EMPRESAS, CIÊNCIAS CONTÁBEIS E TURISMO",NÃO,PB,24001015075P8,CIÊNCIAS CONTÁBEIS,EM FUNCIONAMENTO
2024,27,"ADMINISTRAÇÃO PÚBLICA E DE EMPRESAS, CIÊNCIAS CONTÁBEIS E TURISMO",NÃO,PB,24001015079P3,GESTÃO PÚBLICA E COOPERAÇÃO INTERNACIONAL,EM FUNCIONAMENTO
2024,37,PSICOLOGIA,NÃO,PB,24001015085P3,PSICOLOGIA CLÍNICA,EM FUNCIONAMENTO
2024,35,ANTROPOLOGIA / ARQUEOLOGIA,NÃO,PB,24001015060P0,ANTROPOLOGIA,EM FUNCIONAMENTO
2024,6,CIÊNCIAS BIOLÓGICAS I,NÃO,PB,24001015057P0,BIOLOGIA CELULAR E MOLECULAR,EM FUNCIONAMENTO
2024,38,EDUCAÇÃO,NÃO,PB,24001015001P4,EDUCAÇÃO,EM FUNCIONAMENTO
2024,13,ENGENHARIAS III,NÃO,PB,24001015072P9,ENERGIAS RENOVÁVEIS,EM FUNCIONAMENTO
2024,49,CIÊNCIAS AMBIENTAIS,NÃO,PB,24001015038P5,DESENVOLVIMENTO E MEIO AMBIENTE - PRODEMA,EM FUNCIONAMENTO
2024,45,INTERDISCIPLINAR,NÃO,PB,24001015065P2,"DIREITOS HUMANOS, CIDADANIA E POLÍTICAS PÚBLICAS",EM FUNCIONAMENTO
2024,25,CIÊNCIA DE ALIMENTOS,NÃO,PB,24001015025P0,CIÊNCIA E TECNOLOGIA DE ALIMENTOS,EM FUNCIONAMENTO
2024,28,ECONOMIA,NÃO,PB,24001015027P3,ECONOMIA,EM FUNCIONAMENTO
2024,39,CIÊNCIA POLÍTICA E RELAÇÕES INTERNACIONAIS,NÃO,PB,24001015080P1,CIÊNCIA POLÍTICA E RELAÇÕES INTERNACIONAIS,EM FUNCIONAMENTO
2024,32,SERVIÇO SOCIAL,NÃO,PB,24001015019P0,SERVIÇO SOCIAL,EM FUNCIONAMENTO
2024,13,ENGENHARIAS III,NÃO,PB,24001015010P3,ENGENHARIA MECÂNICA,EM FUNCIONAMENTO
2024,41,LINGUÍSTICA E LITERATURA,NÃO,PB,24001015066P9,LINGUÍSTICA E ENSINO,EM FUNCIONAMENTO
2024,3,ASTRONOMIA / FÍSICA,NÃO,PB,24001015002P0,FÍSICA,EM FUNCIONAMENTO
2024,7,BIODIVERSIDADE,NÃO,PB,24001015029P6,CIÊNCIAS BIOLÓGICAS (ZOOLOGIA),EM FUNCIONAMENTO
2024,29,"ARQUITETURA, URBANISMO E DESIGN",NÃO,PB,24001015052P8,ARQUITETURA E URBANISMO,EM FUNCIONAMENTO
2024,37,PSICOLOGIA,NÃO,PB,24001015063P0,PSICOLOGIA SOCIAL,EM FUNCIONAMENTO
2024,28,ECONOMIA,NÃO,PB,24001015069P8,ECONOMIA DO SETOR PÚBLICO,EM FUNCIONAMENTO
2024,31,COMUNICAÇÃO E INFORMAÇÃO,NÃO,PB,24001015049P7,CIÊNCIA DA INFORMAÇÃO,EM FUNCIONAMENTO
2024,31,COMUNICAÇÃO E INFORMAÇÃO,NÃO,PB,24001015053P4,COMUNICAÇÃO E CULTURAS MIDIÁTICAS,EM FUNCIONAMENTO
2024,21,"EDUCAÇÃO FÍSICA, FISIOTERAPIA, FONOAUDIOLOGIA E TERAPIA OCUPACIONAL",NÃO,PB,24001015082P4,FISIOTERAPIA,EM FUNCIONAMENTO
2024,41,LINGUÍSTICA E LITERATURA,NÃO,PB,24001015051P1,LETRAS,EM FUNCIONAMENTO
2024,4,QUÍMICA,NÃO,PB,24001015030P4,QUÍMICA,EM FUNCIONAMENTO
2024,47,MATERIAIS,NÃO,PB,24001015061P7,CIÊNCIA E ENGENHARIA DE MATERIAIS,EM FUNCIONAMENTO
2024,26,DIREITO,NÃO,PB,24001015037P9,CIÊNCIAS JURÍDICAS,EM FUNCIONAMENTO
2024,27,"ADMINISTRAÇÃO PÚBLICA E DE EMPRESAS, CIÊNCIAS CONTÁBEIS E TURISMO",NÃO,PB,24001015059P2,GESTÃO EM ORGANIZAÇÕES APRENDENTES,EM FUNCIONAMENTO
2024,34,SOCIOLOGIA,NÃO,PB,24001015004P3,SOCIOLOGIA,EM FUNCIONAMENTO
2024,13,ENGENHARIAS III,NÃO,PB,24001015084P7,ENGENHARIA DE PRODUÇÃO E SISTEMAS,EM FUNCIONAMENTO
2024,38,EDUCAÇÃO,NÃO,PB,24001015073P5,"POLÍTICAS PÚBLICAS, GESTÃO E AVALIAÇÃO DA EDUCAÇÃO SUPERIOR",EM FUNCIONAMENTO
2024,27,"ADMINISTRAÇÃO PÚBLICA E DE EMPRESAS, CIÊNCIAS CONTÁBEIS E TURISMO",NÃO,PB,24001015017P8,ADMINISTRAÇÃO,EM FUNCIONAMENTO
2024,41,LINGUÍSTICA E LITERATURA,NÃO,PB,24001015048P0,LINGÜÍSTICA,EM FUNCIONAMENTO
2024,11,ARTES,NÃO,PB,24001015044P5,MÚSICA,EM FUNCIONAMENTO
2024,48,BIOTECNOLOGIA,NÃO,PB,24001015074P1,BIOTECNOLOGIA,EM FUNCIONAMENTO
2024,19,FARMÁCIA,SIM,PB,23001011047P1,DESENVOLVIMENTO E INOVAÇÃO TECNOLÓGICA EM MEDICAMENTOS,EM FUNCIONAMENTO
2024,37,PSICOLOGIA,NÃO,PB,24001015067P5,NEUROCIÊNCIA COGNITIVA E COMPORTAMENTO,EM FUNCIONAMENTO
2024,36,GEOGRAFIA,NÃO,PB,24001015042P2,GEOGRAFIA,EM FUNCIONAMENTO
2024,11,ARTES,SIM,PB,24001015056P3,ARTES VISUAIS (UFPB J.P. - UFPE),EM FUNCIONAMENTO
2024,20,ENFERMAGEM,NÃO,PB,24001015016P1,ENFERMAGEM,EM FUNCIONAMENTO
2024,40,HISTÓRIA,NÃO,PB,24001015045P1,HISTÓRIA,EM FUNCIONAMENTO
2024,1,MATEMÁTICA / PROBABILIDADE E ESTATÍSTICA,NÃO,PB,24001015035P6,MATEMÁTICA,EM FUNCIONAMENTO
2024,18,ODONTOLOGIA,NÃO,PB,24001015034P0,ODONTOLOGIA,EM FUNCIONAMENTO
2024,14,ENGENHARIAS IV,NÃO,PB,24001015062P3,ENGENHARIA ELÉTRICA,EM FUNCIONAMENTO
2024,19,FARMÁCIA,NÃO,PB,24001015015P5,PRODUTOS NATURAIS E SINTÉTICOS BIOATIVOS,EM FUNCIONAMENTO
2024,20,ENFERMAGEM,NÃO,PB,24001015077P0,GERONTOLOGIA,EM FUNCIONAMENTO
2024,7,BIODIVERSIDADE,NÃO,PB,24001031026P8,BIODIVERSIDADE,EM FUNCIONAMENTO
2024,24,MEDICINA VETERINÁRIA,SIM,PB,24001031025P1,CIÊNCIA ANIMAL,EM FUNCIONAMENTO
2024,42,CIÊNCIAS AGRÁRIAS I,NÃO,PB,24001031020P0,AGRONOMIA,EM FUNCIONAMENTO
2024,42,CIÊNCIAS AGRÁRIAS I,NÃO,PB,24001031021P6,CIÊNCIA DO SOLO,EM FUNCIONAMENTO
2024,7,BIODIVERSIDADE,SIM,PB,24001040001P4,ECOLOGIA E MONITORAMENTO AMBIENTAL,EM FUNCIONAMENTO
2024,26,DIREITO,NÃO,PB,24003018001P7,DIREITO,EM FUNCIONAMENTO
2024,30,PLANEJAMENTO URBANO E REGIONAL / DEMOGRAFIA,NÃO,PB,24004014008P8,DESENVOLVIMENTO REGIONAL,EM FUNCIONAMENTO
2024,15,MEDICINA I,NÃO,PB,24004014016P0,CIÊNCIA E TECNOLOGIA EM SAÚDE,EM FUNCIONAMENTO
2024,46,ENSINO,NÃO,PB,24004014017P7,ENSINO DE CIÊNCIAS E EDUCAÇÃO MATEMÁTICA,EM FUNCIONAMENTO
2024,46,ENSINO,NÃO,PB,24004014006P5,ENSINO DE CIÊNCIAS E MATEMÁTICA,EM FUNCIONAMENTO
2024,32,SERVIÇO SOCIAL,NÃO,PB,24004014015P4,SERVIÇO SOCIAL,EM FUNCIONAMENTO
2024,10,ENGENHARIAS I,NÃO,PB,24004014005P9,CIÊNCIA E TECNOLOGIA AMBIENTAL,EM FUNCIONAMENTO
2024,39,CIÊNCIA POLÍTICA E RELAÇÕES INTERNACIONAIS,NÃO,PB,24004014007P1,RELAÇOES INTERNACIONAIS,EM FUNCIONAMENTO
2024,41,LINGUÍSTICA E LITERATURA,NÃO,PB,24004014004P2,LITERATURA E INTERCULTURALIDADE,EM FUNCIONAMENTO
2024,18,ODONTOLOGIA,NÃO,PB,24004014010P2,ODONTOLOGIA,EM FUNCIONAMENTO
2024,22,SAÚDE COLETIVA,NÃO,PB,24004014009P4,SAÚDE PÚBLICA,EM FUNCIONAMENTO
2024,38,EDUCAÇÃO,NÃO,PB,24004014013P1,FORMAÇÃO DE PROFESSORES,EM FUNCIONAMENTO
2024,42,CIÊNCIAS AGRÁRIAS I,SIM,PB,24004014012P5,CIÊNCIAS AGRÁRIAS,EM FUNCIONAMENTO
2024,19,FARMÁCIA,NÃO,PB,24004014014P8,CIÊNCIAS FARMACÊUTICAS,EM FUNCIONAMENTO
2024,37,PSICOLOGIA,NÃO,PB,24004014018P3,PSICOLOGIA DA SAÚDE,EM FUNCIONAMENTO
2024,31,COMUNICAÇÃO E INFORMAÇÃO,SIM,PB,24004014071P1,GESTÃO DE DOCUMENTOS E GOVERNANÇA ARQUIVÍSTICA,EM FUNCIONAMENTO
2024,7,BIODIVERSIDADE,NÃO,PB,24004014011P9,ECOLOGIA E CONSERVAÇÃO,EM FUNCIONAMENTO
2024,4,QUÍMICA,NÃO,PB,24004014070P5,QUÍMICA,EM FUNCIONAMENTO
2024,2,COMPUTAÇÃO,NÃO,PB,24007013002P9,TECNOLOGIA DA INFORMAÇÃO,EM FUNCIONAMENTO
2024,14,ENGENHARIAS IV,NÃO,PB,24007013001P2,ENGENHARIA ELÉTRICA,EM FUNCIONAMENTO
2024,13,ENGENHARIAS III,NÃO,PB,24009016025P1,ENGENHARIA MECÂNICA,EM FUNCIONAMENTO
2024,12,ENGENHARIAS II,NÃO,PB,24009016014P0,CIÊNCIA E ENGENHARIA DE MATERIAIS,EM FUNCIONAMENTO
2024,5,GEOCIÊNCIAS,NÃO,PB,24009016001P5,METEOROLOGIA,EM FUNCIONAMENTO
2024,40,HISTÓRIA,NÃO,PB,24009016018P5,HISTÓRIA,EM FUNCIONAMENTO
2024,12,ENGENHARIAS II,NÃO,PB,24009016004P4,ENGENHARIA QUÍMICA,EM FUNCIONAMENTO
2024,48,BIOTECNOLOGIA,NÃO,PB,24009016030P5,CIÊNCIAS NATURAIS E BIOTECNOLOGIA,EM FUNCIONAMENTO
2024,10,ENGENHARIAS I,NÃO,PB,24009016002P1,ENGENHARIA CIVIL E AMBIENTAL,EM FUNCIONAMENTO
2024,42,CIÊNCIAS AGRÁRIAS I,NÃO,PB,24009016007P3,ENGENHARIA AGRÍCOLA,EM FUNCIONAMENTO
2024,29,"ARQUITETURA, URBANISMO E DESIGN",NÃO,PB,24009016031P1,DESIGN,EM FUNCIONAMENTO
2024,27,"ADMINISTRAÇÃO PÚBLICA E DE EMPRESAS, CIÊNCIAS CONTÁBEIS E TURISMO",NÃO,PB,24009016172P4,ADMINISTRAÇÃO,EM FUNCIONAMENTO
2024,1,MATEMÁTICA / PROBABILIDADE E ESTATÍSTICA,NÃO,PB,24009016012P7,MATEMÁTICA,EM FUNCIONAMENTO
2024,39,CIÊNCIA POLÍTICA E RELAÇÕES INTERNACIONAIS,NÃO,PB,24009016171P8,CIÊNCIA POLÍTICA,EM FUNCIONAMENTO
2024,42,CIÊNCIAS AGRÁRIAS I,NÃO,PB,24009016021P6,CIÊNCIAS FLORESTAIS,EM FUNCIONAMENTO
2024,34,SOCIOLOGIA,NÃO,PB,24009016019P1,CIÊNCIAS SOCIAIS,EM FUNCIONAMENTO
2024,42,CIÊNCIAS AGRÁRIAS I,NÃO,PB,24009016028P0,HORTICULTURA TROPICAL,EM FUNCIONAMENTO
2024,38,EDUCAÇÃO,NÃO,PB,24009016071P3,EDUCAÇÃO,EM FUNCIONAMENTO
2024,12,ENGENHARIAS II,NÃO,PB,24009016010P4,ENGENHARIA DE PROCESSOS,EM FUNCIONAMENTO
2024,49,CIÊNCIAS AMBIENTAIS,NÃO,PB,24009016026P8,GESTÃO E SISTEMAS AGROINDUSTRIAIS,EM FUNCIONAMENTO
2024,1,MATEMÁTICA / PROBABILIDADE E ESTATÍSTICA,SIM,PB,24001015058P6,MATEMÁTICA - UFPB-J.P. - UFCG,EM FUNCIONAMENTO
2024,41,LINGUÍSTICA E LITERATURA,NÃO,PB,24009016015P6,LINGUAGEM E ENSINO,EM FUNCIONAMENTO
2024,25,CIÊNCIA DE ALIMENTOS,NÃO,PB,24009016173P0,ENGENHARIA DE ALIMENTOS,EM FUNCIONAMENTO
2024,2,COMPUTAÇÃO,NÃO,PB,24009016005P0,CIÊNCIA DA COMPUTAÇÃO,EM FUNCIONAMENTO
2024,3,ASTRONOMIA / FÍSICA,NÃO,PB,24009016017P9,FÍSICA,EM FUNCIONAMENTO
2024,24,MEDICINA VETERINÁRIA,NÃO,PB,24009016011P0,CIÊNCIA E SAÚDE ANIMAL,EM FUNCIONAMENTO
2024,49,CIÊNCIAS AMBIENTAIS,NÃO,PB,24009016070P7,SISTEMAS AGROINDUSTRIAIS,EM FUNCIONAMENTO
2024,23,ZOOTECNIA / RECURSOS PESQUEIROS,NÃO,PB,24009016013P3,CIÊNCIA ANIMAL,EM FUNCIONAMENTO
2024,14,ENGENHARIAS IV,NÃO,PB,24009016003P8,ENGENHARIA ELÉTRICA,EM FUNCIONAMENTO
2024,49,CIÊNCIAS AMBIENTAIS,NÃO,PB,24009016009P6,ENGENHARIA E GESTÃO DE RECURSOS NATURAIS,EM FUNCIONAMENTO
2024,42,CIÊNCIAS AGRÁRIAS I,NÃO,PB,24013020002P7,CIÊNCIAS AGRÁRIAS (AGROECOLOGIA),EM FUNCIONAMENTO
2024,25,CIÊNCIA DE ALIMENTOS,NÃO,PB,24013020001P0,TECNOLOGIA AGROALIMENTAR,EM FUNCIONAMENTO
2024,21,"EDUCAÇÃO FÍSICA, FISIOTERAPIA, FONOAUDIOLOGIA E TERAPIA OCUPACIONAL",NÃO,PE,25001019172P6,SAÚDE DA COMUNICAÇÃO HUMANA,EM FUNCIONAMENTO
2024,13,ENGENHARIAS III,NÃO,PE,25001019050P8,ENGENHARIA MECÂNICA,EM FUNCIONAMENTO
2024,26,DIREITO,NÃO,PE,25001019029P9,DIREITO,EM FUNCIONAMENTO
2024,3,ASTRONOMIA / FÍSICA,NÃO,PE,25001019002P3,FÍSICA,EM FUNCIONAMENTO
2024,21,"EDUCAÇÃO FÍSICA, FISIOTERAPIA, FONOAUDIOLOGIA E TERAPIA OCUPACIONAL",NÃO,PE,25001019072P1,FISIOTERAPIA,EM FUNCIONAMENTO
2024,16,MEDICINA II,NÃO,PE,25001019174P9,SAÚDE TRANSLACIONAL,EM FUNCIONAMENTO
2024,37,PSICOLOGIA,NÃO,PE,25001019066P1,PSICOLOGIA,EM FUNCIONAMENTO
2024,34,SOCIOLOGIA,NÃO,PE,25001019012P9,SOCIOLOGIA,EM FUNCIONAMENTO
2024,17,MEDICINA III,NÃO,PE,25001019023P0,CIRURGIA,EM FUNCIONAMENTO
2024,33,FILOSOFIA,NÃO,PE,25001019094P5,FILOSOFIA,EM FUNCIONAMENTO
2024,2,COMPUTAÇÃO,NÃO,PE,25001019062P6,CIÊNCIAS DA COMPUTAÇÃO,EM FUNCIONAMENTO
2024,6,CIÊNCIAS BIOLÓGICAS I,NÃO,PE,25001019079P6,BIOLOGIA APLICADA À SAÚDE,EM FUNCIONAMENTO
2024,16,MEDICINA II,NÃO,PE,25001019026P0,SAÚDE DA CRIANÇA E DO ADOLESCENTE,EM FUNCIONAMENTO
2024,16,MEDICINA II,NÃO,PE,25001019024P7,MEDICINA TROPICAL,EM FUNCIONAMENTO
2024,32,SERVIÇO SOCIAL,NÃO,PE,25001019031P3,SERVIÇO SOCIAL,EM FUNCIONAMENTO
2024,1,MATEMÁTICA / PROBABILIDADE E ESTATÍSTICA,NÃO,PE,25001019003P0,MATEMÁTICA,EM FUNCIONAMENTO
2024,22,SAÚDE COLETIVA,NÃO,PE,25001019074P4,SAÚDE COLETIVA,EM FUNCIONAMENTO
2024,31,COMUNICAÇÃO E INFORMAÇÃO,NÃO,PE,25001019054P3,COMUNICAÇÃO,EM FUNCIONAMENTO
2024,8,CIÊNCIAS BIOLÓGICAS II,NÃO,PE,25001019009P8,BIOQUÍMICA E FISIOLOGIA,EM FUNCIONAMENTO
2024,14,ENGENHARIAS IV,NÃO,PE,25001019019P3,ENGENHARIA ELÉTRICA,EM FUNCIONAMENTO
2024,29,"ARQUITETURA, URBANISMO E DESIGN",NÃO,PE,25001019057P2,DESIGN,EM FUNCIONAMENTO
2024,38,EDUCAÇÃO,NÃO,PE,25001019175P5,EDUCAÇÃO BÁSICA,EM FUNCIONAMENTO
2024,35,ANTROPOLOGIA / ARQUEOLOGIA,NÃO,PE,25001019059P5,ARQUEOLOGIA,EM FUNCIONAMENTO
2024,46,ENSINO,NÃO,PE,25001019069P0,EDUCAÇÃO MATEMÁTICA E TECNOLÓGICA,EM FUNCIONAMENTO
2024,5,GEOCIÊNCIAS,NÃO,PE,25001019052P0,CIÊNCIAS GEODÉSICAS E TECNOLOGIAS DA GEOINFORMAÇÃO,EM FUNCIONAMENTO
2024,6,CIÊNCIAS BIOLÓGICAS I,NÃO,PE,25001019045P4,CIÊNCIAS BIOLÓGICAS,EM FUNCIONAMENTO
2024,2,COMPUTAÇÃO,NÃO,PE,25001019004P6,CIÊNCIAS DA COMPUTAÇÃO,EM FUNCIONAMENTO
2024,19,FARMÁCIA,NÃO,PE,25001019073P8,INOVAÇÃO TERAPÊUTICA,EM FUNCIONAMENTO
2024,39,CIÊNCIA POLÍTICA E RELAÇÕES INTERNACIONAIS,NÃO,PE,25001019033P6,CIÊNCIA POLÍTICA,EM FUNCIONAMENTO
2024,19,FARMÁCIA,NÃO,PE,25001019027P6,CIÊNCIAS FARMACÊUTICAS,EM FUNCIONAMENTO
2024,39,CIÊNCIA POLÍTICA E RELAÇÕES INTERNACIONAIS,NÃO,PE,25001019091P6,POLÍTICAS PÚBLICAS,EM FUNCIONAMENTO
2024,50,NUTRIÇÃO,NÃO,PE,25001019028P2,NUTRIÇÃO,EM FUNCIONAMENTO
2024,28,ECONOMIA,NÃO,PE,25001019017P0,ECONOMIA,EM FUNCIONAMENTO
2024,7,BIODIVERSIDADE,NÃO,PE,25001019034P2,OCEANOGRAFIA,EM FUNCIONAMENTO
2024,18,ODONTOLOGIA,NÃO,PE,25001019058P9,ODONTOLOGIA,EM FUNCIONAMENTO
2024,27,"ADMINISTRAÇÃO PÚBLICA E DE EMPRESAS, CIÊNCIAS CONTÁBEIS E TURISMO",NÃO,PE,25001019171P0,HOTELARIA E TURISMO,EM FUNCIONAMENTO
2024,1,MATEMÁTICA / PROBABILIDADE E ESTATÍSTICA,NÃO,PE,25001019048P3,ESTATÍSTICA,EM FUNCIONAMENTO
2024,10,ENGENHARIAS I,NÃO,PE,25001019040P2,ENGENHARIA CIVIL,EM FUNCIONAMENTO
2024,31,COMUNICAÇÃO E INFORMAÇÃO,NÃO,PE,25001019077P3,CIÊNCIA DA INFORMAÇÃO,EM FUNCIONAMENTO
2024,27,"ADMINISTRAÇÃO PÚBLICA E DE EMPRESAS, CIÊNCIAS CONTÁBEIS E TURISMO",NÃO,PE,25001019046P0,ADMINISTRAÇÃO,EM FUNCIONAMENTO
2024,40,HISTÓRIA,NÃO,PE,25001019015P8,HISTÓRIA,EM FUNCIONAMENTO
2024,41,LINGUÍSTICA E LITERATURA,NÃO,PE,25001019032P0,LETRAS,EM FUNCIONAMENTO
2024,7,BIODIVERSIDADE,NÃO,PE,25001019041P9,BIOLOGIA ANIMAL,EM FUNCIONAMENTO
2024,5,GEOCIÊNCIAS,NÃO,PE,25001019007P5,GEOCIÊNCIAS,EM FUNCIONAMENTO
2024,47,MATERIAIS,NÃO,PE,25001019053P7,CIÊNCIA DE MATERIAIS,EM FUNCIONAMENTO
2024,27,"ADMINISTRAÇÃO PÚBLICA E DE EMPRESAS, CIÊNCIAS CONTÁBEIS E TURISMO",NÃO,PE,25001019173P2,"GESTÃO, INOVAÇÃO E CONSUMO",EM FUNCIONAMENTO
2024,7,BIODIVERSIDADE,NÃO,PE,25001019010P6,BIOLOGIA DE FUNGOS,EM FUNCIONAMENTO
2024,45,INTERDISCIPLINAR,NÃO,PE,25001019089P1,DIREITOS HUMANOS,EM FUNCIONAMENTO
2024,4,QUÍMICA,NÃO,PE,25001019036P5,QUÍMICA,EM FUNCIONAMENTO
2024,20,ENFERMAGEM,NÃO,PE,25001019082P7,ENFERMAGEM,EM FUNCIONAMENTO
2024,10,ENGENHARIAS I,NÃO,PE,25001019080P4,ENGENHARIA CIVIL E AMBIENTAL,EM FUNCIONAMENTO
2024,7,BIODIVERSIDADE,NÃO,PE,25001019038P8,BIOLOGIA VEGETAL,EM FUNCIONAMENTO
2024,38,EDUCAÇÃO,NÃO,PE,25001019001P7,EDUCAÇÃO,EM FUNCIONAMENTO
2024,12,ENGENHARIAS II,NÃO,PE,25001019020P1,TECNOLOGIAS ENERGÉTICAS E NUCLEARES,EM FUNCIONAMENTO
2024,14,ENGENHARIAS IV,NÃO,PE,25001019088P5,ENGENHARIA BIOMÉDICA,EM FUNCIONAMENTO
2024,45,INTERDISCIPLINAR,NÃO,PE,25001019092P2,GERONTOLOGIA,EM FUNCIONAMENTO
2024,49,CIÊNCIAS AMBIENTAIS,NÃO,PE,25001019060P3,DESENVOLVIMENTO E MEIO AMBIENTE,EM FUNCIONAMENTO
2024,28,ECONOMIA,NÃO,PE,25001019083P3,ECONOMIA - CAMPUS AGRESTE,EM FUNCIONAMENTO
2024,27,"ADMINISTRAÇÃO PÚBLICA E DE EMPRESAS, CIÊNCIAS CONTÁBEIS E TURISMO",NÃO,PE,25001019068P4,CIÊNCIAS CONTÁBEIS,EM FUNCIONAMENTO
2024,21,"EDUCAÇÃO FÍSICA, FISIOTERAPIA, FONOAUDIOLOGIA E TERAPIA OCUPACIONAL",NÃO,PE,25001019156P0,EDUCAÇÃO FÍSICA,EM FUNCIONAMENTO
2024,36,GEOGRAFIA,NÃO,PE,25001019016P4,GEOGRAFIA,EM FUNCIONAMENTO
2024,11,ARTES,NÃO,PE,25001019157P7,MÚSICA,EM FUNCIONAMENTO
2024,38,EDUCAÇÃO,NÃO,PE,25001019084P0,EDUCAÇÃO CONTEMPORÂNEA,EM FUNCIONAMENTO
2024,6,CIÊNCIAS BIOLÓGICAS I,NÃO,PE,25001019037P1,GENÉTICA E BIOLOGIA MOLECULAR,EM FUNCIONAMENTO
2024,8,CIÊNCIAS BIOLÓGICAS II,NÃO,PE,25001019097P4,MORFOTECNOLOGIA,EM FUNCIONAMENTO
2024,13,ENGENHARIAS III,NÃO,PE,25001019090P0,ENGENHARIA DE PRODUÇÃO - CENTRO ACADÊMICO DO AGRESTE,EM FUNCIONAMENTO
2024,16,MEDICINA II,NÃO,PE,25001019043P1,NEUROPSIQUIATRIA E CIÊNCIAS DO COMPORTAMENTO,EM FUNCIONAMENTO
2024,48,BIOTECNOLOGIA,NÃO,PE,25001019081P0,BIOTECNOLOGIA,EM FUNCIONAMENTO
2024,46,ENSINO,NÃO,PE,25001019095P1,EDUCAÇÃO EM CIÊNCIAS E MATEMÁTICA,EM FUNCIONAMENTO
2024,50,NUTRIÇÃO,NÃO,PE,25001019093P9,"NUTRIÇÃO, ATIVIDADE FÍSICA E PLASTICIDADE FENOTÍPICA",EM FUNCIONAMENTO
2024,13,ENGENHARIAS III,NÃO,PE,25001019065P5,ENGENHARIA DE PRODUÇÃO,EM FUNCIONAMENTO
2024,45,INTERDISCIPLINAR,NÃO,PE,25001019055P0,GESTÃO PÚBLICA PARA O DESENVOLVIMENTO DO NORDESTE,EM FUNCIONAMENTO
2024,13,ENGENHARIAS III,NÃO,PE,25001019021P8,ENGENHARIA DE PRODUÇÃO,EM FUNCIONAMENTO
2024,37,PSICOLOGIA,NÃO,PE,25001019018P7,PSICOLOGIA COGNITIVA,EM FUNCIONAMENTO
2024,29,"ARQUITETURA, URBANISMO E DESIGN",NÃO,PE,25001019085P6,ERGONOMIA,EM FUNCIONAMENTO
2024,30,PLANEJAMENTO URBANO E REGIONAL / DEMOGRAFIA,NÃO,PE,25001019030P7,DESENVOLVIMENTO URBANO,EM FUNCIONAMENTO
2024,28,ECONOMIA,NÃO,PE,25001019087P9,GESTÃO E ECONOMIA DA SAÚDE,EM FUNCIONAMENTO
2024,35,ANTROPOLOGIA / ARQUEOLOGIA,NÃO,PE,25001019013P5,ANTROPOLOGIA,EM FUNCIONAMENTO
2024,12,ENGENHARIAS II,NÃO,PE,25001019044P8,ENGENHARIA QUÍMICA,EM FUNCIONAMENTO
2024,41,LINGUÍSTICA E LITERATURA,NÃO,PE,25002015003P6,CIÊNCIAS DA LINGUAGEM,EM FUNCIONAMENTO
2024,44,CIÊNCIAS DA RELIGIÃO E TEOLOGIA,NÃO,PE,25002015007P1,TEOLOGIA,EM FUNCIONAMENTO
2024,40,HISTÓRIA,NÃO,PE,25002015009P4,HISTÓRIA,EM FUNCIONAMENTO
2024,31,COMUNICAÇÃO E INFORMAÇÃO,NÃO,PE,25002015008P8,INDÚSTRIAS CRIATIVAS,EM FUNCIONAMENTO
2024,33,FILOSOFIA,NÃO,PE,25002015010P2,FILOSOFIA,EM FUNCIONAMENTO
2024,26,DIREITO,NÃO,PE,25002015011P9,DIREITO E INOVAÇÃO,EM FUNCIONAMENTO
2024,26,DIREITO,NÃO,PE,25002015006P5,DIREITO,EM FUNCIONAMENTO
2024,12,ENGENHARIAS II,NÃO,PE,25002015005P9,DESENVOLVIMENTO DE PROCESSOS AMBIENTAIS,EM FUNCIONAMENTO
2024,37,PSICOLOGIA,NÃO,PE,25002015001P3,PSICOLOGIA CLÍNICA,EM FUNCIONAMENTO
2024,44,CIÊNCIAS DA RELIGIÃO E TEOLOGIA,NÃO,PE,25002015004P2,CIÊNCIAS DA RELIGIÃO,EM FUNCIONAMENTO
2024,14,ENGENHARIAS IV,NÃO,PE,25003011076P0,ENGENHARIA DE SISTEMAS DE ENERGIA (PPGESE),EM FUNCIONAMENTO
2024,42,CIÊNCIAS AGRÁRIAS I,NÃO,PE,25003011017P3,ENTOMOLOGIA,EM FUNCIONAMENTO
2024,25,CIÊNCIA DE ALIMENTOS,NÃO,PE,25003011021P0,CIÊNCIA E TECNOLOGIA DE ALIMENTOS,EM FUNCIONAMENTO
2024,10,ENGENHARIAS I,NÃO,PE,25003011036P8,ENGENHARIA AMBIENTAL,EM FUNCIONAMENTO
2024,46,ENSINO,NÃO,PE,25003011012P1,ENSINO DAS CIÊNCIAS,EM FUNCIONAMENTO
2024,40,HISTÓRIA,NÃO,PE,25003011019P6,HISTÓRIA,EM FUNCIONAMENTO
2024,27,"ADMINISTRAÇÃO PÚBLICA E DE EMPRESAS, CIÊNCIAS CONTÁBEIS E TURISMO",NÃO,PE,25003011014P4,ADMINISTRAÇÃO E DESENVOLVIMENTO,EM FUNCIONAMENTO
2024,42,CIÊNCIAS AGRÁRIAS I,NÃO,PE,25003011015P0,AGRONOMIA ( MELHORAMENTO GENÉTICO DE PLANTAS),EM FUNCIONAMENTO
2024,4,QUÍMICA,NÃO,PE,25003011020P4,QUIMICA,EM FUNCIONAMENTO
2024,42,CIÊNCIAS AGRÁRIAS I,NÃO,PE,25003011018P0,ENGENHARIA AGRÍCOLA,EM FUNCIONAMENTO
2024,41,LINGUÍSTICA E LITERATURA,NÃO,PE,25003011075P3,ESTUDOS DA LINGUAGEM,EM FUNCIONAMENTO
2024,42,CIÊNCIAS AGRÁRIAS I,NÃO,PE,25003011002P6,FITOPATOLOGIA,EM FUNCIONAMENTO
2024,47,MATERIAIS,NÃO,PE,25003011074P7,ENGENHARIA FÍSICA,EM FUNCIONAMENTO
2024,38,EDUCAÇÃO,SIM,PE,25003011038P0,"EDUCAÇÃO, CULTURAS E IDENTIDADES",EM FUNCIONAMENTO
2024,24,MEDICINA VETERINÁRIA,NÃO,PE,25003011073P0,SAÚDE ÚNICA,EM FUNCIONAMENTO
2024,23,ZOOTECNIA / RECURSOS PESQUEIROS,NÃO,PE,25003011011P5,RECURSOS PESQUEIROS E AQUICULTURA,EM FUNCIONAMENTO
2024,42,CIÊNCIAS AGRÁRIAS I,NÃO,PE,25003011013P8,CIÊNCIAS FLORESTAIS,EM FUNCIONAMENTO
2024,3,ASTRONOMIA / FÍSICA,NÃO,PE,25003011024P0,FÍSICA APLICADA,EM FUNCIONAMENTO
2024,7,BIODIVERSIDADE,SIM,PE,25003011033P9,ETNOBIOLOGIA E CONSERVAÇÃO DA NATUREZA,EM FUNCIONAMENTO
2024,38,EDUCAÇÃO,NÃO,PE,25003011029P1,TECNOLOGIA E GESTÃO EM EDUCAÇÃO A DISTÂNCIA,EM FUNCIONAMENTO
2024,42,CIÊNCIAS AGRÁRIAS I,NÃO,PE,25003011003P2,CIÊNCIA DO SOLO,EM FUNCIONAMENTO
2024,42,CIÊNCIAS AGRÁRIAS I,NÃO,PE,25003011010P9,BIOMETRIA E ESTATÍSTICA APLICADA,EM FUNCIONAMENTO
2024,34,SOCIOLOGIA,NÃO,PE,25003011077P6,CIÊNCIAS SOCIAIS,EM FUNCIONAMENTO
2024,42,CIÊNCIAS AGRÁRIAS I,NÃO,PE,25003011030P0,PRODUÇÃO VEGETAL,EM FUNCIONAMENTO
2024,2,COMPUTAÇÃO,NÃO,PE,25003011032P2,INFORMÁTICA APLICADA,EM FUNCIONAMENTO
2024,24,MEDICINA VETERINÁRIA,NÃO,PE,25003011005P5,MEDICINA VETERINÁRIA,EM FUNCIONAMENTO
2024,27,"ADMINISTRAÇÃO PÚBLICA E DE EMPRESAS, CIÊNCIAS CONTÁBEIS E TURISMO",NÃO,PE,25003011070P1,CONTROLADORIA,EM FUNCIONAMENTO
2024,7,BIODIVERSIDADE,NÃO,PE,25003011001P0,BIODIVERSIDADE,EM FUNCIONAMENTO
2024,23,ZOOTECNIA / RECURSOS PESQUEIROS,NÃO,PE,25003011006P1,ZOOTECNIA,EM FUNCIONAMENTO
2024,24,MEDICINA VETERINÁRIA,NÃO,PE,25003011022P7,BIOCIÊNCIA ANIMAL,EM FUNCIONAMENTO
2024,7,BIODIVERSIDADE,NÃO,PE,25003011071P8,BIODIVERSIDADE E CONSERVAÇÃO,EM FUNCIONAMENTO
2024,45,INTERDISCIPLINAR,NÃO,PE,25004018075P0,SAÚDE E DESENVOLVIMENTO SOCIOAMBIENTAL,EM FUNCIONAMENTO
2024,21,"EDUCAÇÃO FÍSICA, FISIOTERAPIA, FONOAUDIOLOGIA E TERAPIA OCUPACIONAL",SIM,PE,25004018014P0,EDUCAÇÃO FÍSICA,EM FUNCIONAMENTO
2024,21,"EDUCAÇÃO FÍSICA, FISIOTERAPIA, FONOAUDIOLOGIA E TERAPIA OCUPACIONAL",NÃO,PE,25004018074P3,REABILITAÇÃO E DESEMPENHO FUNCIONAL,EM FUNCIONAMENTO
2024,2,COMPUTAÇÃO,NÃO,PE,25004018011P1,ENGENHARIA DA COMPUTAÇÃO,EM FUNCIONAMENTO
2024,38,EDUCAÇÃO,NÃO,PE,25004018019P2,EDUCAÇÃO,EM FUNCIONAMENTO
2024,18,ODONTOLOGIA,NÃO,PE,25004018006P8,ODONTOLOGIA,EM FUNCIONAMENTO
2024,38,EDUCAÇÃO,NÃO,PE,25004018070P8,FORMAÇÃO DE PROFESSORES E PRÁTICAS INTERDISCIPLINARES,EM FUNCIONAMENTO
2024,37,PSICOLOGIA,NÃO,PE,25004018071P4,PRÁTICAS E INOVAÇÃO EM SAÚDE MENTAL,EM FUNCIONAMENTO
2024,49,CIÊNCIAS AMBIENTAIS,NÃO,PE,25004018072P0,CIÊNCIA E TECNOLOGIA AMBIENTAL,EM FUNCIONAMENTO
2024,14,ENGENHARIAS IV,NÃO,PE,25004018018P6,ENGENHARIA DE SISTEMAS,EM FUNCIONAMENTO
2024,20,ENFERMAGEM,SIM,PE,25004018015P7,ENFERMAGEM - FESP-UPE - UEPB,EM FUNCIONAMENTO
2024,45,INTERDISCIPLINAR,NÃO,PE,25004018016P3,PERÍCIAS FORENSES,EM FUNCIONAMENTO
2024,6,CIÊNCIAS BIOLÓGICAS I,NÃO,PE,25004018013P4,BIOLOGIA CELULAR E MOLECULAR APLICADA,EM FUNCIONAMENTO
2024,15,MEDICINA I,NÃO,PE,25004018009P7,CIENCIAS DA SAUDE,EM FUNCIONAMENTO
2024,45,INTERDISCIPLINAR,NÃO,PE,25004018008P0,HEBIATRIA - DETERMINANTES DE SAÚDE NA ADOLESCENCIA,EM FUNCIONAMENTO
2024,27,"ADMINISTRAÇÃO PÚBLICA E DE EMPRESAS, CIÊNCIAS CONTÁBEIS E TURISMO",NÃO,PE,25004018010P5,GESTÃO DO DESENVOLVIMENTO LOCAL SUSTENTÁVEL,EM FUNCIONAMENTO
2024,10,ENGENHARIAS I,NÃO,PE,25004018012P8,ENGENHARIA CIVIL,EM FUNCIONAMENTO
2024,16,MEDICINA II,NÃO,PE,25005014001P2,SAÚDE INTEGRAL,EM FUNCIONAMENTO
2024,15,MEDICINA I,NÃO,PE,25005014003P5,CUIDADOS INTENSIVOS,EM FUNCIONAMENTO
2024,15,MEDICINA I,NÃO,PE,25005014004P1,CUIDADOS PALIATIVOS,EM FUNCIONAMENTO
2024,22,SAÚDE COLETIVA,NÃO,PE,25005014002P9,AVALIAÇÃO EM SAÚDE,EM FUNCIONAMENTO
2024,22,SAÚDE COLETIVA,NÃO,PE,25007017001P5,SAÚDE PÚBLICA,EM FUNCIONAMENTO
2024,22,SAÚDE COLETIVA,NÃO,PE,25007017002P1,SAÚDE PÚBLICA,EM FUNCIONAMENTO
2024,49,CIÊNCIAS AMBIENTAIS,NÃO,PE,25009010001P1,GESTÃO AMBIENTAL,EM FUNCIONAMENTO
2024,49,CIÊNCIAS AMBIENTAIS,NÃO,PE,25017012001P7,TECNOLOGIA AMBIENTAL,EM FUNCIONAMENTO
2024,27,"ADMINISTRAÇÃO PÚBLICA E DE EMPRESAS, CIÊNCIAS CONTÁBEIS E TURISMO",NÃO,PE,25018019001P3,GESTÃO EMPRESARIAL,EM FUNCIONAMENTO
2024,29,"ARQUITETURA, URBANISMO E DESIGN",NÃO,PE,25019015002P6,DESIGN,EM FUNCIONAMENTO
2024,2,COMPUTAÇÃO,NÃO,PE,25019015001P0,ENGENHARIA DE SOFTWARE,EM FUNCIONAMENTO
2024,45,INTERDISCIPLINAR,NÃO,BA,25020013011P0,EXTENSÃO RURAL,EM FUNCIONAMENTO
2024,42,CIÊNCIAS AGRÁRIAS I,NÃO,PE,25020013008P9,AGRONOMIA PRODUÇÃO VEGETAL,EM FUNCIONAMENTO
2024,45,INTERDISCIPLINAR,NÃO,PE,25020013040P0,DINÂMICAS DE DESENVOLVIMENTO DO SEMIÁRIDO,EM FUNCIONAMENTO
2024,45,INTERDISCIPLINAR,SIM,BA,25020013042P2,AGROECOLOGIA E DESENVOLVIMENTO TERRITORIAL,EM FUNCIONAMENTO
2024,45,INTERDISCIPLINAR,NÃO,PE,25020013005P0,CIÊNCIAS DA SAÚDE E BIOLÓGICAS,EM FUNCIONAMENTO
2024,23,ZOOTECNIA / RECURSOS PESQUEIROS,NÃO,PE,25020013002P0,CIÊNCIA ANIMAL,EM FUNCIONAMENTO
2024,35,ANTROPOLOGIA / ARQUEOLOGIA,NÃO,PI,25020013043P9,ARQUEOLOGIA,EM FUNCIONAMENTO
2024,42,CIÊNCIAS AGRÁRIAS I,NÃO,BA,25020013004P3,ENGENHARIA AGRÍCOLA,EM FUNCIONAMENTO
2024,19,FARMÁCIA,NÃO,PE,25020013003P7,BIOCIÊNCIAS,EM FUNCIONAMENTO
2024,24,MEDICINA VETERINÁRIA,NÃO,PE,25020013006P6,CIÊNCIAS VETERINÁRIAS NO SEMIÁRIDO,EM FUNCIONAMENTO
2024,21,"EDUCAÇÃO FÍSICA, FISIOTERAPIA, FONOAUDIOLOGIA E TERAPIA OCUPACIONAL",NÃO,PE,25020013010P3,EDUCAÇÃO FÍSICA,EM FUNCIONAMENTO
2024,37,PSICOLOGIA,NÃO,PE,25020013009P5,PSICOLOGIA,EM FUNCIONAMENTO
2024,35,ANTROPOLOGIA / ARQUEOLOGIA,NÃO,BA,25020013044P5,"POLÍTICA, CULTURA E AMBIENTE",EM FUNCIONAMENTO
2024,47,MATERIAIS,NÃO,PE,25020013001P4,CIÊNCIA DOS MATERIAIS,EM FUNCIONAMENTO
2024,46,ENSINO,NÃO,PE,25025015001P6,EDUCAÇÃO PARA O ENSINO NA ÁREA DE SAÚDE,EM FUNCIONAMENTO
2024,37,PSICOLOGIA,NÃO,PE,25025015002P2,PSICOLOGIA DA SAÚDE,EM FUNCIONAMENTO
2024,20,ENFERMAGEM,NÃO,PB,25046004001P0,SAÚDE DA FAMÍLIA,EM FUNCIONAMENTO
2024,2,COMPUTAÇÃO,NÃO,AL,26001012035P1,INFORMÁTICA,EM FUNCIONAMENTO
2024,36,GEOGRAFIA,NÃO,AL,26001012038P0,GEOGRAFIA,EM FUNCIONAMENTO
2024,45,INTERDISCIPLINAR,SIM,AL,31102000001P6,PROFNIT - PROPRIEDADE INTELECTUAL E TRANSFERÊNCIA DE TECNOLOGIA PARA INOVAÇÃO,EM FUNCIONAMENTO
2024,50,NUTRIÇÃO,NÃO,AL,26001012020P4,NUTRIÇÃO,EM FUNCIONAMENTO
2024,35,ANTROPOLOGIA / ARQUEOLOGIA,NÃO,AL,26001012082P0,ANTROPOLOGIA SOCIAL,EM FUNCIONAMENTO
2024,46,ENSINO,NÃO,AL,26001012027P9,ENSINO DE CIÊNCIAS E MATEMÁTICA,EM FUNCIONAMENTO
2024,46,ENSINO,NÃO,AL,26001012031P6,ENSINO NA SAÚDE,EM FUNCIONAMENTO
2024,40,HISTÓRIA,NÃO,AL,26001012034P5,HISTÓRIA,EM FUNCIONAMENTO
2024,1,MATEMÁTICA / PROBABILIDADE E ESTATÍSTICA,NÃO,AL,26001012015P0,MATEMÁTICA,EM FUNCIONAMENTO
2024,42,CIÊNCIAS AGRÁRIAS I,NÃO,AL,26001012029P1,PROTEÇÃO DE PLANTAS,EM FUNCIONAMENTO
2024,37,PSICOLOGIA,NÃO,AL,26001012032P2,PSICOLOGIA,EM FUNCIONAMENTO
2024,10,ENGENHARIAS I,NÃO,AL,26001012019P6,RECURSOS HIDRICOS E SANEAMENTO,EM FUNCIONAMENTO
2024,46,ENSINO,NÃO,AL,26001012174P1,ENSINO E FORMAÇÃO DE PROFESSORES,EM FUNCIONAMENTO
2024,48,BIOTECNOLOGIA,SIM,AL,22003010017P5,BIOTECNOLOGIA - REDE RENORBIO,EM FUNCIONAMENTO
2024,29,"ARQUITETURA, URBANISMO E DESIGN",NÃO,AL,26001012014P4,DINÂMICA DO ESPAÇO HABITADO,EM FUNCIONAMENTO
2024,42,CIÊNCIAS AGRÁRIAS I,NÃO,AL,26001012010P9,AGRONOMIA (PRODUÇÃO VEGETAL),EM FUNCIONAMENTO
2024,4,QUÍMICA,NÃO,AL,26001012003P2,QUÍMICA E BIOTECNOLOGIA,EM FUNCIONAMENTO
2024,21,"EDUCAÇÃO FÍSICA, FISIOTERAPIA, FONOAUDIOLOGIA E TERAPIA OCUPACIONAL",SIM,AL,26001012175P8,CIÊNCIAS DO MOVIMENTO,EM FUNCIONAMENTO
2024,24,MEDICINA VETERINÁRIA,NÃO,AL,26001012170P6,CIÊNCIA ANIMAL,EM FUNCIONAMENTO
2024,12,ENGENHARIAS II,NÃO,AL,26001012176P4,ENERGIAS RENOVÁVEIS,EM FUNCIONAMENTO
2024,38,EDUCAÇÃO,NÃO,AL,26001012011P5,EDUCAÇÃO,EM FUNCIONAMENTO
2024,20,ENFERMAGEM,NÃO,AL,26001012030P0,ENFERMAGEM,EM FUNCIONAMENTO
2024,15,MEDICINA I,NÃO,AL,26001012173P5,CIÊNCIAS MÉDICAS,EM FUNCIONAMENTO
2024,32,SERVIÇO SOCIAL,NÃO,AL,26001012016P7,SERVIÇO SOCIAL,EM FUNCIONAMENTO
2024,26,DIREITO,NÃO,AL,26001012018P0,DIREITO,EM FUNCIONAMENTO
2024,47,MATERIAIS,NÃO,AL,26001012028P5,MATERIAIS,EM FUNCIONAMENTO
2024,34,SOCIOLOGIA,NÃO,AL,26001012013P8,SOCIOLOGIA,EM FUNCIONAMENTO
2024,19,FARMÁCIA,NÃO,AL,26001012036P8,CIÊNCIAS FARMACÊUTICAS,EM FUNCIONAMENTO
2024,7,BIODIVERSIDADE,NÃO,AL,26001012025P6,DIVERSIDADE BIOLÓGICA E CONSERVAÇÃO NOS TRÓPICOS,EM FUNCIONAMENTO
2024,16,MEDICINA II,NÃO,AL,26001012023P3,CIÊNCIAS DA SAÚDE,EM FUNCIONAMENTO
2024,33,FILOSOFIA,NÃO,AL,26001012172P9,FILOSOFIA,EM FUNCIONAMENTO
2024,5,GEOCIÊNCIAS,NÃO,AL,26001012005P5,METEOROLOGIA,EM FUNCIONAMENTO
2024,28,ECONOMIA,NÃO,AL,26001012024P0,ECONOMIA,EM FUNCIONAMENTO
2024,3,ASTRONOMIA / FÍSICA,NÃO,AL,26001012002P6,FÍSICA,EM FUNCIONAMENTO
2024,31,COMUNICAÇÃO E INFORMAÇÃO,NÃO,AL,26001012171P2,CIÊNCIA DA INFORMAÇÃO,EM FUNCIONAMENTO
2024,41,LINGUÍSTICA E LITERATURA,NÃO,AL,26001012001P0,LINGUÍSTICA E LITERATURA,EM FUNCIONAMENTO
2024,12,ENGENHARIAS II,NÃO,AL,26001012022P7,ENGENHARIA QUÍMICA,EM FUNCIONAMENTO
2024,42,CIÊNCIAS AGRÁRIAS I,NÃO,AL,26001012033P9,AGRICULTURA E AMBIENTE,EM FUNCIONAMENTO
2024,10,ENGENHARIAS I,NÃO,AL,26001012012P1,ENGENHARIA CIVIL,EM FUNCIONAMENTO
2024,49,CIÊNCIAS AMBIENTAIS,NÃO,AL,26002019001P6,TECNOLOGIAS AMBIENTAIS,EM FUNCIONAMENTO
2024,38,EDUCAÇÃO,SIM,AL,26004011002P5,EDUCAÇÃO ESPECIAL,EM FUNCIONAMENTO
2024,46,ENSINO,NÃO,AL,26004011001P9,ENSINO EM SAÚDE E TECNOLOGIA,EM FUNCIONAMENTO
2024,45,INTERDISCIPLINAR,NÃO,AL,26005018001P5,DINÂMICAS TERRITORIAIS E CULTURA,EM FUNCIONAMENTO
2024,26,DIREITO,NÃO,AL,26006014003P4,DIREITO,EM FUNCIONAMENTO
2024,18,ODONTOLOGIA,NÃO,AL,26006014001P1,PESQUISA EM SAÚDE,EM FUNCIONAMENTO
2024,49,CIÊNCIAS AMBIENTAIS,NÃO,AL,26006014002P8,ANÁLISE DE SISTEMAS AMBIENTAIS,EM FUNCIONAMENTO
2024,26,DIREITO,NÃO,PE,26017008001P4,DIREITO,EM FUNCIONAMENTO
2024,42,CIÊNCIAS AGRÁRIAS I,NÃO,PE,26041006003P4,PRODUÇÃO AGRÍCOLA,EM FUNCIONAMENTO
2024,24,MEDICINA VETERINÁRIA,NÃO,PE,26041006004P0,SANIDADE E REPRODUÇÃO DE ANIMAIS DE PRODUÇÃO,EM FUNCIONAMENTO
2024,49,CIÊNCIAS AMBIENTAIS,NÃO,PE,26041006002P8,CIÊNCIAS AMBIENTAIS,EM FUNCIONAMENTO
2024,23,ZOOTECNIA / RECURSOS PESQUEIROS,NÃO,PE,26041006001P1,CIÊNCIA ANIMAL E PASTAGENS,EM FUNCIONAMENTO
2024,31,COMUNICAÇÃO E INFORMAÇÃO,NÃO,SE,27001016175P0,CIÊNCIA DA INFORMAÇÃO,EM FUNCIONAMENTO
2024,9,CIÊNCIAS BIOLÓGICAS III,NÃO,SE,27001016028P8,BIOLOGIA PARASITARIA,EM FUNCIONAMENTO
2024,38,EDUCAÇÃO,NÃO,SE,27001016003P5,EDUCAÇÃO,EM FUNCIONAMENTO
2024,41,LINGUÍSTICA E LITERATURA,NÃO,SE,27001016021P3,LETRAS,EM FUNCIONAMENTO
2024,40,HISTÓRIA,NÃO,SE,27001016043P7,HISTÓRIA,EM FUNCIONAMENTO
2024,20,ENFERMAGEM,NÃO,SE,27001016048P9,ENFERMAGEM,EM FUNCIONAMENTO
2024,46,ENSINO,NÃO,SE,27001016025P9,ENSINO DE CIÊNCIAS E MATEMÁTICA,EM FUNCIONAMENTO
2024,45,INTERDISCIPLINAR,NÃO,SE,27001016173P8,INTERDISCIPLINAR EM CINEMA,EM FUNCIONAMENTO
2024,46,ENSINO,SIM,SE,27001016180P4,REDE NORDESTE DE ENSINO - RENOEN,EM FUNCIONAMENTO
2024,12,ENGENHARIAS II,NÃO,SE,27001016015P3,CIÊNCIA E ENGENHARIA DE MATERIAIS,EM FUNCIONAMENTO
2024,34,SOCIOLOGIA,NÃO,SE,27001016011P8,SOCIOLOGIA,EM FUNCIONAMENTO
2024,7,BIODIVERSIDADE,NÃO,SE,27001016017P6,ECOLOGIA E CONSERVAÇÃO,EM FUNCIONAMENTO
2024,22,SAÚDE COLETIVA,NÃO,SE,27001016179P6,GESTÃO E INOVAÇÃO TECNOLÓGICA EM SAÚDE,EM FUNCIONAMENTO
2024,5,GEOCIÊNCIAS,NÃO,SE,27001016036P0,GEOCIÊNCIAS E ANÁLISE DE BACIAS - PGAB,EM FUNCIONAMENTO
2024,32,SERVIÇO SOCIAL,NÃO,SE,27001016037P7,SERVIÇO SOCIAL,EM FUNCIONAMENTO
2024,27,"ADMINISTRAÇÃO PÚBLICA E DE EMPRESAS, CIÊNCIAS CONTÁBEIS E TURISMO",NÃO,SE,27001016038P3,ADMINISTRAÇÃO,EM FUNCIONAMENTO
2024,26,DIREITO,NÃO,SE,27001016035P4,DIREITO,EM FUNCIONAMENTO
2024,48,BIOTECNOLOGIA,NÃO,SE,27001016171P5,BIOTECNOLOGIA,EM FUNCIONAMENTO
2024,21,"EDUCAÇÃO FÍSICA, FISIOTERAPIA, FONOAUDIOLOGIA E TERAPIA OCUPACIONAL",NÃO,SE,27001016042P0,CIÊNCIAS DO MOVIMENTO,EM FUNCIONAMENTO
2024,28,ECONOMIA,SIM,SE,27001016170P9,ECONOMIA,EM FUNCIONAMENTO
2024,12,ENGENHARIAS II,NÃO,SE,27001016014P7,ENGENHARIA QUÍMICA,EM FUNCIONAMENTO
2024,3,ASTRONOMIA / FÍSICA,NÃO,SE,27001016008P7,FÍSICA,EM FUNCIONAMENTO
2024,10,ENGENHARIAS I,NÃO,SE,27001016034P8,ENGENHARIA CIVIL,EM FUNCIONAMENTO
2024,50,NUTRIÇÃO,NÃO,SE,27001016172P1,CIÊNCIAS DA NUTRIÇÃO,EM FUNCIONAMENTO
2024,36,GEOGRAFIA,NÃO,SE,27001016001P2,GEOGRAFIA,EM FUNCIONAMENTO
2024,18,ODONTOLOGIA,NÃO,SE,27001016040P8,ODONTOLOGIA,EM FUNCIONAMENTO
2024,19,FARMÁCIA,NÃO,SE,27001016019P9,CIÊNCIAS FARMACÊUTICAS,EM FUNCIONAMENTO
2024,15,MEDICINA I,NÃO,SE,27001016009P3,CIÊNCIAS DA SAUDE,EM FUNCIONAMENTO
2024,1,MATEMÁTICA / PROBABILIDADE E ESTATÍSTICA,NÃO,SE,27001016177P3,MATEMÁTICA,EM FUNCIONAMENTO
2024,35,ANTROPOLOGIA / ARQUEOLOGIA,NÃO,SE,27001016026P5,ANTROPOLOGIA,EM FUNCIONAMENTO
2024,10,ENGENHARIAS I,NÃO,SE,27001016044P3,RECURSOS HÍDRICOS,EM FUNCIONAMENTO
2024,44,CIÊNCIAS DA RELIGIÃO E TEOLOGIA,NÃO,SE,27001016046P6,CIÊNCIAS DA RELIGIÃO,EM FUNCIONAMENTO
2024,8,CIÊNCIAS BIOLÓGICAS II,NÃO,SE,27001016031P9,CIÊNCIAS FISIOLÓGICAS,EM FUNCIONAMENTO
2024,33,FILOSOFIA,NÃO,SE,27001016039P0,FILOSOFIA,EM FUNCIONAMENTO
2024,49,CIÊNCIAS AMBIENTAIS,NÃO,SE,27001016007P0,DESENVOLVIMENTO E MEIO AMBIENTE,EM FUNCIONAMENTO
2024,15,MEDICINA I,NÃO,SE,27001016047P2,CIÊNCIAS APLICADAS À SAÚDE,EM FUNCIONAMENTO
2024,25,CIÊNCIA DE ALIMENTOS,NÃO,SE,27001016016P0,CIÊNCIA E TECNOLOGIA DE ALIMENTOS,EM FUNCIONAMENTO
2024,10,ENGENHARIAS I,NÃO,SE,27001016174P4,ENGENHARIA E CIÊNCIAS AMBIENTAIS,EM FUNCIONAMENTO
2024,4,QUÍMICA,NÃO,SE,27001016010P1,QUÍMICA,EM FUNCIONAMENTO
2024,2,COMPUTAÇÃO,NÃO,SE,27001016029P4,CIÊNCIA DA COMPUTAÇÃO,EM FUNCIONAMENTO
2024,14,ENGENHARIAS IV,NÃO,SE,27001016027P1,ENGENHARIA ELÉTRICA,EM FUNCIONAMENTO
2024,35,ANTROPOLOGIA / ARQUEOLOGIA,NÃO,SE,27001016033P1,ARQUEOLOGIA,EM FUNCIONAMENTO
2024,37,PSICOLOGIA,NÃO,SE,27001016022P0,PSICOLOGIA,EM FUNCIONAMENTO
2024,31,COMUNICAÇÃO E INFORMAÇÃO,NÃO,SE,27001016041P4,COMUNICAÇÃO,EM FUNCIONAMENTO
2024,28,ECONOMIA,NÃO,SE,27001016013P0,ECONOMIA,EM FUNCIONAMENTO
2024,42,CIÊNCIAS AGRÁRIAS I,NÃO,SE,27001016049P5,AGRICULTURA E BIODIVERSIDADE,EM FUNCIONAMENTO
2024,45,INTERDISCIPLINAR,NÃO,SE,27001016045P0,CIÊNCIA DA PROPRIEDADE INTELECTUAL,EM FUNCIONAMENTO
2024,45,INTERDISCIPLINAR,NÃO,SE,27001024001P8,CIÊNCIAS NATURAIS,EM FUNCIONAMENTO
2024,48,BIOTECNOLOGIA,NÃO,SE,27002012004P8,BIOTECNOLOGIA INDUSTRIAL,EM FUNCIONAMENTO
2024,45,INTERDISCIPLINAR,NÃO,SE,27002012002P5,SAÚDE E AMBIENTE,EM FUNCIONAMENTO
2024,38,EDUCAÇÃO,NÃO,SE,27002012003P1,EDUCAÇÃO,EM FUNCIONAMENTO
2024,12,ENGENHARIAS II,NÃO,SE,27002012001P9,ENGENHARIA DE PROCESSOS,EM FUNCIONAMENTO
2024,26,DIREITO,NÃO,SE,27002012005P4,DIREITOS HUMANOS,EM FUNCIONAMENTO
2024,27,"ADMINISTRAÇÃO PÚBLICA E DE EMPRESAS, CIÊNCIAS CONTÁBEIS E TURISMO",NÃO,SE,27005011001P8,TURISMO,EM FUNCIONAMENTO
2024,45,INTERDISCIPLINAR,NÃO,AL,27011003001P9,"SOCIEDADE, TECNOLOGIAS E POLÍTICAS PÚBLICAS",EM FUNCIONAMENTO
2024,12,ENGENHARIAS II,SIM,BA,28001010059P7,ENGENHARIA QUÍMICA - UFBA-UNIFACS,EM FUNCIONAMENTO
2024,16,MEDICINA II,SIM,BA,28001010011P4,PATOLOGIA HUMANA,EM FUNCIONAMENTO
2024,3,ASTRONOMIA / FÍSICA,NÃO,BA,28001010002P5,FÍSICA,EM FUNCIONAMENTO
2024,22,SAÚDE COLETIVA,NÃO,BA,28001010051P6,SAÚDE COLETIVA,EM FUNCIONAMENTO
2024,13,ENGENHARIAS III,NÃO,BA,28001010071P7,ENGENHARIA INDUSTRIAL,EM FUNCIONAMENTO
2024,21,"EDUCAÇÃO FÍSICA, FISIOTERAPIA, FONOAUDIOLOGIA E TERAPIA OCUPACIONAL",NÃO,BA,28001010176P3,CIÊNCIAS DA REABILITAÇÃO,EM FUNCIONAMENTO
2024,15,MEDICINA I,NÃO,BA,28001010072P3,CIÊNCIAS DA SAÚDE,EM FUNCIONAMENTO
2024,23,ZOOTECNIA / RECURSOS PESQUEIROS,NÃO,BA,28001010088P7,ZOOTECNIA,EM FUNCIONAMENTO
2024,9,CIÊNCIAS BIOLÓGICAS III,NÃO,BA,28001010025P5,IMUNOLOGIA,EM FUNCIONAMENTO
2024,11,ARTES,NÃO,BA,28001010054P5,DANÇA,EM FUNCIONAMENTO
2024,10,ENGENHARIAS I,NÃO,BA,28001010076P9,"MEIO AMBIENTE , ÁGUAS E SANEAMENTO",EM FUNCIONAMENTO
2024,22,SAÚDE COLETIVA,NÃO,BA,28001010013P7,SAÚDE COLETIVA,EM FUNCIONAMENTO
2024,39,CIÊNCIA POLÍTICA E RELAÇÕES INTERNACIONAIS,NÃO,BA,28001010177P0,CIÊNCIA POLÍTICA,EM FUNCIONAMENTO
2024,45,INTERDISCIPLINAR,NÃO,BA,28001010083P5,ESTUDOS INTERDISCIPLINARES SOBRE A UNIVERSIDADE,EM FUNCIONAMENTO
2024,26,DIREITO,NÃO,BA,28001010015P0,DIREITO,EM FUNCIONAMENTO
2024,24,MEDICINA VETERINÁRIA,NÃO,BA,28001010036P7,CIÊNCIA ANIMAL NOS TRÓPICOS,EM FUNCIONAMENTO
2024,39,CIÊNCIA POLÍTICA E RELAÇÕES INTERNACIONAIS,NÃO,BA,28001010094P7,RELAÇÕES INTERNACIONAIS,EM FUNCIONAMENTO
2024,7,BIODIVERSIDADE,NÃO,BA,28001010065P7,BIODIVERSIDADE E EVOLUÇÃO,EM FUNCIONAMENTO
2024,35,ANTROPOLOGIA / ARQUEOLOGIA,NÃO,BA,28001010058P0,ANTROPOLOGIA,EM FUNCIONAMENTO
2024,36,GEOGRAFIA,NÃO,BA,28001010032P1,GEOGRAFIA,EM FUNCIONAMENTO
2024,5,GEOCIÊNCIAS,NÃO,BA,28001010007P7,GEOFÍSICA,EM FUNCIONAMENTO
2024,11,ARTES,NÃO,BA,28001010030P9,ARTES VISUAIS,EM FUNCIONAMENTO
2024,45,INTERDISCIPLINAR,NÃO,BA,28001010056P8,"ESTUDOS INTERDISCIPLINARES SOBRE MULHERES, GÊNERO E FEMINISMO",EM FUNCIONAMENTO
2024,27,"ADMINISTRAÇÃO PÚBLICA E DE EMPRESAS, CIÊNCIAS CONTÁBEIS E TURISMO",NÃO,BA,28001010052P2,ADMINISTRAÇÃO,EM FUNCIONAMENTO
2024,45,INTERDISCIPLINAR,NÃO,BA,28001010048P5,ESTUDOS ÉTNICOS E AFRICANOS,EM FUNCIONAMENTO
2024,31,COMUNICAÇÃO E INFORMAÇÃO,NÃO,BA,28001010041P0,CIÊNCIA DA INFORMAÇÃO,EM FUNCIONAMENTO
2024,11,ARTES,NÃO,BA,28001010174P0,DANÇA,EM FUNCIONAMENTO
2024,22,SAÚDE COLETIVA,NÃO,BA,28001010060P5,"SAÚDE, AMBIENTE E TRABALHO",EM FUNCIONAMENTO
2024,15,MEDICINA I,NÃO,BA,28001010012P0,MEDICINA E SAÚDE,EM FUNCIONAMENTO
2024,27,"ADMINISTRAÇÃO PÚBLICA E DE EMPRESAS, CIÊNCIAS CONTÁBEIS E TURISMO",NÃO,BA,28001010020P3,ADMINISTRAÇÃO,EM FUNCIONAMENTO
2024,22,SAÚDE COLETIVA,NÃO,BA,28001010170P5,SAÚDE COLETIVA,EM FUNCIONAMENTO
2024,40,HISTÓRIA,NÃO,BA,28001010022P6,HISTÓRIA,EM FUNCIONAMENTO
2024,25,CIÊNCIA DE ALIMENTOS,NÃO,BA,28001010057P4,CIÊNCIA DE ALIMENTOS,EM FUNCIONAMENTO
2024,38,EDUCAÇÃO,NÃO,BA,28001010001P9,EDUCAÇÃO,EM FUNCIONAMENTO
2024,20,ENFERMAGEM,NÃO,BA,28001010014P3,ENFERMAGEM E SAÚDE,EM FUNCIONAMENTO
2024,45,INTERDISCIPLINAR,SIM,BA,28001010064P0,DIFUSÃO DO CONHECIMENTO IFBA - SENAI/CIMATEC - LNCC - UNEB - UEFS,EM FUNCIONAMENTO
2024,9,CIÊNCIAS BIOLÓGICAS III,NÃO,BA,28001010171P1,MICROBIOLOGIA,EM FUNCIONAMENTO
2024,32,SERVIÇO SOCIAL,NÃO,BA,28001010175P7,SERVIÇO SOCIAL,EM FUNCIONAMENTO
2024,29,"ARQUITETURA, URBANISMO E DESIGN",NÃO,BA,28001010077P5,CECRE - CONSERVAÇÃO E RESTAURAÇÃO,EM FUNCIONAMENTO
2024,19,FARMÁCIA,NÃO,BA,28001010067P0,FARMÁCIA,EM FUNCIONAMENTO
2024,29,"ARQUITETURA, URBANISMO E DESIGN",NÃO,BA,28001010019P5,ARQUITETURA E URBANISMO,EM FUNCIONAMENTO
2024,45,INTERDISCIPLINAR,NÃO,BA,28001010085P8,"SEGURANÇA PÚBLICA, JUSTIÇA E CIDADANIA",EM FUNCIONAMENTO
2024,38,EDUCAÇÃO,NÃO,BA,28001010091P8,"CURRÍCULO, LINGUAGENS E INOVAÇÕES PEDAGÓGICAS.",EM FUNCIONAMENTO
2024,45,INTERDISCIPLINAR,NÃO,BA,28001010075P2,PROCESSOS INTERATIVOS DOS ÓRGÃOS E SISTEMAS,EM FUNCIONAMENTO
2024,45,INTERDISCIPLINAR,NÃO,BA,28001010055P1,DESENVOLVIMENTO E GESTÃO SOCIAL,EM FUNCIONAMENTO
2024,11,ARTES,NÃO,BA,28001010092P4,MÚSICA,EM FUNCIONAMENTO
2024,33,FILOSOFIA,NÃO,BA,28001010042P7,FILOSOFIA,EM FUNCIONAMENTO
2024,4,QUÍMICA,NÃO,BA,28001010004P8,QUÍMICA,EM FUNCIONAMENTO
2024,5,GEOCIÊNCIAS,NÃO,BA,28001010005P4,GEOLOGIA,EM FUNCIONAMENTO
2024,5,GEOCIÊNCIAS,NÃO,BA,28001010073P0,GEOQUÍMICA: PETRÓLEO E MEIO AMBIENTE,EM FUNCIONAMENTO
2024,48,BIOTECNOLOGIA,NÃO,BA,28001010080P6,BIOTECNOLOGIA,EM FUNCIONAMENTO
2024,1,MATEMÁTICA / PROBABILIDADE E ESTATÍSTICA,SIM,BA,28001010081P2,MATEMÁTICA - UFBA-UFAL,EM FUNCIONAMENTO
2024,11,ARTES,NÃO,BA,28001010035P0,ARTES CÊNICAS,EM FUNCIONAMENTO
2024,46,ENSINO,SIM,BA,28001010040P4,"ENSINO, FILOSOFIA E HISTÓRIA DAS CIÊNCIAS",EM FUNCIONAMENTO
2024,37,PSICOLOGIA,NÃO,BA,28001010173P4,PSICOLOGIA DA SAÚDE,EM FUNCIONAMENTO
2024,45,INTERDISCIPLINAR,NÃO,BA,28001010049P1,CULTURA E SOCIEDADE,EM FUNCIONAMENTO
2024,27,"ADMINISTRAÇÃO PÚBLICA E DE EMPRESAS, CIÊNCIAS CONTÁBEIS E TURISMO",NÃO,BA,28001010063P4,CONTABILIDADE,EM FUNCIONAMENTO
2024,45,INTERDISCIPLINAR,NÃO,BA,28001010053P9,ENERGIA E AMBIENTE,EM FUNCIONAMENTO
2024,18,ODONTOLOGIA,NÃO,BA,28001010029P0,ODONTOLOGIA E SAUDE,EM FUNCIONAMENTO
2024,10,ENGENHARIAS I,NÃO,BA,28001010172P8,ENGENHARIA CIVIL,EM FUNCIONAMENTO
2024,41,LINGUÍSTICA E LITERATURA,NÃO,BA,28001010078P1,LÍNGUA E CULTURA,EM FUNCIONAMENTO
2024,31,COMUNICAÇÃO E INFORMAÇÃO,NÃO,BA,28001010093P0,MUSEOLOGIA,EM FUNCIONAMENTO
2024,1,MATEMÁTICA / PROBABILIDADE E ESTATÍSTICA,NÃO,BA,28001010003P1,MATEMÁTICA,EM FUNCIONAMENTO
2024,28,ECONOMIA,NÃO,BA,28001010010P8,ECONOMIA,EM FUNCIONAMENTO
2024,13,ENGENHARIAS III,NÃO,BA,28001010062P8,ENGENHARIA INDUSTRIAL,EM FUNCIONAMENTO
2024,41,LINGUÍSTICA E LITERATURA,NÃO,BA,28001010079P8,LITERATURA E CULTURA,EM FUNCIONAMENTO
2024,1,MATEMÁTICA / PROBABILIDADE E ESTATÍSTICA,NÃO,BA,28001010178P6,ESTATÍSTICA E CIÊNCIA DE DADOS,EM FUNCIONAMENTO
2024,11,ARTES,NÃO,BA,28001010026P1,MÚSICA,EM FUNCIONAMENTO
2024,13,ENGENHARIAS III,NÃO,BA,28001010045P6,MECATRÔNICA,EM FUNCIONAMENTO
2024,50,NUTRIÇÃO,NÃO,BA,28001010047P9,"ALIMENTOS, NUTRIÇÃO E SAÚDE",EM FUNCIONAMENTO
2024,31,COMUNICAÇÃO E INFORMAÇÃO,NÃO,BA,28001010024P9,COMUNICAÇÃO E CULTURA CONTEMPORÂNEAS,EM FUNCIONAMENTO
2024,37,PSICOLOGIA,NÃO,BA,28001010044P0,PSICOLOGIA,EM FUNCIONAMENTO
2024,34,SOCIOLOGIA,NÃO,BA,28001010023P2,CIÊNCIAS SOCIAIS,EM FUNCIONAMENTO
2024,14,ENGENHARIAS IV,NÃO,BA,28001010037P3,ENGENHARIAS ELÉTRICA E DE COMPUTAÇÃO,EM FUNCIONAMENTO
2024,2,COMPUTAÇÃO,NÃO,BA,28001010095P3,CIÊNCIA DA COMPUTAÇÃO,EM FUNCIONAMENTO
2024,7,BIODIVERSIDADE,NÃO,BA,28001010039P6,"ECOLOGIA: TEORIA, APLICAÇÃO E VALORES",EM FUNCIONAMENTO
2024,6,CIÊNCIAS BIOLÓGICAS I,NÃO,BA,28001010089P3,BIOCIÊNCIAS,EM FUNCIONAMENTO
2024,46,ENSINO,NÃO,BA,28002016017P5,ASTRONOMIA,EM FUNCIONAMENTO
2024,42,CIÊNCIAS AGRÁRIAS I,NÃO,BA,28002016010P0,RECURSOS GENÉTICOS VEGETAIS,EM FUNCIONAMENTO
2024,45,INTERDISCIPLINAR,NÃO,BA,28002016007P0,"DESENHO, CULTURA E INTERATIVIDADE",EM FUNCIONAMENTO
2024,46,ENSINO,NÃO,BA,28002016021P2,ENSINO DE MATEMÁTICA,EM FUNCIONAMENTO
2024,40,HISTÓRIA,NÃO,BA,28002016009P2,HISTÓRIA,EM FUNCIONAMENTO
2024,19,FARMÁCIA,NÃO,BA,28002016018P1,CIÊNCIAS FARMACÊUTICAS,EM FUNCIONAMENTO
2024,22,SAÚDE COLETIVA,NÃO,BA,28002016004P0,SAÚDE COLETIVA,EM FUNCIONAMENTO
2024,36,GEOGRAFIA,NÃO,BA,28002016016P9,PLANEJAMENTO TERRITORIAL,EM FUNCIONAMENTO
2024,7,BIODIVERSIDADE,NÃO,BA,28002016011P7,ECOLOGIA E EVOLUÇÃO,EM FUNCIONAMENTO
2024,20,ENFERMAGEM,NÃO,BA,28002016013P0,ENFERMAGEM,EM FUNCIONAMENTO
2024,41,LINGUÍSTICA E LITERATURA,NÃO,BA,28002016003P4,ESTUDOS LITERÁRIOS,EM FUNCIONAMENTO
2024,49,CIÊNCIAS AMBIENTAIS,NÃO,BA,28002016005P7,MODELAGEM EM CIÊNCIAS DA TERRA E DO AMBIENTE,EM FUNCIONAMENTO
2024,2,COMPUTAÇÃO,NÃO,BA,28002016020P6,CIÊNCIA DA COMPUTAÇÃO,EM FUNCIONAMENTO
2024,38,EDUCAÇÃO,NÃO,BA,28002016015P2,EDUCAÇÃO,EM FUNCIONAMENTO
2024,41,LINGUÍSTICA E LITERATURA,NÃO,BA,28002016012P3,ESTUDOS LINGUÍSTICOS,EM FUNCIONAMENTO
2024,48,BIOTECNOLOGIA,NÃO,BA,28002016006P3,BIOTECNOLOGIA,EM FUNCIONAMENTO
2024,22,SAÚDE COLETIVA,NÃO,BA,28002016014P6,SAÚDE COLETIVA,EM FUNCIONAMENTO
2024,7,BIODIVERSIDADE,NÃO,BA,28002016002P8,BOTÂNICA,EM FUNCIONAMENTO
2024,10,ENGENHARIAS I,NÃO,BA,28002016008P6,ENGENHARIA CIVIL E AMBIENTAL,EM FUNCIONAMENTO
2024,45,INTERDISCIPLINAR,NÃO,BA,28003012004P7,FAMÍLIA NA SOCIEDADE CONTEMPORÃNEA,EM FUNCIONAMENTO
2024,45,INTERDISCIPLINAR,NÃO,BA,28003012003P0,POLÍTICAS SOCIAIS E CIDADANIA,EM FUNCIONAMENTO
2024,26,DIREITO,NÃO,BA,28003012007P6,DIREITO,EM FUNCIONAMENTO
2024,30,PLANEJAMENTO URBANO E REGIONAL / DEMOGRAFIA,NÃO,BA,28003012002P4,"TERRITÓRIO, AMBIENTE E SOCIEDADE",EM FUNCIONAMENTO
2024,4,QUÍMICA,NÃO,BA,28005015004P0,QUÍMICA APLICADA,EM FUNCIONAMENTO
2024,46,ENSINO,NÃO,BA,28005015013P9,"EDUCAÇÃO, CULTURA E TERRITÓRIOS SEMIÁRIDOS",EM FUNCIONAMENTO
2024,22,SAÚDE COLETIVA,NÃO,BA,28005015076P0,SAÚDE COLETIVA,EM FUNCIONAMENTO
2024,41,LINGUÍSTICA E LITERATURA,NÃO,BA,28005015003P3,ESTUDO DE LINGUAGENS,EM FUNCIONAMENTO
2024,42,CIÊNCIAS AGRÁRIAS I,NÃO,BA,28005015005P6,AGRONOMIA: HORTICULTURA IRRIGADA,EM FUNCIONAMENTO
2024,36,GEOGRAFIA,NÃO,BA,28005015074P8,ESTUDOS TERRITORIAIS,EM FUNCIONAMENTO
2024,7,BIODIVERSIDADE,NÃO,BA,28005015010P0,BIODIVERSIDADE VEGETAL,EM FUNCIONAMENTO
2024,40,HISTÓRIA,NÃO,BA,28005015007P9,HISTÓRIA REGIONAL E LOCAL,EM FUNCIONAMENTO
2024,38,EDUCAÇÃO,NÃO,BA,28005015079P0,EDUCAÇÃO E FORMAÇÃO DOCENTE (PPGEDUF),EM FUNCIONAMENTO
2024,46,ENSINO,NÃO,BA,28005015075P4,"ENSINO, LINGUAGEM E SOCIEDADE",EM FUNCIONAMENTO
2024,45,INTERDISCIPLINAR,NÃO,BA,28005015077P7,MODELAGEM E SIMULACÃO DE BIOSSISTEMAS,EM FUNCIONAMENTO
2024,38,EDUCAÇÃO,NÃO,BA,28005015014P5,EDUCAÇÃO E DIVERSIDADE,EM FUNCIONAMENTO
2024,41,LINGUÍSTICA E LITERATURA,NÃO,BA,28005015078P3,LETRAS,EM FUNCIONAMENTO
2024,40,HISTÓRIA,NÃO,BA,28005015071P9,"ESTUDOS AFRICANOS, POVOS INDÍGENAS E CULTURAS NEGRAS",EM FUNCIONAMENTO
2024,45,INTERDISCIPLINAR,NÃO,BA,28005015072P5,INTERVENÇÃO EDUCATIVA E SOCIAL,EM FUNCIONAMENTO
2024,40,HISTÓRIA,NÃO,BA,28005015070P2,HISTÓRIA,EM FUNCIONAMENTO
2024,45,INTERDISCIPLINAR,NÃO,BA,28005015009P1,ECOLOGIA HUMANA E GESTÃO SOCIOAMBIENTAL,EM FUNCIONAMENTO
2024,38,EDUCAÇÃO,NÃO,BA,28005015011P6,GESTÃO E TECNOLOGIAS APLICADAS À EDUCAÇÃO,EM FUNCIONAMENTO
2024,41,LINGUÍSTICA E LITERATURA,NÃO,BA,28005015008P5,CRÍTICA CULTURAL,EM FUNCIONAMENTO
2024,41,LINGUÍSTICA E LITERATURA,NÃO,BA,28005015080P8,TECNOLOGIAS DAS LINGUAGENS,EM FUNCIONAMENTO
2024,38,EDUCAÇÃO,NÃO,BA,28005015001P0,EDUCAÇÃO E CONTEMPORANEIDADE,EM FUNCIONAMENTO
2024,19,FARMÁCIA,NÃO,BA,28005015073P1,CIÊNCIAS FARMACÊUTICAS,EM FUNCIONAMENTO
2024,38,EDUCAÇÃO,NÃO,BA,28005015012P2,EDUCAÇÃO DE JOVENS E ADULTOS,EM FUNCIONAMENTO
2024,20,ENFERMAGEM,NÃO,BA,28006011007P5,ENFERMAGEM E SAÚDE,EM FUNCIONAMENTO
2024,41,LINGUÍSTICA E LITERATURA,NÃO,BA,28006011011P2,LINGUÍSTICA,EM FUNCIONAMENTO
2024,42,CIÊNCIAS AGRÁRIAS I,NÃO,BA,28006011014P1,CIÊNCIAS FLORESTAIS,EM FUNCIONAMENTO
2024,45,INTERDISCIPLINAR,NÃO,BA,28006011015P8,RELAÇÕES ÉTNICAS E CONTEMPORANEIDADE,EM FUNCIONAMENTO
2024,36,GEOGRAFIA,NÃO,BA,28006011170P3,GEOGRAFIA,EM FUNCIONAMENTO
2024,38,EDUCAÇÃO,NÃO,BA,28006011013P5,EDUCAÇÃO,EM FUNCIONAMENTO
2024,46,ENSINO,NÃO,BA,28006011171P0,ENSINO,EM FUNCIONAMENTO
2024,7,BIODIVERSIDADE,NÃO,BA,28006011009P8,"GENÉTICA, BIODIVERSIDADE E CONSERVAÇÃO",EM FUNCIONAMENTO
2024,4,QUÍMICA,NÃO,BA,28006011003P0,QUIMICA,EM FUNCIONAMENTO
2024,25,CIÊNCIA DE ALIMENTOS,NÃO,BA,28006011004P6,ENGENHARIA E CIÊNCIA DE ALIMENTOS,EM FUNCIONAMENTO
2024,45,INTERDISCIPLINAR,NÃO,BA,28006011005P2,MEMÓRIA:LINGUAGEM E SOCIEDADE,EM FUNCIONAMENTO
2024,23,ZOOTECNIA / RECURSOS PESQUEIROS,NÃO,BA,28006011002P3,ZOOTECNIA,EM FUNCIONAMENTO
2024,41,LINGUÍSTICA E LITERATURA,NÃO,BA,28006011008P1,"LETRAS: CULTURA, EDUCAÇÃO E LINGUAGENS",EM FUNCIONAMENTO
2024,21,"EDUCAÇÃO FÍSICA, FISIOTERAPIA, FONOAUDIOLOGIA E TERAPIA OCUPACIONAL",SIM,BA,28006011172P6,EDUCAÇÃO FÍSICA,EM FUNCIONAMENTO
2024,46,ENSINO,NÃO,BA,28006011010P6,EDUCAÇÃO CIENTÍFICA E FORMAÇÃO DE PROFESSORES,EM FUNCIONAMENTO
2024,49,CIÊNCIAS AMBIENTAIS,NÃO,BA,28006011012P9,CIÊNCIAS AMBIENTAIS,EM FUNCIONAMENTO
2024,42,CIÊNCIAS AGRÁRIAS I,NÃO,BA,28006011001P7,AGRONOMIA (FITOTECNIA),EM FUNCIONAMENTO
2024,7,BIODIVERSIDADE,NÃO,BA,28007018004P2,ZOOLOGIA,EM FUNCIONAMENTO
2024,7,BIODIVERSIDADE,NÃO,BA,28007018011P9,ECOLOGIA E CONSERVAÇÃO DA BIODIVERSIDADE,EM FUNCIONAMENTO
2024,38,EDUCAÇÃO,NÃO,BA,28007018017P7,EDUCAÇÃO,EM FUNCIONAMENTO
2024,47,MATERIAIS,NÃO,BA,28007018012P5,"CIÊNCIA, INOVAÇÃO E MODELAGEM EM MATERIAIS",EM FUNCIONAMENTO
2024,40,HISTÓRIA,NÃO,BA,28007018076P3,HISTÓRIA: ATLÂNTICO E DIÁSPORA AFRICANA,EM FUNCIONAMENTO
2024,16,MEDICINA II,NÃO,BA,28007018075P7,CIÊNCIAS DA SAÚDE,EM FUNCIONAMENTO
2024,20,ENFERMAGEM,NÃO,BA,28007018077P0,ENFERMAGEM,EM FUNCIONAMENTO
2024,24,MEDICINA VETERINÁRIA,NÃO,BA,28007018007P1,CIÊNCIA ANIMAL,EM FUNCIONAMENTO
2024,4,QUÍMICA,NÃO,BA,28007018019P0,QUÍMICA,EM FUNCIONAMENTO
2024,49,CIÊNCIAS AMBIENTAIS,NÃO,BA,28007018001P3,DESENVOLVIMENTO REGIONAL E MEIO AMBIENTE,EM FUNCIONAMENTO
2024,48,BIOTECNOLOGIA,NÃO,BA,28007018008P8,BIOLOGIA E BIOTECNOLOGIA DE MICRORGANISMOS,EM FUNCIONAMENTO
2024,7,BIODIVERSIDADE,SIM,BA,28007018006P5,SISTEMAS AQUÁTICOS TROPICAIS,EM FUNCIONAMENTO
2024,45,INTERDISCIPLINAR,NÃO,BA,28007018015P4,ECONOMIA REGIONAL E POLÍTICAS PÚBLICAS,EM FUNCIONAMENTO
2024,41,LINGUÍSTICA E LITERATURA,NÃO,BA,28007018009P4,LINGUAGENS E REPRESENTAÇÕES,EM FUNCIONAMENTO
2024,3,ASTRONOMIA / FÍSICA,NÃO,BA,28007018010P2,FÍSICA,EM FUNCIONAMENTO
2024,42,CIÊNCIAS AGRÁRIAS I,NÃO,BA,28007018005P9,PRODUÇÃO VEGETAL,EM FUNCIONAMENTO
2024,42,CIÊNCIAS AGRÁRIAS I,NÃO,BA,28007018003P6,GENÉTICA E BIOLOGIA MOLECULAR,EM FUNCIONAMENTO
2024,46,ENSINO,NÃO,BA,28007018018P3,EDUCAÇÃO EM CIÊNCIAS E MATEMÁTICA,EM FUNCIONAMENTO
2024,45,INTERDISCIPLINAR,NÃO,BA,28007018016P0,MODELAGEM COMPUTACIONAL EM CIÊNCIA E TECNOLOGIA,EM FUNCIONAMENTO
2024,15,MEDICINA I,NÃO,BA,28008014002P6,MEDICINA E SAÚDE HUMANA,EM FUNCIONAMENTO
2024,37,PSICOLOGIA,NÃO,BA,28008014005P5,PSICOLOGIA E INTERVENÇÕES EM SAÚDE,EM FUNCIONAMENTO
2024,16,MEDICINA II,NÃO,BA,28008014004P9,TECNOLOGIAS EM SAÚDE,EM FUNCIONAMENTO
2024,45,INTERDISCIPLINAR,NÃO,BA,28010019065P9,ENGENHARIA DE SISTEMAS E PRODUTOS,EM FUNCIONAMENTO
2024,47,MATERIAIS,NÃO,BA,28010019066P5,ENGENHARIA DE MATERIAIS,EM FUNCIONAMENTO
2024,2,COMPUTAÇÃO,NÃO,BA,28013018005P5,SISTEMAS E COMPUTAÇÃO,EM FUNCIONAMENTO
2024,30,PLANEJAMENTO URBANO E REGIONAL / DEMOGRAFIA,NÃO,BA,28013018001P0,DESENVOLVIMENTO REGIONAL E URBANO,EM FUNCIONAMENTO
2024,45,INTERDISCIPLINAR,NÃO,BA,28013018062P9,"DIREITO, GOVERNANÇA E POLÍTICAS PÚBLICAS",EM FUNCIONAMENTO
2024,27,"ADMINISTRAÇÃO PÚBLICA E DE EMPRESAS, CIÊNCIAS CONTÁBEIS E TURISMO",NÃO,BA,28013018004P9,ADMINISTRAÇÃO,EM FUNCIONAMENTO
2024,23,ZOOTECNIA / RECURSOS PESQUEIROS,SIM,BA,28022017004P4,ZOOTECNIA,EM FUNCIONAMENTO
2024,42,CIÊNCIAS AGRÁRIAS I,NÃO,BA,28022017009P6,ENGENHARIA AGRÍCOLA,EM FUNCIONAMENTO
2024,38,EDUCAÇÃO,NÃO,BA,28022017010P4,EDUCAÇÃO DO CAMPO,EM FUNCIONAMENTO
2024,46,ENSINO,NÃO,BA,28022017014P0,"EDUCAÇÃO CIENTÍFICA, INCLUSÃO E DIVERSIDADE",EM FUNCIONAMENTO
2024,40,HISTÓRIA,NÃO,BA,28022017011P0,"HISTÓRIA DA ÁFRICA, DA DIÁSPORA E DOS POVOS INDÍGENAS",EM FUNCIONAMENTO
2024,42,CIÊNCIAS AGRÁRIAS I,NÃO,BA,28022017007P3,DEFESA AGROPECUÁRIA,EM FUNCIONAMENTO
2024,42,CIÊNCIAS AGRÁRIAS I,SIM,BA,28022017003P8,RECURSOS GENÉTICOS VEGETAIS,EM FUNCIONAMENTO
2024,35,ANTROPOLOGIA / ARQUEOLOGIA,NÃO,BA,28022017013P3,ARQUEOLOGIA E PATRIMÔNIO CULTURAL,EM FUNCIONAMENTO
2024,22,SAÚDE COLETIVA,NÃO,BA,28022017016P2,SAÚDE DA POPULAÇÃO NEGRA E INDÍGENA,EM FUNCIONAMENTO
2024,39,CIÊNCIA POLÍTICA E RELAÇÕES INTERNACIONAIS,NÃO,BA,28022017008P0,GESTÃO DE POLÍTICAS PÚBLICAS,EM FUNCIONAMENTO
2024,42,CIÊNCIAS AGRÁRIAS I,NÃO,BA,28022017001P5,CIÊNCIAS AGRÁRIAS,EM FUNCIONAMENTO
2024,32,SERVIÇO SOCIAL,NÃO,BA,28022017015P6,POLÍTICA SOCIAL E TERRITÓRIOS,EM FUNCIONAMENTO
2024,34,SOCIOLOGIA,NÃO,BA,28022017005P0,CIÊNCIAS SOCIAIS,EM FUNCIONAMENTO
2024,31,COMUNICAÇÃO E INFORMAÇÃO,NÃO,BA,28022017012P7,COMUNICAÇÃO,EM FUNCIONAMENTO
2024,45,INTERDISCIPLINAR,NÃO,BA,28023013001P1,GESTÃO E TECNOLOGIA INDUSTRIAL - GETEC,EM FUNCIONAMENTO
2024,45,INTERDISCIPLINAR,NÃO,BA,28023013002P8,MODELAGEM COMPUTACIONAL E TECNOLOGIA INDUSTRIAL,EM FUNCIONAMENTO
2024,45,INTERDISCIPLINAR,NÃO,BA,28023013065P0,GESTÃO E TECNOLOGIA INDUSTRIAL - GETEC,EM FUNCIONAMENTO
2024,4,QUÍMICA,NÃO,BA,28023013066P6,DESENVOLVIMENTO SUSTENTÁVEL,EM FUNCIONAMENTO
2024,16,MEDICINA II,NÃO,BA,28025016001P4,BIOTECNOLOGIA EM SAÚDE E MEDICINA INVESTIGATIVA,EM FUNCIONAMENTO
2024,15,MEDICINA I,NÃO,BA,28025016002P0,PESQUISA CLINICA E TRANSLACIONAL,EM FUNCIONAMENTO
2024,49,CIÊNCIAS AMBIENTAIS,NÃO,BA,28048016001P7,DESENVOLVIMENTO REGIONAL E MEIO AMBIENTE,EM FUNCIONAMENTO
2024,49,CIÊNCIAS AMBIENTAIS,NÃO,BA,28049012001P3,CIÊNCIAS AMBIENTAIS,EM FUNCIONAMENTO
2024,46,ENSINO,NÃO,BA,28049012005P9,ENSINO,EM FUNCIONAMENTO
2024,16,MEDICINA II,NÃO,BA,28049012004P2,PATOLOGIA INVESTIGATIVA,EM FUNCIONAMENTO
2024,4,QUÍMICA,NÃO,BA,28049012002P0,QUÍMICA PURA E APLICADA,EM FUNCIONAMENTO
2024,19,FARMÁCIA,NÃO,BA,28049012007P1,BIOCIÊNCIAS E SAÚDE,EM FUNCIONAMENTO
2024,45,INTERDISCIPLINAR,NÃO,BA,28049012003P6,CIÊNCIAS HUMANAS E SOCIAIS,EM FUNCIONAMENTO
2024,47,MATERIAIS,NÃO,BA,28049012006P5,CIÊNCIA DOS MATERIAIS (PROMAT),EM FUNCIONAMENTO
2024,42,CIÊNCIAS AGRÁRIAS I,NÃO,BA,29002001001P9,PRODUÇÃO VEGETAL NO SEMIÁRIDO,EM FUNCIONAMENTO
2024,49,CIÊNCIAS AMBIENTAIS,NÃO,BA,29002001002P5,CIÊNCIAS AMBIENTAIS,EM FUNCIONAMENTO
2024,11,ARTES,NÃO,BA,29007003009P1,ARTES,EM FUNCIONAMENTO
2024,10,ENGENHARIAS I,SIM,BA,29007003008P5,ENGENHARIA CIVIL E AMBIENTAL,EM FUNCIONAMENTO
2024,49,CIÊNCIAS AMBIENTAIS,SIM,BA,29007003003P3,CIÊNCIAS E TECNOLOGIAS AMBIENTAIS,EM FUNCIONAMENTO
2024,45,INTERDISCIPLINAR,NÃO,BA,29007003006P2,"SAÚDE, AMBIENTE E BIODIVERSIDADE",EM FUNCIONAMENTO
2024,45,INTERDISCIPLINAR,NÃO,BA,29007003007P9,CIÊNCIAS E SUSTENTABILIDADE,EM FUNCIONAMENTO
2024,46,ENSINO,NÃO,BA,29007003004P0,ENSINO E RELAÇÕES ÉTNICO-RACIAIS,EM FUNCIONAMENTO
2024,49,CIÊNCIAS AMBIENTAIS,NÃO,BA,29007003005P6,BIOSSISTEMAS,EM FUNCIONAMENTO
2024,45,INTERDISCIPLINAR,NÃO,BA,29007003002P7,ESTADO E SOCIEDADE,EM FUNCIONAMENTO
2024,22,SAÚDE COLETIVA,NÃO,ES,30001013018P1,SAÚDE COLETIVA,EM FUNCIONAMENTO
2024,42,CIÊNCIAS AGRÁRIAS I,NÃO,ES,30001013032P4,CIÊNCIAS FLORESTAIS,EM FUNCIONAMENTO
2024,1,MATEMÁTICA / PROBABILIDADE E ESTATÍSTICA,NÃO,ES,30001013023P5,MATEMÁTICA,EM FUNCIONAMENTO
2024,37,PSICOLOGIA,NÃO,ES,30001013006P3,PSICOLOGIA,EM FUNCIONAMENTO
2024,42,CIÊNCIAS AGRÁRIAS I,NÃO,ES,30001013019P8,AGRONOMIA,EM FUNCIONAMENTO
2024,7,BIODIVERSIDADE,NÃO,ES,30001013014P6,CIÊNCIAS BIOLÓGICAS,EM FUNCIONAMENTO
2024,46,ENSINO,NÃO,ES,30001013055P4,ENSINO NA EDUCAÇÃO BÁSICA,EM FUNCIONAMENTO
2024,28,ECONOMIA,NÃO,ES,30001013008P6,ECONOMIA,EM FUNCIONAMENTO
2024,38,EDUCAÇÃO,NÃO,ES,30001013001P1,EDUCAÇÃO,EM FUNCIONAMENTO
2024,48,BIOTECNOLOGIA,NÃO,ES,30001013029P3,BIOTECNOLOGIA,EM FUNCIONAMENTO
2024,46,ENSINO,NÃO,ES,30001013044P2,ENSINO DE FÍSICA,EM FUNCIONAMENTO
2024,27,"ADMINISTRAÇÃO PÚBLICA E DE EMPRESAS, CIÊNCIAS CONTÁBEIS E TURISMO",NÃO,ES,30001013015P2,ADMINISTRAÇÃO,EM FUNCIONAMENTO
2024,8,CIÊNCIAS BIOLÓGICAS II,NÃO,ES,30001013002P8,CIÊNCIAS FISIOLÓGICAS,EM FUNCIONAMENTO
2024,2,COMPUTAÇÃO,NÃO,ES,30001013007P0,INFORMÁTICA,EM FUNCIONAMENTO
2024,42,CIÊNCIAS AGRÁRIAS I,NÃO,ES,30001013042P0,AGRICULTURA TROPICAL,EM FUNCIONAMENTO
2024,3,ASTRONOMIA / FÍSICA,NÃO,ES,30001013005P7,FÍSICA,EM FUNCIONAMENTO
2024,27,"ADMINISTRAÇÃO PÚBLICA E DE EMPRESAS, CIÊNCIAS CONTÁBEIS E TURISMO",NÃO,ES,30001013045P9,GESTÃO PÚBLICA,EM FUNCIONAMENTO
2024,45,INTERDISCIPLINAR,NÃO,ES,30001013047P1,ENERGIA,EM FUNCIONAMENTO
2024,18,ODONTOLOGIA,NÃO,ES,30001013109P7,CIÊNCIAS ODONTOLÓGICAS,EM FUNCIONAMENTO
2024,42,CIÊNCIAS AGRÁRIAS I,NÃO,ES,30001013104P5,AGROQUÍMICA,EM FUNCIONAMENTO
2024,12,ENGENHARIAS II,NÃO,ES,30001013054P8,ENGENHARIA QUÍMICA,EM FUNCIONAMENTO
2024,32,SERVIÇO SOCIAL,NÃO,ES,30001013020P6,POLÍTICA SOCIAL,EM FUNCIONAMENTO
2024,16,MEDICINA II,NÃO,ES,30001013010P0,DOENÇAS INFECCIOSAS,EM FUNCIONAMENTO
2024,34,SOCIOLOGIA,NÃO,ES,30001013035P3,CIÊNCIAS SOCIAIS,EM FUNCIONAMENTO
2024,42,CIÊNCIAS AGRÁRIAS I,NÃO,ES,30001013053P1,GENÉTICA E MELHORAMENTO,EM FUNCIONAMENTO
2024,27,"ADMINISTRAÇÃO PÚBLICA E DE EMPRESAS, CIÊNCIAS CONTÁBEIS E TURISMO",NÃO,ES,30001013041P3,CIÊNCIAS CONTÁBEIS,EM FUNCIONAMENTO
2024,14,ENGENHARIAS IV,NÃO,ES,30001013004P0,ENGENHARIA ELÉTRICA,EM FUNCIONAMENTO
2024,24,MEDICINA VETERINÁRIA,NÃO,ES,30001013033P0,CIÊNCIAS VETERINÁRIAS,EM FUNCIONAMENTO
2024,26,DIREITO,NÃO,ES,30001013027P0,DIREITO PROCESSUAL,EM FUNCIONAMENTO
2024,41,LINGUÍSTICA E LITERATURA,NÃO,ES,30001013013P0,LETRAS,EM FUNCIONAMENTO
2024,33,FILOSOFIA,NÃO,ES,30001013037P6,FILOSOFIA,EM FUNCIONAMENTO
2024,31,COMUNICAÇÃO E INFORMAÇÃO,NÃO,ES,30001013108P0,CIÊNCIA DA INFORMAÇÃO,EM FUNCIONAMENTO
2024,22,SAÚDE COLETIVA,NÃO,ES,30001013110P5,SAÚDE COLETIVA,EM FUNCIONAMENTO
2024,31,COMUNICAÇÃO E INFORMAÇÃO,NÃO,ES,30001013057P7,COMUNICAÇÃO E TERRITORIALIDADES,EM FUNCIONAMENTO
2024,50,NUTRIÇÃO,NÃO,ES,30001013103P9,NUTRIÇÃO E SAÚDE,EM FUNCIONAMENTO
2024,37,PSICOLOGIA,NÃO,ES,30001013028P7,PSICOLOGIA INSTITUCIONAL,EM FUNCIONAMENTO
2024,29,"ARQUITETURA, URBANISMO E DESIGN",NÃO,ES,30001013030P1,ARQUITETURA E URBANISMO,EM FUNCIONAMENTO
2024,42,CIÊNCIAS AGRÁRIAS I,NÃO,ES,30001013016P9,BIOLOGIA VEGETAL,EM FUNCIONAMENTO
2024,19,FARMÁCIA,NÃO,ES,30001013056P0,CIÊNCIAS FARMACÊUTICAS,EM FUNCIONAMENTO
2024,25,CIÊNCIA DE ALIMENTOS,NÃO,ES,30001013046P5,CIÊNCIA E TECNOLOGIA DE ALIMENTOS,EM FUNCIONAMENTO
2024,13,ENGENHARIAS III,NÃO,ES,30001013011P7,ENGENHARIA MECÂNICA,EM FUNCIONAMENTO
2024,3,ASTRONOMIA / FÍSICA,SIM,ES,30001013105P1,"ASTROFÍSICA, COSMOLOGIA E GRAVITAÇÃO",EM FUNCIONAMENTO
2024,36,GEOGRAFIA,NÃO,ES,30001013034P7,GEOGRAFIA,EM FUNCIONAMENTO
2024,40,HISTÓRIA,NÃO,ES,30001013017P5,HISTÓRIA,EM FUNCIONAMENTO
2024,10,ENGENHARIAS I,NÃO,ES,30001013012P3,ENGENHARIA CIVIL,EM FUNCIONAMENTO
2024,10,ENGENHARIAS I,NÃO,ES,30001013003P4,ENGENHARIA AMBIENTAL,EM FUNCIONAMENTO
2024,11,ARTES,NÃO,ES,30001013024P1,ARTES,EM FUNCIONAMENTO
2024,8,CIÊNCIAS BIOLÓGICAS II,NÃO,ES,30001013049P4,BIOQUÍMICA,EM FUNCIONAMENTO
2024,46,ENSINO,NÃO,ES,30001013106P8,"ENSINO, EDUCAÇÃO BÁSICA E FORMAÇÃO DE PROFESSORES",EM FUNCIONAMENTO
2024,10,ENGENHARIAS I,NÃO,ES,30001013036P0,ENGENHARIA E DESENVOLVIMENTO SUSTENTÁVEL,EM FUNCIONAMENTO
2024,20,ENFERMAGEM,NÃO,ES,30001013048P8,ENFERMAGEM,EM FUNCIONAMENTO
2024,41,LINGUÍSTICA E LITERATURA,NÃO,ES,30001013022P9,LINGÜÍSTICA,EM FUNCIONAMENTO
2024,38,EDUCAÇÃO,NÃO,ES,30001013107P4,PROFISSIONAL EM EDUCAÇÃO,EM FUNCIONAMENTO
2024,49,CIÊNCIAS AMBIENTAIS,NÃO,ES,30001013031P8,OCEANOGRAFIA AMBIENTAL,EM FUNCIONAMENTO
2024,4,QUÍMICA,NÃO,ES,30001013021P2,QUÍMICA,EM FUNCIONAMENTO
2024,21,"EDUCAÇÃO FÍSICA, FISIOTERAPIA, FONOAUDIOLOGIA E TERAPIA OCUPACIONAL",NÃO,ES,30001013025P8,EDUCAÇÃO FÍSICA,EM FUNCIONAMENTO
2024,46,ENSINO,SIM,ES,30004012074P8,EDUCAÇÃO PROFISSIONAL E TECNOLÓGICA,EM FUNCIONAMENTO
2024,2,COMPUTAÇÃO,NÃO,ES,30004012075P4,COMPUTAÇÃO APLICADA,EM FUNCIONAMENTO
2024,14,ENGENHARIAS IV,NÃO,ES,30004012070P2,ENGENHARIA DE CONTROLE E AUTOMAÇÃO,EM FUNCIONAMENTO
2024,46,ENSINO,NÃO,ES,30004012002P7,EDUCAÇÃO EM CIÊNCIAS E MATEMÁTICA,EM FUNCIONAMENTO
2024,46,ENSINO,NÃO,ES,30004012072P5,ENSINO DE HUMANIDADES,EM FUNCIONAMENTO
2024,12,ENGENHARIAS II,NÃO,ES,30004012001P0,ENGENHARIA METALÚRGICA E DE MATERIAIS,EM FUNCIONAMENTO
2024,45,INTERDISCIPLINAR,NÃO,ES,30004012071P9,TECNOLOGIAS SUSTENTÁVEIS,EM FUNCIONAMENTO
2024,42,CIÊNCIAS AGRÁRIAS I,NÃO,ES,30004012073P1,AGROECOLOGIA,EM FUNCIONAMENTO
2024,27,"ADMINISTRAÇÃO PÚBLICA E DE EMPRESAS, CIÊNCIAS CONTÁBEIS E TURISMO",NÃO,ES,30007011003P2,ADMINISTRAÇÃO E CIÊNCIAS CONTÁBEIS,EM FUNCIONAMENTO
2024,27,"ADMINISTRAÇÃO PÚBLICA E DE EMPRESAS, CIÊNCIAS CONTÁBEIS E TURISMO",NÃO,ES,30007011001P0,CIÊNCIAS CONTÁBEIS E ADMINISTRAÇÃO,EM FUNCIONAMENTO
2024,26,DIREITO,NÃO,ES,30010012001P7,DIREITO,EM FUNCIONAMENTO
2024,29,"ARQUITETURA, URBANISMO E DESIGN",NÃO,ES,30011019103P0,ARQUITETURA E CIDADE,EM FUNCIONAMENTO
2024,45,INTERDISCIPLINAR,NÃO,ES,30011019006P5,SEGURANÇA PÚBLICA,EM FUNCIONAMENTO
2024,24,MEDICINA VETERINÁRIA,NÃO,ES,30011019002P0,CIÊNCIA ANIMAL,EM FUNCIONAMENTO
2024,34,SOCIOLOGIA,NÃO,ES,30011019005P9,SOCIOLOGIA POLÍTICA,EM FUNCIONAMENTO
2024,19,FARMÁCIA,NÃO,ES,30011019003P6,CIÊNCIAS FARMACÊUTICAS,EM FUNCIONAMENTO
2024,32,SERVIÇO SOCIAL,NÃO,ES,30013011001P6,POLÍTICAS PÚBLICAS E DESENVOLVIMENTO LOCAL,EM FUNCIONAMENTO
2024,44,CIÊNCIAS DA RELIGIÃO E TEOLOGIA,NÃO,ES,30014018001P2,CIÊNCIAS DAS RELIGIÕES,EM FUNCIONAMENTO
2024,45,INTERDISCIPLINAR,NÃO,ES,30015014002P5,"CIÊNCIA, TECNOLOGIA E EDUCAÇÃO",EM FUNCIONAMENTO
2024,14,ENGENHARIAS IV,NÃO,RJ,31001017029P6,ENGENHARIA ELÉTRICA,EM FUNCIONAMENTO
2024,8,CIÊNCIAS BIOLÓGICAS II,NÃO,RJ,31001017108P3,CIÊNCIAS BIOLÓGICAS (FISIOLOGIA),EM FUNCIONAMENTO
2024,9,CIÊNCIAS BIOLÓGICAS III,NÃO,RJ,31001017017P8,CIÊNCIAS (MICROBIOLOGIA),EM FUNCIONAMENTO
2024,1,MATEMÁTICA / PROBABILIDADE E ESTATÍSTICA,NÃO,RJ,31001017003P7,MATEMÁTICA,EM FUNCIONAMENTO
2024,51,CIÊNCIAS E HUMANIDADES PARA A EDUCAÇÃO BÁSICA,SIM,RJ,31001017169P2,QUÍMICA EM REDE NACIONAL,EM FUNCIONAMENTO
2024,41,LINGUÍSTICA E LITERATURA,NÃO,RJ,31001017071P2,LETRAS (CIÊNCIA DA LITERATURA),EM FUNCIONAMENTO
2024,48,BIOTECNOLOGIA,NÃO,RJ,31001017100P2,BIOTECNOLOGIA VEGETAL E BIOPROCESSOS,EM FUNCIONAMENTO
2024,16,MEDICINA II,NÃO,RJ,31001017057P0,MEDICINA (RADIOLOGIA),EM FUNCIONAMENTO
2024,8,CIÊNCIAS BIOLÓGICAS II,NÃO,RJ,31001017179P8,BIOIMAGEM E BIOESTRUTURA,EM FUNCIONAMENTO
2024,8,CIÊNCIAS BIOLÓGICAS II,NÃO,RJ,31001017149P1,"EDUCAÇÃO, GESTÃO E DIFUSÃO EM BIOCIÊNCIAS",EM FUNCIONAMENTO
2024,8,CIÊNCIAS BIOLÓGICAS II,NÃO,RJ,31001017148P5,FORMAÇÃO PARA A PESQUISA BIOMÉDICA,EM FUNCIONAMENTO
2024,29,"ARQUITETURA, URBANISMO E DESIGN",NÃO,RJ,31001017088P2,ARQUITETURA,EM FUNCIONAMENTO
2024,11,ARTES,NÃO,RJ,31001017170P0,MÚSICA,EM FUNCIONAMENTO
2024,11,ARTES,NÃO,RJ,31001017089P9,ARTES VISUAIS,EM FUNCIONAMENTO
2024,3,ASTRONOMIA / FÍSICA,NÃO,RJ,31001017002P0,FÍSICA,EM FUNCIONAMENTO
2024,19,FARMÁCIA,NÃO,RJ,31001017143P3,PRODUTOS BIOATIVOS E BIOCIÊNCIAS,EM FUNCIONAMENTO
2024,30,PLANEJAMENTO URBANO E REGIONAL / DEMOGRAFIA,NÃO,RJ,31001017065P2,PLANEJAMENTO URBANO E REGIONAL,EM FUNCIONAMENTO
2024,50,NUTRIÇÃO,NÃO,RJ,31001017084P7,NUTRIÇÃO,EM FUNCIONAMENTO
2024,8,CIÊNCIAS BIOLÓGICAS II,NÃO,RJ,31001017015P5,CIÊNCIAS BIOLÓGICAS (FARMACOLOGIA E QUÍMICA MEDICINAL),EM FUNCIONAMENTO
2024,34,SOCIOLOGIA,NÃO,RJ,31001017020P9,SOCIOLOGIA E ANTROPOLOGIA,EM FUNCIONAMENTO
2024,41,LINGUÍSTICA E LITERATURA,NÃO,RJ,31001017085P3,INTERDISCIPLINAR LINGÜÍSTICA APLICADA,EM FUNCIONAMENTO
2024,31,COMUNICAÇÃO E INFORMAÇÃO,NÃO,RJ,31001017064P6,COMUNICAÇÃO,EM FUNCIONAMENTO
2024,41,LINGUÍSTICA E LITERATURA,NÃO,RJ,31001017069P8,LETRAS (LETRAS CLÁSSICAS),EM FUNCIONAMENTO
2024,10,ENGENHARIAS I,NÃO,RJ,31001017038P5,ENGENHARIA DE TRANSPORTES,EM FUNCIONAMENTO
2024,16,MEDICINA II,NÃO,RJ,31001017056P3,PSIQUIATRIA E SAÚDE MENTAL,EM FUNCIONAMENTO
2024,8,CIÊNCIAS BIOLÓGICAS II,NÃO,RJ,31001017105P4,CIÊNCIAS MORFOLÓGICAS,EM FUNCIONAMENTO
2024,15,MEDICINA I,NÃO,RJ,31001017048P0,CLÍNICA MÉDICA,EM FUNCIONAMENTO
2024,8,CIÊNCIAS BIOLÓGICAS II,NÃO,RJ,31001017012P6,CIÊNCIAS BIOLÓGICAS (BIOFÍSICA),EM FUNCIONAMENTO
2024,46,ENSINO,NÃO,RJ,31001017156P8,ENSINO DE QUÍMICA,EM FUNCIONAMENTO
2024,10,ENGENHARIAS I,NÃO,RJ,31001017115P0,ENGENHARIA AMBIENTAL,EM FUNCIONAMENTO
2024,46,ENSINO,NÃO,RJ,31001017122P6,ENSINO DE MATEMÁTICA,EM FUNCIONAMENTO
2024,3,ASTRONOMIA / FÍSICA,NÃO,RJ,31001017118P9,ASTRONOMIA,EM FUNCIONAMENTO
2024,12,ENGENHARIAS II,NÃO,RJ,31001017033P3,ENGENHARIA NUCLEAR,EM FUNCIONAMENTO
2024,11,ARTES,NÃO,RJ,31001017175P2,DANÇA,EM FUNCIONAMENTO
2024,25,CIÊNCIA DE ALIMENTOS,NÃO,RJ,31001017112P0,CIÊNCIA DE ALIMENTOS,EM FUNCIONAMENTO
2024,26,DIREITO,NÃO,RJ,31001017130P9,DIREITO,EM FUNCIONAMENTO
2024,10,ENGENHARIAS I,NÃO,RJ,31001017171P7,ENGENHARIA AMBIENTAL,EM FUNCIONAMENTO
2024,15,MEDICINA I,NÃO,RJ,31001017044P5,MEDICINA (ENDOCRINOLOGIA),EM FUNCIONAMENTO
2024,11,ARTES,NÃO,RJ,31001017072P9,MÚSICA,EM FUNCIONAMENTO
2024,29,"ARQUITETURA, URBANISMO E DESIGN",NÃO,RJ,31001017172P3,DESIGN,EM FUNCIONAMENTO
2024,49,CIÊNCIAS AMBIENTAIS,NÃO,RJ,31001017145P6,CIÊNCIAS AMBIENTAIS E CONSERVAÇÃO,EM FUNCIONAMENTO
2024,16,MEDICINA II,NÃO,RJ,31001017049P7,MEDICINA (DOENÇAS INFECCIOSAS E PARASITÁRIAS),EM FUNCIONAMENTO
2024,50,NUTRIÇÃO,NÃO,RJ,31001017151P6,NUTRIÇÃO CLÍNICA,EM FUNCIONAMENTO
2024,21,"EDUCAÇÃO FÍSICA, FISIOTERAPIA, FONOAUDIOLOGIA E TERAPIA OCUPACIONAL",NÃO,RJ,31001017178P1,CIÊNCIAS DA REABILITAÇÃO,EM FUNCIONAMENTO
2024,5,GEOCIÊNCIAS,NÃO,RJ,31001017161P1,GEOCIÊNCIAS: PATRIMÔNIO GEOPALEONTOLÓGICO,EM FUNCIONAMENTO
2024,20,ENFERMAGEM,NÃO,RJ,31001017060P0,ENFERMAGEM,EM FUNCIONAMENTO
2024,35,ANTROPOLOGIA / ARQUEOLOGIA,NÃO,RJ,31001017125P5,ARQUEOLOGIA,EM FUNCIONAMENTO
2024,41,LINGUÍSTICA E LITERATURA,NÃO,RJ,31001017086P0,LETRAS NEOLATINAS,EM FUNCIONAMENTO
2024,19,FARMÁCIA,NÃO,RJ,31001017099P4,CIÊNCIAS FARMACÊUTICAS,EM FUNCIONAMENTO
2024,28,ECONOMIA,NÃO,RJ,31001017025P0,ECONOMIA DA INDÚSTRIA E DA TECNOLOGIA,EM FUNCIONAMENTO
2024,27,"ADMINISTRAÇÃO PÚBLICA E DE EMPRESAS, CIÊNCIAS CONTÁBEIS E TURISMO",NÃO,RJ,31001017062P3,ADMINISTRAÇÃO,EM FUNCIONAMENTO
2024,13,ENGENHARIAS III,NÃO,RJ,31001017035P6,ENGENHARIA DE PRODUÇÃO,EM FUNCIONAMENTO
2024,18,ODONTOLOGIA,NÃO,RJ,31001017059P2,ODONTOLOGIA,EM FUNCIONAMENTO
2024,22,SAÚDE COLETIVA,NÃO,RJ,31001017111P4,SAÚDE COLETIVA,EM FUNCIONAMENTO
2024,2,COMPUTAÇÃO,NÃO,RJ,31001017110P8,INFORMÁTICA,EM FUNCIONAMENTO
2024,12,ENGENHARIAS II,NÃO,RJ,31001017136P7,TECNOLOGIA DE PROCESSOS SUSTENTÁVEIS,EM FUNCIONAMENTO
2024,3,ASTRONOMIA / FÍSICA,NÃO,RJ,31001017174P6,MULTIDISCIPLINAR EM FÍSICA APLICADA,EM FUNCIONAMENTO
2024,4,QUÍMICA,NÃO,RJ,31001017009P5,QUÍMICA DE PRODUTOS NATURAIS,EM FUNCIONAMENTO
2024,36,GEOGRAFIA,NÃO,RJ,31001017024P4,GEOGRAFIA,EM FUNCIONAMENTO
2024,7,BIODIVERSIDADE,NÃO,RJ,31001017014P9,CIÊNCIAS BIOLÓGICAS (BOTÂNICA),EM FUNCIONAMENTO
2024,45,INTERDISCIPLINAR,SIM,RJ,31001017177P5,NANOBIOSSISTEMAS,EM FUNCIONAMENTO
2024,5,GEOCIÊNCIAS,NÃO,RJ,31001017139P6,METEOROLOGIA,EM FUNCIONAMENTO
2024,12,ENGENHARIAS II,NÃO,RJ,31001017158P0,ENGENHARIA DA NANOTECNOLOGIA,EM FUNCIONAMENTO
2024,37,PSICOLOGIA,NÃO,RJ,31001017097P1,TEORIA PSICANALÍTICA,EM FUNCIONAMENTO
2024,7,BIODIVERSIDADE,NÃO,RJ,31001017146P2,BIODIVERSIDADE E BIOLOGIA EVOLUTIVA,EM FUNCIONAMENTO
2024,19,FARMÁCIA,NÃO,RJ,31001017154P5,CIÊNCIA E TECNOLOGIA FARMACÊUTICA,EM FUNCIONAMENTO
2024,35,ANTROPOLOGIA / ARQUEOLOGIA,NÃO,RJ,31001017021P5,ANTROPOLOGIA SOCIAL,EM FUNCIONAMENTO
2024,8,CIÊNCIAS BIOLÓGICAS II,NÃO,RJ,31001017153P9,NEUROCIÊNCIA TRANSLACIONAL,EM FUNCIONAMENTO
2024,45,INTERDISCIPLINAR,NÃO,RJ,31001017121P0,HISTÓRIA DAS CIÊNCIAS E DAS TÉCNICAS E EPISTEMOLOGIA,EM FUNCIONAMENTO
2024,12,ENGENHARIAS II,NÃO,RJ,31001017036P2,ENGENHARIA QUÍMICA,EM FUNCIONAMENTO
2024,32,SERVIÇO SOCIAL,NÃO,RJ,31001017066P9,SERVIÇO SOCIAL,EM FUNCIONAMENTO
2024,39,CIÊNCIA POLÍTICA E RELAÇÕES INTERNACIONAIS,NÃO,RJ,31001017137P3,ECONOMIA POLÍTICA INTERNACIONAL,EM FUNCIONAMENTO
2024,39,CIÊNCIA POLÍTICA E RELAÇÕES INTERNACIONAIS,NÃO,RJ,31001017160P5,POLÍTICAS PÚBLICAS EM DIREITOS HUMANOS,EM FUNCIONAMENTO
2024,2,COMPUTAÇÃO,NÃO,RJ,31001017004P3,ENGENHARIA DE SISTEMAS E COMPUTAÇÃO,EM FUNCIONAMENTO
2024,45,INTERDISCIPLINAR,NÃO,RJ,31001017159P7,TECNOLOGIA PARA O DESENVOLVIMENTO SOCIAL,EM FUNCIONAMENTO
2024,9,CIÊNCIAS BIOLÓGICAS III,SIM,RJ,31001017147P9,IMUNOLOGIA E INFLAMAÇAO,EM FUNCIONAMENTO
2024,8,CIÊNCIAS BIOLÓGICAS II,NÃO,RJ,31001017087P6,QUÍMICA BIOLÓGICA,EM FUNCIONAMENTO
2024,37,PSICOLOGIA,NÃO,RJ,31001017101P9,PSICOSSOCIOLOGIA DE COMUNID.E ECOLOGIA SOCIAL,EM FUNCIONAMENTO
2024,41,LINGUÍSTICA E LITERATURA,NÃO,RJ,31001017167P0,LINGUÍSTICA E LÍNGUAS INDÍGENAS,EM FUNCIONAMENTO
2024,12,ENGENHARIAS II,NÃO,RJ,31001017031P0,ENGENHARIA METALÚRGICA E DE MATERIAIS,EM FUNCIONAMENTO
2024,15,MEDICINA I,NÃO,RJ,31001017041P6,MEDICINA (CARDIOLOGIA),EM FUNCIONAMENTO
2024,12,ENGENHARIAS II,NÃO,RJ,31001017008P9,CIÊNCIA E TECNOLOGIA DE POLÍMEROS,EM FUNCIONAMENTO
2024,45,INTERDISCIPLINAR,NÃO,RJ,31001017127P8,"POLÍTICAS PÚBLICAS, ESTRATÉGIAS E DESENVOLVIMENTO",EM FUNCIONAMENTO
2024,7,BIODIVERSIDADE,NÃO,RJ,31001017096P5,ECOLOGIA,EM FUNCIONAMENTO
2024,6,CIÊNCIAS BIOLÓGICAS I,NÃO,RJ,31001017016P1,CIÊNCIAS BIOLÓGICAS (GENÉTICA),EM FUNCIONAMENTO
2024,40,HISTÓRIA,NÃO,RJ,31001017023P8,HISTÓRIA SOCIAL,EM FUNCIONAMENTO
2024,37,PSICOLOGIA,NÃO,RJ,31001017165P7,ATENÇÃO PSICOSSOCIAL,EM FUNCIONAMENTO
2024,41,LINGUÍSTICA E LITERATURA,NÃO,RJ,31001017067P5,LINGÜÍSTICA,EM FUNCIONAMENTO
2024,13,ENGENHARIAS III,NÃO,RJ,31001017102P5,PLANEJAMENTO ENERGÉTICO,EM FUNCIONAMENTO
2024,22,SAÚDE COLETIVA,NÃO,RJ,31001017163P4,ATENÇÃO PRIMÁRIA À SAÚDE,EM FUNCIONAMENTO
2024,14,ENGENHARIAS IV,NÃO,RJ,31001017027P3,ENGENHARIA BIOMÉDICA,EM FUNCIONAMENTO
2024,10,ENGENHARIAS I,NÃO,RJ,31001017132P1,ENGENHARIA URBANA,EM FUNCIONAMENTO
2024,16,MEDICINA II,NÃO,RJ,31001017173P0,SAÚDE MATERNO-INFANTIL,EM FUNCIONAMENTO
2024,10,ENGENHARIAS I,NÃO,RJ,31001017028P0,ENGENHARIA CIVIL,EM FUNCIONAMENTO
2024,7,BIODIVERSIDADE,NÃO,RJ,31001017019P0,CIÊNCIAS BIOLÓGICAS (ZOOLOGIA),EM FUNCIONAMENTO
2024,33,FILOSOFIA,NÃO,RJ,31001017022P1,FILOSOFIA,EM FUNCIONAMENTO
2024,10,ENGENHARIAS I,NÃO,RJ,31001017134P4,PROJETO DE ESTRUTURAS,EM FUNCIONAMENTO
2024,12,ENGENHARIAS II,NÃO,RJ,31001017037P9,ENGENHARIA DE PROCESSOS QUÍMICOS E BIOQUÍMICOS,EM FUNCIONAMENTO
2024,48,BIOTECNOLOGIA,NÃO,RJ,31001017013P2,BIOQUÍMICA,EM FUNCIONAMENTO
2024,27,"ADMINISTRAÇÃO PÚBLICA E DE EMPRESAS, CIÊNCIAS CONTÁBEIS E TURISMO",NÃO,RJ,31001017113P7,CIÊNCIAS CONTÁBEIS,EM FUNCIONAMENTO
2024,18,ODONTOLOGIA,NÃO,RJ,31001017152P2,ODONTOLOGIA,EM FUNCIONAMENTO
2024,8,CIÊNCIAS BIOLÓGICAS II,NÃO,RJ,31001017144P0,FORMAÇÃO EM CIÊNCIAS PARA PROFESSORES.,EM FUNCIONAMENTO
2024,17,MEDICINA III,NÃO,RJ,31001017128P4,CIÊNCIAS CIRÚRGICAS,EM FUNCIONAMENTO
2024,21,"EDUCAÇÃO FÍSICA, FISIOTERAPIA, FONOAUDIOLOGIA E TERAPIA OCUPACIONAL",NÃO,RJ,31001017131P5,EDUCAÇÃO FÍSICA,EM FUNCIONAMENTO
2024,1,MATEMÁTICA / PROBABILIDADE E ESTATÍSTICA,NÃO,RJ,31001017005P0,ESTATÍSTICA,EM FUNCIONAMENTO
2024,40,HISTÓRIA,NÃO,RJ,31001017119P5,HISTÓRIA COMPARADA,EM FUNCIONAMENTO
2024,11,ARTES,NÃO,RJ,31001017157P4,ARTES DA CENA,EM FUNCIONAMENTO
2024,37,PSICOLOGIA,NÃO,RJ,31001017098P8,PSICOLOGIA,EM FUNCIONAMENTO
2024,4,QUÍMICA,NÃO,RJ,31001017006P6,QUÍMICA,EM FUNCIONAMENTO
2024,16,MEDICINA II,NÃO,RJ,31001017040P0,MEDICINA (ANATOMIA PATOLÓGICA),EM FUNCIONAMENTO
2024,33,FILOSOFIA,NÃO,RJ,31001017123P2,LÓGICA E METAFÍSICA,EM FUNCIONAMENTO
2024,51,CIÊNCIAS E HUMANIDADES PARA A EDUCAÇÃO BÁSICA,SIM,RJ,31001017155P1,ENSINO DE HISTÓRIA,EM FUNCIONAMENTO
2024,29,"ARQUITETURA, URBANISMO E DESIGN",NÃO,RJ,31001017103P1,URBANISMO,EM FUNCIONAMENTO
2024,29,"ARQUITETURA, URBANISMO E DESIGN",NÃO,RJ,31001017142P7,ARQUITETURA PAISAGÍSTICA,EM FUNCIONAMENTO
2024,49,CIÊNCIAS AMBIENTAIS,NÃO,RJ,31001017176P9,"AMBIENTE, SOCIEDADE E DESENVOLVIMENTO",EM FUNCIONAMENTO
2024,46,ENSINO,NÃO,RJ,31001017126P1,ENSINO DE FÍSICA,EM FUNCIONAMENTO
2024,13,ENGENHARIAS III,NÃO,RJ,31001017032P7,ENGENHARIA OCEÂNICA,EM FUNCIONAMENTO
2024,29,"ARQUITETURA, URBANISMO E DESIGN",NÃO,RJ,31001017150P0,PROJETO E PATRIMÔNIO,EM FUNCIONAMENTO
2024,38,EDUCAÇÃO,NÃO,RJ,31001017001P4,EDUCAÇÃO,EM FUNCIONAMENTO
2024,13,ENGENHARIAS III,NÃO,RJ,31001017030P4,ENGENHARIA MECÂNICA,EM FUNCIONAMENTO
2024,31,COMUNICAÇÃO E INFORMAÇÃO,NÃO,RJ,31001017166P3,MÍDIAS CRIATIVAS,EM FUNCIONAMENTO
2024,46,ENSINO,NÃO,RJ,31001017106P0,EDUCAÇÃO EM CIÊNCIAS E SAÚDE,EM FUNCIONAMENTO
2024,5,GEOCIÊNCIAS,NÃO,RJ,31001017011P0,GEOLOGIA,EM FUNCIONAMENTO
2024,41,LINGUÍSTICA E LITERATURA,NÃO,RJ,31001017070P6,LETRAS (LETRAS VERNÁCULAS),EM FUNCIONAMENTO
2024,38,EDUCAÇÃO,NÃO,RJ,31002013020P5,"EDUCAÇÃO, CONTEXTOS CONTEMPORÂNEOS E DEMANDAS POPULARES",EM FUNCIONAMENTO
2024,12,ENGENHARIAS II,NÃO,RJ,31002013160P1,CIÊNCIA E ENGENHARIA DE MATERIAIS,EM FUNCIONAMENTO
2024,12,ENGENHARIAS II,NÃO,RJ,31002013014P5,ENGENHARIA QUÍMICA,EM FUNCIONAMENTO
2024,4,QUÍMICA,NÃO,RJ,31002013001P0,QUÍMICA,EM FUNCIONAMENTO
2024,42,CIÊNCIAS AGRÁRIAS I,NÃO,RJ,31002013002P7,AGRONOMIA (CIÊNCIAS DO SOLO),EM FUNCIONAMENTO
2024,42,CIÊNCIAS AGRÁRIAS I,NÃO,RJ,31002013032P3,ENGENHARIA AGRÍCOLA E AMBIENTAL,EM FUNCIONAMENTO
2024,5,GEOCIÊNCIAS,NÃO,RJ,31002013159P3,MODELAGEM E EVOLUÇÃO GEOLÓGICA,EM FUNCIONAMENTO
2024,28,ECONOMIA,NÃO,RJ,31002013158P7,ECONOMIA REGIONAL E DESENVOLVIMENTO,EM FUNCIONAMENTO
2024,45,INTERDISCIPLINAR,NÃO,RJ,31002013022P8,CIÊNCIA TECNOLOGIA E INOVAÇÃO EM AGROPECUÁRIA,EM FUNCIONAMENTO
2024,30,PLANEJAMENTO URBANO E REGIONAL / DEMOGRAFIA,NÃO,RJ,31002013026P3,DESENVOLVIMENTO TERRITORIAL E POLÍTICAS PÚBLICAS,EM FUNCIONAMENTO
2024,34,SOCIOLOGIA,NÃO,RJ,31002013025P7,CIÊNCIAS SOCIAIS,EM FUNCIONAMENTO
2024,42,CIÊNCIAS AGRÁRIAS I,NÃO,RJ,31002013018P0,FITOSSANIDADE E BIOTECNOLOGIA APLICADA,EM FUNCIONAMENTO
2024,27,"ADMINISTRAÇÃO PÚBLICA E DE EMPRESAS, CIÊNCIAS CONTÁBEIS E TURISMO",NÃO,RJ,31002013015P1,GESTÃO E ESTRATÉGIA,EM FUNCIONAMENTO
2024,37,PSICOLOGIA,NÃO,RJ,31002013027P0,PSICOLOGIA,EM FUNCIONAMENTO
2024,38,EDUCAÇÃO,NÃO,RJ,31002013017P4,EDUCAÇÃO AGRÍCOLA,EM FUNCIONAMENTO
2024,41,LINGUÍSTICA E LITERATURA,NÃO,RJ,31002013161P8,LETRAS: ESTUDOS DE LINGUAGEM E LITERATURA,EM FUNCIONAMENTO
2024,45,INTERDISCIPLINAR,NÃO,RJ,31002013028P6,MODELAGEM MATEMÁTICA E COMPUTACIONAL,EM FUNCIONAMENTO
2024,40,HISTÓRIA,NÃO,RJ,31002013019P7,HISTÓRIA,EM FUNCIONAMENTO
2024,42,CIÊNCIAS AGRÁRIAS I,NÃO,RJ,31002013010P0,FITOTECNIA,EM FUNCIONAMENTO
2024,7,BIODIVERSIDADE,NÃO,RJ,31002013012P2,BIOLOGIA ANIMAL,EM FUNCIONAMENTO
2024,42,CIÊNCIAS AGRÁRIAS I,NÃO,RJ,31002013023P4,AGRICULTURA ORGÂNICA,EM FUNCIONAMENTO
2024,33,FILOSOFIA,NÃO,RJ,31002013031P7,FILOSOFIA,EM FUNCIONAMENTO
2024,45,INTERDISCIPLINAR,NÃO,RJ,31002013024P0,PRÁTICAS EM DESENVOLVIMENTO SUSTENTÁVEL,EM FUNCIONAMENTO
2024,46,ENSINO,NÃO,RJ,31002013156P4,EDUCAÇÃO EM CIÊNCIAS E MATEMÁTICA,EM FUNCIONAMENTO
2024,36,GEOGRAFIA,NÃO,RJ,31002013157P0,GEOGRAFIA,EM FUNCIONAMENTO
2024,24,MEDICINA VETERINÁRIA,NÃO,RJ,31002013016P8,MEDICINA VETERINÁRIA (PATOLOGIA E CIÊNCIAS CLÍNICAS),EM FUNCIONAMENTO
2024,34,SOCIOLOGIA,NÃO,RJ,31002013007P9,"CIÊNCIAS SOCIAIS EM DESENVOLVIMENTO, AGRICULTURA E SOCIEDADE",EM FUNCIONAMENTO
2024,42,CIÊNCIAS AGRÁRIAS I,NÃO,RJ,31002013011P6,CIÊNCIAS AMBIENTAIS E FLORESTAIS,EM FUNCIONAMENTO
2024,24,MEDICINA VETERINÁRIA,NÃO,RJ,31002013003P3,CIÊNCIAS VETERINÁRIAS,EM FUNCIONAMENTO
2024,25,CIÊNCIA DE ALIMENTOS,NÃO,RJ,31002013006P2,CIÊNCIA E TECNOLOGIA DE ALIMENTOS,EM FUNCIONAMENTO
2024,16,MEDICINA II,NÃO,RJ,31003010076P0,SAÚDE MATERNO-INFANTIL,EM FUNCIONAMENTO
2024,13,ENGENHARIAS III,NÃO,RJ,31003010019P7,ENGENHARIA DE PRODUÇÃO,EM FUNCIONAMENTO
2024,24,MEDICINA VETERINÁRIA,NÃO,RJ,31003010024P0,MEDICINA VETERINÁRIA ( CLÍNICA E REPRODUÇÃO ANIMAL),EM FUNCIONAMENTO
2024,14,ENGENHARIAS IV,NÃO,RJ,31003010054P7,ENGENHARIA ELÉTRICA E DE TELECOMUNICAÇÕES,EM FUNCIONAMENTO
2024,15,MEDICINA I,NÃO,RJ,31003010021P1,CIÊNCIAS CARDIOVASCULARES,EM FUNCIONAMENTO
2024,16,MEDICINA II,NÃO,RJ,31003010025P7,MEDICINA (NEUROLOGIA),EM FUNCIONAMENTO
2024,24,MEDICINA VETERINÁRIA,NÃO,RJ,31003010015P1,MEDIC.VETERIN.(HIG.VETER.PROC.TECN.PROD.ORIG.ANIMAL),EM FUNCIONAMENTO
2024,50,NUTRIÇÃO,NÃO,RJ,31003010171P3,CIÊNCIAS DA NUTRIÇÃO,EM FUNCIONAMENTO
2024,15,MEDICINA I,NÃO,RJ,31003010048P7,CIÊNCIAS MÉDICAS,EM FUNCIONAMENTO
2024,18,ODONTOLOGIA,NÃO,RJ,31003010094P9,ODONTOLOGIA,EM FUNCIONAMENTO
2024,39,CIÊNCIA POLÍTICA E RELAÇÕES INTERNACIONAIS,NÃO,RJ,31003010057P6,DEFESA E SEGURANÇA CIVIL,EM FUNCIONAMENTO
2024,31,COMUNICAÇÃO E INFORMAÇÃO,NÃO,RJ,31003010088P9,MÍDIA E COTIDIANO,EM FUNCIONAMENTO
2024,34,SOCIOLOGIA,NÃO,RJ,31003010075P4,SOCIOLOGIA,EM FUNCIONAMENTO
2024,1,MATEMÁTICA / PROBABILIDADE E ESTATÍSTICA,NÃO,RJ,31003010003P3,MATEMÁTICA,EM FUNCIONAMENTO
2024,32,SERVIÇO SOCIAL,NÃO,RJ,31003010049P3,POLÍTICA SOCIAL,EM FUNCIONAMENTO
2024,46,ENSINO,NÃO,RJ,31003010093P2,DIVERSIDADE E INCLUSÃO,EM FUNCIONAMENTO
2024,5,GEOCIÊNCIAS,NÃO,RJ,31003010004P0,GEOCIÊNCIAS (GEOQUÍMICA),EM FUNCIONAMENTO
2024,8,CIÊNCIAS BIOLÓGICAS II,NÃO,RJ,31003010096P1,CIÊNCIAS BIOMÉDICAS (FISIOLOGIA E FARMACOLOGIA),EM FUNCIONAMENTO
2024,29,"ARQUITETURA, URBANISMO E DESIGN",NÃO,RJ,31003010052P4,ARQUITETURA E URBANISMO,EM FUNCIONAMENTO
2024,28,ECONOMIA,NÃO,RJ,31003010022P8,ECONOMIA,EM FUNCIONAMENTO
2024,45,INTERDISCIPLINAR,NÃO,RJ,31003010079P0,CIÊNCIAS E BIOTECNOLOGIA,EM FUNCIONAMENTO
2024,27,"ADMINISTRAÇÃO PÚBLICA E DE EMPRESAS, CIÊNCIAS CONTÁBEIS E TURISMO",NÃO,RJ,31003010157P0,TURISMO,EM FUNCIONAMENTO
2024,36,GEOGRAFIA,NÃO,RJ,31003010095P5,GEOGRAFIA,EM FUNCIONAMENTO
2024,11,ARTES,NÃO,RJ,31003010038P1,ESTUDOS CONTEMPORANEOS DAS ARTES,EM FUNCIONAMENTO
2024,12,ENGENHARIAS II,NÃO,RJ,31003010068P8,ENGENHARIA QUÍMICA,EM FUNCIONAMENTO
2024,22,SAÚDE COLETIVA,NÃO,RJ,31003010061P3,SAÚDE COLETIVA,EM FUNCIONAMENTO
2024,33,FILOSOFIA,NÃO,RJ,31003010081P4,FILOSOFIA,EM FUNCIONAMENTO
2024,45,INTERDISCIPLINAR,NÃO,RJ,31003010064P2,CIÊNCIAS APLICADAS A PRODUTOS PARA SAÚDE,EM FUNCIONAMENTO
2024,40,HISTÓRIA,NÃO,RJ,31003010005P6,HISTÓRIA,EM FUNCIONAMENTO
2024,45,INTERDISCIPLINAR,NÃO,RJ,31003010090P3,CULTURA E TERRITORIALIDADES,EM FUNCIONAMENTO
2024,41,LINGUÍSTICA E LITERATURA,NÃO,RJ,31003010074P8,ESTUDOS DE LITERATURA,EM FUNCIONAMENTO
2024,46,ENSINO,NÃO,RJ,31003010085P0,ENSINO DE CIÊNCIAS DA NATUREZA,EM FUNCIONAMENTO
2024,26,DIREITO,NÃO,RJ,31003010158P7,"DIREITOS, INSTITUIÇÕES E NEGÓCIOS",EM FUNCIONAMENTO
2024,36,GEOGRAFIA,NÃO,RJ,31003010041P2,GEOGRAFIA,EM FUNCIONAMENTO
2024,26,DIREITO,NÃO,RJ,31003010080P8,DIREITO CONSTITUCIONAL,EM FUNCIONAMENTO
2024,31,COMUNICAÇÃO E INFORMAÇÃO,NÃO,RJ,31003010040P6,COMUNICAÇÃO,EM FUNCIONAMENTO
2024,45,INTERDISCIPLINAR,NÃO,RJ,31003010044P1,SOCIOLOGIA E DIREITO,EM FUNCIONAMENTO
2024,31,COMUNICAÇÃO E INFORMAÇÃO,NÃO,RJ,31003010063P6,CIÊNCIA DA INFORMAÇÃO,EM FUNCIONAMENTO
2024,13,ENGENHARIAS III,NÃO,RJ,31003010086P6,ENGENHARIA DE PRODUÇÃO E SISTEMAS COMPUTACIONAIS,EM FUNCIONAMENTO
2024,45,INTERDISCIPLINAR,NÃO,RJ,31003010072P5,MODELAGEM COMPUTACIONAL EM CIÊNCIA E TECNOLOGIA,EM FUNCIONAMENTO
2024,46,ENSINO,NÃO,RJ,31003010156P4,ENSINO,EM FUNCIONAMENTO
2024,38,EDUCAÇÃO,NÃO,RJ,31003010001P0,EDUCAÇÃO,EM FUNCIONAMENTO
2024,2,COMPUTAÇÃO,NÃO,RJ,31003010046P4,COMPUTAÇÃO,EM FUNCIONAMENTO
2024,35,ANTROPOLOGIA / ARQUEOLOGIA,NÃO,RJ,31003010173P6,JUSTIÇA E SEGURANÇA,EM FUNCIONAMENTO
2024,18,ODONTOLOGIA,NÃO,RJ,31003010053P0,ODONTOLOGIA,EM FUNCIONAMENTO
2024,20,ENFERMAGEM,NÃO,RJ,31003010067P1,ENFERMAGEM,EM FUNCIONAMENTO
2024,10,ENGENHARIAS I,NÃO,RJ,31003010006P2,ENGENHARIA CIVIL,EM FUNCIONAMENTO
2024,49,CIÊNCIAS AMBIENTAIS,NÃO,RJ,31003010091P0,TECNOLOGIA AMBIENTAL,EM FUNCIONAMENTO
2024,30,PLANEJAMENTO URBANO E REGIONAL / DEMOGRAFIA,NÃO,RJ,31003010170P7,"DESENVOLVIMENTO REGIONAL, AMBIENTE E POLÍTICAS PÚBLICAS",EM FUNCIONAMENTO
2024,27,"ADMINISTRAÇÃO PÚBLICA E DE EMPRESAS, CIÊNCIAS CONTÁBEIS E TURISMO",NÃO,RJ,31003010078P3,ADMINISTRAÇÃO,EM FUNCIONAMENTO
2024,45,INTERDISCIPLINAR,NÃO,RJ,31003010071P9,JUSTIÇA ADMINISTRATIVA,EM FUNCIONAMENTO
2024,16,MEDICINA II,NÃO,RJ,31003010017P4,PATOLOGIA,EM FUNCIONAMENTO
2024,12,ENGENHARIAS II,NÃO,RJ,31003010032P3,ENGENHARIA METALÚRGICA,EM FUNCIONAMENTO
2024,46,ENSINO,NÃO,RJ,31003010174P2,"CIÊNCIAS, TECNOLOGIAS E INCLUSÃO",EM FUNCIONAMENTO
2024,13,ENGENHARIAS III,NÃO,RJ,31003010036P9,ENGENHARIA MECÂNICA,EM FUNCIONAMENTO
2024,45,INTERDISCIPLINAR,NÃO,RJ,31003010045P8,SISTEMAS DE GESTÃO,EM FUNCIONAMENTO
2024,39,CIÊNCIA POLÍTICA E RELAÇÕES INTERNACIONAIS,NÃO,RJ,31003010033P0,CIÊNCIA POLÍTICA,EM FUNCIONAMENTO
2024,31,COMUNICAÇÃO E INFORMAÇÃO,NÃO,RJ,31003010172P0,CINEMA E AUDIOVISUAL,EM FUNCIONAMENTO
2024,41,LINGUÍSTICA E LITERATURA,NÃO,RJ,31003010073P1,ESTUDOS DE LINGUAGEM,EM FUNCIONAMENTO
2024,9,CIÊNCIAS BIOLÓGICAS III,NÃO,RJ,31003010058P2,MICROBIOLOGIA E PARASITOLOGIA APLICADAS,EM FUNCIONAMENTO
2024,8,CIÊNCIAS BIOLÓGICAS II,NÃO,RJ,31003010042P9,NEUROCIÊNCIAS,EM FUNCIONAMENTO
2024,19,FARMÁCIA,NÃO,RJ,31003010082P0,ADMINISTRAÇÃO E GESTÃO DA ASSISTÊNCIA FARMACÊUTICA,EM FUNCIONAMENTO
2024,32,SERVIÇO SOCIAL,NÃO,RJ,31003010084P3,SERVIÇO SOCIAL E DESENVOLVIMENTO REGIONAL,EM FUNCIONAMENTO
2024,5,GEOCIÊNCIAS,NÃO,RJ,31003010029P2,DINÂMICA DOS OCEANOS E DA TERRA,EM FUNCIONAMENTO
2024,39,CIÊNCIA POLÍTICA E RELAÇÕES INTERNACIONAIS,NÃO,RJ,31003010062P0,ESTUDOS ESTRATÉGICOS DA DEFESA E DA SEGURANÇA,EM FUNCIONAMENTO
2024,4,QUÍMICA,NÃO,RJ,31003010027P0,QUÍMICA,EM FUNCIONAMENTO
2024,3,ASTRONOMIA / FÍSICA,NÃO,RJ,31003010002P7,FÍSICA,EM FUNCIONAMENTO
2024,13,ENGENHARIAS III,NÃO,RJ,31003010098P4,ENGENHARIA DE PRODUÇÃO,EM FUNCIONAMENTO
2024,27,"ADMINISTRAÇÃO PÚBLICA E DE EMPRESAS, CIÊNCIAS CONTÁBEIS E TURISMO",NÃO,RJ,31003010092P6,ADMINISTRAÇÃO,EM FUNCIONAMENTO
2024,20,ENFERMAGEM,NÃO,RJ,31003010055P3,ENFERMAGEM,EM FUNCIONAMENTO
2024,7,BIODIVERSIDADE,NÃO,RJ,31003010039P8,BIOLOGIA MARINHA E AMBIENTES COSTEIROS,EM FUNCIONAMENTO
2024,37,PSICOLOGIA,NÃO,RJ,31003010043P5,PSICOLOGIA,EM FUNCIONAMENTO
2024,46,ENSINO,NÃO,RJ,31003010083P7,ENSINO NA SAÚDE:FORMAÇÃO DOCENTE INTERDISCIPLINAR PARA O SUS,EM FUNCIONAMENTO
2024,45,INTERDISCIPLINAR,NÃO,RJ,31003010097P8,SISTEMAS DE GESTÃO SUSTENTÁVEIS,EM FUNCIONAMENTO
2024,35,ANTROPOLOGIA / ARQUEOLOGIA,NÃO,RJ,31003010031P7,ANTROPOLOGIA,EM FUNCIONAMENTO
2024,49,CIÊNCIAS AMBIENTAIS,NÃO,RJ,31003010089P5,ENGENHARIA DE BIOSSISTEMAS,EM FUNCIONAMENTO
2024,13,ENGENHARIAS III,NÃO,RJ,31003010087P2,MONTAGEM INDUSTRIAL,EM FUNCIONAMENTO
2024,45,INTERDISCIPLINAR,NÃO,RJ,31004016053P3,CIÊNCIAS COMPUTACIONAIS E MODELAGEM MATEMÁTICA,EM FUNCIONAMENTO
2024,38,EDUCAÇÃO,NÃO,RJ,31004016051P0,"EDUCAÇÃO, CULTURA E COMUNICAÇÃO",EM FUNCIONAMENTO
2024,15,MEDICINA I,NÃO,RJ,31004016029P5,FISIOPATOLOGIA CLÍNICA E EXPERIMENTAL,EM FUNCIONAMENTO
2024,36,GEOGRAFIA,NÃO,RJ,31004016062P2,GEOGRAFIA,EM FUNCIONAMENTO
2024,5,GEOCIÊNCIAS,NÃO,RJ,31004016054P0,OCEANOGRAFIA,EM FUNCIONAMENTO
2024,11,ARTES,NÃO,RJ,31004016039P0,ARTES,EM FUNCIONAMENTO
2024,39,CIÊNCIA POLÍTICA E RELAÇÕES INTERNACIONAIS,NÃO,RJ,31004016057P9,RELAÇÕES INTERNACIONAIS,EM FUNCIONAMENTO
2024,37,PSICOLOGIA,NÃO,RJ,31004016027P2,PSICANÁLISE,EM FUNCIONAMENTO
2024,41,LINGUÍSTICA E LITERATURA,NÃO,RJ,31004016009P4,LETRAS,EM FUNCIONAMENTO
2024,22,SAÚDE COLETIVA,NÃO,RJ,31004016004P2,SAÚDE COLETIVA,EM FUNCIONAMENTO
2024,9,CIÊNCIAS BIOLÓGICAS III,NÃO,RJ,31004016018P3,MICROBIOLOGIA,EM FUNCIONAMENTO
2024,34,SOCIOLOGIA,NÃO,RJ,31004016060P0,SOCIOLOGIA,EM FUNCIONAMENTO
2024,7,BIODIVERSIDADE,NÃO,RJ,31004016055P6,BIOLOGIA VEGETAL,EM FUNCIONAMENTO
2024,31,COMUNICAÇÃO E INFORMAÇÃO,NÃO,RJ,31004016033P2,COMUNICAÇÃO,EM FUNCIONAMENTO
2024,34,SOCIOLOGIA,NÃO,RJ,31004016020P8,CIÊNCIAS SOCIAIS,EM FUNCIONAMENTO
2024,15,MEDICINA I,NÃO,RJ,31004016065P1,TELESSAÚDE E SAÚDE DIGITAL,EM FUNCIONAMENTO
2024,38,EDUCAÇÃO,NÃO,RJ,31004016058P5,EDUCAÇÃO - PROCESSOS FORMATIVOS E DESIGUALDADES SOCIAIS,EM FUNCIONAMENTO
2024,15,MEDICINA I,NÃO,RJ,31004016036P1,CIÊNCIAS MÉDICAS,EM FUNCIONAMENTO
2024,29,"ARQUITETURA, URBANISMO E DESIGN",NÃO,RJ,31004016041P5,DESIGN,EM FUNCIONAMENTO
2024,36,GEOGRAFIA,NÃO,RJ,31004016035P5,GEOGRAFIA,EM FUNCIONAMENTO
2024,17,MEDICINA III,NÃO,RJ,31004016050P4,FISIOPATOLOGIA E CIÊNCIAS CIRÚRGICAS,EM FUNCIONAMENTO
2024,33,FILOSOFIA,NÃO,RJ,31004016016P0,FILOSOFIA,EM FUNCIONAMENTO
2024,7,BIODIVERSIDADE,NÃO,RJ,31004016047P3,ECOLOGIA E EVOLUÇÃO,EM FUNCIONAMENTO
2024,21,"EDUCAÇÃO FÍSICA, FISIOTERAPIA, FONOAUDIOLOGIA E TERAPIA OCUPACIONAL",NÃO,RJ,31004016066P8,CIÊNCIAS DO EXERCÍCIO E DO ESPORTE,EM FUNCIONAMENTO
2024,18,ODONTOLOGIA,NÃO,RJ,31004016008P8,ODONTOLOGIA,EM FUNCIONAMENTO
2024,3,ASTRONOMIA / FÍSICA,NÃO,RJ,31004016022P0,FÍSICA,EM FUNCIONAMENTO
2024,49,CIÊNCIAS AMBIENTAIS,NÃO,RJ,31004016045P0,MEIO AMBIENTE,EM FUNCIONAMENTO
2024,6,CIÊNCIAS BIOLÓGICAS I,NÃO,RJ,31004016017P7,BIOLOGIA HUMANA E EXPERIMENTAL,EM FUNCIONAMENTO
2024,50,NUTRIÇÃO,NÃO,RJ,31004016052P7,"ALIMENTAÇÃO, NUTRIÇÃO E SAÚDE",EM FUNCIONAMENTO
2024,37,PSICOLOGIA,NÃO,RJ,31004016013P1,PSICOLOGIA SOCIAL,EM FUNCIONAMENTO
2024,45,INTERDISCIPLINAR,NÃO,RJ,31004016040P9,POLÍTICAS PÚBLICAS E FORMAÇÃO HUMANA,EM FUNCIONAMENTO
2024,5,GEOCIÊNCIAS,NÃO,RJ,31004016023P7,GEOCIÊNCIAS,EM FUNCIONAMENTO
2024,6,CIÊNCIAS BIOLÓGICAS I,NÃO,RJ,31004016001P3,BIOCIÊNCIAS,EM FUNCIONAMENTO
2024,41,LINGUÍSTICA E LITERATURA,NÃO,RJ,31004016163P3,LINGUÍSTICA E LÍNGUA PORTUGUESA,EM FUNCIONAMENTO
2024,12,ENGENHARIAS II,NÃO,RJ,31004016049P6,CIÊNCIA E TECNOLOGIA DE MATERIAIS,EM FUNCIONAMENTO
2024,28,ECONOMIA,NÃO,RJ,31004016032P6,CIÊNCIAS ECONÔMICAS,EM FUNCIONAMENTO
2024,41,LINGUÍSTICA E LITERATURA,NÃO,RJ,31004016160P4,LETRAS E LINGUÍSTICA,EM FUNCIONAMENTO
2024,38,EDUCAÇÃO,NÃO,RJ,31004016006P5,EDUCAÇÃO,EM FUNCIONAMENTO
2024,37,PSICOLOGIA,NÃO,RJ,31004016159P6,PSICANÁLISE,EM FUNCIONAMENTO
2024,39,CIÊNCIA POLÍTICA E RELAÇÕES INTERNACIONAIS,NÃO,RJ,31004016061P6,CIÊNCIA POLÍTICA,EM FUNCIONAMENTO
2024,16,MEDICINA II,NÃO,RJ,31004016158P0,FÍSICA MÉDICA,EM FUNCIONAMENTO
2024,20,ENFERMAGEM,NÃO,RJ,31004016026P6,ENFERMAGEM,EM FUNCIONAMENTO
2024,26,DIREITO,NÃO,RJ,31004016015P4,DIREITO,EM FUNCIONAMENTO
2024,46,ENSINO,NÃO,RJ,31004016064P5,ENSINO EM EDUCAÇÃO BÁSICA,EM FUNCIONAMENTO
2024,4,QUÍMICA,NÃO,RJ,31004016037P8,QUÍMICA,EM FUNCIONAMENTO
2024,27,"ADMINISTRAÇÃO PÚBLICA E DE EMPRESAS, CIÊNCIAS CONTÁBEIS E TURISMO",NÃO,RJ,31004016048P0,CIÊNCIAS CONTÁBEIS,EM FUNCIONAMENTO
2024,32,SERVIÇO SOCIAL,NÃO,RJ,31004016028P9,SERVIÇO SOCIAL,EM FUNCIONAMENTO
2024,45,INTERDISCIPLINAR,NÃO,RJ,31004016021P4,MODELAGEM COMPUTACIONAL,EM FUNCIONAMENTO
2024,40,HISTÓRIA,NÃO,RJ,31004016024P3,HISTÓRIA,EM FUNCIONAMENTO
2024,10,ENGENHARIAS I,NÃO,RJ,31004016156P7,ENGENHARIA AMBIENTAL - DEAMB,EM FUNCIONAMENTO
2024,11,ARTES,NÃO,RJ,31004016162P7,HISTÓRIA DA ARTE,EM FUNCIONAMENTO
2024,12,ENGENHARIAS II,NÃO,RJ,31004016038P4,ENGENHARIA QUÍMICA,EM FUNCIONAMENTO
2024,10,ENGENHARIAS I,NÃO,RJ,31004016034P9,ENGENHARIA CIVIL,EM FUNCIONAMENTO
2024,16,MEDICINA II,NÃO,RJ,31004016059P1,"SAUDE, MEDICINA LABORATORIAL E TECNOLOGIA FORENSE",EM FUNCIONAMENTO
2024,14,ENGENHARIAS IV,NÃO,RJ,31004016043P8,ENGENHARIA ELETRÔNICA,EM FUNCIONAMENTO
2024,10,ENGENHARIAS I,NÃO,RJ,31004016031P0,ENGENHARIA AMBIENTAL,EM FUNCIONAMENTO
2024,40,HISTÓRIA,NÃO,RJ,31004016046P7,HISTÓRIA SOCIAL,EM FUNCIONAMENTO
2024,13,ENGENHARIAS III,NÃO,RJ,31004016044P4,ENGENHARIA MECÂNICA,EM FUNCIONAMENTO
2024,46,ENSINO,NÃO,RJ,31004016063P9,"ENSINO DE CIÊNCIAS, AMBIENTE E SOCIEDADE",EM FUNCIONAMENTO
2024,22,SAÚDE COLETIVA,NÃO,RJ,31004016042P1,SAÚDE COLETIVA,EM FUNCIONAMENTO
2024,27,"ADMINISTRAÇÃO PÚBLICA E DE EMPRESAS, CIÊNCIAS CONTÁBEIS E TURISMO",NÃO,RJ,31004016161P0,CONTROLADORIA E GESTÃO PÚBLICA,EM FUNCIONAMENTO
2024,13,ENGENHARIAS III,NÃO,RJ,31005012028P5,METROLOGIA,EM FUNCIONAMENTO
2024,41,LINGUÍSTICA E LITERATURA,NÃO,RJ,31005012038P0,"LITERATURA, CULTURA E CONTEMPORANEIDADE",EM FUNCIONAMENTO
2024,41,LINGUÍSTICA E LITERATURA,NÃO,RJ,31005012037P4,ESTUDOS DA LINGUAGEM,EM FUNCIONAMENTO
2024,29,"ARQUITETURA, URBANISMO E DESIGN",NÃO,RJ,31005012039P7,ARQUITETURA,EM FUNCIONAMENTO
2024,10,ENGENHARIAS I,NÃO,RJ,31005012010P9,ENGENHARIA CIVIL,EM FUNCIONAMENTO
2024,26,DIREITO,NÃO,RJ,31005012020P4,DIREITO,EM FUNCIONAMENTO
2024,32,SERVIÇO SOCIAL,NÃO,RJ,31005012021P0,SERVIÇO SOCIAL,EM FUNCIONAMENTO
2024,34,SOCIOLOGIA,NÃO,RJ,31005012030P0,CIÊNCIAS SOCIAIS,EM FUNCIONAMENTO
2024,39,CIÊNCIA POLÍTICA E RELAÇÕES INTERNACIONAIS,NÃO,RJ,31005012157P0,ANÁLISE E GESTÃO DE POLÍTICAS INTERNACIONAIS: RESOLUÇÃO DE CONFLITOS E COOPERAÇÃO PARA O DESENVOLVIMENTO,EM FUNCIONAMENTO
2024,29,"ARQUITETURA, URBANISMO E DESIGN",NÃO,RJ,31005012027P9,DESIGN,EM FUNCIONAMENTO
2024,1,MATEMÁTICA / PROBABILIDADE E ESTATÍSTICA,NÃO,RJ,31005012003P2,MATEMÁTICA,EM FUNCIONAMENTO
2024,2,COMPUTAÇÃO,NÃO,RJ,31005012004P9,INFORMÁTICA,EM FUNCIONAMENTO
2024,26,DIREITO,NÃO,RJ,31005012159P2,DIREITO CIVIL CONTEMPORÂNEO E PRÁTICA JURÍDICA,EM FUNCIONAMENTO
2024,14,ENGENHARIAS IV,NÃO,RJ,31005012011P5,ENGENHARIA ELÉTRICA,EM FUNCIONAMENTO
2024,10,ENGENHARIAS I,NÃO,RJ,31005012036P8,ENGENHARIA URBANA E AMBIENTAL,EM FUNCIONAMENTO
2024,44,CIÊNCIAS DA RELIGIÃO E TEOLOGIA,NÃO,RJ,31005012007P8,TEOLOGIA,EM FUNCIONAMENTO
2024,12,ENGENHARIAS II,NÃO,RJ,31005012013P8,"ENGENHARIA QUÍMICA, DE MATERIAIS E PROCESSOS AMBIENTAIS",EM FUNCIONAMENTO
2024,49,CIÊNCIAS AMBIENTAIS,NÃO,RJ,31005012158P6,CIÊNCIAS DA CONSERVAÇÃO E SUSTENTABILIDADE,EM FUNCIONAMENTO
2024,3,ASTRONOMIA / FÍSICA,NÃO,RJ,31005012002P6,FÍSICA,EM FUNCIONAMENTO
2024,31,COMUNICAÇÃO E INFORMAÇÃO,NÃO,RJ,31005012029P1,COMUNICAÇÃO,EM FUNCIONAMENTO
2024,13,ENGENHARIAS III,NÃO,RJ,31005012014P4,ENGENHARIA DE PRODUÇÃO,EM FUNCIONAMENTO
2024,13,ENGENHARIAS III,NÃO,RJ,31005012012P1,ENGENHARIA MECÂNICA,EM FUNCIONAMENTO
2024,4,QUÍMICA,NÃO,RJ,31005012005P5,QUÍMICA,EM FUNCIONAMENTO
2024,27,"ADMINISTRAÇÃO PÚBLICA E DE EMPRESAS, CIÊNCIAS CONTÁBEIS E TURISMO",NÃO,RJ,31005012019P6,ADMINISTRAÇÃO DE EMPRESAS,EM FUNCIONAMENTO
2024,40,HISTÓRIA,NÃO,RJ,31005012024P0,HISTÓRIA SOCIAL DA CULTURA,EM FUNCIONAMENTO
2024,36,GEOGRAFIA,NÃO,RJ,31005012034P5,GEOGRAFIA,EM FUNCIONAMENTO
2024,33,FILOSOFIA,NÃO,RJ,31005012006P1,FILOSOFIA,EM FUNCIONAMENTO
2024,27,"ADMINISTRAÇÃO PÚBLICA E DE EMPRESAS, CIÊNCIAS CONTÁBEIS E TURISMO",NÃO,RJ,31005012033P9,ADMINISTRAÇÃO DE EMPRESAS,EM FUNCIONAMENTO
2024,39,CIÊNCIA POLÍTICA E RELAÇÕES INTERNACIONAIS,NÃO,RJ,31005012026P2,RELAÇÕES INTERNACIONAIS,EM FUNCIONAMENTO
2024,38,EDUCAÇÃO,NÃO,RJ,31005012001P0,EDUCAÇÃO,EM FUNCIONAMENTO
2024,28,ECONOMIA,NÃO,RJ,31005012008P4,ECONOMIA,EM FUNCIONAMENTO
2024,37,PSICOLOGIA,NÃO,RJ,31005012009P0,PSICOLOGIA (PSICOLOGIA CLÍNICA),EM FUNCIONAMENTO
2024,13,ENGENHARIAS III,NÃO,RJ,31007015012P4,PGMEC,EM FUNCIONAMENTO
2024,10,ENGENHARIAS I,NÃO,RJ,31007015010P1,ENGENHARIA DE TRANSPORTES,EM FUNCIONAMENTO
2024,45,INTERDISCIPLINAR,NÃO,RJ,31007015011P8,ENGENHARIA DE DEFESA,EM FUNCIONAMENTO
2024,14,ENGENHARIAS IV,NÃO,RJ,31007015004P1,ENGENHARIA ELÉTRICA,EM FUNCIONAMENTO
2024,4,QUÍMICA,NÃO,RJ,31007015003P5,QUÍMICA,EM FUNCIONAMENTO
2024,12,ENGENHARIAS II,NÃO,RJ,31007015007P0,ENGENHARIA NUCLEAR,EM FUNCIONAMENTO
2024,2,COMPUTAÇÃO,NÃO,RJ,31007015009P3,SISTEMAS E COMPUTAÇÃO,EM FUNCIONAMENTO
2024,12,ENGENHARIAS II,NÃO,RJ,31007015006P4,CIÊNCIA E ENGENHARIA DE MATERIAIS,EM FUNCIONAMENTO
2024,1,MATEMÁTICA / PROBABILIDADE E ESTATÍSTICA,NÃO,RJ,31008011001P9,MATEMÁTICA,EM FUNCIONAMENTO
2024,1,MATEMÁTICA / PROBABILIDADE E ESTATÍSTICA,NÃO,RJ,31008011002P5,MÉTODOS MATEMÁTICOS EM FINANÇAS,EM FUNCIONAMENTO
2024,3,ASTRONOMIA / FÍSICA,NÃO,RJ,31009018001P5,FÍSICA,EM FUNCIONAMENTO
2024,3,ASTRONOMIA / FÍSICA,NÃO,RJ,31009018003P8,FÍSICA,EM FUNCIONAMENTO
2024,45,INTERDISCIPLINAR,NÃO,RJ,31010016016P7,VIGILÂNCIA SANITÁRIA,EM FUNCIONAMENTO
2024,15,MEDICINA I,NÃO,RJ,31010016008P4,PESQUISA CLINICA EM DOENÇAS INFECCIOSAS,EM FUNCIONAMENTO
2024,7,BIODIVERSIDADE,NÃO,RJ,31010016028P5,BIODIVERSIDADE E SAÚDE,EM FUNCIONAMENTO
2024,8,CIÊNCIAS BIOLÓGICAS II,NÃO,RJ,31010016004P9,BIOLOGIA CELULAR E MOLECULAR,EM FUNCIONAMENTO
2024,45,INTERDISCIPLINAR,NÃO,RJ,31010016007P8,VIGILÂNCIA SANITÁRIA,EM FUNCIONAMENTO
2024,40,HISTÓRIA,NÃO,RJ,31010016006P1,HISTÓRIA DAS CIÊNCIAS E DA SAÚDE,EM FUNCIONAMENTO
2024,19,FARMÁCIA,NÃO,RJ,31010016152P8,PESQUISA TRANSLACIONAL EM FÁRMACOS E MEDICAMENTOS,EM FUNCIONAMENTO
2024,24,MEDICINA VETERINÁRIA,NÃO,RJ,31010016148P0,CIÊNCIA EM ANIMAIS DE LABORATÓRIO,EM FUNCIONAMENTO
2024,19,FARMÁCIA,NÃO,RJ,31010016023P3,"GESTÃO, PESQUISA E DESENVOLVIMENTO NA INDÚSTRIA FARMACÊUTICA",EM FUNCIONAMENTO
2024,22,SAÚDE COLETIVA,NÃO,RJ,31010016015P0,SAÚDE PÚBLICA E MEIO AMBIENTE,EM FUNCIONAMENTO
2024,22,SAÚDE COLETIVA,NÃO,RJ,31010016024P0,EPIDEMIOLOGIA EM SAÚDE PÚBLICA,EM FUNCIONAMENTO
2024,6,CIÊNCIAS BIOLÓGICAS I,NÃO,PR,31010016025P6,BIOCIÊNCIAS E BIOTECNOLOGIA,EM FUNCIONAMENTO
2024,16,MEDICINA II,NÃO,RJ,31010016003P2,MEDICINA TROPICAL,EM FUNCIONAMENTO
2024,9,CIÊNCIAS BIOLÓGICAS III,NÃO,RJ,31010016001P0,BIOLOGIA PARASITÁRIA,EM FUNCIONAMENTO
2024,22,SAÚDE COLETIVA,NÃO,MG,31010016031P6,SAÚDE COLETIVA,EM FUNCIONAMENTO
2024,22,SAÚDE COLETIVA,NÃO,RJ,31010016002P6,SAÚDE PÚBLICA,EM FUNCIONAMENTO
2024,45,INTERDISCIPLINAR,NÃO,RJ,31010016150P5,"DIVULGAÇÃO DA CIÊNCIA, TECNOLOGIA E SAÚDE",EM FUNCIONAMENTO
2024,22,SAÚDE COLETIVA,NÃO,RJ,31010016005P5,SAÚDE DA CRIANÇA E DA MULHER,EM FUNCIONAMENTO
2024,16,MEDICINA II,NÃO,RJ,31010016029P1,PESQUISA APLICADA À SAÚDE DA CRIANÇA E DA MULHER,EM FUNCIONAMENTO
2024,22,SAÚDE COLETIVA,NÃO,RJ,31010016014P4,SAÚDE DA CRIANÇA E DA MULHER,EM FUNCIONAMENTO
2024,22,SAÚDE COLETIVA,SIM,RJ,31010016027P9,SAÚDE DA FAMÍLIA,EM FUNCIONAMENTO
2024,22,SAÚDE COLETIVA,NÃO,RJ,31010016012P1,SAÚDE PÚBLICA,EM FUNCIONAMENTO
2024,8,CIÊNCIAS BIOLÓGICAS II,NÃO,RJ,31010016013P8,TECNOLOGIA DE IMUNOBIOLÓGICOS,EM FUNCIONAMENTO
2024,9,CIÊNCIAS BIOLÓGICAS III,NÃO,RJ,31010016030P0,BIOCIÊNCIAS E BIOTECNOLOGIA EM SAÚDE,EM FUNCIONAMENTO
2024,45,INTERDISCIPLINAR,NÃO,RJ,31010016022P7,INFORMAÇÃO E COMUNICAÇÃO EM SAÚDE ( PPGICS ),EM FUNCIONAMENTO
2024,46,ENSINO,NÃO,RJ,31010016009P0,ENSINO EM BIOCIÊNCIAS E SAÚDE,EM FUNCIONAMENTO
2024,45,INTERDISCIPLINAR,NÃO,RJ,31010016020P4,EDUCAÇÃO PROFISSIONAL EM SAÚDE,EM FUNCIONAMENTO
2024,22,SAÚDE COLETIVA,NÃO,RJ,31010016019P6,EPIDEMIOLOGIA EM SAÚDE PÚBLICA,EM FUNCIONAMENTO
2024,22,SAÚDE COLETIVA,NÃO,RJ,31010016151P1,VIGILÂNCIA E CONTROLE DE VETORES,EM FUNCIONAMENTO
2024,16,MEDICINA II,NÃO,RJ,31010016026P2,PESQUISA CLÍNICA,EM FUNCIONAMENTO
2024,45,INTERDISCIPLINAR,NÃO,RJ,31010016149P7,PRESERVAÇÃO E GESTÃO DO PATRIMÔNIO CULTURAL DAS CIÊNCIAS E DA SAÚDE,EM FUNCIONAMENTO
2024,45,INTERDISCIPLINAR,NÃO,RJ,31010016021P0,BIOLOGIA COMPUTACIONAL E SISTEMAS,EM FUNCIONAMENTO
2024,22,SAÚDE COLETIVA,SIM,RJ,31001017141P0,"BIOÉTICA, ÉTICA APLICADA E SAÚDE COLETIVA",EM FUNCIONAMENTO
2024,27,"ADMINISTRAÇÃO PÚBLICA E DE EMPRESAS, CIÊNCIAS CONTÁBEIS E TURISMO",NÃO,RJ,31011012014P0,ADMINISTRAÇÃO,EM FUNCIONAMENTO
2024,28,ECONOMIA,NÃO,RJ,31011012010P5,ECONOMIA,EM FUNCIONAMENTO
2024,27,"ADMINISTRAÇÃO PÚBLICA E DE EMPRESAS, CIÊNCIAS CONTÁBEIS E TURISMO",NÃO,RJ,31011012004P5,ADMINISTRAÇÃO,EM FUNCIONAMENTO
2024,31,COMUNICAÇÃO E INFORMAÇÃO,NÃO,RJ,31011012017P0,"COMUNICAÇÃO, SOCIEDADE E CULTURA DIGITAL",EM FUNCIONAMENTO
2024,40,HISTÓRIA,NÃO,RJ,31011012009P7,"HISTÓRIA, POLÍTICA E BENS CULTURAIS",EM FUNCIONAMENTO
2024,1,MATEMÁTICA / PROBABILIDADE E ESTATÍSTICA,NÃO,RJ,31011012013P4,MATEMÁTICA APLICADA E CIÊNCIA DE DADOS,EM FUNCIONAMENTO
2024,27,"ADMINISTRAÇÃO PÚBLICA E DE EMPRESAS, CIÊNCIAS CONTÁBEIS E TURISMO",NÃO,RJ,31011012011P1,ADMINISTRAÇÃO,EM FUNCIONAMENTO
2024,40,HISTÓRIA,NÃO,RJ,31011012012P8,"HISTÓRIA, POLÍTICA E BENS CULTURAIS",EM FUNCIONAMENTO
2024,26,DIREITO,NÃO,RJ,31011012015P7,DIREITO DA REGULAÇÃO,EM FUNCIONAMENTO
2024,28,ECONOMIA,NÃO,RJ,31011012002P2,ECONOMIA,EM FUNCIONAMENTO
2024,5,GEOCIÊNCIAS,NÃO,RJ,31013015002P5,GEOFÍSICA,EM FUNCIONAMENTO
2024,3,ASTRONOMIA / FÍSICA,NÃO,RJ,31013015001P9,ASTRONOMIA,EM FUNCIONAMENTO
2024,45,INTERDISCIPLINAR,NÃO,RJ,31017010005P0,GESTÃO DO TRABALHO PARA A QUALIDADE DO AMBIENTE CONTRUÍDO,EM FUNCIONAMENTO
2024,22,SAÚDE COLETIVA,NÃO,RJ,31018017011P6,SAÚDE DA FAMÍLA,EM FUNCIONAMENTO
2024,38,EDUCAÇÃO,NÃO,RJ,31018017010P0,EDUCAÇÃO,EM FUNCIONAMENTO
2024,18,ODONTOLOGIA,NÃO,RJ,31018017012P2,ODONTOLOGIA,EM FUNCIONAMENTO
2024,27,"ADMINISTRAÇÃO PÚBLICA E DE EMPRESAS, CIÊNCIAS CONTÁBEIS E TURISMO",NÃO,RJ,31018017008P5,ADMINISTRAÇÃO E DESENVOLVIMENTO EMPRESARIAL,EM FUNCIONAMENTO
2024,26,DIREITO,NÃO,RJ,31018017007P9,DIREITO,EM FUNCIONAMENTO
2024,37,PSICOLOGIA,NÃO,RJ,31019013003P0,PSICOLOGIA,EM FUNCIONAMENTO
2024,45,INTERDISCIPLINAR,NÃO,RJ,31019013004P6,GESTÃO DE SISTEMAS DE ENGENHARIA,EM FUNCIONAMENTO
2024,38,EDUCAÇÃO,NÃO,RJ,31019013001P7,EDUCAÇÃO,EM FUNCIONAMENTO
2024,26,DIREITO,NÃO,RJ,31019013002P3,DIREITO,EM FUNCIONAMENTO
2024,49,CIÊNCIAS AMBIENTAIS,NÃO,RJ,31021018156P1,ECOTURISMO E CONSERVAÇÃO,EM FUNCIONAMENTO
2024,11,ARTES,NÃO,RJ,31021018020P2,ENSINO DE ARTES CÊNICAS,EM FUNCIONAMENTO
2024,20,ENFERMAGEM,NÃO,RJ,31021018022P5,SAÚDE E TECNOLOGIA NO ESPAÇO HOSPITALAR,EM FUNCIONAMENTO
2024,16,MEDICINA II,NÃO,RJ,31021018006P0,NEUROLOGIA,EM FUNCIONAMENTO
2024,26,DIREITO,NÃO,RJ,31021018015P9,DIREITO,EM FUNCIONAMENTO
2024,17,MEDICINA III,NÃO,RJ,31021018012P0,MEDICINA,EM FUNCIONAMENTO
2024,7,BIODIVERSIDADE,NÃO,RJ,31021018014P2,CIÊNCIAS BIOLÓGICAS (BIODIVERSIDADE NEOTROPICAL),EM FUNCIONAMENTO
2024,50,NUTRIÇÃO,NÃO,RJ,31021018158P4,SEGURANÇA ALIMENTAR E NUTRICIONAL,EM FUNCIONAMENTO
2024,31,COMUNICAÇÃO E INFORMAÇÃO,NÃO,RJ,31021018018P8,BIBLIOTECONOMIA,EM FUNCIONAMENTO
2024,6,CIÊNCIAS BIOLÓGICAS I,NÃO,RJ,31021018016P5,BIOLOGIA MOLECULAR E CELULAR,EM FUNCIONAMENTO
2024,2,COMPUTAÇÃO,NÃO,RJ,31021018009P9,INFORMÁTICA,EM FUNCIONAMENTO
2024,25,CIÊNCIA DE ALIMENTOS,NÃO,RJ,31021018017P1,ALIMENTOS E NUTRIÇÃO,EM FUNCIONAMENTO
2024,40,HISTÓRIA,NÃO,RJ,31021018010P7,HISTORIA,EM FUNCIONAMENTO
2024,31,COMUNICAÇÃO E INFORMAÇÃO,NÃO,RJ,31021018019P4,GESTÃO DE DOCUMENTOS E ARQUIVOS,EM FUNCIONAMENTO
2024,11,ARTES,NÃO,RJ,31021018003P0,ARTES CÊNICAS,EM FUNCIONAMENTO
2024,45,INTERDISCIPLINAR,NÃO,RJ,31021018002P4,MEMÓRIA SOCIAL,EM FUNCIONAMENTO
2024,11,ARTES,NÃO,RJ,31021018024P8,ENSINO DAS PRÁTICAS MUSICAIS,EM FUNCIONAMENTO
2024,20,ENFERMAGEM,NÃO,RJ,31021018001P8,ENFERMAGEM,EM FUNCIONAMENTO
2024,20,ENFERMAGEM,NÃO,RJ,31021018013P6,ENFERMAGEM E BIOCIÊNCIAS,EM FUNCIONAMENTO
2024,39,CIÊNCIA POLÍTICA E RELAÇÕES INTERNACIONAIS,NÃO,RJ,31021018157P8,CIÊNCIA POLÍTICA,EM FUNCIONAMENTO
2024,31,COMUNICAÇÃO E INFORMAÇÃO,NÃO,RJ,31021018008P2,MUSEOLOGIA E PATRIMÖNIO,EM FUNCIONAMENTO
2024,16,MEDICINA II,NÃO,RJ,31021018021P9,INFECÇÃO HIV/AIDS E HEPATITES VIRAIS,EM FUNCIONAMENTO
2024,11,ARTES,NÃO,RJ,31021018004P7,MÚSICA,EM FUNCIONAMENTO
2024,38,EDUCAÇÃO,NÃO,RJ,31021018007P6,EDUCAÇÃO,EM FUNCIONAMENTO
2024,45,INTERDISCIPLINAR,NÃO,RJ,31022014006P6,RELAÇÕES ÉTNICO-RACIAIS,EM FUNCIONAMENTO
2024,33,FILOSOFIA,NÃO,RJ,31022014008P9,FILOSOFIA E ENSINO,EM FUNCIONAMENTO
2024,14,ENGENHARIAS IV,SIM,RJ,31022014007P2,INSTRUMENTAÇÃO E ÓPTICA APLICADA,EM FUNCIONAMENTO
2024,30,PLANEJAMENTO URBANO E REGIONAL / DEMOGRAFIA,NÃO,RJ,31022014010P3,DESENVOLVIMENTO REGIONAL E SISTEMAS PRODUTIVOS,EM FUNCIONAMENTO
2024,13,ENGENHARIAS III,NÃO,RJ,31022014001P4,ENGENHARIA DE PRODUÇÃO E SISTEMAS,EM FUNCIONAMENTO
2024,14,ENGENHARIAS IV,NÃO,RJ,31022014004P3,ENGENHARIA ELÉTRICA,EM FUNCIONAMENTO
2024,47,MATERIAIS,NÃO,RJ,31022014003P7,ENGENHARIA MECÂNICA E TECNOLOGIA DE MATERIAIS,EM FUNCIONAMENTO
2024,2,COMPUTAÇÃO,NÃO,RJ,31022014009P5,CIÊNCIA DA COMPUTAÇÃO,EM FUNCIONAMENTO
2024,46,ENSINO,NÃO,RJ,31022014005P0,CIÊNCIA TECNOLOGIA E EDUCAÇÃO,EM FUNCIONAMENTO
2024,37,PSICOLOGIA,NÃO,RJ,31025013004P2,PSICOLOGIA,EM FUNCIONAMENTO
2024,40,HISTÓRIA,NÃO,RJ,31025013003P6,HISTÓRIA,EM FUNCIONAMENTO
2024,21,"EDUCAÇÃO FÍSICA, FISIOTERAPIA, FONOAUDIOLOGIA E TERAPIA OCUPACIONAL",NÃO,RJ,31025013002P0,CIÊNCIAS DA ATIVIDADE FÍSICA,EM FUNCIONAMENTO
2024,17,MEDICINA III,NÃO,RJ,31027016004P5,CIÊNCIAS APLICADAS EM SAÚDE,EM FUNCIONAMENTO
2024,24,MEDICINA VETERINÁRIA,NÃO,RJ,31027016005P1,DIAGNÓSTICO EM MEDICINA VETERINÁRIA,EM FUNCIONAMENTO
2024,49,CIÊNCIAS AMBIENTAIS,NÃO,RJ,31027016003P9,CIÊNCIAS AMBIENTAIS,EM FUNCIONAMENTO
2024,45,INTERDISCIPLINAR,NÃO,RJ,31030017003P6,"PSICANÁLISE, SAÚDE E SOCIEDADE",EM FUNCIONAMENTO
2024,49,CIÊNCIAS AMBIENTAIS,NÃO,RJ,31030017004P2,CIÊNCIAS DO MEIO AMBIENTE,EM FUNCIONAMENTO
2024,18,ODONTOLOGIA,NÃO,RJ,31030017001P3,ODONTOLOGIA,EM FUNCIONAMENTO
2024,18,ODONTOLOGIA,NÃO,RJ,31030017007P1,ODONTOLOGIA,EM FUNCIONAMENTO
2024,26,DIREITO,NÃO,RJ,31030017006P5,DIREITO,EM FUNCIONAMENTO
2024,30,PLANEJAMENTO URBANO E REGIONAL / DEMOGRAFIA,NÃO,RJ,31032010007P8,PLANEJAMENTO REGIONAL E GESTÃO DA CIDADE,EM FUNCIONAMENTO
2024,28,ECONOMIA,NÃO,RJ,31032010006P1,ECONOMIA E GESTÃO EMPRESARIAL,EM FUNCIONAMENTO
2024,34,SOCIOLOGIA,NÃO,RJ,31032010010P9,SOCIOLOGIA POLÍTICA,EM FUNCIONAMENTO
2024,34,SOCIOLOGIA,NÃO,RJ,31033016017P6,SOCIOLOGIA POLÍTICA,EM FUNCIONAMENTO
2024,10,ENGENHARIAS I,NÃO,RJ,31033016012P4,ENGENHARIA CIVIL,EM FUNCIONAMENTO
2024,45,INTERDISCIPLINAR,NÃO,RJ,31033016013P0,CIÊNCIAS NATURAIS,EM FUNCIONAMENTO
2024,5,GEOCIÊNCIAS,NÃO,RJ,31033016019P9,CLIMA E ENERGIA,EM FUNCIONAMENTO
2024,23,ZOOTECNIA / RECURSOS PESQUEIROS,SIM,RJ,31033016008P7,CIÊNCIA ANIMAL,EM FUNCIONAMENTO
2024,6,CIÊNCIAS BIOLÓGICAS I,NÃO,RJ,31033016002P9,BIOCIÊNCIAS E BIOTECNOLOGIA,EM FUNCIONAMENTO
2024,45,INTERDISCIPLINAR,NÃO,RJ,31033016010P1,POLÍTICAS SOCIAIS,EM FUNCIONAMENTO
2024,45,INTERDISCIPLINAR,NÃO,RJ,31033016011P8,COGNIÇÃO E LINGUAGEM,EM FUNCIONAMENTO
2024,12,ENGENHARIAS II,NÃO,RJ,31033016005P8,ENGENHARIA E CIÊNCIA DOS MATERIAIS,EM FUNCIONAMENTO
2024,7,BIODIVERSIDADE,NÃO,RJ,31033016014P7,ECOLOGIA E RECURSOS NATURAIS,EM FUNCIONAMENTO
2024,48,BIOTECNOLOGIA,SIM,RJ,31033016018P2,BIOTECNOLOGIA VEGETAL,EM FUNCIONAMENTO
2024,13,ENGENHARIAS III,NÃO,RJ,31033016009P3,ENGENHARIA DE RESERVATÓRIO E DE EXPLORAÇÃO,EM FUNCIONAMENTO
2024,42,CIÊNCIAS AGRÁRIAS I,NÃO,RJ,31033016001P2,PRODUÇÃO VEGETAL,EM FUNCIONAMENTO
2024,24,MEDICINA VETERINÁRIA,NÃO,RJ,31033016020P7,MEDICINA VETERINÁRIA,EM FUNCIONAMENTO
2024,42,CIÊNCIAS AGRÁRIAS I,NÃO,RJ,31033016015P3,GENÉTICA E MELHORAMENTO DE PLANTAS,EM FUNCIONAMENTO
2024,27,"ADMINISTRAÇÃO PÚBLICA E DE EMPRESAS, CIÊNCIAS CONTÁBEIS E TURISMO",NÃO,RJ,31034012001P9,ADMINISTRAÇÃO,EM FUNCIONAMENTO
2024,28,ECONOMIA,NÃO,RJ,31034012002P5,ECONOMIA,EM FUNCIONAMENTO
2024,8,CIÊNCIAS BIOLÓGICAS II,SIM,RJ,31035019005P0,BIOMEDICINA TRANSLACIONAL,EM FUNCIONAMENTO
2024,18,ODONTOLOGIA,NÃO,RJ,31035019001P5,ODONTOLOGIA,EM FUNCIONAMENTO
2024,45,INTERDISCIPLINAR,NÃO,RJ,31035019004P4,"HUMANIDADES, CULTURAS E ARTES",EM FUNCIONAMENTO
2024,46,ENSINO,NÃO,RJ,31035019003P8,ENSINO DE CIÊNCIAS E SAÚDE,EM FUNCIONAMENTO
2024,27,"ADMINISTRAÇÃO PÚBLICA E DE EMPRESAS, CIÊNCIAS CONTÁBEIS E TURISMO",NÃO,RJ,31035019002P1,ADMINISTRAÇÃO,EM FUNCIONAMENTO
2024,18,ODONTOLOGIA,NÃO,RJ,31035019006P7,ODONTOLOGIA,EM FUNCIONAMENTO
2024,45,INTERDISCIPLINAR,NÃO,RJ,31036015001P1,MODELAGEM COMPUTACIONAL,EM FUNCIONAMENTO
2024,29,"ARQUITETURA, URBANISMO E DESIGN",NÃO,RJ,31040012004P4,ARQUITETURA E URBANISMO (PPGAU-IFF),EM FUNCIONAMENTO
2024,45,INTERDISCIPLINAR,NÃO,RJ,31040012002P1,SISTEMAS APLICADOS À ENGENHARIA E GESTÃO,EM FUNCIONAMENTO
2024,49,CIÊNCIAS AMBIENTAIS,NÃO,RJ,31040012005P0,MODELAGEM E TECNOLOGIA PARA MEIO AMBIENTE APLICADAS EM RECURSOS HÍDRICOS - AMBHIDRO,EM FUNCIONAMENTO
2024,10,ENGENHARIAS I,NÃO,RJ,31040012001P5,ENGENHARIA AMBIENTAL,EM FUNCIONAMENTO
2024,46,ENSINO,NÃO,RJ,31040012003P8,ENSINO E SUAS TECNOLOGIAS,EM FUNCIONAMENTO
2024,18,ODONTOLOGIA,NÃO,RJ,31042015004P7,ODONTOLOGIA,EM FUNCIONAMENTO
2024,45,INTERDISCIPLINAR,NÃO,RJ,31042015003P0,VIGILÂNCIA EM SAÚDE,EM FUNCIONAMENTO
2024,30,PLANEJAMENTO URBANO E REGIONAL / DEMOGRAFIA,NÃO,RJ,31045014001P7,"POPULAÇÃO, TERRITÓRIO E ESTATÍSTICAS PÚBLICAS",EM FUNCIONAMENTO
2024,41,LINGUÍSTICA E LITERATURA,NÃO,RJ,31047017001P0,EDUCAÇÃO BILÍNGUE,EM FUNCIONAMENTO
2024,46,ENSINO,NÃO,RJ,31048013001P6,ENSINO NA TEMÁTICA DA DEFICIÊNCIA VISUAL,EM FUNCIONAMENTO
2024,46,ENSINO,NÃO,RJ,31049010001P6,PRÁTICAS DE EDUCAÇÃO BÁSICA,EM FUNCIONAMENTO
2024,25,CIÊNCIA DE ALIMENTOS,NÃO,RJ,31050018002P3,CIÊNCIA E TECNOLOGIA DE ALIMENTOS,EM FUNCIONAMENTO
2024,46,ENSINO,NÃO,RJ,31050018001P7,ENSINO DE CIÊNCIAS,EM FUNCIONAMENTO
2024,31,COMUNICAÇÃO E INFORMAÇÃO,NÃO,RJ,31055010001P2,PRESERVAÇÃO DE ACERVOS DE CIÊNCIA E TECNOLOGIA,EM FUNCIONAMENTO
2024,45,INTERDISCIPLINAR,NÃO,RJ,31056016001P5,RADIOPROTEÇÃO E DOSIMETRIA,EM FUNCIONAMENTO
2024,7,BIODIVERSIDADE,NÃO,RJ,31057012002P8,BIODIVERSIDADE EM UNIDADES DE CONSERVAÇÃO,EM FUNCIONAMENTO
2024,7,BIODIVERSIDADE,NÃO,RJ,31057012001P1,BOTÂNICA,EM FUNCIONAMENTO
2024,12,ENGENHARIAS II,NÃO,RJ,31058019002P4,CIÊNCIA E TECNOLOGIA NUCLEARES,EM FUNCIONAMENTO
2024,15,MEDICINA I,NÃO,RJ,31061010001P9,ONCOLOGIA,EM FUNCIONAMENTO
2024,22,SAÚDE COLETIVA,NÃO,RJ,31061010002P5,SAÚDE COLETIVA E CONTROLE DO CÂNCER,EM FUNCIONAMENTO
2024,21,"EDUCAÇÃO FÍSICA, FISIOTERAPIA, FONOAUDIOLOGIA E TERAPIA OCUPACIONAL",NÃO,RJ,31063012002P4,CIÊNCIAS DA REABILITAÇÃO,EM FUNCIONAMENTO
2024,49,CIÊNCIAS AMBIENTAIS,NÃO,RJ,31063012001P8,DESENVOLVIMENTO LOCAL,EM FUNCIONAMENTO
2024,45,INTERDISCIPLINAR,NÃO,RJ,31066011001P7,AVALIAÇÃO,EM FUNCIONAMENTO
2024,47,MATERIAIS,NÃO,RJ,31067018002P0,MATERIAIS,EM FUNCIONAMENTO
2024,46,ENSINO,NÃO,RJ,31067018001P3,ENSINO EM CIÊNCIAS DA SAÚDE E DO MEIO AMBIENTE,EM FUNCIONAMENTO
2024,45,INTERDISCIPLINAR,NÃO,RJ,31068014001P0,PROPRIEDADE INTELECTUAL E INOVAÇÃO,EM FUNCIONAMENTO
2024,13,ENGENHARIAS III,NÃO,RJ,31069010001P6,METROLOGIA E QUALIDADE,EM FUNCIONAMENTO
2024,45,INTERDISCIPLINAR,NÃO,RJ,31069010003P9,METROLOGIA,EM FUNCIONAMENTO
2024,48,BIOTECNOLOGIA,NÃO,RJ,31069010002P2,BIOTECNOLOGIA,EM FUNCIONAMENTO
2024,39,CIÊNCIA POLÍTICA E RELAÇÕES INTERNACIONAIS,NÃO,RJ,31070019001P0,ESTUDOS MARÍTIMOS,EM FUNCIONAMENTO
2024,22,SAÚDE COLETIVA,NÃO,RJ,31073018002P6,AVALIAÇÃO DE TECNOLOGIAS EM SAÚDE,EM FUNCIONAMENTO
2024,15,MEDICINA I,NÃO,RJ,31073018001P0,CIÊNCIAS CARDIOVASCULARES,EM FUNCIONAMENTO
2024,51,CIÊNCIAS E HUMANIDADES PARA A EDUCAÇÃO BÁSICA,SIM,RJ,31075010001P2,MATEMÁTICA EM REDE NACIONAL,EM FUNCIONAMENTO
2024,45,INTERDISCIPLINAR,NÃO,RJ,31076017001P9,PRESERVAÇÃO DO PATRIMÔNIO CULTURAL,EM FUNCIONAMENTO
2024,49,CIÊNCIAS AMBIENTAIS,NÃO,RJ,31088015002P0,CIÊNCIA E TECNOLOGIA AMBIENTAL,EM FUNCIONAMENTO
2024,47,MATERIAIS,NÃO,RJ,31088015001P3,CIÊNCIA E TECNOLOGIA DE MATERIAIS,EM FUNCIONAMENTO
2024,45,INTERDISCIPLINAR,NÃO,RJ,31092012001P7,NOVAS TECNOLOGIAS DIGITAIS NA EDUCAÇÃO,EM FUNCIONAMENTO
2024,21,"EDUCAÇÃO FÍSICA, FISIOTERAPIA, FONOAUDIOLOGIA E TERAPIA OCUPACIONAL",NÃO,RJ,31096018002P9,DESEMPENHO HUMANO OPERACIONAL,EM FUNCIONAMENTO
2024,39,CIÊNCIA POLÍTICA E RELAÇÕES INTERNACIONAIS,NÃO,RJ,31096018001P2,CIÊNCIAS AEROESPACIAIS,EM FUNCIONAMENTO
2024,39,CIÊNCIA POLÍTICA E RELAÇÕES INTERNACIONAIS,NÃO,RJ,31098010001P5,CIÊNCIAS MILITARES,EM FUNCIONAMENTO
2024,8,CIÊNCIAS BIOLÓGICAS II,NÃO,RJ,31099017001P1,CIÊNCIAS APLICADAS AO SISTEMA MUSCULOESQUELÉTICO,EM FUNCIONAMENTO
2024,27,"ADMINISTRAÇÃO PÚBLICA E DE EMPRESAS, CIÊNCIAS CONTÁBEIS E TURISMO",NÃO,MG,31105009001P1,GESTÃO CONTEMPORÂNEA DAS ORGANIZAÇÕES,EM FUNCIONAMENTO
2024,45,INTERDISCIPLINAR,NÃO,MG,31129005001P0,EVIDÊNCIAS CIENTÍFICAS PARA A SAÚDE,EM FUNCIONAMENTO
2024,45,INTERDISCIPLINAR,NÃO,MG,31142001001P0,CIÊNCIAS APLICADAS À SAÚDE,EM FUNCIONAMENTO
2024,27,"ADMINISTRAÇÃO PÚBLICA E DE EMPRESAS, CIÊNCIAS CONTÁBEIS E TURISMO",NÃO,MG,31152007001P1,CONTABILIDADE E ADMINISTRAÇÃO,EM FUNCIONAMENTO
2024,45,INTERDISCIPLINAR,NÃO,MG,31163009001P0,ENERGIA INTELIGENTE,EM FUNCIONAMENTO
2024,18,ODONTOLOGIA,NÃO,MG,32001010096P8,ODONTOLOGIA EM SAÚDE PÚBLICA,EM FUNCIONAMENTO
2024,42,CIÊNCIAS AGRÁRIAS I,NÃO,MG,32001010073P8,PRODUÇÃO VEGETAL,EM FUNCIONAMENTO
2024,3,ASTRONOMIA / FÍSICA,NÃO,MG,32001010002P3,FÍSICA,EM FUNCIONAMENTO
2024,21,"EDUCAÇÃO FÍSICA, FISIOTERAPIA, FONOAUDIOLOGIA E TERAPIA OCUPACIONAL",NÃO,MG,32001010178P4,ESTUDOS DA OCUPAÇÃO,EM FUNCIONAMENTO
2024,38,EDUCAÇÃO,NÃO,MG,32001010001P7,EDUCAÇÃO,EM FUNCIONAMENTO
2024,13,ENGENHARIAS III,NÃO,MG,32001010050P8,ENGENHARIA DE PRODUÇÃO,EM FUNCIONAMENTO
2024,24,MEDICINA VETERINÁRIA,NÃO,MG,32001010042P5,CIÊNCIA ANIMAL,EM FUNCIONAMENTO
2024,39,CIÊNCIA POLÍTICA E RELAÇÕES INTERNACIONAIS,NÃO,MG,32001010011P2,CIÊNCIA POLÍTICA,EM FUNCIONAMENTO
2024,8,CIÊNCIAS BIOLÓGICAS II,NÃO,MG,32001010007P5,CIÊNCIAS BIOLÓGICAS (FISIOLOGIA E FARMACOLOGIA),EM FUNCIONAMENTO
2024,35,ANTROPOLOGIA / ARQUEOLOGIA,NÃO,MG,32001010072P1,ANTROPOLOGIA,EM FUNCIONAMENTO
2024,45,INTERDISCIPLINAR,NÃO,MG,32001010079P6,NEUROCIÊNCIAS,EM FUNCIONAMENTO
2024,42,CIÊNCIAS AGRÁRIAS I,NÃO,MG,32001010177P8,CIÊNCIAS FLORESTAIS,EM FUNCIONAMENTO
2024,25,CIÊNCIA DE ALIMENTOS,NÃO,MG,32001010031P3,CIÊNCIAS DE ALIMENTOS,EM FUNCIONAMENTO
2024,31,COMUNICAÇÃO E INFORMAÇÃO,NÃO,MG,32001010172P6,GESTÃO & ORGANIZAÇÃO DO CONHECIMENTO,EM FUNCIONAMENTO
2024,21,"EDUCAÇÃO FÍSICA, FISIOTERAPIA, FONOAUDIOLOGIA E TERAPIA OCUPACIONAL",NÃO,MG,32001010062P6,CIÊNCIAS DA REABILITAÇÃO,EM FUNCIONAMENTO
2024,10,ENGENHARIAS I,NÃO,MG,32001010038P8,ENGENHARIA DE ESTRUTURAS,EM FUNCIONAMENTO
2024,27,"ADMINISTRAÇÃO PÚBLICA E DE EMPRESAS, CIÊNCIAS CONTÁBEIS E TURISMO",NÃO,MG,32001010026P0,ADMINISTRAÇÃO,EM FUNCIONAMENTO
2024,29,"ARQUITETURA, URBANISMO E DESIGN",NÃO,MG,32001010049P0,ARQUITETURA E URBANISMO,EM FUNCIONAMENTO
2024,27,"ADMINISTRAÇÃO PÚBLICA E DE EMPRESAS, CIÊNCIAS CONTÁBEIS E TURISMO",NÃO,MG,32001010078P0,CONTROLADORIA E CONTABILIDADE,EM FUNCIONAMENTO
2024,13,ENGENHARIAS III,NÃO,MG,32001010016P4,ENGENHARIA MECÂNICA,EM FUNCIONAMENTO
2024,10,ENGENHARIAS I,NÃO,MG,32001010071P5,CONSTRUÇÃO CIVIL,EM FUNCIONAMENTO
2024,41,LINGUÍSTICA E LITERATURA,NÃO,MG,32001010057P2,ESTUDOS LINGÜÍSTICOS,EM FUNCIONAMENTO
2024,9,CIÊNCIAS BIOLÓGICAS III,NÃO,MG,32001010008P1,CIÊNCIAS BIOLÓGICAS (MICROBIOLOGIA),EM FUNCIONAMENTO
2024,34,SOCIOLOGIA,NÃO,MG,32001010033P6,SOCIOLOGIA,EM FUNCIONAMENTO
2024,37,PSICOLOGIA,NÃO,MG,32001010041P9,PSICOLOGIA,EM FUNCIONAMENTO
2024,15,MEDICINA I,NÃO,MG,32001010088P5,MEDICINA MOLECULAR,EM FUNCIONAMENTO
2024,19,FARMÁCIA,NÃO,MG,32001010055P0,CIÊNCIAS FARMACÊUTICAS,EM FUNCIONAMENTO
2024,8,CIÊNCIAS BIOLÓGICAS II,NÃO,MG,32001010006P9,BIOQUÍMICA E IMUNOLOGIA,EM FUNCIONAMENTO
2024,37,PSICOLOGIA,NÃO,MG,32001010173P2,PSICOLOGIA: COGNIÇÃO E COMPORTAMENTO,EM FUNCIONAMENTO
2024,4,QUÍMICA,NÃO,MG,32001010005P2,QUÍMICA,EM FUNCIONAMENTO
2024,8,CIÊNCIAS BIOLÓGICAS II,NÃO,MG,32001010171P0,INOVAÇÃO TECNOLÓGICA,EM FUNCIONAMENTO
2024,50,NUTRIÇÃO,NÃO,MG,32001010099P7,NUTRIÇÃO E SAÚDE,EM FUNCIONAMENTO
2024,19,FARMÁCIA,NÃO,MG,32001010091P6,MEDICAMENTOS E ASSISTÊNCIA FARMACÊUTICA,EM FUNCIONAMENTO
2024,49,CIÊNCIAS AMBIENTAIS,NÃO,MG,32001010075P0,ANÁLISE E MODELAGEM DE SISTEMAS AMBIENTAIS,EM FUNCIONAMENTO
2024,22,SAÚDE COLETIVA,NÃO,MG,32001010090P0,PROMOÇÃO DE SAÚDE E PREVENÇÃO DA VIOLÊNCIA,EM FUNCIONAMENTO
2024,1,MATEMÁTICA / PROBABILIDADE E ESTATÍSTICA,NÃO,MG,32001010003P0,MATEMÁTICA,EM FUNCIONAMENTO
2024,30,PLANEJAMENTO URBANO E REGIONAL / DEMOGRAFIA,NÃO,MG,32001010034P2,DEMOGRAFIA,EM FUNCIONAMENTO
2024,6,CIÊNCIAS BIOLÓGICAS I,NÃO,MG,32001010009P8,BIOLOGIA CELULAR,EM FUNCIONAMENTO
2024,51,CIÊNCIAS E HUMANIDADES PARA A EDUCAÇÃO BÁSICA,SIM,MG,32001010175P5,PROFBIO ENSINO DE BIOLOGIA EM REDE NACIONAL,EM FUNCIONAMENTO
2024,2,COMPUTAÇÃO,NÃO,MG,32001010004P6,CIÊNCIAS DA COMPUTAÇÃO,EM FUNCIONAMENTO
2024,6,CIÊNCIAS BIOLÓGICAS I,NÃO,MG,32001010068P4,BIOINFORMÁTICA,EM FUNCIONAMENTO
2024,8,CIÊNCIAS BIOLÓGICAS II,NÃO,MG,32001010085P6,INOVAÇÃO TECNOLÓGICA E PROPRIEDADE INTELECTUAL,EM FUNCIONAMENTO
2024,17,MEDICINA III,NÃO,MG,32001010022P4,SAÚDE DA MULHER,EM FUNCIONAMENTO
2024,26,DIREITO,NÃO,MG,32001010027P6,DIREITO,EM FUNCIONAMENTO
2024,11,ARTES,NÃO,MG,32001010058P9,MÚSICA,EM FUNCIONAMENTO
2024,21,"EDUCAÇÃO FÍSICA, FISIOTERAPIA, FONOAUDIOLOGIA E TERAPIA OCUPACIONAL",NÃO,MG,32001010040P2,CIÊNCIAS DO ESPORTE,EM FUNCIONAMENTO
2024,12,ENGENHARIAS II,NÃO,MG,32001010174P9,"ENGENHARIA METALÚRGICA, MATERIAIS E DE MINAS",EM FUNCIONAMENTO
2024,6,CIÊNCIAS BIOLÓGICAS I,NÃO,MG,32001010054P3,GENÉTICA,EM FUNCIONAMENTO
2024,18,ODONTOLOGIA,NÃO,MG,32001010025P3,ODONTOLOGIA,EM FUNCIONAMENTO
2024,7,BIODIVERSIDADE,NÃO,MG,32001010089P1,ZOOLOGIA,EM FUNCIONAMENTO
2024,5,GEOCIÊNCIAS,NÃO,MG,32001010039P4,GEOLOGIA,EM FUNCIONAMENTO
2024,11,ARTES,NÃO,MG,32001010051P4,ARTES,EM FUNCIONAMENTO
2024,12,ENGENHARIAS II,NÃO,MG,32001010017P0,"ENGENHARIA METALÚRGICA, MATERIAIS E DE MINAS",EM FUNCIONAMENTO
2024,7,BIODIVERSIDADE,NÃO,MG,32001010036P5,ECOLOGIA (CONSERVAÇÃO E MANEJO DA VIDA SILVESTRE),EM FUNCIONAMENTO
2024,10,ENGENHARIAS I,NÃO,MG,32001010014P1,"SANEAMENTO, MEIO AMBIENTE E RECURSOS HÍDRICOS",EM FUNCIONAMENTO
2024,31,COMUNICAÇÃO E INFORMAÇÃO,NÃO,MG,32001010028P2,CIÊNCIAS DA INFORMAÇÃO,EM FUNCIONAMENTO
2024,45,INTERDISCIPLINAR,NÃO,MG,32001010179P0,ALIMENTOS E SAÚDE,EM FUNCIONAMENTO
2024,17,MEDICINA III,NÃO,MG,32001010069P0,CIÊNCIAS APLICADAS À CIRURGIA E À OFTALMOLOGIA,EM FUNCIONAMENTO
2024,23,ZOOTECNIA / RECURSOS PESQUEIROS,NÃO,MG,32001010029P9,ZOOTECNIA,EM FUNCIONAMENTO
2024,12,ENGENHARIAS II,NÃO,MG,32001010044P8,ENGENHARIA QUÍMICA,EM FUNCIONAMENTO
2024,40,HISTÓRIA,NÃO,MG,32001010043P1,HISTÓRIA,EM FUNCIONAMENTO
2024,10,ENGENHARIAS I,NÃO,MG,32001010086P2,GEOTECNIA E TRANSPORTES,EM FUNCIONAMENTO
2024,33,FILOSOFIA,NÃO,MG,32001010012P9,FILOSOFIA,EM FUNCIONAMENTO
2024,9,CIÊNCIAS BIOLÓGICAS III,NÃO,MG,32001010010P6,PARASITOLOGIA,EM FUNCIONAMENTO
2024,22,SAÚDE COLETIVA,NÃO,MG,32001010176P1,GESTÃO DE SERVIÇOS DE SAÚDE,EM FUNCIONAMENTO
2024,20,ENFERMAGEM,NÃO,MG,32001010046P0,ENFERMAGEM,EM FUNCIONAMENTO
2024,28,ECONOMIA,NÃO,MG,32001010013P5,ECONOMIA,EM FUNCIONAMENTO
2024,21,"EDUCAÇÃO FÍSICA, FISIOTERAPIA, FONOAUDIOLOGIA E TERAPIA OCUPACIONAL",NÃO,MG,32001010094P5,CIÊNCIAS FONOAUDIOLÓGICAS,EM FUNCIONAMENTO
2024,1,MATEMÁTICA / PROBABILIDADE E ESTATÍSTICA,NÃO,MG,32001010053P7,ESTATÍSTICA,EM FUNCIONAMENTO
2024,31,COMUNICAÇÃO E INFORMAÇÃO,NÃO,MG,32001010052P0,COMUNICAÇÃO SOCIAL,EM FUNCIONAMENTO
2024,16,MEDICINA II,NÃO,MG,32001010035P9,CIÊNCIAS DA SAÚDE,EM FUNCIONAMENTO
2024,9,CIÊNCIAS BIOLÓGICAS III,NÃO,MG,32001010095P1,MICROBIOLOGIA APLICADA,EM FUNCIONAMENTO
2024,45,INTERDISCIPLINAR,NÃO,MG,32001010077P3,ESTUDOS DO LAZER,EM FUNCIONAMENTO
2024,23,ZOOTECNIA / RECURSOS PESQUEIROS,NÃO,MG,32001010098P0,PRODUÇÃO ANIMAL,EM FUNCIONAMENTO
2024,38,EDUCAÇÃO,NÃO,MG,32001010097P4,EDUCAÇÃO E DOCÊNCIA,EM FUNCIONAMENTO
2024,15,MEDICINA I,NÃO,MG,32001010065P5,CIÊNCIAS APLICADAS À SAÚDE DO ADULTO,EM FUNCIONAMENTO
2024,41,LINGUÍSTICA E LITERATURA,NÃO,MG,32001010056P6,ESTUDOS LITERÁRIOS,EM FUNCIONAMENTO
2024,14,ENGENHARIAS IV,NÃO,MG,32001010015P8,ENGENHARIA ELÉTRICA,EM FUNCIONAMENTO
2024,45,INTERDISCIPLINAR,NÃO,MG,32001010074P4,AMBIENTE CONSTRUÍDO E PATRIMÔNIO SUSTENTÁVEL,EM FUNCIONAMENTO
2024,22,SAÚDE COLETIVA,NÃO,MG,32001010045P4,SAÚDE PÚBLICA,EM FUNCIONAMENTO
2024,36,GEOGRAFIA,NÃO,MG,32001010037P1,GEOGRAFIA,EM FUNCIONAMENTO
2024,16,MEDICINA II,NÃO,MG,32001010023P0,INFECTOLOGIA E MEDICINA TROPICAL,EM FUNCIONAMENTO
2024,16,MEDICINA II,NÃO,MG,32001010019P3,PATOLOGIA,EM FUNCIONAMENTO
2024,12,ENGENHARIAS II,NÃO,MG,32001010018P7,CIÊNCIAS TÉCNICAS NUCLEARES,EM FUNCIONAMENTO
2024,19,FARMÁCIA,NÃO,MG,32001010093P9,ANÁLISES CLÍNICAS E TOXICOLÓGICAS,EM FUNCIONAMENTO
2024,30,PLANEJAMENTO URBANO E REGIONAL / DEMOGRAFIA,SIM,MG,32001010100P5,"SOCIEDADE, AMBIENTE E TERRITÓRIO",EM FUNCIONAMENTO
2024,7,BIODIVERSIDADE,NÃO,MG,32001010061P0,BIOLOGIA VEGETAL,EM FUNCIONAMENTO
2024,42,CIÊNCIAS AGRÁRIAS I,NÃO,MG,32002017006P5,ENGENHARIA AGRÍCOLA,EM FUNCIONAMENTO
2024,40,HISTÓRIA,NÃO,MG,32002017048P0,"PATRIMÔNIO CULTURAL, PAISAGENS E CIDADANIA",EM FUNCIONAMENTO
2024,6,CIÊNCIAS BIOLÓGICAS I,NÃO,MG,32002017028P9,BIOLOGIA CELULAR E ESTRUTURAL,EM FUNCIONAMENTO
2024,1,MATEMÁTICA / PROBABILIDADE E ESTATÍSTICA,NÃO,MG,32002017035P5,MATEMÁTICA,EM FUNCIONAMENTO
2024,21,"EDUCAÇÃO FÍSICA, FISIOTERAPIA, FONOAUDIOLOGIA E TERAPIA OCUPACIONAL",SIM,MG,32002017034P9,EDUCAÇÃO FÍSICA,EM FUNCIONAMENTO
2024,10,ENGENHARIAS I,NÃO,MG,32002017017P7,ENGENHARIA CIVIL,EM FUNCIONAMENTO
2024,36,GEOGRAFIA,NÃO,MG,32002017051P0,GEOGRAFIA,EM FUNCIONAMENTO
2024,25,CIÊNCIA DE ALIMENTOS,NÃO,MG,32002017013P1,CIÊNCIA E TECNOLOGIA DE ALIMENTOS,EM FUNCIONAMENTO
2024,42,CIÊNCIAS AGRÁRIAS I,NÃO,MG,32002017040P9,DEFESA SANITÁRIA VEGETAL,EM FUNCIONAMENTO
2024,42,CIÊNCIAS AGRÁRIAS I,NÃO,MG,32002017036P1,TECNOLOGIA DE CELULOSE E PAPEL,EM FUNCIONAMENTO
2024,42,CIÊNCIAS AGRÁRIAS I,NÃO,MG,32002017015P4,AGROQUÍMICA,EM FUNCIONAMENTO
2024,42,CIÊNCIAS AGRÁRIAS I,NÃO,MG,32002017005P9,CIÊNCIAS AGRÁRIAS (FISIOLOGIA VEGETAL),EM FUNCIONAMENTO
2024,48,BIOTECNOLOGIA,NÃO,MG,32002017023P7,BIOQUÍMICA APLICADA,EM FUNCIONAMENTO
2024,42,CIÊNCIAS AGRÁRIAS I,NÃO,MG,32002017002P0,AGRONOMIA (FITOPATOLOGIA),EM FUNCIONAMENTO
2024,12,ENGENHARIAS II,NÃO,MG,32002017049P6,ENGENHARIA QUIMICA,EM FUNCIONAMENTO
2024,42,CIÊNCIAS AGRÁRIAS I,NÃO,MG,32002017004P2,GENÉTICA E MELHORAMENTO,EM FUNCIONAMENTO
2024,38,EDUCAÇÃO,NÃO,MG,32002017037P8,EDUCAÇÃO,EM FUNCIONAMENTO
2024,2,COMPUTAÇÃO,NÃO,MG,32002017027P2,CIÊNCIA DA COMPUTAÇÃO,EM FUNCIONAMENTO
2024,29,"ARQUITETURA, URBANISMO E DESIGN",NÃO,MG,32002017039P0,ARQUITETURA E URBANISMO,EM FUNCIONAMENTO
2024,42,CIÊNCIAS AGRÁRIAS I,NÃO,MG,32002017001P3,FITOTECNIA (PRODUÇÃO VEGETAL),EM FUNCIONAMENTO
2024,7,BIODIVERSIDADE,NÃO,MG,32002017042P1,ECOLOGIA,EM FUNCIONAMENTO
2024,28,ECONOMIA,NÃO,MG,32002017031P0,ECONOMIA,EM FUNCIONAMENTO
2024,28,ECONOMIA,NÃO,MG,32002017009P4,ECONOMIA APLICADA,EM FUNCIONAMENTO
2024,24,MEDICINA VETERINÁRIA,NÃO,MG,32002017022P0,MEDICINA VETERINÁRIA,EM FUNCIONAMENTO
2024,42,CIÊNCIAS AGRÁRIAS I,NÃO,MG,32002017047P3,MANEJO E CONSERVAÇÃO DE ECOSSISTEMAS NATURAIS E AGRÁRIOS,EM FUNCIONAMENTO
2024,42,CIÊNCIAS AGRÁRIAS I,NÃO,MG,32002017044P4,AGROECOLOGIA,EM FUNCIONAMENTO
2024,15,MEDICINA I,NÃO,MG,32002017050P4,CIÊNCIAS DA SAÚDE,EM FUNCIONAMENTO
2024,3,ASTRONOMIA / FÍSICA,NÃO,MG,32002017025P0,FÍSICA,EM FUNCIONAMENTO
2024,42,CIÊNCIAS AGRÁRIAS I,NÃO,MG,32002017014P8,AGRONOMIA (METEOROLOGIA APLICADA),EM FUNCIONAMENTO
2024,50,NUTRIÇÃO,NÃO,MG,32002017024P3,CIÊNCIA DA NUTRIÇÃO,EM FUNCIONAMENTO
2024,42,CIÊNCIAS AGRÁRIAS I,NÃO,MG,32002017016P0,ENTOMOLOGIA,EM FUNCIONAMENTO
2024,41,LINGUÍSTICA E LITERATURA,NÃO,MG,32002017038P4,LETRAS,EM FUNCIONAMENTO
2024,7,BIODIVERSIDADE,NÃO,MG,32002017030P3,BIOLOGIA ANIMAL,EM FUNCIONAMENTO
2024,42,CIÊNCIAS AGRÁRIAS I,NÃO,MG,32002017041P5,AGRONOMIA (PRODUÇÃO VEGETAL),EM FUNCIONAMENTO
2024,7,BIODIVERSIDADE,NÃO,MG,32002017021P4,BOTÂNICA,EM FUNCIONAMENTO
2024,27,"ADMINISTRAÇÃO PÚBLICA E DE EMPRESAS, CIÊNCIAS CONTÁBEIS E TURISMO",NÃO,MG,32002017029P5,ADMINISTRAÇÃO,EM FUNCIONAMENTO
2024,42,CIÊNCIAS AGRÁRIAS I,NÃO,MG,32002017003P6,MICROBIOLOGIA AGRÍCOLA,EM FUNCIONAMENTO
2024,23,ZOOTECNIA / RECURSOS PESQUEIROS,NÃO,MG,32002017011P9,ZOOTECNIA,EM FUNCIONAMENTO
2024,32,SERVIÇO SOCIAL,NÃO,MG,32002017019P0,ECONOMIA DOMÉSTICA,EM FUNCIONAMENTO
2024,42,CIÊNCIAS AGRÁRIAS I,NÃO,MG,32002017007P1,AGRONOMIA (SOLOS E NUTRIÇÃO DE PLANTAS),EM FUNCIONAMENTO
2024,42,CIÊNCIAS AGRÁRIAS I,NÃO,MG,32002017008P8,EXTENSÃO RURAL,EM FUNCIONAMENTO
2024,42,CIÊNCIAS AGRÁRIAS I,NÃO,MG,32002017033P2,ESTATÍSTICA APLICADA E BIOMETRIA,EM FUNCIONAMENTO
2024,42,CIÊNCIAS AGRÁRIAS I,NÃO,MG,32002017012P5,CIÊNCIA FLORESTAL,EM FUNCIONAMENTO
2024,46,ENSINO,NÃO,MG,32002017052P7,EDUCAÇÃO EM CIÊNCIAS E MATEMÁTICA,EM FUNCIONAMENTO
2024,27,"ADMINISTRAÇÃO PÚBLICA E DE EMPRESAS, CIÊNCIAS CONTÁBEIS E TURISMO",NÃO,MG,32003013014P4,ADMINISTRAÇÃO,EM FUNCIONAMENTO
2024,45,INTERDISCIPLINAR,NÃO,MG,32003013011P5,"DESENVOLVIMENTO, TECNOLOGIAS E SOCIEDADE",EM FUNCIONAMENTO
2024,10,ENGENHARIAS I,NÃO,MG,32003013042P8,ENGENHARIA HÍDRICA,EM FUNCIONAMENTO
2024,13,ENGENHARIAS III,NÃO,MG,32003013004P9,ENGENHARIA DE ENERGIA,EM FUNCIONAMENTO
2024,14,ENGENHARIAS IV,NÃO,MG,32003013001P0,ENGENHARIA ELÉTRICA,EM FUNCIONAMENTO
2024,1,MATEMÁTICA / PROBABILIDADE E ESTATÍSTICA,NÃO,MG,32003013012P1,MATEMÁTICA,EM FUNCIONAMENTO
2024,4,QUÍMICA,SIM,MG,32005016039P0,MULTICÊNTRICO EM QUÍMICA DE MINAS GERAIS,EM FUNCIONAMENTO
2024,12,ENGENHARIAS II,NÃO,MG,32003013009P0,ENGENHARIA DE MATERIAIS,EM FUNCIONAMENTO
2024,13,ENGENHARIAS III,NÃO,MG,32003013003P2,ENGENHARIA DE PRODUÇÃO,EM FUNCIONAMENTO
2024,3,ASTRONOMIA / FÍSICA,NÃO,MG,32003013013P8,FÍSICA,EM FUNCIONAMENTO
2024,2,COMPUTAÇÃO,NÃO,MG,32003013008P4,CIÊNCIA E TECNOLOGIA DA COMPUTAÇÃO,EM FUNCIONAMENTO
2024,49,CIÊNCIAS AMBIENTAIS,NÃO,MG,32003013007P8,MEIO AMBIENTE E RECURSOS HÍDRICOS,EM FUNCIONAMENTO
2024,46,ENSINO,NÃO,MG,32003013041P1,EDUCAÇÃO EM CIÊNCIAS,EM FUNCIONAMENTO
2024,13,ENGENHARIAS III,NÃO,MG,32003013002P6,ENGENHARIA MECÂNICA,EM FUNCIONAMENTO
2024,23,ZOOTECNIA / RECURSOS PESQUEIROS,NÃO,MG,32004010049P2,CIÊNCIA E TECNOLOGIA DA PRODUÇÃO ANIMAL,EM FUNCIONAMENTO
2024,46,ENSINO,NÃO,MG,32004010045P7,ENSINO DE CIÊNCIAS E EDUCAÇÃO MATEMÁTICA,EM FUNCIONAMENTO
2024,23,ZOOTECNIA / RECURSOS PESQUEIROS,NÃO,MG,32004010004P9,ZOOTECNIA,EM FUNCIONAMENTO
2024,42,CIÊNCIAS AGRÁRIAS I,NÃO,MG,32004010011P5,ESTATÍSTICA E EXPERIMENTAÇÃO AGROPECUÁRIA,EM FUNCIONAMENTO
2024,42,CIÊNCIAS AGRÁRIAS I,NÃO,MG,32004010013P8,AGROQUÍMICA,EM FUNCIONAMENTO
2024,25,CIÊNCIA DE ALIMENTOS,NÃO,MG,32004010042P8,ENGENHARIA DE ALIMENTOS,EM FUNCIONAMENTO
2024,33,FILOSOFIA,NÃO,MG,32004010048P6,FILOSOFIA,EM FUNCIONAMENTO
2024,27,"ADMINISTRAÇÃO PÚBLICA E DE EMPRESAS, CIÊNCIAS CONTÁBEIS E TURISMO",NÃO,MG,32004010024P0,ADMINISTRAÇÃO PÚBLICA,EM FUNCIONAMENTO
2024,42,CIÊNCIAS AGRÁRIAS I,NÃO,MG,32004010001P0,AGRONOMIA (FITOTECNIA),EM FUNCIONAMENTO
2024,42,CIÊNCIAS AGRÁRIAS I,NÃO,MG,32004010008P4,AGRONOMIA (FISIOLOGIA VEGETAL),EM FUNCIONAMENTO
2024,42,CIÊNCIAS AGRÁRIAS I,NÃO,MG,32004010009P0,ENGENHARIA AGRÍCOLA,EM FUNCIONAMENTO
2024,38,EDUCAÇÃO,NÃO,MG,32004010023P3,EDUCAÇÃO,EM FUNCIONAMENTO
2024,41,LINGUÍSTICA E LITERATURA,NÃO,MG,32004010047P0,LETRAS,EM FUNCIONAMENTO
2024,14,ENGENHARIAS IV,NÃO,MG,32004010020P4,ENGENHARIA DE SISTEMAS E AUTOMAÇÃO,EM FUNCIONAMENTO
2024,50,NUTRIÇÃO,NÃO,MG,32004010040P5,NUTRIÇÃO E SAÚDE,EM FUNCIONAMENTO
2024,25,CIÊNCIA DE ALIMENTOS,NÃO,MG,32004010005P5,CIÊNCIAS DOS ALIMENTOS,EM FUNCIONAMENTO
2024,10,ENGENHARIAS I,NÃO,MG,32004010043P4,ENGENHARIA AMBIENTAL,EM FUNCIONAMENTO
2024,42,CIÊNCIAS AGRÁRIAS I,NÃO,MG,32004010016P7,BIOTECNOLOGIA VEGETAL,EM FUNCIONAMENTO
2024,42,CIÊNCIAS AGRÁRIAS I,NÃO,MG,32004010029P1,"PLANTAS MEDICINAIS, AROMÁTICAS E CONDIMENTARES",EM FUNCIONAMENTO
2024,45,INTERDISCIPLINAR,NÃO,MG,32004010030P0,DESENVOLVIMENTO SUSTENTÁVEL E EXTENSÃO,EM FUNCIONAMENTO
2024,42,CIÊNCIAS AGRÁRIAS I,NÃO,MG,32004010026P2,GENÉTICA E MELHORAMENTO DE PLANTAS,EM FUNCIONAMENTO
2024,42,CIÊNCIAS AGRÁRIAS I,NÃO,MG,32004010010P9,ENGENHARIA FLORESTAL,EM FUNCIONAMENTO
2024,46,ENSINO,NÃO,MG,32004010044P0,EDUCAÇÃO CIENTÍFICA E AMBIENTAL,EM FUNCIONAMENTO
2024,42,CIÊNCIAS AGRÁRIAS I,NÃO,MG,32004010031P6,ENGENHARIA DE BIOMATERIAIS,EM FUNCIONAMENTO
2024,42,CIÊNCIAS AGRÁRIAS I,NÃO,MG,32004010006P1,GENÉTICA E MELHORAMENTO DE PLANTAS,EM FUNCIONAMENTO
2024,3,ASTRONOMIA / FÍSICA,NÃO,MG,32004010046P3,FÍSICA,EM FUNCIONAMENTO
2024,2,COMPUTAÇÃO,NÃO,MG,32004010027P9,CIÊNCIA DA COMPUTAÇÃO,EM FUNCIONAMENTO
2024,16,MEDICINA II,NÃO,MG,32004010041P1,CIÊNCIAS DA SAÚDE,EM FUNCIONAMENTO
2024,12,ENGENHARIAS II,NÃO,MG,32004010050P0,ENGENHARIA QUÍMICA E DE MATERIAIS,EM FUNCIONAMENTO
2024,42,CIÊNCIAS AGRÁRIAS I,NÃO,MG,32004010014P4,MICROBIOLOGIA AGRÍCOLA,EM FUNCIONAMENTO
2024,42,CIÊNCIAS AGRÁRIAS I,NÃO,MG,32004010012P1,AGRONOMIA (FITOPATOLOGIA),EM FUNCIONAMENTO
2024,42,CIÊNCIAS AGRÁRIAS I,NÃO,MG,32004010018P0,CIÊNCIA E TECNOLOGIA DA MADEIRA,EM FUNCIONAMENTO
2024,42,CIÊNCIAS AGRÁRIAS I,NÃO,MG,32004010022P7,RECURSOS HÍDRICOS,EM FUNCIONAMENTO
2024,45,INTERDISCIPLINAR,NÃO,MG,32004010028P5,TECNOLOGIAS E INOVAÇÕES AMBIENTAIS,EM FUNCIONAMENTO
2024,27,"ADMINISTRAÇÃO PÚBLICA E DE EMPRESAS, CIÊNCIAS CONTÁBEIS E TURISMO",NÃO,MG,32004010003P2,ADMINISTRAÇÃO,EM FUNCIONAMENTO
2024,24,MEDICINA VETERINÁRIA,NÃO,MG,32004010015P0,CIÊNCIAS VETERINÁRIAS,EM FUNCIONAMENTO
2024,42,CIÊNCIAS AGRÁRIAS I,NÃO,MG,32004010025P6,BOTÂNICA APLICADA,EM FUNCIONAMENTO
2024,42,CIÊNCIAS AGRÁRIAS I,NÃO,MG,32004010007P8,ENTOMOLOGIA,EM FUNCIONAMENTO
2024,42,CIÊNCIAS AGRÁRIAS I,NÃO,MG,32004010002P6,CIÊNCIA DO SOLO,EM FUNCIONAMENTO
2024,7,BIODIVERSIDADE,NÃO,MG,32004010017P3,ECOLOGIA APLICADA,EM FUNCIONAMENTO
2024,46,ENSINO,NÃO,MG,32005016027P1,EDUCAÇÃO MATEMÁTICA,EM FUNCIONAMENTO
2024,4,QUÍMICA,NÃO,MG,32005016009P3,QUÍMICA,EM FUNCIONAMENTO
2024,18,ODONTOLOGIA,NÃO,MG,32005016018P2,ODONTOLOGIA,EM FUNCIONAMENTO
2024,3,ASTRONOMIA / FÍSICA,NÃO,MG,32005016008P7,FÍSICA,EM FUNCIONAMENTO
2024,40,HISTÓRIA,NÃO,MG,32005016010P1,HISTÓRIA,EM FUNCIONAMENTO
2024,38,EDUCAÇÃO,NÃO,MG,32005016031P9,GESTÃO E AVALIAÇÃO DA EDUCAÇÃO PÚBLICA,EM FUNCIONAMENTO
2024,28,ECONOMIA,NÃO,MG,32005016016P0,ECONOMIA,EM FUNCIONAMENTO
2024,27,"ADMINISTRAÇÃO PÚBLICA E DE EMPRESAS, CIÊNCIAS CONTÁBEIS E TURISMO",NÃO,MG,32005016070P4,ADMINISTRAÇÃO,EM FUNCIONAMENTO
2024,36,GEOGRAFIA,NÃO,MG,32005016035P4,GEOGRAFIA,EM FUNCIONAMENTO
2024,25,CIÊNCIA DE ALIMENTOS,SIM,MG,32005016028P8,CIÊNCIA E TECNOLOGIA DO LEITE E DERIVADOS,EM FUNCIONAMENTO
2024,1,MATEMÁTICA / PROBABILIDADE E ESTATÍSTICA,NÃO,MG,32005016030P2,MATEMÁTICA,EM FUNCIONAMENTO
2024,20,ENFERMAGEM,NÃO,MG,32005016033P1,ENFERMAGEM,EM FUNCIONAMENTO
2024,7,BIODIVERSIDADE,NÃO,MG,32005016012P4,BIODIVERSIDADE E CONSERVAÇÃO DA NATUREZA,EM FUNCIONAMENTO
2024,21,"EDUCAÇÃO FÍSICA, FISIOTERAPIA, FONOAUDIOLOGIA E TERAPIA OCUPACIONAL",NÃO,MG,32005016071P0,CIÊNCIAS DA REABILITAÇÃO E DESEMPENHO FÍSICO-FUNCIONAL,EM FUNCIONAMENTO
2024,19,FARMÁCIA,NÃO,MG,32005016032P5,CIÊNCIAS FARMACÊUTICAS,EM FUNCIONAMENTO
2024,37,PSICOLOGIA,NÃO,MG,32005016025P9,PSICOLOGIA,EM FUNCIONAMENTO
2024,34,SOCIOLOGIA,NÃO,MG,32005016011P8,CIÊNCIAS SOCIAIS,EM FUNCIONAMENTO
2024,11,ARTES,NÃO,MG,32005016038P3,"ARTES, CULTURA E LINGUAGENS",EM FUNCIONAMENTO
2024,22,SAÚDE COLETIVA,NÃO,MG,32005016021P3,SAÚDE COLETIVA,EM FUNCIONAMENTO
2024,32,SERVIÇO SOCIAL,NÃO,MG,32005016013P0,SERVIÇO SOCIAL,EM FUNCIONAMENTO
2024,44,CIÊNCIAS DA RELIGIÃO E TEOLOGIA,NÃO,MG,32005016004P1,CIÊNCIA DA RELIGIÃO,EM FUNCIONAMENTO
2024,26,DIREITO,NÃO,MG,32005016036P0,DIREITO E INOVAÇÃO,EM FUNCIONAMENTO
2024,14,ENGENHARIAS IV,NÃO,MG,32005016005P8,ENGENHARIA ELÉTRICA,EM FUNCIONAMENTO
2024,33,FILOSOFIA,NÃO,MG,32005016107P5,FILOSOFIA,EM FUNCIONAMENTO
2024,15,MEDICINA I,NÃO,MG,32005016014P7,SAÚDE,EM FUNCIONAMENTO
2024,41,LINGUÍSTICA E LITERATURA,NÃO,MG,32005016022P0,LINGÜÍSTICA,EM FUNCIONAMENTO
2024,10,ENGENHARIAS I,NÃO,MG,32005016106P9,ENGENHARIA CIVIL,EM FUNCIONAMENTO
2024,45,INTERDISCIPLINAR,NÃO,MG,32005016017P6,MODELAGEM COMPUTACIONAL,EM FUNCIONAMENTO
2024,2,COMPUTAÇÃO,NÃO,MG,32005016034P8,CIÊNCIA DA COMPUTAÇÃO,EM FUNCIONAMENTO
2024,38,EDUCAÇÃO,NÃO,MG,32005016007P0,EDUCAÇÃO,EM FUNCIONAMENTO
2024,6,CIÊNCIAS BIOLÓGICAS I,NÃO,MG,32005016015P3,CIÊNCIAS BIOLÓGICAS,EM FUNCIONAMENTO
2024,45,INTERDISCIPLINAR,NÃO,MG,32005016029P4,AMBIENTE CONSTRUÍDO,EM FUNCIONAMENTO
2024,41,LINGUÍSTICA E LITERATURA,NÃO,MG,32005016020P7,LETRAS: ESTUDOS LITERÁRIOS,EM FUNCIONAMENTO
2024,31,COMUNICAÇÃO E INFORMAÇÃO,NÃO,MG,32005016019P9,COMUNICAÇÃO,EM FUNCIONAMENTO
2024,7,BIODIVERSIDADE,NÃO,MG,32006012029P0,BIOLOGIA VEGETAL,EM FUNCIONAMENTO
2024,14,ENGENHARIAS IV,NÃO,MG,32006012001P9,ENGENHARIA ELÉTRICA,EM FUNCIONAMENTO
2024,7,BIODIVERSIDADE,NÃO,MG,32006012013P7,"ECOLOGIA, CONSERVAÇÃO E BIODIVERSIDADE",EM FUNCIONAMENTO
2024,26,DIREITO,NÃO,MG,32006012027P8,DIREITO,EM FUNCIONAMENTO
2024,6,CIÊNCIAS BIOLÓGICAS I,NÃO,MG,32006012006P0,GENÉTICA E BIOQUÍMICA,EM FUNCIONAMENTO
2024,6,CIÊNCIAS BIOLÓGICAS I,NÃO,MG,32006012031P5,BIOLOGIA CELULAR E ESTRUTURAL APLICADAS,EM FUNCIONAMENTO
2024,36,GEOGRAFIA,NÃO,MG,32006012070P0,GEOGRAFIA,EM FUNCIONAMENTO
2024,9,CIÊNCIAS BIOLÓGICAS III,NÃO,MG,32006012004P8,IMUNOLOGIA E PARASITOLOGIA APLICADAS,EM FUNCIONAMENTO
2024,41,LINGUÍSTICA E LITERATURA,NÃO,MG,32006012007P7,ESTUDOS LINGÜÍSTICOS,EM FUNCIONAMENTO
2024,4,QUÍMICA,NÃO,MG,32006012011P4,QUÍMICA,EM FUNCIONAMENTO
2024,24,MEDICINA VETERINÁRIA,NÃO,MG,32006012014P3,CIÊNCIAS VETERINÁRIAS,EM FUNCIONAMENTO
2024,48,BIOTECNOLOGIA,NÃO,MG,32006012171P1,BIOTECNOLOGIA,EM FUNCIONAMENTO
2024,27,"ADMINISTRAÇÃO PÚBLICA E DE EMPRESAS, CIÊNCIAS CONTÁBEIS E TURISMO",NÃO,MG,32006012076P9,GESTÃO ORGANIZACIONAL,EM FUNCIONAMENTO
2024,29,"ARQUITETURA, URBANISMO E DESIGN",NÃO,MG,32006012036P7,ARQUITETURA E URBANISMO,EM FUNCIONAMENTO
2024,41,LINGUÍSTICA E LITERATURA,NÃO,MG,32006012022P6,ESTUDOS LITERÁRIOS,EM FUNCIONAMENTO
2024,27,"ADMINISTRAÇÃO PÚBLICA E DE EMPRESAS, CIÊNCIAS CONTÁBEIS E TURISMO",NÃO,MG,32006012035P0,CIÊNCIAS CONTÁBEIS,EM FUNCIONAMENTO
2024,22,SAÚDE COLETIVA,NÃO,MG,32006012073P0,SAÚDE AMBIENTAL E SAÚDE DO TRABALHADOR,EM FUNCIONAMENTO
2024,39,CIÊNCIA POLÍTICA E RELAÇÕES INTERNACIONAIS,NÃO,MG,32006012072P3,RELAÇÕES INTERNACIONAIS,EM FUNCIONAMENTO
2024,25,CIÊNCIA DE ALIMENTOS,NÃO,MG,32006012172P8,ENGENHARIA DE ALIMENTOS,EM FUNCIONAMENTO
2024,33,FILOSOFIA,NÃO,MG,32006012024P9,FILOSOFIA,EM FUNCIONAMENTO
2024,51,CIÊNCIAS E HUMANIDADES PARA A EDUCAÇÃO BÁSICA,SIM,MG,41002016026P1,PROFARTES,EM FUNCIONAMENTO
2024,11,ARTES,NÃO,MG,32006012075P2,ARTES CÊNICAS,EM FUNCIONAMENTO
2024,18,ODONTOLOGIA,NÃO,MG,32006012016P6,ODONTOLOGIA,EM FUNCIONAMENTO
2024,11,ARTES,NÃO,MG,32006012071P7,MÚSICA,EM FUNCIONAMENTO
2024,36,GEOGRAFIA,NÃO,MG,32006012010P8,GEOGRAFIA,EM FUNCIONAMENTO
2024,15,MEDICINA I,NÃO,MG,32006012008P3,CIÊNCIAS DA SAÚDE,EM FUNCIONAMENTO
2024,38,EDUCAÇÃO,NÃO,MG,32006012174P0,EDUCAÇÃO BÁSICA,EM FUNCIONAMENTO
2024,48,BIOTECNOLOGIA,SIM,MG,32010010010P5,BIOCOMBUSTÍVEIS - UFVJM - UFU,EM FUNCIONAMENTO
2024,45,INTERDISCIPLINAR,NÃO,MG,32006012173P4,AGRICULTURA E INFORMAÇÕES GEOESPACIAIS,EM FUNCIONAMENTO
2024,10,ENGENHARIAS I,NÃO,MG,32006012019P5,ENGENHARIA CIVIL,EM FUNCIONAMENTO
2024,34,SOCIOLOGIA,NÃO,MG,32006012028P4,CIÊNCIAS SOCIAIS,EM FUNCIONAMENTO
2024,27,"ADMINISTRAÇÃO PÚBLICA E DE EMPRESAS, CIÊNCIAS CONTÁBEIS E TURISMO",NÃO,MG,32006012020P3,ADMINISTRAÇÃO,EM FUNCIONAMENTO
2024,49,CIÊNCIAS AMBIENTAIS,NÃO,MG,32006012037P3,QUALIDADE AMBIENTAL,EM FUNCIONAMENTO
2024,3,ASTRONOMIA / FÍSICA,NÃO,MG,32006012018P9,FÍSICA,EM FUNCIONAMENTO
2024,13,ENGENHARIAS III,NÃO,MG,32006012002P5,ENGENHARIA MECÂNICA,EM FUNCIONAMENTO
2024,31,COMUNICAÇÃO E INFORMAÇÃO,NÃO,MG,32006012033P8,"TECNOLOGIAS, COMUNICAÇÃO E EDUCAÇÃO",EM FUNCIONAMENTO
2024,14,ENGENHARIAS IV,NÃO,MG,32006012034P4,ENGENHARIA BIOMÉDICA,EM FUNCIONAMENTO
2024,46,ENSINO,NÃO,MG,32006012032P1,ENSINO DE CIÊNCIAS E MATEMÁTICA,EM FUNCIONAMENTO
2024,15,MEDICINA I,NÃO,MG,32006012030P9,CIÊNCIAS DA SAÚDE,EM FUNCIONAMENTO
2024,1,MATEMÁTICA / PROBABILIDADE E ESTATÍSTICA,NÃO,MG,32006012023P2,MATEMÁTICA,EM FUNCIONAMENTO
2024,12,ENGENHARIAS II,NÃO,MG,32006012005P4,ENGENHARIA QUÍMICA,EM FUNCIONAMENTO
2024,38,EDUCAÇÃO,NÃO,MG,32006012003P1,EDUCAÇÃO,EM FUNCIONAMENTO
2024,28,ECONOMIA,NÃO,MG,32006012009P0,ECONOMIA,EM FUNCIONAMENTO
2024,42,CIÊNCIAS AGRÁRIAS I,NÃO,MG,32006012015P0,AGRONOMIA,EM FUNCIONAMENTO
2024,37,PSICOLOGIA,NÃO,MG,32006012021P0,PSICOLOGIA,EM FUNCIONAMENTO
2024,2,COMPUTAÇÃO,NÃO,MG,32006012017P2,CIÊNCIA DA COMPUTAÇÃO,EM FUNCIONAMENTO
2024,40,HISTÓRIA,NÃO,MG,32006012012P0,HISTÓRIA,EM FUNCIONAMENTO
2024,48,BIOTECNOLOGIA,NÃO,MG,32007019020P0,BIOTECNOLOGIA,EM FUNCIONAMENTO
2024,46,ENSINO,NÃO,MG,32007019018P5,EDUCAÇÃO MATEMÁTICA,EM FUNCIONAMENTO
2024,10,ENGENHARIAS I,NÃO,MG,32007019017P9,ENGENHARIA DAS CONSTRUÇÕES,EM FUNCIONAMENTO
2024,49,CIÊNCIAS AMBIENTAIS,NÃO,MG,32007019009P6,SUSTENTABILIDADE SOCIOECONÔMICA AMBIENTAL,EM FUNCIONAMENTO
2024,31,COMUNICAÇÃO E INFORMAÇÃO,NÃO,MG,32007019049P8,COMUNICAÇÃO,EM FUNCIONAMENTO
2024,4,QUÍMICA,NÃO,MG,32007019029P7,QUÍMICA,EM FUNCIONAMENTO
2024,45,INTERDISCIPLINAR,NÃO,MG,32007019055P8,TURISMO E PATRIMÔNIO,EM FUNCIONAMENTO
2024,33,FILOSOFIA,NÃO,MG,32007019012P7,FILOSOFIA,EM FUNCIONAMENTO
2024,12,ENGENHARIAS II,NÃO,MG,32007019008P0,ENGENHARIA MINERAL,EM FUNCIONAMENTO
2024,40,HISTÓRIA,NÃO,MG,32007019015P6,HISTÓRIA,EM FUNCIONAMENTO
2024,7,BIODIVERSIDADE,NÃO,MG,32007019016P2,ECOLOGIA DE BIOMAS TROPICAIS,EM FUNCIONAMENTO
2024,13,ENGENHARIAS III,NÃO,MG,32007019053P5,ENGENHARIA DE PRODUÇÃO,EM FUNCIONAMENTO
2024,50,NUTRIÇÃO,NÃO,MG,32007019022P2,SAÚDE E NUTRIÇÃO,EM FUNCIONAMENTO
2024,10,ENGENHARIAS I,NÃO,MG,32007019011P0,ENGENHARIA AMBIENTAL,EM FUNCIONAMENTO
2024,12,ENGENHARIAS II,SIM,MG,32007019007P3,ENGENHARIA DE MATERIAIS - UFOP - UEMG,EM FUNCIONAMENTO
2024,5,GEOCIÊNCIAS,NÃO,MG,32007019004P4,EVOLUÇÃO CRUSTAL E RECURSOS NATURAIS,EM FUNCIONAMENTO
2024,38,EDUCAÇÃO,NÃO,MG,32007019024P5,EDUCAÇÃO,EM FUNCIONAMENTO
2024,47,MATERIAIS,NÃO,MG,32007019025P1,CIÊNCIAS,EM FUNCIONAMENTO
2024,6,CIÊNCIAS BIOLÓGICAS I,NÃO,MG,32007019006P7,CIÊNCIAS BIOLÓGICAS,EM FUNCIONAMENTO
2024,10,ENGENHARIAS I,NÃO,MG,32007019013P3,GEOTECNIA,EM FUNCIONAMENTO
2024,19,FARMÁCIA,NÃO,MG,32007019014P0,CIÊNCIAS FARMACÊUTICAS,EM FUNCIONAMENTO
2024,46,ENSINO,NÃO,MG,32007019026P8,ENSINO DE CIÊNCIAS,EM FUNCIONAMENTO
2024,26,DIREITO,NÃO,MG,32007019052P9,DIREITO,EM FUNCIONAMENTO
2024,14,ENGENHARIAS IV,SIM,MG,32007019056P4,ENGENHARIA ELÉTRICA,EM FUNCIONAMENTO
2024,2,COMPUTAÇÃO,NÃO,MG,32007019023P9,CIÊNCIA DA COMPUTAÇÃO,EM FUNCIONAMENTO
2024,28,ECONOMIA,NÃO,MG,32007019050P6,ECONOMIA APLICADA,EM FUNCIONAMENTO
2024,10,ENGENHARIAS I,NÃO,MG,32007019005P0,ENGENHARIA CIVIL,EM FUNCIONAMENTO
2024,13,ENGENHARIAS III,NÃO,MG,32007019054P1,ENGENHARIA MECÂNICA,EM FUNCIONAMENTO
2024,10,ENGENHARIAS I,NÃO,MG,32007019010P4,ENGENHARIA GEOTÉCNICA,EM FUNCIONAMENTO
2024,14,ENGENHARIAS IV,SIM,MG,32007019051P2,"INSTRUMENTAÇÃO, CONTROLE E AUTOMAÇÃO DE PROCESSOS DE MINERAÇÃO",EM FUNCIONAMENTO
2024,41,LINGUÍSTICA E LITERATURA,NÃO,MG,32007019021P6,LETRAS: ESTUDOS DA LINGUAGEM,EM FUNCIONAMENTO
2024,11,ARTES,NÃO,MG,32007019028P0,ARTES CÊNICAS,EM FUNCIONAMENTO
2024,44,CIÊNCIAS DA RELIGIÃO E TEOLOGIA,NÃO,MG,32008015019P8,CIÊNCIAS DA RELIGIÃO,EM FUNCIONAMENTO
2024,36,GEOGRAFIA,NÃO,MG,32008015003P4,GEOGRAFIA - TRATAMENTO DA INFORMAÇÃO ESPACIAL,EM FUNCIONAMENTO
2024,34,SOCIOLOGIA,NÃO,MG,32008015007P0,CIÊNCIAS SOCIAIS,EM FUNCIONAMENTO
2024,39,CIÊNCIA POLÍTICA E RELAÇÕES INTERNACIONAIS,NÃO,MG,32008015017P5,RELAÇÕES INTERNACIONAIS,EM FUNCIONAMENTO
2024,31,COMUNICAÇÃO E INFORMAÇÃO,NÃO,MG,32008015016P9,COMUNICAÇÃO SOCIAL,EM FUNCIONAMENTO
2024,7,BIODIVERSIDADE,NÃO,MG,32008015008P6,BIODIVERSIDADE E MEIO AMBIENTE,EM FUNCIONAMENTO
2024,37,PSICOLOGIA,NÃO,MG,32008015012P3,PSICOLOGIA,EM FUNCIONAMENTO
2024,41,LINGUÍSTICA E LITERATURA,NÃO,MG,32008015001P1,LETRAS,EM FUNCIONAMENTO
2024,2,COMPUTAÇÃO,NÃO,MG,32008015011P7,INFORMÁTICA,EM FUNCIONAMENTO
2024,44,CIÊNCIAS DA RELIGIÃO E TEOLOGIA,NÃO,MG,32008015020P6,TEOLOGIA PRÁTICA,EM FUNCIONAMENTO
2024,13,ENGENHARIAS III,NÃO,MG,32008015004P0,ENGENHARIA MECÂNICA,EM FUNCIONAMENTO
2024,27,"ADMINISTRAÇÃO PÚBLICA E DE EMPRESAS, CIÊNCIAS CONTÁBEIS E TURISMO",NÃO,MG,32008015015P2,ADMINISTRAÇÃO,EM FUNCIONAMENTO
2024,26,DIREITO,NÃO,MG,32008015005P7,DIREITO,EM FUNCIONAMENTO
2024,18,ODONTOLOGIA,NÃO,MG,32008015014P6,ODONTOLOGIA,EM FUNCIONAMENTO
2024,18,ODONTOLOGIA,NÃO,MG,32008015009P2,ODONTOLOGIA,EM FUNCIONAMENTO
2024,38,EDUCAÇÃO,NÃO,MG,32008015006P3,EDUCAÇÃO,EM FUNCIONAMENTO
2024,45,INTERDISCIPLINAR,NÃO,MG,32009011003P0,GESTÃO INTEGRADA DO TERRITÓRIO,EM FUNCIONAMENTO
2024,27,"ADMINISTRAÇÃO PÚBLICA E DE EMPRESAS, CIÊNCIAS CONTÁBEIS E TURISMO",NÃO,MG,32010010042P4,ADMINISTRAÇÃO PÚBLICA,EM FUNCIONAMENTO
2024,42,CIÊNCIAS AGRÁRIAS I,NÃO,MG,32010010002P2,PRODUÇÃO VEGETAL,EM FUNCIONAMENTO
2024,38,EDUCAÇÃO,NÃO,MG,32010010012P8,EDUCAÇÃO,EM FUNCIONAMENTO
2024,18,ODONTOLOGIA,NÃO,MG,32010010006P8,ODONTOLOGIA,EM FUNCIONAMENTO
2024,45,INTERDISCIPLINAR,NÃO,MG,32010010043P0,ESTUDOS RURAIS,EM FUNCIONAMENTO
2024,25,CIÊNCIA DE ALIMENTOS,NÃO,MG,32010010044P7,CIÊNCIA E TECNOLOGIA DE ALIMENTOS,EM FUNCIONAMENTO
2024,22,SAÚDE COLETIVA,NÃO,MG,32010010008P0,ENSINO EM SAÚDE,EM FUNCIONAMENTO
2024,19,FARMÁCIA,NÃO,MG,32010010009P7,CIÊNCIAS FARMACÊUTICAS,EM FUNCIONAMENTO
2024,23,ZOOTECNIA / RECURSOS PESQUEIROS,NÃO,MG,32010010003P9,ZOOTECNIA,EM FUNCIONAMENTO
2024,50,NUTRIÇÃO,NÃO,MG,32010010047P6,CIÊNCIAS DA NUTRIÇÃO,EM FUNCIONAMENTO
2024,45,INTERDISCIPLINAR,NÃO,MG,32010010011P1,CIÊNCIAS HUMANAS,EM FUNCIONAMENTO
2024,7,BIODIVERSIDADE,NÃO,MG,32010010040P1,BIOLOGIA ANIMAL,EM FUNCIONAMENTO
2024,21,"EDUCAÇÃO FÍSICA, FISIOTERAPIA, FONOAUDIOLOGIA E TERAPIA OCUPACIONAL",NÃO,MG,32010010041P8,REABILITAÇÃO E DESEMPENHO FUNCIONAL,EM FUNCIONAMENTO
2024,45,INTERDISCIPLINAR,NÃO,MG,32010010007P4,"SAÚDE, SOCIEDADE E AMBIENTE",EM FUNCIONAMENTO
2024,15,MEDICINA I,NÃO,MG,32010010048P2,CIÊNCIAS DA SAÚDE,EM FUNCIONAMENTO
2024,42,CIÊNCIAS AGRÁRIAS I,NÃO,MG,32010010005P1,CIÊNCIA FLORESTAL,EM FUNCIONAMENTO
2024,45,INTERDISCIPLINAR,NÃO,MG,32010010013P4,"TECNOLOGIA, AMBIENTE E SOCIEDADE",EM FUNCIONAMENTO
2024,4,QUÍMICA,NÃO,MG,32010010004P5,QUÍMICA,EM FUNCIONAMENTO
2024,46,ENSINO,NÃO,MG,32010010046P0,"EDUCAÇÃO EM CIÊNCIAS, MATEMÁTICA E TECNOLOGIA",EM FUNCIONAMENTO
2024,5,GEOCIÊNCIAS,NÃO,MG,32010010045P3,GEOLOGIA,EM FUNCIONAMENTO
2024,36,GEOGRAFIA,NÃO,MG,32011016045P6,GEOGRAFIA,EM FUNCIONAMENTO
2024,28,ECONOMIA,NÃO,MG,32011016043P3,ECONOMIA,EM FUNCIONAMENTO
2024,20,ENFERMAGEM,NÃO,MG,32011016006P0,ENFERMAGEM,EM FUNCIONAMENTO
2024,12,ENGENHARIAS II,NÃO,MG,32011016041P0,ENGENHARIA QUÍMICA,EM FUNCIONAMENTO
2024,21,"EDUCAÇÃO FÍSICA, FISIOTERAPIA, FONOAUDIOLOGIA E TERAPIA OCUPACIONAL",NÃO,MG,32011016042P7,CIÊNCIAS DA REABILITAÇÃO,EM FUNCIONAMENTO
2024,12,ENGENHARIAS II,SIM,MG,32003013005P5,CIÊNCIA E ENGENHARIA DE MATERIAIS,EM FUNCIONAMENTO
2024,16,MEDICINA II,NÃO,MG,32011016007P7,BIOCIÊNCIAS APLICADAS À SAÚDE,EM FUNCIONAMENTO
2024,42,CIÊNCIAS AGRÁRIAS I,NÃO,MG,32011016013P7,ESTATÍSTICA APLICADA E BIOMETRIA,EM FUNCIONAMENTO
2024,38,EDUCAÇÃO,NÃO,MG,32011016015P0,EDUCAÇÃO,EM FUNCIONAMENTO
2024,48,BIOTECNOLOGIA,NÃO,MG,32011016044P0,BIOTECNOLOGIA,EM FUNCIONAMENTO
2024,4,QUÍMICA,NÃO,MG,32011016004P8,QUÍMICA,EM FUNCIONAMENTO
2024,3,ASTRONOMIA / FÍSICA,SIM,MG,32011016010P8,FÍSICA - UFSJ - UNIFAL,EM FUNCIONAMENTO
2024,6,CIÊNCIAS BIOLÓGICAS I,NÃO,MG,32011016040P4,CIÊNCIAS BIOLÓGICAS,EM FUNCIONAMENTO
2024,40,HISTÓRIA,NÃO,MG,32011016014P3,HISTÓRIA IBÉRICA,EM FUNCIONAMENTO
2024,45,INTERDISCIPLINAR,NÃO,MG,32011016012P0,GESTÃO PÚBLICA E SOCIEDADE,EM FUNCIONAMENTO
2024,49,CIÊNCIAS AMBIENTAIS,NÃO,MG,32011016005P4,CIÊNCIAS AMBIENTAIS,EM FUNCIONAMENTO
2024,19,FARMÁCIA,NÃO,MG,32011016003P1,CIÊNCIAS FARMACÊUTICAS,EM FUNCIONAMENTO
2024,50,NUTRIÇÃO,NÃO,MG,32011016046P2,NUTRIÇÃO E LONGEVIDADE,EM FUNCIONAMENTO
2024,10,ENGENHARIAS I,NÃO,MG,32011016011P4,CIÊNCIA E ENGENHARIA AMBIENTAL,EM FUNCIONAMENTO
2024,18,ODONTOLOGIA,NÃO,MG,32011016009P0,CIÊNCIAS ODONTOLÓGICAS,EM FUNCIONAMENTO
2024,8,CIÊNCIAS BIOLÓGICAS II,NÃO,MG,32012012005P0,CIÊNCIAS FISIOLÓGICAS,EM FUNCIONAMENTO
2024,49,CIÊNCIAS AMBIENTAIS,NÃO,MG,32012012171P8,CIÊNCIA E TECNOLOGIA AMBIENTAL,EM FUNCIONAMENTO
2024,46,ENSINO,NÃO,MG,32012012172P4,EDUCAÇÃO EM CIÊNCIAS E MATEMÁTICA,EM FUNCIONAMENTO
2024,21,"EDUCAÇÃO FÍSICA, FISIOTERAPIA, FONOAUDIOLOGIA E TERAPIA OCUPACIONAL",SIM,MG,32012012170P1,FISIOTERAPIA,EM FUNCIONAMENTO
2024,37,PSICOLOGIA,NÃO,MG,32012012070P7,PSICOLOGIA,EM FUNCIONAMENTO
2024,21,"EDUCAÇÃO FÍSICA, FISIOTERAPIA, FONOAUDIOLOGIA E TERAPIA OCUPACIONAL",NÃO,MG,32012012007P3,EDUCAÇÃO FÍSICA,EM FUNCIONAMENTO
2024,45,INTERDISCIPLINAR,NÃO,MG,32012012006P7,INOVAÇÕES E TECNOLOGIAS,EM FUNCIONAMENTO
2024,16,MEDICINA II,NÃO,MG,32012012001P5,CIÊNCIAS DA SAÚDE,EM FUNCIONAMENTO
2024,20,ENFERMAGEM,NÃO,MG,32012012004P4,ATENÇÃO À SAÚDE,EM FUNCIONAMENTO
2024,16,MEDICINA II,NÃO,MG,32012012003P8,MEDICINA TROPICAL E INFECTOLOGIA,EM FUNCIONAMENTO
2024,47,MATERIAIS,NÃO,MG,32012012009P6,CIÊNCIA E TECNOLOGIA DE MATERIAIS,EM FUNCIONAMENTO
2024,38,EDUCAÇÃO,NÃO,MG,32012012008P0,EDUCAÇÃO,EM FUNCIONAMENTO
2024,48,BIOTECNOLOGIA,NÃO,MG,32014015009P9,BIOTECNOLOGIA,EM FUNCIONAMENTO
2024,23,ZOOTECNIA / RECURSOS PESQUEIROS,NÃO,MG,32014015005P3,ZOOTECNIA,EM FUNCIONAMENTO
2024,40,HISTÓRIA,NÃO,MG,32014015008P2,HISTORIA,EM FUNCIONAMENTO
2024,41,LINGUÍSTICA E LITERATURA,NÃO,MG,32014015007P6,LETRAS-ESTUDOS LITERÁRIOS,EM FUNCIONAMENTO
2024,45,INTERDISCIPLINAR,NÃO,MG,32014015002P4,DESENVOLVIMENTO SOCIAL,EM FUNCIONAMENTO
2024,42,CIÊNCIAS AGRÁRIAS I,NÃO,MG,32014015001P8,PRODUÇÃO VEGETAL NO SEMIÁRIDO,EM FUNCIONAMENTO
2024,45,INTERDISCIPLINAR,NÃO,MG,32014015004P7,CIÊNCIAS DA SAÚDE,EM FUNCIONAMENTO
2024,28,ECONOMIA,NÃO,MG,32014015101P2,DESENVOLVIMENTO ECONÔMICO E ESTRATÉGIA EMPRESARIAL,EM FUNCIONAMENTO
2024,7,BIODIVERSIDADE,NÃO,MG,32014015006P0,BIODIVERSIDADE E USO DOS RECURSOS NATURAIS,EM FUNCIONAMENTO
2024,7,BIODIVERSIDADE,NÃO,MG,32014015102P9,BOTÂNICA APLICADA,EM FUNCIONAMENTO
2024,45,INTERDISCIPLINAR,NÃO,MG,32014015010P7,MODELAGEM COMPUTACIONAL E SISTEMAS,EM FUNCIONAMENTO
2024,45,INTERDISCIPLINAR,NÃO,MG,32014015003P0,CUIDADO PRIMÁRIO EM SAÚDE,EM FUNCIONAMENTO
2024,36,GEOGRAFIA,NÃO,MG,32014015011P3,GEOGRAFIA,EM FUNCIONAMENTO
2024,45,INTERDISCIPLINAR,SIM,MG,32014015104P1,CIÊNCIAS POLICIAIS E TECNOLOGIAS INOVADORAS,EM FUNCIONAMENTO
2024,38,EDUCAÇÃO,NÃO,MG,32014015103P5,EDUCAÇÃO,EM FUNCIONAMENTO
2024,23,ZOOTECNIA / RECURSOS PESQUEIROS,NÃO,MG,32016018001P0,CIÊNCIA ANIMAL,EM FUNCIONAMENTO
2024,24,MEDICINA VETERINÁRIA,NÃO,MG,32016018003P3,"REPRODUÇÃO, SANIDADE E BEM-ESTAR ANIMAL",EM FUNCIONAMENTO
2024,42,CIÊNCIAS AGRÁRIAS I,NÃO,MG,32016018002P7,SISTEMAS DE PRODUÇÃO NA AGROPECUÁRIA,EM FUNCIONAMENTO
2024,16,MEDICINA II,NÃO,MG,32016018004P0,ENSINO EM SAÚDE,EM FUNCIONAMENTO
2024,42,CIÊNCIAS AGRÁRIAS I,NÃO,MG,32016018005P6,AGRICULTURA SUSTENTÁVEL,EM FUNCIONAMENTO
2024,26,DIREITO,NÃO,MG,32017014001P7,DIREITOS FUNDAMENTAIS,EM FUNCIONAMENTO
2024,11,ARTES,NÃO,MG,32018010047P3,MÚSICA,EM FUNCIONAMENTO
2024,47,MATERIAIS,NÃO,MG,32018010001P3,FISICA E QUIMICA DE MATERIAIS,EM FUNCIONAMENTO
2024,30,PLANEJAMENTO URBANO E REGIONAL / DEMOGRAFIA,NÃO,MG,32018010046P7,"DESENVOLVIMENTO, PLANEJAMENTO E TERRITÓRIO",EM FUNCIONAMENTO
2024,2,COMPUTAÇÃO,NÃO,MG,32018010044P4,CIÊNCIA DA COMPUTAÇÃO,EM FUNCIONAMENTO
2024,20,ENFERMAGEM,NÃO,MG,32018010014P8,ENFERMAGEM,EM FUNCIONAMENTO
2024,14,ENGENHARIAS IV,SIM,MG,32018010007P1,ENGENHARIA ELÉTRICA (UFSJ - CEFET-MG),EM FUNCIONAMENTO
2024,42,CIÊNCIAS AGRÁRIAS I,NÃO,MG,32018010012P5,CIÊNCIAS AGRÁRIAS,EM FUNCIONAMENTO
2024,45,INTERDISCIPLINAR,NÃO,MG,32018010041P5,"INTERDISCIPLINAR EM ARTES, URBANIDADES E SUSTENTABILIDADE",EM FUNCIONAMENTO
2024,37,PSICOLOGIA,NÃO,MG,32018010005P9,PSICOLOGIA,EM FUNCIONAMENTO
2024,45,INTERDISCIPLINAR,NÃO,MG,32018010009P4,BIOENGENHARIA,EM FUNCIONAMENTO
2024,33,FILOSOFIA,NÃO,MG,32018010045P0,FILOSOFIA,EM FUNCIONAMENTO
2024,11,ARTES,NÃO,MG,32018010042P1,ARTES CÊNICAS,EM FUNCIONAMENTO
2024,7,BIODIVERSIDADE,NÃO,MG,32018010040P9,ECOLOGIA,EM FUNCIONAMENTO
2024,38,EDUCAÇÃO,NÃO,MG,32018010004P2,PROCESSOS SOCIOEDUCATIVOS E PRÁTICAS ESCOLARES,EM FUNCIONAMENTO
2024,13,ENGENHARIAS III,NÃO,MG,32018010006P5,ENGENHARIA MECÂNICA,EM FUNCIONAMENTO
2024,12,ENGENHARIAS II,NÃO,MG,32018010015P4,ENGENHARIA QUÍMICA,EM FUNCIONAMENTO
2024,41,LINGUÍSTICA E LITERATURA,NÃO,MG,32018010002P0,TEORIA LITERARIA E CRITICA DA CULTURA,EM FUNCIONAMENTO
2024,40,HISTÓRIA,NÃO,MG,32018010003P6,HISTÓRIA,EM FUNCIONAMENTO
2024,19,FARMÁCIA,NÃO,MG,32018010013P1,CIÊNCIAS FARMACÊUTICAS,EM FUNCIONAMENTO
2024,8,CIÊNCIAS BIOLÓGICAS II,NÃO,MG,32018010043P8,CIÊNCIAS MORFOFUNCIONAIS,EM FUNCIONAMENTO
2024,48,BIOTECNOLOGIA,NÃO,MG,32018010011P9,BIOTECNOLOGIA,EM FUNCIONAMENTO
2024,16,MEDICINA II,NÃO,MG,32018010008P8,CIÊNCIAS DA SAÚDE,EM FUNCIONAMENTO
2024,36,GEOGRAFIA,NÃO,MG,32018010016P0,GEOGRAFIA,EM FUNCIONAMENTO
2024,12,ENGENHARIAS II,SIM,MG,32018029001P9,ENGENHARIA DE BIOPROCESSOS E BIOTECNOLOGIA,EM FUNCIONAMENTO
2024,10,ENGENHARIAS I,NÃO,MG,32020015004P3,ENGENHARIA CIVIL,EM FUNCIONAMENTO
2024,41,LINGUÍSTICA E LITERATURA,NÃO,MG,32020015006P6,ESTUDOS DE LINGUAGENS,EM FUNCIONAMENTO
2024,27,"ADMINISTRAÇÃO PÚBLICA E DE EMPRESAS, CIÊNCIAS CONTÁBEIS E TURISMO",NÃO,MG,32020015008P9,ADMINISTRAÇÃO,EM FUNCIONAMENTO
2024,13,ENGENHARIAS III,NÃO,MG,32020015010P3,ENGENHARIA MECÂNICA,EM FUNCIONAMENTO
2024,12,ENGENHARIAS II,NÃO,MG,32020015007P2,ENGENHARIA DE MATERIAIS,EM FUNCIONAMENTO
2024,45,INTERDISCIPLINAR,NÃO,MG,32020015009P5,TECNOLOGIA DE PRODUTOS E PROCESSOS,EM FUNCIONAMENTO
2024,45,INTERDISCIPLINAR,NÃO,MG,32020015002P0,MODELAGEM MATEMÁTICA E COMPUTACIONAL,EM FUNCIONAMENTO
2024,12,ENGENHARIAS II,NÃO,MG,32020015011P0,ENGENHARIA DE MINAS,EM FUNCIONAMENTO
2024,14,ENGENHARIAS IV,NÃO,MG,32020015012P6,AUTOMAÇÃO E SISTEMAS,EM FUNCIONAMENTO
2024,38,EDUCAÇÃO,NÃO,MG,32020015003P7,EDUCAÇÃO TECNOLÓGICA,EM FUNCIONAMENTO
2024,49,CIÊNCIAS AMBIENTAIS,NÃO,MG,32021011004P0,MEIO AMBIENTE E SAÚDE,EM FUNCIONAMENTO
2024,46,ENSINO,NÃO,MG,32021011005P6,"GESTÃO, PLANEJAMENTO E ENSINO",EM FUNCIONAMENTO
2024,38,EDUCAÇÃO,NÃO,MG,32025017001P6,EDUCAÇÃO,EM FUNCIONAMENTO
2024,11,ARTES,NÃO,MG,32025017007P4,PRÁTICAS MUSICAIS,EM FUNCIONAMENTO
2024,49,CIÊNCIAS AMBIENTAIS,NÃO,MG,32025017004P5,CIÊNCIAS AMBIENTAIS,EM FUNCIONAMENTO
2024,29,"ARQUITETURA, URBANISMO E DESIGN",NÃO,MG,32025017002P2,DESIGN,EM FUNCIONAMENTO
2024,39,CIÊNCIA POLÍTICA E RELAÇÕES INTERNACIONAIS,NÃO,MG,32025017005P1,SEGURANÇA PÚBLICA E CIDADANIA,EM FUNCIONAMENTO
2024,30,PLANEJAMENTO URBANO E REGIONAL / DEMOGRAFIA,NÃO,MG,32025017006P8,DESENVOLVIMENTO REGIONAL E MEIO AMBIENTE,EM FUNCIONAMENTO
2024,11,ARTES,NÃO,MG,32025017003P9,ARTES,EM FUNCIONAMENTO
2024,33,FILOSOFIA,NÃO,MG,32029012003P4,FILOSOFIA,EM FUNCIONAMENTO
2024,44,CIÊNCIAS DA RELIGIÃO E TEOLOGIA,NÃO,MG,32029012001P1,TEOLOGIA,EM FUNCIONAMENTO
2024,15,MEDICINA I,NÃO,MG,32034016001P1,CIÊNCIAS DA SAÚDE,EM FUNCIONAMENTO
2024,38,EDUCAÇÃO,NÃO,MG,32036019005P0,FORMAÇÃO DOCENTE PARA A EDUCAÇÃO BÁSICA,EM FUNCIONAMENTO
2024,24,MEDICINA VETERINÁRIA,NÃO,MG,32036019003P7,SANIDADE E PRODUÇÃO ANIMAL NOS TRÓPICOS,EM FUNCIONAMENTO
2024,18,ODONTOLOGIA,NÃO,MG,32036019002P0,ODONTOLOGIA,EM FUNCIONAMENTO
2024,38,EDUCAÇÃO,NÃO,MG,32036019001P4,EDUCAÇÃO,EM FUNCIONAMENTO
2024,12,ENGENHARIAS II,NÃO,MG,32036019004P3,ENGENHARIA QUÍMICA,EM FUNCIONAMENTO
2024,26,DIREITO,NÃO,MG,32040016001P8,DIREITO NAS RELAÇÕES ECONÔMICAS E SOCIAIS,EM FUNCIONAMENTO
2024,24,MEDICINA VETERINÁRIA,NÃO,MG,32043015001P7,REPRODUÇÃO E NUTRIÇÃO ANIMAL,EM FUNCIONAMENTO
2024,25,CIÊNCIA DE ALIMENTOS,NÃO,MG,32044011001P3,CIÊNCIA E TECNOLOGIA DE ALIMENTOS,EM FUNCIONAMENTO
2024,23,ZOOTECNIA / RECURSOS PESQUEIROS,NÃO,MG,32044011002P0,NUTRIÇÃO E PRODUÇÃO ANIMAL,EM FUNCIONAMENTO
2024,49,CIÊNCIAS AMBIENTAIS,NÃO,MG,32045018001P0,SUSTENTABILIDADE E TECNOLOGIA AMBIENTAL,EM FUNCIONAMENTO
2024,27,"ADMINISTRAÇÃO PÚBLICA E DE EMPRESAS, CIÊNCIAS CONTÁBEIS E TURISMO",NÃO,MG,32045018002P6,ADMINISTRAÇÃO,EM FUNCIONAMENTO
2024,25,CIÊNCIA DE ALIMENTOS,SIM,MG,32048017001P9,CIÊNCIA E TECNOLOGIA DE ALIMENTOS,EM FUNCIONAMENTO
2024,42,CIÊNCIAS AGRÁRIAS I,NÃO,MG,32048017003P1,PRODUÇÃO VEGETAL,EM FUNCIONAMENTO
2024,38,EDUCAÇÃO,NÃO,MG,32048017002P5,EDUCAÇÃO TECNOLÓGICA,EM FUNCIONAMENTO
2024,27,"ADMINISTRAÇÃO PÚBLICA E DE EMPRESAS, CIÊNCIAS CONTÁBEIS E TURISMO",NÃO,MG,32049013001P5,ADMINISTRAÇÃO PÚBLICA,EM FUNCIONAMENTO
2024,10,ENGENHARIAS I,NÃO,MG,32053010005P4,PROCESSOS CONSTRUTIVOS,EM FUNCIONAMENTO
2024,31,COMUNICAÇÃO E INFORMAÇÃO,NÃO,MG,32053010003P1,TECNOLOGIA DA INFORMAÇÃO E COMUNICAÇÃO E GESTÃO DO CONHECIMENTO,EM FUNCIONAMENTO
2024,26,DIREITO,NÃO,MG,32053010002P5,"INSTITUIÇÕES SOCIAIS, DIREITO E DEMOCRACIA",EM FUNCIONAMENTO
2024,27,"ADMINISTRAÇÃO PÚBLICA E DE EMPRESAS, CIÊNCIAS CONTÁBEIS E TURISMO",NÃO,MG,32053010001P9,ADMINISTRAÇÃO,EM FUNCIONAMENTO
2024,14,ENGENHARIAS IV,NÃO,MG,32057016001P4,ENGENHARIA ELÉTRICA,EM FUNCIONAMENTO
2024,15,MEDICINA I,NÃO,MG,32058020001P6,MEDICINA - BIOMEDICINA,EM FUNCIONAMENTO
2024,27,"ADMINISTRAÇÃO PÚBLICA E DE EMPRESAS, CIÊNCIAS CONTÁBEIS E TURISMO",NÃO,MG,32065019001P3,ADMINISTRAÇÃO,EM FUNCIONAMENTO
2024,16,MEDICINA II,NÃO,MG,32067011001P6,CIÊNCIAS DA SAÚDE,EM FUNCIONAMENTO
2024,12,ENGENHARIAS II,NÃO,MG,32069014001P9,"CIÊNCIA E TECNOLOGIA DAS RADIAÇÕES, MINERAIS E MATERIAIS",EM FUNCIONAMENTO
2024,17,MEDICINA III,NÃO,MG,32073011003P5,CIÊNCIAS APLICADAS À SAÚDE,EM FUNCIONAMENTO
2024,38,EDUCAÇÃO,NÃO,MG,32073011001P2,"EDUCAÇÃO, CONHECIMENTO E SOCIEDADE",EM FUNCIONAMENTO
2024,27,"ADMINISTRAÇÃO PÚBLICA E DE EMPRESAS, CIÊNCIAS CONTÁBEIS E TURISMO",NÃO,MG,32076010001P1,ADMINISTRAÇÃO,EM FUNCIONAMENTO
2024,26,DIREITO,NÃO,MG,32079010001P4,DIREITO,EM FUNCIONAMENTO
2024,25,CIÊNCIA DE ALIMENTOS,NÃO,MG,32082010001P8,CIÊNCIA E TECNOLOGIA DE ALIMENTOS,EM FUNCIONAMENTO
2024,26,DIREITO,NÃO,MG,32083017001P4,DIREITO AMBIENTAL E DESENVOLVIMENTO SUSTENTÁVEL,EM FUNCIONAMENTO
2024,46,ENSINO,NÃO,MG,32108010001P2,ENSINO DE CIÊNCIAS DA SAÚDE E DO AMBIENTE,EM FUNCIONAMENTO
2024,45,INTERDISCIPLINAR,NÃO,MG,32115016001P1,GESTÃO E DESENVOLVIMENTO REGIONAL,EM FUNCIONAMENTO
2024,48,BIOTECNOLOGIA,NÃO,MG,32145012001P7,BIOTECNOLOGIA E GESTÃO DA INOVAÇÃO,EM FUNCIONAMENTO
2024,48,BIOTECNOLOGIA,NÃO,MG,32148011001P6,BIOTECNOLOGIA,EM FUNCIONAMENTO
2024,48,BIOTECNOLOGIA,NÃO,SP,33001014042P8,BIOTECNOLOGIA E MONITORAMENTO AMBIENTAL,EM FUNCIONAMENTO
2024,20,ENFERMAGEM,NÃO,SP,33001014028P5,ENFERMAGEM,EM FUNCIONAMENTO
2024,13,ENGENHARIAS III,NÃO,SP,33001014073P0,ENGENHARIA MECÂNICA,EM FUNCIONAMENTO
2024,31,COMUNICAÇÃO E INFORMAÇÃO,NÃO,SP,33001014077P6,PRODUÇÃO DE CONTEÚDO MULTIPLATAFORMA (PPGCOM),EM FUNCIONAMENTO
2024,10,ENGENHARIAS I,NÃO,SP,33001014015P0,ENGENHARIA URBANA,EM FUNCIONAMENTO
2024,1,MATEMÁTICA / PROBABILIDADE E ESTATÍSTICA,SIM,SP,33001014045P7,ESTATÍSTICA,EM FUNCIONAMENTO
2024,13,ENGENHARIAS III,NÃO,SP,33001014039P7,ENGENHARIA DE PRODUÇÃO,EM FUNCIONAMENTO
2024,35,ANTROPOLOGIA / ARQUEOLOGIA,NÃO,SP,33001014023P3,ANTROPOLOGIA SOCIAL,EM FUNCIONAMENTO
2024,46,ENSINO,NÃO,SP,33001014070P1,EDUCAÇÃO EM CIÊNCIAS E MATEMÁTICA,EM FUNCIONAMENTO
2024,48,BIOTECNOLOGIA,NÃO,SP,33001014020P4,BIOTECNOLOGIA,EM FUNCIONAMENTO
2024,31,COMUNICAÇÃO E INFORMAÇÃO,NÃO,SP,33001014030P0,IMAGEM E SOM,EM FUNCIONAMENTO
2024,2,COMPUTAÇÃO,NÃO,SP,33001014044P0,CIÊNCIA DA COMPUTAÇÃO,EM FUNCIONAMENTO
2024,27,"ADMINISTRAÇÃO PÚBLICA E DE EMPRESAS, CIÊNCIAS CONTÁBEIS E TURISMO",NÃO,SP,33001014046P3,ADMINISTRAÇÃO E SOCIEDADE,EM FUNCIONAMENTO
2024,33,FILOSOFIA,NÃO,SP,33001014010P9,FILOSOFIA,EM FUNCIONAMENTO
2024,46,ENSINO,NÃO,SP,33001014029P1,ENSINO DE CIÊNCIAS EXATAS,EM FUNCIONAMENTO
2024,45,INTERDISCIPLINAR,NÃO,SP,33001014075P3,ESTUDOS DA CONDIÇÃO HUMANA,EM FUNCIONAMENTO
2024,45,INTERDISCIPLINAR,NÃO,SP,33001014022P7,AGROECOLOGIA E DESENVOLVIMENTO RURAL,EM FUNCIONAMENTO
2024,49,CIÊNCIAS AMBIENTAIS,NÃO,SP,33001014040P5,SUSTENTABILIDADE NA GESTÃO AMBIENTAL,EM FUNCIONAMENTO
2024,4,QUÍMICA,NÃO,SP,33001014024P0,QUÍMICA,EM FUNCIONAMENTO
2024,7,BIODIVERSIDADE,NÃO,SP,33001014003P2,ECOLOGIA E RECURSOS NATURAIS,EM FUNCIONAMENTO
2024,6,CIÊNCIAS BIOLÓGICAS I,NÃO,SP,33001014012P1,GENÉTICA EVOLUTIVA E BIOLOGIA MOLECULAR,EM FUNCIONAMENTO
2024,34,SOCIOLOGIA,NÃO,SP,33001014025P6,SOCIOLOGIA,EM FUNCIONAMENTO
2024,2,COMPUTAÇÃO,NÃO,SP,33001014008P4,CIÊNCIA DA COMPUTAÇÃO,EM FUNCIONAMENTO
2024,8,CIÊNCIAS BIOLÓGICAS II,SIM,SP,33001014037P4,CIÊNCIAS FISIOLÓGICAS,EM FUNCIONAMENTO
2024,36,GEOGRAFIA,NÃO,SP,33001014071P8,GEOGRAFIA,EM FUNCIONAMENTO
2024,38,EDUCAÇÃO,NÃO,SP,33001014001P0,EDUCAÇÃO,EM FUNCIONAMENTO
2024,38,EDUCAÇÃO,NÃO,SP,33001014002P6,EDUCAÇÃO ESPECIAL (EDUCAÇÃO DO INDIVÍDUO ESPECIAL),EM FUNCIONAMENTO
2024,13,ENGENHARIAS III,NÃO,SP,33001014013P8,ENGENHARIA DE PRODUÇÃO,EM FUNCIONAMENTO
2024,45,INTERDISCIPLINAR,NÃO,SP,33001014069P3,GERONTOLOGIA,EM FUNCIONAMENTO
2024,37,PSICOLOGIA,NÃO,SP,33001014031P6,PSICOLOGIA,EM FUNCIONAMENTO
2024,14,ENGENHARIAS IV,NÃO,SP,33001014072P4,ENGENHARIA ELÉTRICA,EM FUNCIONAMENTO
2024,7,BIODIVERSIDADE,NÃO,SP,33001014048P6,CONSERVAÇÃO DA FAUNA,EM FUNCIONAMENTO
2024,4,QUÍMICA,NÃO,SP,33001014005P5,QUÍMICA,EM FUNCIONAMENTO
2024,1,MATEMÁTICA / PROBABILIDADE E ESTATÍSTICA,NÃO,SP,33001014007P8,MATEMÁTICA,EM FUNCIONAMENTO
2024,49,CIÊNCIAS AMBIENTAIS,NÃO,SP,33001014047P0,CIÊNCIAS AMBIENTAIS,EM FUNCIONAMENTO
2024,41,LINGUÍSTICA E LITERATURA,NÃO,SP,33001014041P1,ESTUDOS DE LITERATURA,EM FUNCIONAMENTO
2024,39,CIÊNCIA POLÍTICA E RELAÇÕES INTERNACIONAIS,NÃO,SP,33001014026P2,CIENCIA POLITICA,EM FUNCIONAMENTO
2024,42,CIÊNCIAS AGRÁRIAS I,NÃO,SP,33001014051P7,PRODUÇÃO VEGETAL E BIOPROCESSOS ASSOCIADOS,EM FUNCIONAMENTO
2024,49,CIÊNCIAS AMBIENTAIS,NÃO,SP,33001014050P0,PLANEJAMENTO E USO DE RECURSOS RENOVÁVEIS,EM FUNCIONAMENTO
2024,41,LINGUÍSTICA E LITERATURA,NÃO,SP,33001014021P0,LINGUÍSTICA,EM FUNCIONAMENTO
2024,12,ENGENHARIAS II,NÃO,SP,33001014006P1,ENGENHARIA QUÍMICA,EM FUNCIONAMENTO
2024,27,"ADMINISTRAÇÃO PÚBLICA E DE EMPRESAS, CIÊNCIAS CONTÁBEIS E TURISMO",NÃO,SP,33001014076P0,ADMINISTRAÇÃO,EM FUNCIONAMENTO
2024,3,ASTRONOMIA / FÍSICA,NÃO,SP,33001014011P5,FÍSICA,EM FUNCIONAMENTO
2024,13,ENGENHARIAS III,NÃO,SP,33001014074P7,ENGENHARIA DE PRODUÇÃO,EM FUNCIONAMENTO
2024,21,"EDUCAÇÃO FÍSICA, FISIOTERAPIA, FONOAUDIOLOGIA E TERAPIA OCUPACIONAL",NÃO,SP,33001014036P8,TERAPIA OCUPACIONAL,EM FUNCIONAMENTO
2024,38,EDUCAÇÃO,NÃO,SP,33001014043P4,EDUCAÇÃO,EM FUNCIONAMENTO
2024,47,MATERIAIS,NÃO,SP,33001014032P2,CIÊNCIA DOS MATERIAIS,EM FUNCIONAMENTO
2024,31,COMUNICAÇÃO E INFORMAÇÃO,NÃO,SP,33001014052P3,CIÊNCIA DA INFORMAÇÃO,EM FUNCIONAMENTO
2024,10,ENGENHARIAS I,NÃO,SP,33001014018P0,ENGENHARIA CIVIL,EM FUNCIONAMENTO
2024,45,INTERDISCIPLINAR,NÃO,SP,33001014027P9,"CIÊNCIA, TECNOLOGIA E SOCIEDADE",EM FUNCIONAMENTO
2024,12,ENGENHARIAS II,NÃO,SP,33001014004P9,CIÊNCIA E ENGENHARIA DOS MATERIAIS,EM FUNCIONAMENTO
2024,42,CIÊNCIAS AGRÁRIAS I,NÃO,SP,33001014034P5,AGRICULTURA E AMBIENTE,EM FUNCIONAMENTO
2024,21,"EDUCAÇÃO FÍSICA, FISIOTERAPIA, FONOAUDIOLOGIA E TERAPIA OCUPACIONAL",NÃO,SP,33001014016P7,FISIOTERAPIA,EM FUNCIONAMENTO
2024,22,SAÚDE COLETIVA,NÃO,SP,33001014038P0,GESTÃO DA CLÍNICA,EM FUNCIONAMENTO
2024,28,ECONOMIA,NÃO,SP,33001014035P1,ECONOMIA,EM FUNCIONAMENTO
2024,38,EDUCAÇÃO,NÃO,SP,33001014049P2,EDUCAÇÃO,EM FUNCIONAMENTO
2024,41,LINGUÍSTICA E LITERATURA,NÃO,SP,33002010108P5,LETRAS ESTRANGEIRAS E TRADUÇÃO,EM FUNCIONAMENTO
2024,4,QUÍMICA,NÃO,SP,33002010225P1,TECNOLOGIA EM QUÍMICA E BIOQUÍMICA,EM FUNCIONAMENTO
2024,24,MEDICINA VETERINÁRIA,NÃO,SP,33002010150P1,CLÍNICA VETERINÁRIA,EM FUNCIONAMENTO
2024,25,CIÊNCIA DE ALIMENTOS,SIM,SP,33002010101P0,INTERUNIDADES SISTEMAS INTEGRADOS EM ALIMENTOS,EM FUNCIONAMENTO
2024,46,ENSINO,NÃO,SP,33002010237P0,FORMAÇÃO INTERDISCIPLINAR EM SAÚDE,EM FUNCIONAMENTO
2024,12,ENGENHARIAS II,NÃO,SP,33002010050P7,TECNOLOGIA NUCLEAR,EM FUNCIONAMENTO
2024,17,MEDICINA III,NÃO,SP,33002010115P1,CIÊNCIAS DO SISTEMA MUSCULOESQUELÉTICO,EM FUNCIONAMENTO
2024,23,ZOOTECNIA / RECURSOS PESQUEIROS,NÃO,SP,33002010165P9,ZOOTECNIA,EM FUNCIONAMENTO
2024,16,MEDICINA II,NÃO,SP,33002010069P0,NEUROLOGIA,EM FUNCIONAMENTO
2024,10,ENGENHARIAS I,NÃO,SP,33002010130P0,ENGENHARIA CIVIL,EM FUNCIONAMENTO
2024,49,CIÊNCIAS AMBIENTAIS,NÃO,SP,33002010145P8,CIÊNCIA AMBIENTAL,EM FUNCIONAMENTO
2024,7,BIODIVERSIDADE,NÃO,SP,33002010221P6,"SISTEMÁTICA, TAXONOMIA ANIMAL E BIODIVERSIDADE",EM FUNCIONAMENTO
2024,37,PSICOLOGIA,NÃO,SP,33002010040P1,PSICOLOGIA SOCIAL,EM FUNCIONAMENTO
2024,45,INTERDISCIPLINAR,NÃO,SP,33002010210P4,CULTURAS E IDENTIDADES BRASILEIRAS,EM FUNCIONAMENTO
2024,21,"EDUCAÇÃO FÍSICA, FISIOTERAPIA, FONOAUDIOLOGIA E TERAPIA OCUPACIONAL",NÃO,SP,33002010194P9,CIÊNCIAS DA REABILITAÇÃO,EM FUNCIONAMENTO
2024,16,MEDICINA II,NÃO,SP,33002010061P9,ALERGIA E IMUNOPATOLOGIA,EM FUNCIONAMENTO
2024,17,MEDICINA III,NÃO,SP,33002010222P2,CIÊNCIAS EM GASTROENTEROLOGIA,EM FUNCIONAMENTO
2024,8,CIÊNCIAS BIOLÓGICAS II,NÃO,SP,33002010172P5,CIÊNCIAS (FISIOLOGIA HUMANA),EM FUNCIONAMENTO
2024,16,MEDICINA II,NÃO,SP,33002010073P7,PSIQUIATRIA,EM FUNCIONAMENTO
2024,45,INTERDISCIPLINAR,NÃO,SP,33002010149P3,ENERGIA,EM FUNCIONAMENTO
2024,45,INTERDISCIPLINAR,NÃO,SP,33002010211P0,MODELAGEM DE SISTEMAS COMPLEXOS,EM FUNCIONAMENTO
2024,5,GEOCIÊNCIAS,NÃO,SP,33002010124P0,METEOROLOGIA,EM FUNCIONAMENTO
2024,17,MEDICINA III,NÃO,SP,33002010252P9,INOVAÇÃO TECNOLÓGICA E DE PROCESSOS ASSISTENCIAIS PERIOPERATÓRIOS,EM FUNCIONAMENTO
2024,47,MATERIAIS,NÃO,SP,33002010239P2,ENGENHARIA E CIÊNCIA DE MATERIAIS,EM FUNCIONAMENTO
2024,41,LINGUÍSTICA E LITERATURA,NÃO,SP,33002010106P2,LETRAS (LETRAS CLÁSSICAS),EM FUNCIONAMENTO
2024,1,MATEMÁTICA / PROBABILIDADE E ESTATÍSTICA,NÃO,SP,33002010223P9,ENSINO DE MATEMÁTICA,EM FUNCIONAMENTO
2024,11,ARTES,NÃO,SP,33002010200P9,ARTES CÊNICAS,EM FUNCIONAMENTO
2024,37,PSICOLOGIA,NÃO,SP,33002010162P0,NEUROCIÊNCIAS E COMPORTAMENTO,EM FUNCIONAMENTO
2024,3,ASTRONOMIA / FÍSICA,NÃO,SP,33002010002P2,FÍSICA,EM FUNCIONAMENTO
2024,9,CIÊNCIAS BIOLÓGICAS III,NÃO,SP,33002010254P1,INOVAÇÃO EM DIAGNÓSTICO E DESENVOLVIMENTO DE FÁRMACOS E MEDICAMENTOS,EM FUNCIONAMENTO
2024,35,ANTROPOLOGIA / ARQUEOLOGIA,NÃO,SP,33002010151P8,ARQUEOLOGIA,EM FUNCIONAMENTO
2024,17,MEDICINA III,NÃO,SP,33002010132P3,"ANESTESIOLOGIA, CIÊNCIAS CIRÚRGICAS E MEDICINA PERIOPERATÓRIA",EM FUNCIONAMENTO
2024,6,CIÊNCIAS BIOLÓGICAS I,NÃO,SP,33002010024P6,BIOLOGIA DE SISTEMAS,EM FUNCIONAMENTO
2024,41,LINGUÍSTICA E LITERATURA,NÃO,SP,33002010113P9,LETRAS (LÍNGUA ESPANHOLA E LIT. ESPANHOLA E HISPANO-AMERIC.),EM FUNCIONAMENTO
2024,36,GEOGRAFIA,NÃO,SP,33002010035P8,GEOGRAFIA (GEOGRAFIA HUMANA),EM FUNCIONAMENTO
2024,45,INTERDISCIPLINAR,NÃO,SP,33002010134P6,INTEGRAÇÃO DA AMÉRICA LATINA,EM FUNCIONAMENTO
2024,22,SAÚDE COLETIVA,NÃO,SP,33002010246P9,ENTOMOLOGIA EM SAÚDE PÚBLICA,EM FUNCIONAMENTO
2024,1,MATEMÁTICA / PROBABILIDADE E ESTATÍSTICA,NÃO,SP,33002010005P1,MATEMÁTICA,EM FUNCIONAMENTO
2024,27,"ADMINISTRAÇÃO PÚBLICA E DE EMPRESAS, CIÊNCIAS CONTÁBEIS E TURISMO",NÃO,SP,33002010232P8,GESTÃO DE POLÍTICAS PÚBLICAS,EM FUNCIONAMENTO
2024,19,FARMÁCIA,NÃO,SP,33002010078P9,TECNOLOGIA BIOQUÍMICO-FARMACÊUTICA,EM FUNCIONAMENTO
2024,17,MEDICINA III,NÃO,SP,33002010129P2,UROLOGIA,EM FUNCIONAMENTO
2024,45,INTERDISCIPLINAR,NÃO,SP,33002010217P9,ESTUDOS CULTURAIS,EM FUNCIONAMENTO
2024,39,CIÊNCIA POLÍTICA E RELAÇÕES INTERNACIONAIS,NÃO,SP,33002010208P0,RELAÇÕES INTERNACIONAIS,EM FUNCIONAMENTO
2024,15,MEDICINA I,NÃO,SP,33002010171P9,CIÊNCIAS MÉDICAS,EM FUNCIONAMENTO
2024,2,COMPUTAÇÃO,NÃO,SP,33002010214P0,SISTEMAS DE INFORMAÇÃO,EM FUNCIONAMENTO
2024,16,MEDICINA II,NÃO,SP,33002010072P0,MEDICINA (PEDIATRIA),EM FUNCIONAMENTO
2024,15,MEDICINA I,NÃO,SP,33002010060P2,MEDICINA (DERMATOLOGIA),EM FUNCIONAMENTO
2024,41,LINGUÍSTICA E LITERATURA,NÃO,SP,33002010110P0,LITERATURA BRASILEIRA,EM FUNCIONAMENTO
2024,45,INTERDISCIPLINAR,NÃO,SP,33002010182P0,CIÊNCIAS DA REABILITAÇÃO,EM FUNCIONAMENTO
2024,17,MEDICINA III,NÃO,SP,33002010064P8,MEDICINA (OBSTETRÍCIA E GINECOLOGIA),EM FUNCIONAMENTO
2024,13,ENGENHARIAS III,NÃO,SP,33002010052P0,ENGENHARIA (ENGENHARIA DE PRODUÇÃO),EM FUNCIONAMENTO
2024,5,GEOCIÊNCIAS,NÃO,SP,33002010126P3,GEOCIÊNCIAS (RECURSOS MINERAIS E HIDROGEOLOGIA),EM FUNCIONAMENTO
2024,41,LINGUÍSTICA E LITERATURA,NÃO,SP,33002010175P4,LETRAS (LÍNGUA LITERATURA E CULTURA JAPONESA),EM FUNCIONAMENTO
2024,49,CIÊNCIAS AMBIENTAIS,NÃO,SP,33002010229P7,"AMBIENTE, SAÚDE E SUSTENTABILIDADE",EM FUNCIONAMENTO
2024,20,ENFERMAGEM,NÃO,SP,33002010083P2,ENFERMAGEM,EM FUNCIONAMENTO
2024,20,ENFERMAGEM,NÃO,SP,33002010231P1,ENFERMAGEM NA ATENÇÃO PRIMÁRIA EM SAÚDE NO SUS,EM FUNCIONAMENTO
2024,51,CIÊNCIAS E HUMANIDADES PARA A EDUCAÇÃO BÁSICA,SIM,SP,33002045070P4,REDE NACIONAL PARA ENSINO DAS CIÊNCIAS AMBIENTAIS,EM FUNCIONAMENTO
2024,31,COMUNICAÇÃO E INFORMAÇÃO,NÃO,SP,33002010212P7,MEIOS E PROCESSOS AUDIOVISUAIS,EM FUNCIONAMENTO
2024,36,GEOGRAFIA,NÃO,SP,33002010034P1,GEOGRAFIA (GEOGRAFIA FÍSICA),EM FUNCIONAMENTO
2024,13,ENGENHARIAS III,NÃO,SP,33002010049P9,ENGENHARIA NAVAL E OCEÂNICA,EM FUNCIONAMENTO
2024,19,FARMÁCIA,NÃO,SP,33002010081P0,FÁRMACOS E MEDICAMENTOS,EM FUNCIONAMENTO
2024,11,ARTES,NÃO,SP,33002010203P8,MÚSICA,EM FUNCIONAMENTO
2024,16,MEDICINA II,NÃO,SP,33002010068P3,DOENÇAS INFECCIOSAS E PARASITÁRIAS,EM FUNCIONAMENTO
2024,20,ENFERMAGEM,NÃO,SP,33002010186P6,ENFERMAGEM NA SAÚDE DO ADULTO,EM FUNCIONAMENTO
2024,41,LINGUÍSTICA E LITERATURA,NÃO,SP,33002010104P0,"LETRAS (LÍNGUA, LITERATURA E CULTURA ITALIANAS)",EM FUNCIONAMENTO
2024,27,"ADMINISTRAÇÃO PÚBLICA E DE EMPRESAS, CIÊNCIAS CONTÁBEIS E TURISMO",NÃO,SP,33002010243P0,TURISMO,EM FUNCIONAMENTO
2024,9,CIÊNCIAS BIOLÓGICAS III,NÃO,SP,33002010026P9,CIÊNCIAS (BIOLOGIA DA RELAÇÃO PATÓGENO-HOSPEDEIRO),EM FUNCIONAMENTO
2024,22,SAÚDE COLETIVA,NÃO,SP,33002010242P3,EPIDEMIOLOGIA,EM FUNCIONAMENTO
2024,17,MEDICINA III,NÃO,SP,33002010122P8,OFTALMOLOGIA,EM FUNCIONAMENTO
2024,41,LINGUÍSTICA E LITERATURA,NÃO,SP,33002010103P3,LINGÜÍSTICA,EM FUNCIONAMENTO
2024,41,LINGUÍSTICA E LITERATURA,NÃO,SP,33002010109P1,ESTUDOS LINGUÍSTICOS E LITERÁRIOS EM INGLÊS,EM FUNCIONAMENTO
2024,31,COMUNICAÇÃO E INFORMAÇÃO,NÃO,SP,33002010248P1,GESTÃO DA INFORMAÇÃO,EM FUNCIONAMENTO
2024,15,MEDICINA I,NÃO,SP,33002010125P7,CARDIOLOGIA,EM FUNCIONAMENTO
2024,16,MEDICINA II,NÃO,SP,33002010056P5,PATOLOGIA,EM FUNCIONAMENTO
2024,39,CIÊNCIA POLÍTICA E RELAÇÕES INTERNACIONAIS,NÃO,SP,33002010030P6,CIÊNCIA POLÍTICA,EM FUNCIONAMENTO
2024,5,GEOCIÊNCIAS,NÃO,SP,33002010127P0,GEOCIÊNCIAS (GEOQUÍMICA E GEOTECTÔNICA),EM FUNCIONAMENTO
2024,7,BIODIVERSIDADE,NÃO,SP,33002010116P8,ECOLOGIA,EM FUNCIONAMENTO
2024,18,ODONTOLOGIA,NÃO,SP,33002010141P2,ODONTOLOGIA,EM FUNCIONAMENTO
2024,21,"EDUCAÇÃO FÍSICA, FISIOTERAPIA, FONOAUDIOLOGIA E TERAPIA OCUPACIONAL",NÃO,SP,33002010084P9,EDUCAÇÃO FÍSICA E ESPORTE,EM FUNCIONAMENTO
2024,21,"EDUCAÇÃO FÍSICA, FISIOTERAPIA, FONOAUDIOLOGIA E TERAPIA OCUPACIONAL",NÃO,SP,33002010253P5,TERAPIA OCUPACIONAL E PROCESSOS DE INCLUSÃO SOCIAL,EM FUNCIONAMENTO
2024,37,PSICOLOGIA,NÃO,SP,33002010038P7,PSICOLOGIA ESCOLAR E DO DESENVOLVIMENTO HUMANO,EM FUNCIONAMENTO
2024,15,MEDICINA I,NÃO,SP,33002010154P7,ONCOLOGIA,EM FUNCIONAMENTO
2024,22,SAÚDE COLETIVA,NÃO,SP,33002010236P3,SAÚDE GLOBAL E SUSTENTABILIDADE,EM FUNCIONAMENTO
2024,45,INTERDISCIPLINAR,NÃO,SP,33002010218P5,MUDANÇA SOCIAL E PARTICIPAÇÃO POLÍTICA,EM FUNCIONAMENTO
2024,49,CIÊNCIAS AMBIENTAIS,NÃO,SP,33002010228P0,SUSTENTABILIDADE,EM FUNCIONAMENTO
2024,16,MEDICINA II,NÃO,SP,33002010177P7,CIÊNCIAS (FISIOPATOLOGIA EXPERIMENTAL),EM FUNCIONAMENTO
2024,38,EDUCAÇÃO,NÃO,SP,33002010001P6,EDUCAÇÃO,EM FUNCIONAMENTO
2024,15,MEDICINA I,NÃO,SP,33002010118P0,CIÊNCIAS DA RESPIRAÇÃO,EM FUNCIONAMENTO
2024,24,MEDICINA VETERINÁRIA,NÃO,SP,33002010155P3,CLÍNICA CIRÚRGICA VETERINÁRIA,EM FUNCIONAMENTO
2024,21,"EDUCAÇÃO FÍSICA, FISIOTERAPIA, FONOAUDIOLOGIA E TERAPIA OCUPACIONAL",NÃO,SP,33002010241P7,CIÊNCIAS DA ATIVIDADE FÍSICA,EM FUNCIONAMENTO
2024,3,ASTRONOMIA / FÍSICA,NÃO,SP,33002010004P5,ASTRONOMIA,EM FUNCIONAMENTO
2024,37,PSICOLOGIA,NÃO,SP,33002010037P0,PSICOLOGIA (PSICOLOGIA EXPERIMENTAL),EM FUNCIONAMENTO
2024,18,ODONTOLOGIA,NÃO,SP,33002010138P1,"DIAGNÓSTICO BUCAL, RADIOLOGIA ODONTOLÓGICA E IMAGINOLOGIA",EM FUNCIONAMENTO
2024,6,CIÊNCIAS BIOLÓGICAS I,NÃO,SP,33002010245P2,ACONSELHAMENTO GENÉTICO E GENÔMICA HUMANA,EM FUNCIONAMENTO
2024,6,CIÊNCIAS BIOLÓGICAS I,NÃO,SP,33002010156P0,BIOTECNOLOGIA,EM FUNCIONAMENTO
2024,23,ZOOTECNIA / RECURSOS PESQUEIROS,NÃO,SP,33002010098P0,NUTRIÇÃO E PRODUÇÃO ANIMAL,EM FUNCIONAMENTO
2024,5,GEOCIÊNCIAS,NÃO,SP,33002010013P4,GEOCIÊNCIAS (MINERALOGIA E PETROLOGIA),EM FUNCIONAMENTO
2024,10,ENGENHARIAS I,NÃO,SP,33002010055P9,ENGENHARIA DE TRANSPORTES,EM FUNCIONAMENTO
2024,24,MEDICINA VETERINÁRIA,NÃO,SP,33002010099P6,ANATOMIA DOS ANIMAIS DOMÉSTICOS E SILVESTRES,EM FUNCIONAMENTO
2024,38,EDUCAÇÃO,NÃO,SP,33002010234P0,ENSINO DE ASTRONOMIA,EM FUNCIONAMENTO
2024,27,"ADMINISTRAÇÃO PÚBLICA E DE EMPRESAS, CIÊNCIAS CONTÁBEIS E TURISMO",NÃO,SP,33002010086P1,CONTROLADORIA E CONTABILIDADE,EM FUNCIONAMENTO
2024,5,GEOCIÊNCIAS,NÃO,SP,33002010219P1,OCEANOGRAFIA,EM FUNCIONAMENTO
2024,7,BIODIVERSIDADE,NÃO,SP,33002010018P6,CIÊNCIAS BIOLÓGICAS (BOTÂNICA),EM FUNCIONAMENTO
2024,20,ENFERMAGEM,NÃO,SP,33002010213P3,GERENCIAMENTO EM ENFERMAGEM,EM FUNCIONAMENTO
2024,46,ENSINO,NÃO,SP,33002010003P9,"ENSINO DE CIÊNCIAS (MODALIDADES FÍSICA, QUÍMICA E BIOLOGIA)",EM FUNCIONAMENTO
2024,16,MEDICINA II,NÃO,SP,33002010133P0,RADIOLOGIA,EM FUNCIONAMENTO
2024,45,INTERDISCIPLINAR,NÃO,SP,33002010220P0,TÊXTIL E MODA,EM FUNCIONAMENTO
2024,6,CIÊNCIAS BIOLÓGICAS I,NÃO,SP,33002010188P9,BIOINFORMÁTICA,EM FUNCIONAMENTO
2024,15,MEDICINA I,NÃO,SP,33002010251P2,ONCOLOGIA,EM FUNCIONAMENTO
2024,27,"ADMINISTRAÇÃO PÚBLICA E DE EMPRESAS, CIÊNCIAS CONTÁBEIS E TURISMO",NÃO,SP,33002010240P0,EMPREENDEDORISMO,EM FUNCIONAMENTO
2024,5,GEOCIÊNCIAS,NÃO,SP,33002010016P3,GEOFÍSICA,EM FUNCIONAMENTO
2024,1,MATEMÁTICA / PROBABILIDADE E ESTATÍSTICA,NÃO,SP,33002010006P8,MATEMÁTICA APLICADA,EM FUNCIONAMENTO
2024,29,"ARQUITETURA, URBANISMO E DESIGN",NÃO,SP,33002010249P8,DESIGN,EM FUNCIONAMENTO
2024,37,PSICOLOGIA,NÃO,SP,33002010039P3,PSICOLOGIA CLÍNICA,EM FUNCIONAMENTO
2024,6,CIÊNCIAS BIOLÓGICAS I,NÃO,SP,33002010021P7,CIÊNCIAS BIOLÓGICAS (BIOLOGIA GENÉTICA),EM FUNCIONAMENTO
2024,16,MEDICINA II,NÃO,SP,33002010204P4,MEDICINA TROPICAL,EM FUNCIONAMENTO
2024,45,INTERDISCIPLINAR,NÃO,SP,33002010227P4,"HUMANIDADES, DIREITOS E OUTRAS LEGITIMIDADES",EM FUNCIONAMENTO
2024,10,ENGENHARIAS I,NÃO,SP,33002010233P4,INOVAÇÃO NA CONSTRUÇÃO CIVIL,EM FUNCIONAMENTO
2024,15,MEDICINA I,NÃO,SP,33002010117P4,NEFROLOGIA,EM FUNCIONAMENTO
2024,8,CIÊNCIAS BIOLÓGICAS II,NÃO,SP,33002010017P0,CIÊNCIAS BIOLÓGICAS (BIOQUÍMICA),EM FUNCIONAMENTO
2024,41,LINGUÍSTICA E LITERATURA,NÃO,SP,33002010107P9,FILOLOGIA E LÍNGUA PORTUGUESA,EM FUNCIONAMENTO
2024,41,LINGUÍSTICA E LITERATURA,NÃO,SP,33002010112P2,LETRAS (TEORIA LITERÁRIA E LITERATURA COMPARADA),EM FUNCIONAMENTO
2024,10,ENGENHARIAS I,NÃO,SP,33002010190P3,ENGENHARIA DE SISTEMAS LOGÍSTICOS,EM FUNCIONAMENTO
2024,27,"ADMINISTRAÇÃO PÚBLICA E DE EMPRESAS, CIÊNCIAS CONTÁBEIS E TURISMO",NÃO,SP,33002010085P5,ADMINISTRAÇÃO,EM FUNCIONAMENTO
2024,2,COMPUTAÇÃO,NÃO,SP,33002010176P0,CIÊNCIA DA COMPUTAÇÃO,EM FUNCIONAMENTO
2024,14,ENGENHARIAS IV,NÃO,SP,33002010045P3,ENGENHARIA ELÉTRICA,EM FUNCIONAMENTO
2024,31,COMUNICAÇÃO E INFORMAÇÃO,NÃO,SP,33002010226P8,MUSEOLOGIA,EM FUNCIONAMENTO
2024,41,LINGUÍSTICA E LITERATURA,NÃO,SP,33002010168P8,LETRAS (EST.COMP. DE LITER. DE LÍNGUA PORTUGUESA),EM FUNCIONAMENTO
2024,17,MEDICINA III,NÃO,SP,33002010161P3,MEDICINA (CIRURGIA TORÁCICA E CARDIOVASCULAR),EM FUNCIONAMENTO
2024,7,BIODIVERSIDADE,NÃO,SP,33002010027P5,CIÊNCIAS BIOLÓGICAS (ZOOLOGIA),EM FUNCIONAMENTO
2024,24,MEDICINA VETERINÁRIA,NÃO,SP,33002010123P4,EPIDEMIOLOGIA E SAÚDE ÚNICA,EM FUNCIONAMENTO
2024,20,ENFERMAGEM,NÃO,SP,33002010120P5,ENFERMAGEM,EM FUNCIONAMENTO
2024,22,SAÚDE COLETIVA,NÃO,SP,33002010199P0,NUTRIÇÃO EM SAÚDE PÚBLICA,EM FUNCIONAMENTO
2024,15,MEDICINA I,NÃO,SP,33002010062P5,ENDOCRINOLOGIA,EM FUNCIONAMENTO
2024,40,HISTÓRIA,NÃO,SP,33002010033P5,HISTÓRIA ECONÔMICA,EM FUNCIONAMENTO
2024,13,ENGENHARIAS III,NÃO,SP,33002010046P0,ENGENHARIA MECÂNICA,EM FUNCIONAMENTO
2024,40,HISTÓRIA,NÃO,SP,33002010032P9,HISTÓRIA SOCIAL,EM FUNCIONAMENTO
2024,22,SAÚDE COLETIVA,NÃO,SP,33002010067P7,SAÚDE PÚBLICA,EM FUNCIONAMENTO
2024,12,ENGENHARIAS II,NÃO,SP,33002010053P6,ENGENHARIA QUÍMICA,EM FUNCIONAMENTO
2024,4,QUÍMICA,NÃO,SP,33002010191P0,QUIMICA,EM FUNCIONAMENTO
2024,22,SAÚDE COLETIVA,NÃO,SP,33002010066P0,SAÚDE COLETIVA,EM FUNCIONAMENTO
2024,35,ANTROPOLOGIA / ARQUEOLOGIA,NÃO,SP,33002010029P8,CIÊNCIA SOCIAL (ANTROPOLOGIA SOCIAL),EM FUNCIONAMENTO
2024,1,MATEMÁTICA / PROBABILIDADE E ESTATÍSTICA,NÃO,SP,33002010007P4,PROBABILIDADE E ESTATÍSTICA,EM FUNCIONAMENTO
2024,9,CIÊNCIAS BIOLÓGICAS III,NÃO,SP,33002010121P1,IMUNOLOGIA,EM FUNCIONAMENTO
2024,17,MEDICINA III,NÃO,SP,33002010070P8,OTORRINOLARINGOLOGIA,EM FUNCIONAMENTO
2024,31,COMUNICAÇÃO E INFORMAÇÃO,NÃO,SP,33002010195P5,CIÊNCIA DA INFORMAÇÃO,EM FUNCIONAMENTO
2024,12,ENGENHARIAS II,NÃO,SP,33002010048P2,ENGENHARIA METALÚRGICA,EM FUNCIONAMENTO
2024,28,ECONOMIA,NÃO,SP,33002010036P4,ECONOMIA,EM FUNCIONAMENTO
2024,15,MEDICINA I,NÃO,SP,33002010202P1,(MEDICINA) TECNOLOGIA E INTERVENÇÃO EM CARDIOLOGIA,EM FUNCIONAMENTO
2024,24,MEDICINA VETERINÁRIA,NÃO,SP,33002010238P6,BIOCIÊNCIA ANIMAL,EM FUNCIONAMENTO
2024,12,ENGENHARIAS II,NÃO,SP,33002010131P7,ENGENHARIA MINERAL,EM FUNCIONAMENTO
2024,18,ODONTOLOGIA,NÃO,SP,33002010077P2,CIÊNCIAS ODONTOLÓGICAS,EM FUNCIONAMENTO
2024,24,MEDICINA VETERINÁRIA,NÃO,SP,33002010057P1,PATOLOGIA EXPERIMENTAL E COMPARADA,EM FUNCIONAMENTO
2024,45,INTERDISCIPLINAR,NÃO,SP,33002010244P6,GERONTOLOGIA,EM FUNCIONAMENTO
2024,24,MEDICINA VETERINÁRIA,NÃO,SP,33002010235P7,GESTÃO E INOVAÇÃO NA INDÚSTRIA ANIMAL,EM FUNCIONAMENTO
2024,34,SOCIOLOGIA,NÃO,SP,33002010028P1,SOCIOLOGIA,EM FUNCIONAMENTO
2024,26,DIREITO,NÃO,SP,33002010119P7,DIREITO,EM FUNCIONAMENTO
2024,8,CIÊNCIAS BIOLÓGICAS II,NÃO,SP,33002010174P8,CIÊNCIAS (FISIOLOGIA GERAL),EM FUNCIONAMENTO
2024,41,LINGUÍSTICA E LITERATURA,NÃO,SP,33002010105P6,LETRAS (LÍNGUA E LITERATURA ALEMÃ),EM FUNCIONAMENTO
2024,31,COMUNICAÇÃO E INFORMAÇÃO,NÃO,SP,33002010096P7,CIÊNCIAS DA COMUNICAÇÃO,EM FUNCIONAMENTO
2024,45,INTERDISCIPLINAR,NÃO,SP,33002010185P0,ESTÉTICA E HISTÓRIA DA ARTE,EM FUNCIONAMENTO
2024,33,FILOSOFIA,NÃO,SP,33002010031P2,FILOSOFIA,EM FUNCIONAMENTO
2024,8,CIÊNCIAS BIOLÓGICAS II,NÃO,SP,33002010019P2,FARMACOLOGIA,EM FUNCIONAMENTO
2024,41,LINGUÍSTICA E LITERATURA,NÃO,SP,33002010111P6,LETRAS (LITERATURA PORTUGUESA),EM FUNCIONAMENTO
2024,24,MEDICINA VETERINÁRIA,NÃO,SP,33002010047P6,REPRODUÇÃO ANIMAL,EM FUNCIONAMENTO
2024,11,ARTES,NÃO,SP,33002010198P4,ARTES VISUAIS,EM FUNCIONAMENTO
2024,29,"ARQUITETURA, URBANISMO E DESIGN",NÃO,SP,33002010097P3,ARQUITETURA E URBANISMO,EM FUNCIONAMENTO
2024,19,FARMÁCIA,NÃO,SP,33002010079P5,FARMÁCIA (FISIOPATOLOGIA E TOXICOLOGIA),EM FUNCIONAMENTO
2024,9,CIÊNCIAS BIOLÓGICAS III,NÃO,SP,33002010022P3,CIÊNCIAS BIOLÓGICAS (MICROBIOLOGIA),EM FUNCIONAMENTO
2024,15,MEDICINA I,NÃO,SP,33002010250P6,ASSOCIADO À RESIDÊNCIA EM MEDICINA CARDIOVASCULAR,EM FUNCIONAMENTO
2024,21,"EDUCAÇÃO FÍSICA, FISIOTERAPIA, FONOAUDIOLOGIA E TERAPIA OCUPACIONAL",NÃO,SP,33002029053P1,EDUCAÇÃO FÍSICA E ESPORTE,EM FUNCIONAMENTO
2024,22,SAÚDE COLETIVA,NÃO,SP,33002029011P7,SAÚDE PÚBLICA,EM FUNCIONAMENTO
2024,19,FARMÁCIA,NÃO,SP,33002029023P5,CIÊNCIAS FARMACÊUTICAS,EM FUNCIONAMENTO
2024,37,PSICOLOGIA,NÃO,SP,33002029020P6,PSICOBIOLOGIA,EM FUNCIONAMENTO
2024,27,"ADMINISTRAÇÃO PÚBLICA E DE EMPRESAS, CIÊNCIAS CONTÁBEIS E TURISMO",NÃO,SP,33002029040P7,CONTROLADORIA E CONTABILIDADE,EM FUNCIONAMENTO
2024,1,MATEMÁTICA / PROBABILIDADE E ESTATÍSTICA,NÃO,SP,33002029056P0,MATEMÁTICA,EM FUNCIONAMENTO
2024,15,MEDICINA I,NÃO,SP,33002029050P2,NEUROLOGIA E NEUROCIENCIAS CLINICAS,EM FUNCIONAMENTO
2024,7,BIODIVERSIDADE,NÃO,SP,33002029018P1,ENTOMOLOGIA,EM FUNCIONAMENTO
2024,20,ENFERMAGEM,NÃO,SP,33002029017P5,ENFERMAGEM FUNDAMENTAL,EM FUNCIONAMENTO
2024,27,"ADMINISTRAÇÃO PÚBLICA E DE EMPRESAS, CIÊNCIAS CONTÁBEIS E TURISMO",NÃO,SP,33002029036P0,ADMINISTRAÇÃO DE ORGANIZAÇÕES,EM FUNCIONAMENTO
2024,37,PSICOLOGIA,NÃO,SP,33002029030P1,PSICOLOGIA,EM FUNCIONAMENTO
2024,9,CIÊNCIAS BIOLÓGICAS III,NÃO,SP,33002029026P4,IMUNOLOGIA BÁSICA E APLICADA,EM FUNCIONAMENTO
2024,20,ENFERMAGEM,NÃO,SP,33002029027P0,ENFERMAGEM EM SAÚDE PÚBLICA,EM FUNCIONAMENTO
2024,18,ODONTOLOGIA,NÃO,SP,33002029019P8,ODONTOLOGIA (REABILITAÇÃO ORAL),EM FUNCIONAMENTO
2024,8,CIÊNCIAS BIOLÓGICAS II,NÃO,SP,33002029004P0,FISIOLOGIA,EM FUNCIONAMENTO
2024,19,FARMÁCIA,NÃO,SP,33002029039P9,TOXICOLOGIA,EM FUNCIONAMENTO
2024,20,ENFERMAGEM,NÃO,SP,33002029047P1,TECNOLOGIA E INOVAÇÃO EM ENFERMAGEM,EM FUNCIONAMENTO
2024,19,FARMÁCIA,NÃO,SP,33002029041P3,BIOCIÊNCIAS E BIOTECNOLOGIA,EM FUNCIONAMENTO
2024,20,ENFERMAGEM,NÃO,SP,33002029016P9,ENFERMAGEM PSIQUIÁTRICA,EM FUNCIONAMENTO
2024,15,MEDICINA I,NÃO,SP,33002029043P6,HEMOTERAPIA E BIOTECNOLOGIA,EM FUNCIONAMENTO
2024,21,"EDUCAÇÃO FÍSICA, FISIOTERAPIA, FONOAUDIOLOGIA E TERAPIA OCUPACIONAL",NÃO,SP,33002029045P9,REABILITAÇÃO E DESEMPENHO FUNCIONAL,EM FUNCIONAMENTO
2024,7,BIODIVERSIDADE,NÃO,SP,33002029033P0,BIOLOGIA COMPARADA,EM FUNCIONAMENTO
2024,17,MEDICINA III,NÃO,SP,33002029008P6,MEDICINA (CLÍNICA CIRÚRGICA),EM FUNCIONAMENTO
2024,50,NUTRIÇÃO,NÃO,SP,33002029054P8,NUTRIÇÃO E METABOLISMO,EM FUNCIONAMENTO
2024,8,CIÊNCIAS BIOLÓGICAS II,NÃO,SP,33002029002P8,BIOQUÍMICA,EM FUNCIONAMENTO
2024,22,SAÚDE COLETIVA,NÃO,SP,33002029046P5,GESTÃO DE ORGANIZAÇÕES DE SAÚDE,EM FUNCIONAMENTO
2024,6,CIÊNCIAS BIOLÓGICAS I,NÃO,SP,33002029005P7,CIÊNCIAS BIOLÓGICAS (GENÉTICA),EM FUNCIONAMENTO
2024,18,ODONTOLOGIA,NÃO,SP,33002029034P7,ODONTOLOGIA (PERIODONTIA),EM FUNCIONAMENTO
2024,38,EDUCAÇÃO,NÃO,SP,33002029042P0,EDUCAÇÃO,EM FUNCIONAMENTO
2024,18,ODONTOLOGIA,NÃO,SP,33002029032P4,ODONTOLOGIA RESTAURADORA,EM FUNCIONAMENTO
2024,16,MEDICINA II,NÃO,SP,33002029012P3,MEDICINA (NEUROLOGIA),EM FUNCIONAMENTO
2024,16,MEDICINA II,NÃO,SP,33002029015P2,SAÚDE DA CRIANÇA E DO ADOLESCENTE,EM FUNCIONAMENTO
2024,16,MEDICINA II,NÃO,SP,33002029029P3,SAÚDE MENTAL E CIÊNCIAS DO COMPORTAMENTO,EM FUNCIONAMENTO
2024,16,MEDICINA II,NÃO,SP,33002029022P9,FÍSICA APLICADA À MEDICINA E BIOLOGIA,EM FUNCIONAMENTO
2024,17,MEDICINA III,NÃO,SP,33002029014P6,CIÊNCIAS DA SAÚDE APLICADAS AO APARELHO LOCOMOTOR,EM FUNCIONAMENTO
2024,26,DIREITO,NÃO,SP,33002029051P9,DIREITO,EM FUNCIONAMENTO
2024,28,ECONOMIA,NÃO,SP,33002029037P6,ECONOMIA,EM FUNCIONAMENTO
2024,17,MEDICINA III,NÃO,SP,33002029009P2,GINECOLOGIA E OBSTETRÍCIA,EM FUNCIONAMENTO
2024,18,ODONTOLOGIA,NÃO,SP,33002029035P3,ODONTOLOGIA (ODONTOPEDIATRIA E ORTODONTIA),EM FUNCIONAMENTO
2024,15,MEDICINA I,NÃO,SP,33002029010P0,MEDICINA (CLÍNICA MÉDICA),EM FUNCIONAMENTO
2024,15,MEDICINA I,NÃO,SP,33002029055P4,MEDICINA,EM FUNCIONAMENTO
2024,16,MEDICINA II,NÃO,SP,33002029007P0,PATOLOGIA,EM FUNCIONAMENTO
2024,17,MEDICINA III,NÃO,SP,33002029038P2,OFTALMOLOGIA OTORRINOLARINGOLOGIA E CIR. DE CABEÇA E PESCOÇO,EM FUNCIONAMENTO
2024,2,COMPUTAÇÃO,NÃO,SP,33002029052P5,COMPUTAÇÃO APLICADA,EM FUNCIONAMENTO
2024,18,ODONTOLOGIA,NÃO,SP,33002029048P8,BIOLOGIA ORAL,EM FUNCIONAMENTO
2024,8,CIÊNCIAS BIOLÓGICAS II,NÃO,SP,33002029003P4,CIÊNCIAS BIOLÓGICAS (FARMACOLOGIA),EM FUNCIONAMENTO
2024,15,MEDICINA I,NÃO,SP,33002029049P4,CIÊNCIAS DAS IMAGENS E FÍSICA MÉDICA,EM FUNCIONAMENTO
2024,15,MEDICINA I,NÃO,SP,33002029044P2,"ONCOLOGIA CLÍNICA, CÉLULAS-TRONCO E TERAPIA CELULAR",EM FUNCIONAMENTO
2024,4,QUÍMICA,NÃO,SP,33002029031P8,QUÍMICA,EM FUNCIONAMENTO
2024,6,CIÊNCIAS BIOLÓGICAS I,NÃO,SP,33002029006P3,BIOLOGIA CELULAR E MOLECULAR,EM FUNCIONAMENTO
2024,42,CIÊNCIAS AGRÁRIAS I,NÃO,SP,33002037008P1,AGRONOMIA (ESTATÍSTICA E EXPERIMENTAÇÃO AGRONÔMICA),EM FUNCIONAMENTO
2024,42,CIÊNCIAS AGRÁRIAS I,NÃO,SP,33002037001P7,ENTOMOLOGIA,EM FUNCIONAMENTO
2024,6,CIÊNCIAS BIOLÓGICAS I,NÃO,SP,33002037022P4,INTERNACIONAL BIOLOGIA CELULAR E MOLECULAR VEGETAL,EM FUNCIONAMENTO
2024,42,CIÊNCIAS AGRÁRIAS I,NÃO,SP,33002037004P6,AGRONOMIA (GENÉTICA E MELHORAMENTO DE PLANTAS),EM FUNCIONAMENTO
2024,42,CIÊNCIAS AGRÁRIAS I,NÃO,SP,33002037016P4,FISIOLOGIA BIOQUÍMICA DE PLANTAS,EM FUNCIONAMENTO
2024,42,CIÊNCIAS AGRÁRIAS I,NÃO,SP,33002037002P3,AGRONOMIA (FITOPATOLOGIA),EM FUNCIONAMENTO
2024,42,CIÊNCIAS AGRÁRIAS I,NÃO,SP,33002037006P9,AGRONOMIA (SOLOS E NUTRIÇÃO DE PLANTAS),EM FUNCIONAMENTO
2024,49,CIÊNCIAS AMBIENTAIS,NÃO,SP,33002037020P1,ECOLOGIA APLICADA,EM FUNCIONAMENTO
2024,45,INTERDISCIPLINAR,SIM,SP,33002037024P7,"BIOENERGIA USP, UNICAMP E UNESP",EM FUNCIONAMENTO
2024,23,ZOOTECNIA / RECURSOS PESQUEIROS,NÃO,SP,33002037013P5,CIÊNCIA ANIMAL E PASTAGENS,EM FUNCIONAMENTO
2024,27,"ADMINISTRAÇÃO PÚBLICA E DE EMPRESAS, CIÊNCIAS CONTÁBEIS E TURISMO",NÃO,SP,33002037025P3,ADMINISTRAÇÃO,EM FUNCIONAMENTO
2024,28,ECONOMIA,NÃO,SP,33002037011P2,CIÊNCIAS (ECONOMIA APLICADA),EM FUNCIONAMENTO
2024,42,CIÊNCIAS AGRÁRIAS I,NÃO,SP,33002037021P8,RECURSOS FLORESTAIS,EM FUNCIONAMENTO
2024,42,CIÊNCIAS AGRÁRIAS I,NÃO,SP,33002037003P0,FITOTECNIA,EM FUNCIONAMENTO
2024,42,CIÊNCIAS AGRÁRIAS I,NÃO,SP,33002037023P0,ENGENHARIA DE SISTEMAS AGRÍCOLAS,EM FUNCIONAMENTO
2024,42,CIÊNCIAS AGRÁRIAS I,NÃO,SP,33002037005P2,AGRONOMIA (MICROBIOLOGIA AGRÍCOLA),EM FUNCIONAMENTO
2024,10,ENGENHARIAS I,NÃO,SP,33002045008P7,ENGENHARIA HIDRÁULICA E SANEAMENTO,EM FUNCIONAMENTO
2024,14,ENGENHARIAS IV,NÃO,SP,33002045006P4,BIOENGENHARIA,EM FUNCIONAMENTO
2024,13,ENGENHARIAS III,NÃO,SP,33002045011P8,ENGENHARIA MECÂNICA,EM FUNCIONAMENTO
2024,1,MATEMÁTICA / PROBABILIDADE E ESTATÍSTICA,NÃO,SP,33002045003P5,MATEMÁTICA,EM FUNCIONAMENTO
2024,10,ENGENHARIAS I,NÃO,SP,33002045007P0,ENGENHARIA CIVIL (ENGENHARIA DE ESTRUTURAS),EM FUNCIONAMENTO
2024,1,MATEMÁTICA / PROBABILIDADE E ESTATÍSTICA,NÃO,SP,33002045021P3,"MATEMÁTICA, ESTATÍSTICA E COMPUTAÇÃO APLICADAS À INDÚSTRIA",EM FUNCIONAMENTO
2024,14,ENGENHARIAS IV,NÃO,SP,33002045010P1,ENGENHARIA ELÉTRICA,EM FUNCIONAMENTO
2024,10,ENGENHARIAS I,NÃO,SP,33002045013P0,ENGENHARIA DE TRANSPORTES,EM FUNCIONAMENTO
2024,10,ENGENHARIAS I,NÃO,SP,33002045009P3,GEOTECNIA,EM FUNCIONAMENTO
2024,4,QUÍMICA,NÃO,SP,33002045020P7,QUÍMICA,EM FUNCIONAMENTO
2024,47,MATERIAIS,NÃO,SP,33002045017P6,CIÊNCIAS E ENGENHARIA DE MATERIAIS,EM FUNCIONAMENTO
2024,29,"ARQUITETURA, URBANISMO E DESIGN",NÃO,SP,33002045014P7,ARQUITETURA E URBANISMO,EM FUNCIONAMENTO
2024,3,ASTRONOMIA / FÍSICA,NÃO,SP,33002045002P9,FÍSICA,EM FUNCIONAMENTO
2024,2,COMPUTAÇÃO,NÃO,SP,33002045004P1,CIÊNCIAS DA COMPUTAÇÃO E MATEMÁTICA COMPUTACIONAL,EM FUNCIONAMENTO
2024,13,ENGENHARIAS III,NÃO,SP,33002045018P2,ENGENHARIA DE PRODUÇÃO,EM FUNCIONAMENTO
2024,10,ENGENHARIAS I,NÃO,SP,33002045016P0,CIÊNCIAS DA ENGENHARIA AMBIENTAL,EM FUNCIONAMENTO
2024,18,ODONTOLOGIA,NÃO,SP,33002053010P7,CIÊNCIAS ODONTOLÓGICAS APLICADAS,EM FUNCIONAMENTO
2024,21,"EDUCAÇÃO FÍSICA, FISIOTERAPIA, FONOAUDIOLOGIA E TERAPIA OCUPACIONAL",NÃO,SP,33002053009P9,FONOAUDIOLOGIA,EM FUNCIONAMENTO
2024,42,CIÊNCIAS AGRÁRIAS I,NÃO,SP,33002061001P3,CIÊNCIAS (ENERGIA NUCLEAR NA AGRICULTURA),EM FUNCIONAMENTO
2024,12,ENGENHARIAS II,NÃO,SP,33002088001P4,ENGENHARIA DE MATERIAIS,EM FUNCIONAMENTO
2024,48,BIOTECNOLOGIA,NÃO,SP,33002088003P7,BIOTECNOLOGIA INDUSTRIAL,EM FUNCIONAMENTO
2024,46,ENSINO,NÃO,SP,33002088004P3,PROJETOS EDUCACIONAIS DE CIÊNCIAS,EM FUNCIONAMENTO
2024,12,ENGENHARIAS II,NÃO,SP,33002088002P0,ENGENHARIA QUÍMICA,EM FUNCIONAMENTO
2024,49,CIÊNCIAS AMBIENTAIS,NÃO,SP,33003017082P2,AMBIENTE E SOCIEDADE,EM FUNCIONAMENTO
2024,4,QUÍMICA,NÃO,SP,33003017007P0,QUÍMICA,EM FUNCIONAMENTO
2024,22,SAÚDE COLETIVA,NÃO,SP,33003017058P4,SAÚDE COLETIVA,EM FUNCIONAMENTO
2024,45,INTERDISCIPLINAR,NÃO,SP,33003017069P6,GERONTOLOGIA,EM FUNCIONAMENTO
2024,41,LINGUÍSTICA E LITERATURA,NÃO,SP,33003017031P9,TEORIA E HISTÓRIA LITERÁRIA,EM FUNCIONAMENTO
2024,33,FILOSOFIA,NÃO,SP,33003017066P7,FILOSOFIA,EM FUNCIONAMENTO
2024,10,ENGENHARIAS I,NÃO,SP,33003017041P4,ENGENHARIA CIVIL,EM FUNCIONAMENTO
2024,45,INTERDISCIPLINAR,NÃO,SP,33003017049P5,PLANEJAMENTO DE SISTEMAS ENERGÉTICOS,EM FUNCIONAMENTO
2024,38,EDUCAÇÃO,NÃO,SP,33003017001P2,EDUCAÇÃO,EM FUNCIONAMENTO
2024,6,CIÊNCIAS BIOLÓGICAS I,NÃO,SP,33003017024P2,GENÉTICA E BIOLOGIA MOLECULAR,EM FUNCIONAMENTO
2024,15,MEDICINA I,NÃO,SP,33003017170P9,ONCOLOGIA,EM FUNCIONAMENTO
2024,1,MATEMÁTICA / PROBABILIDADE E ESTATÍSTICA,NÃO,SP,33003017004P1,MATEMÁTICA APLICADA,EM FUNCIONAMENTO
2024,11,ARTES,NÃO,SP,33003017093P4,ARTES VISUAIS,EM FUNCIONAMENTO
2024,46,ENSINO,NÃO,SP,33003017092P8,MULTIUNIDADES EM ENSINO DE CIÊNCIAS E MATEMÁTICA,EM FUNCIONAMENTO
2024,45,INTERDISCIPLINAR,NÃO,SP,33003017047P2,POLÍTICA CIENTÍFICA E TECNOLÓGICA,EM FUNCIONAMENTO
2024,15,MEDICINA I,NÃO,SP,33003017078P5,FISIOPATOLOGIA MÉDICA,EM FUNCIONAMENTO
2024,22,SAÚDE COLETIVA,NÃO,SP,33003017090P5,SAÚDE COLETIVA: POLÍTICAS E GESTÃO EM SAÚDE,EM FUNCIONAMENTO
2024,7,BIODIVERSIDADE,NÃO,SP,33003017010P1,ECOLOGIA,EM FUNCIONAMENTO
2024,28,ECONOMIA,NÃO,SP,33003017020P7,CIÊNCIA ECONÔMICA,EM FUNCIONAMENTO
2024,14,ENGENHARIAS IV,NÃO,SP,33003017021P3,ENGENHARIA ELÉTRICA,EM FUNCIONAMENTO
2024,35,ANTROPOLOGIA / ARQUEOLOGIA,NÃO,SP,33003017016P0,ANTROPOLOGIA SOCIAL,EM FUNCIONAMENTO
2024,16,MEDICINA II,NÃO,SP,33003017054P9,SAÚDE DA CRIANÇA E DO ADOLESCENTE,EM FUNCIONAMENTO
2024,11,ARTES,NÃO,SP,33003017094P0,ARTES DA CENA,EM FUNCIONAMENTO
2024,31,COMUNICAÇÃO E INFORMAÇÃO,NÃO,SP,33003017044P3,MULTIMEIOS,EM FUNCIONAMENTO
2024,15,MEDICINA I,NÃO,SP,33003017023P6,CIÊNCIAS MÉDICAS,EM FUNCIONAMENTO
2024,25,CIÊNCIA DE ALIMENTOS,NÃO,SP,33003017029P4,ENGENHARIA DE ALIMENTOS,EM FUNCIONAMENTO
2024,15,MEDICINA I,NÃO,SP,33003017174P4,ENSINO EM SAÚDE,EM FUNCIONAMENTO
2024,21,"EDUCAÇÃO FÍSICA, FISIOTERAPIA, FONOAUDIOLOGIA E TERAPIA OCUPACIONAL",NÃO,SP,33003017046P6,EDUCAÇÃO FÍSICA,EM FUNCIONAMENTO
2024,15,MEDICINA I,NÃO,SP,33003017098P6,HEMOTERAPIA E HEMATOLOGIA,EM FUNCIONAMENTO
2024,41,LINGUÍSTICA E LITERATURA,NÃO,SP,33003017030P2,LINGÜÍSTICA,EM FUNCIONAMENTO
2024,1,MATEMÁTICA / PROBABILIDADE E ESTATÍSTICA,NÃO,SP,33003017085P1,MATEMÁTICA APLICADA E COMPUTACIONAL,EM FUNCIONAMENTO
2024,15,MEDICINA I,NÃO,SP,33003017065P0,CLÍNICA MÉDICA,EM FUNCIONAMENTO
2024,19,FARMÁCIA,NÃO,SP,33003017091P1,CIÊNCIAS FARMACÊUTICAS,EM FUNCIONAMENTO
2024,1,MATEMÁTICA / PROBABILIDADE E ESTATÍSTICA,NÃO,SP,33003017003P5,MATEMÁTICA,EM FUNCIONAMENTO
2024,5,GEOCIÊNCIAS,NÃO,SP,33003017038P3,GEOCIÊNCIAS,EM FUNCIONAMENTO
2024,25,CIÊNCIA DE ALIMENTOS,NÃO,SP,33003017042P0,ALIMENTOS E NUTRIÇÃO,EM FUNCIONAMENTO
2024,20,ENFERMAGEM,NÃO,SP,33003017072P7,ENFERMAGEM,EM FUNCIONAMENTO
2024,13,ENGENHARIAS III,NÃO,SP,33003017076P2,CIÊNCIAS E ENGENHARIA DE PETRÓLEO,EM FUNCIONAMENTO
2024,28,ECONOMIA,NÃO,SP,33003017071P0,DESENVOLVIMENTO ECONÔMICO,EM FUNCIONAMENTO
2024,38,EDUCAÇÃO,NÃO,SP,33003017172P1,EDUCAÇÃO ESCOLAR,EM FUNCIONAMENTO
2024,25,CIÊNCIA DE ALIMENTOS,NÃO,SP,33003017028P8,TECNOLOGIA DE ALIMENTOS,EM FUNCIONAMENTO
2024,39,CIÊNCIA POLÍTICA E RELAÇÕES INTERNACIONAIS,NÃO,SP,33003017017P6,CIÊNCIA POLÍTICA,EM FUNCIONAMENTO
2024,6,CIÊNCIAS BIOLÓGICAS I,NÃO,SP,33003017033P1,BIOLOGIA MOLECULAR E MORFOFUNCIONAL,EM FUNCIONAMENTO
2024,36,GEOGRAFIA,NÃO,SP,33003017080P0,GEOGRAFIA,EM FUNCIONAMENTO
2024,42,CIÊNCIAS AGRÁRIAS I,NÃO,SP,33003017026P5,ENGENHARIA AGRÍCOLA,EM FUNCIONAMENTO
2024,15,MEDICINA I,NÃO,SP,33003017171P5,CIÊNCIA APLICADA À QUALIFICAÇÃO MÉDICA,EM FUNCIONAMENTO
2024,17,MEDICINA III,NÃO,SP,33003017062P1,TOCOGINECOLOGIA,EM FUNCIONAMENTO
2024,2,COMPUTAÇÃO,NÃO,SP,33003017005P8,CIÊNCIA DA COMPUTAÇÃO,EM FUNCIONAMENTO
2024,34,SOCIOLOGIA,NÃO,SP,33003017039P0,CIÊNCIAS SOCIAIS,EM FUNCIONAMENTO
2024,41,LINGUÍSTICA E LITERATURA,NÃO,SP,33003017043P7,LINGÜÍSTICA APLICADA,EM FUNCIONAMENTO
2024,1,MATEMÁTICA / PROBABILIDADE E ESTATÍSTICA,NÃO,SP,33003017006P4,ESTATÍSTICA,EM FUNCIONAMENTO
2024,12,ENGENHARIAS II,NÃO,SP,33003017034P8,ENGENHARIA QUÍMICA,EM FUNCIONAMENTO
2024,7,BIODIVERSIDADE,NÃO,SP,33003017009P3,BIOLOGIA VEGETAL,EM FUNCIONAMENTO
2024,29,"ARQUITETURA, URBANISMO E DESIGN",NÃO,SP,33003017095P7,"ARQUITETURA, TECNOLOGIA E CIDADE",EM FUNCIONAMENTO
2024,9,CIÊNCIAS BIOLÓGICAS III,NÃO,SP,33003017052P6,BIOLOGIA ANIMAL,EM FUNCIONAMENTO
2024,34,SOCIOLOGIA,NÃO,SP,33003017015P3,SOCIOLOGIA,EM FUNCIONAMENTO
2024,17,MEDICINA III,NÃO,SP,33003017063P8,CIÊNCIAS DA CIRURGIA,EM FUNCIONAMENTO
2024,13,ENGENHARIAS III,NÃO,SP,33003017022P0,ENGENHARIA MECÂNICA,EM FUNCIONAMENTO
2024,3,ASTRONOMIA / FÍSICA,NÃO,SP,33003017002P9,FÍSICA,EM FUNCIONAMENTO
2024,46,ENSINO,NÃO,SP,33003017081P6,ENSINO E HISTÓRIA DE CIÊNCIAS DA TERRA,EM FUNCIONAMENTO
2024,30,PLANEJAMENTO URBANO E REGIONAL / DEMOGRAFIA,NÃO,SP,33003017061P5,DEMOGRAFIA,EM FUNCIONAMENTO
2024,45,INTERDISCIPLINAR,NÃO,SP,33003017096P3,"SAÚDE, INTERDISCIPLINARIDADE E REABILITAÇÃO",EM FUNCIONAMENTO
2024,11,ARTES,NÃO,SP,33003017077P9,MÚSICA,EM FUNCIONAMENTO
2024,45,INTERDISCIPLINAR,NÃO,SP,33003017086P8,DIVULGAÇÃO CIENTÍFICA E CULTURAL,EM FUNCIONAMENTO
2024,8,CIÊNCIAS BIOLÓGICAS II,NÃO,SP,33003017051P0,FARMACOLOGIA,EM FUNCIONAMENTO
2024,25,CIÊNCIA DE ALIMENTOS,NÃO,SP,33003017027P1,CIÊNCIA DE ALIMENTOS,EM FUNCIONAMENTO
2024,40,HISTÓRIA,NÃO,SP,33003017019P9,HISTÓRIA,EM FUNCIONAMENTO
2024,50,NUTRIÇÃO,NÃO,SP,33003025002P4,CIÊNCIAS DA NUTRIÇÃO E DO ESPORTE E METABOLISMO,EM FUNCIONAMENTO
2024,13,ENGENHARIAS III,NÃO,SP,33003025003P0,ENGENHARIA DE PRODUÇÃO E DE MANUFATURA,EM FUNCIONAMENTO
2024,30,PLANEJAMENTO URBANO E REGIONAL / DEMOGRAFIA,NÃO,SP,33003025004P7,INTERDISCIPLINAR EM CIÊNCIAS HUMANAS E SOCIAIS APLICADAS,EM FUNCIONAMENTO
2024,27,"ADMINISTRAÇÃO PÚBLICA E DE EMPRESAS, CIÊNCIAS CONTÁBEIS E TURISMO",NÃO,SP,33003025005P3,ADMINISTRAÇÃO,EM FUNCIONAMENTO
2024,45,INTERDISCIPLINAR,NÃO,SP,33003025001P8,TECNOLOGIA,EM FUNCIONAMENTO
2024,18,ODONTOLOGIA,NÃO,SP,33003033001P3,BIOLOGIA BUCO-DENTAL,EM FUNCIONAMENTO
2024,18,ODONTOLOGIA,NÃO,SP,33003033005P9,RADIOLOGIA ODONTOLÓGICA,EM FUNCIONAMENTO
2024,18,ODONTOLOGIA,NÃO,SP,33003033003P6,ODONTOLOGIA,EM FUNCIONAMENTO
2024,18,ODONTOLOGIA,NÃO,SP,33003033004P2,MATERIAIS DENTÁRIOS,EM FUNCIONAMENTO
2024,18,ODONTOLOGIA,NÃO,SP,33003033009P4,ESTOMATOPATOLOGIA,EM FUNCIONAMENTO
2024,18,ODONTOLOGIA,NÃO,SP,33003033010P2,GESTÃO E SAÚDE COLETIVA,EM FUNCIONAMENTO
2024,18,ODONTOLOGIA,NÃO,SP,33003033008P8,CLÍNICA ODONTOLÓGICA,EM FUNCIONAMENTO
2024,39,CIÊNCIA POLÍTICA E RELAÇÕES INTERNACIONAIS,SIM,SP,33004110044P0,RELAÇÕES INTERNACIONAIS (UNESP - UNICAMP - PUC-SP),EM FUNCIONAMENTO
2024,36,GEOGRAFIA,NÃO,SP,33004013068P6,DESENVOLVIMENTO TERRITORIAL NA AMÉRICA LATINA E CARIBE,EM FUNCIONAMENTO
2024,11,ARTES,NÃO,SP,33004013066P3,MÚSICA,EM FUNCIONAMENTO
2024,11,ARTES,NÃO,SP,33004013063P4,ARTES,EM FUNCIONAMENTO
2024,18,ODONTOLOGIA,NÃO,SP,33004021011P0,ODONTOLOGIA,EM FUNCIONAMENTO
2024,24,MEDICINA VETERINÁRIA,NÃO,SP,33004021075P8,CIÊNCIA ANIMAL,EM FUNCIONAMENTO
2024,18,ODONTOLOGIA,NÃO,SP,33004021073P5,CIÊNCIAS,EM FUNCIONAMENTO
2024,18,ODONTOLOGIA,NÃO,SP,33004021074P1,SAÚDE COLETIVA EM ODONTOLOGIA,EM FUNCIONAMENTO
2024,4,QUÍMICA,NÃO,SP,33004030072P8,QUÍMICA,EM FUNCIONAMENTO
2024,18,ODONTOLOGIA,NÃO,SP,33004030010P2,CIÊNCIAS ODONTOLÓGICAS,EM FUNCIONAMENTO
2024,38,EDUCAÇÃO,NÃO,SP,33004030083P0,EDUCAÇÃO SEXUAL,EM FUNCIONAMENTO
2024,41,LINGUÍSTICA E LITERATURA,NÃO,SP,33004030009P4,LINGUÍSTICA E LÍNGUA PORTUGUESA,EM FUNCIONAMENTO
2024,41,LINGUÍSTICA E LITERATURA,NÃO,SP,33004030016P0,ESTUDOS LITERÁRIOS,EM FUNCIONAMENTO
2024,12,ENGENHARIAS II,NÃO,SP,33004030170P0,ENGENHARIA DE BIOMATERIAIS E BIOPROCESSOS,EM FUNCIONAMENTO
2024,18,ODONTOLOGIA,NÃO,SP,33004030059P1,ODONTOLOGIA,EM FUNCIONAMENTO
2024,19,FARMÁCIA,NÃO,SP,33004030078P6,CIÊNCIAS FARMACÊUTICAS,EM FUNCIONAMENTO
2024,48,BIOTECNOLOGIA,NÃO,SP,33004030077P0,BIOTECNOLOGIA,EM FUNCIONAMENTO
2024,28,ECONOMIA,NÃO,SP,33004030080P0,ECONOMIA,EM FUNCIONAMENTO
2024,19,FARMÁCIA,NÃO,SP,33004030081P7,BIOCIÊNCIAS E BIOTECNOLOGIA APLICADAS À FARMÁCIA,EM FUNCIONAMENTO
2024,38,EDUCAÇÃO,NÃO,SP,33004030079P2,EDUCAÇÃO ESCOLAR,EM FUNCIONAMENTO
2024,34,SOCIOLOGIA,NÃO,SP,33004030017P7,CIÊNCIAS SOCIAIS,EM FUNCIONAMENTO
2024,7,BIODIVERSIDADE,NÃO,SP,33004048023P9,BIOCIÊNCIAS,EM FUNCIONAMENTO
2024,41,LINGUÍSTICA E LITERATURA,NÃO,SP,33004048019P1,LETRAS,EM FUNCIONAMENTO
2024,37,PSICOLOGIA,NÃO,SP,33004048021P6,PSICOLOGIA,EM FUNCIONAMENTO
2024,47,MATERIAIS,NÃO,SP,33004056083P7,CIÊNCIA E TECNOLOGIA DE MATERIAIS,EM FUNCIONAMENTO
2024,31,COMUNICAÇÃO E INFORMAÇÃO,NÃO,SP,33004056081P4,COMUNICAÇÃO,EM FUNCIONAMENTO
2024,29,"ARQUITETURA, URBANISMO E DESIGN",NÃO,SP,33004056082P0,DESIGN,EM FUNCIONAMENTO
2024,46,ENSINO,NÃO,SP,33004056091P0,DOCÊNCIA PARA A EDUCAÇÃO BÁSICA,EM FUNCIONAMENTO
2024,13,ENGENHARIAS III,NÃO,SP,33004056080P8,ENGENHARIA MECÂNICA,EM FUNCIONAMENTO
2024,14,ENGENHARIAS IV,NÃO,SP,33004056087P2,ENGENHARIA ELÉTRICA,EM FUNCIONAMENTO
2024,46,ENSINO,NÃO,SP,33004056079P0,EDUCAÇÃO PARA A CIÊNCIA,EM FUNCIONAMENTO
2024,29,"ARQUITETURA, URBANISMO E DESIGN",NÃO,SP,33004056090P3,ARQUITETURA E URBANISMO,EM FUNCIONAMENTO
2024,37,PSICOLOGIA,NÃO,SP,33004056085P0,PSICOLOGIA DO DESENVOLVIMENTO E APRENDIZAGEM,EM FUNCIONAMENTO
2024,13,ENGENHARIAS III,NÃO,SP,33004056086P6,ENGENHARIA DE PRODUÇÃO,EM FUNCIONAMENTO
2024,45,INTERDISCIPLINAR,NÃO,SP,33004056092P6,MÍDIA E TECNOLOGIA,EM FUNCIONAMENTO
2024,45,INTERDISCIPLINAR,NÃO,SP,33004056088P9,MÍDIA E TECNOLOGIA,EM FUNCIONAMENTO
2024,10,ENGENHARIAS I,NÃO,SP,33004056089P5,ENGENHARIA CIVIL E AMBIENTAL,EM FUNCIONAMENTO
2024,42,CIÊNCIAS AGRÁRIAS I,NÃO,SP,33004064082P6,CIÊNCIA FLORESTAL,EM FUNCIONAMENTO
2024,22,SAÚDE COLETIVA,NÃO,SP,33004064078P9,SAÚDE COLETIVA,EM FUNCIONAMENTO
2024,16,MEDICINA II,NÃO,SP,33004064056P5,PATOLOGIA,EM FUNCIONAMENTO
2024,7,BIODIVERSIDADE,SIM,SP,33004064025P2,BIOLOGIA VEGETAL,EM FUNCIONAMENTO
2024,17,MEDICINA III,NÃO,SP,33004064006P8,CIRURGIA E MEDICINA TRANSLACIONAL,EM FUNCIONAMENTO
2024,24,MEDICINA VETERINÁRIA,NÃO,SP,33004064086P1,BIOTECNOLOGIA ANIMAL,EM FUNCIONAMENTO
2024,24,MEDICINA VETERINÁRIA,NÃO,SP,33004064022P3,MEDICINA VETERINÁRIA,EM FUNCIONAMENTO
2024,17,MEDICINA III,NÃO,SP,33004064077P2,TOCOGINECOLOGIA,EM FUNCIONAMENTO
2024,16,MEDICINA II,NÃO,SP,33004064089P0,PESQUISA CLÍNICA,EM FUNCIONAMENTO
2024,7,BIODIVERSIDADE,NÃO,SP,33004064012P8,CIÊNCIAS BIOLÓGICAS (ZOOLOGIA),EM FUNCIONAMENTO
2024,15,MEDICINA I,NÃO,SP,33004064020P0,FISIOPATOLOGIA EM CLÍNICA MÉDICA,EM FUNCIONAMENTO
2024,20,ENFERMAGEM,NÃO,SP,33004064085P5,ENFERMAGEM,EM FUNCIONAMENTO
2024,42,CIÊNCIAS AGRÁRIAS I,NÃO,SP,33004064034P1,AGRONOMIA (PROTEÇÃO DE PLANTAS),EM FUNCIONAMENTO
2024,45,INTERDISCIPLINAR,NÃO,SP,33004064083P2,BIOMETRIA,EM FUNCIONAMENTO
2024,24,MEDICINA VETERINÁRIA,NÃO,SP,33004064090P9,ANIMAIS SELVAGENS,EM FUNCIONAMENTO
2024,6,CIÊNCIAS BIOLÓGICAS I,NÃO,SP,33004064026P9,CIÊNCIAS BIOLÓGICAS (GENÉTICA),EM FUNCIONAMENTO
2024,48,BIOTECNOLOGIA,NÃO,SP,33004064079P5,PESQUISA E DESENVOLVIMENTO (BIOTECNOLOGIA MÉDICA),EM FUNCIONAMENTO
2024,42,CIÊNCIAS AGRÁRIAS I,NÃO,SP,33004064014P0,AGRONOMIA (HORTICULTURA),EM FUNCIONAMENTO
2024,48,BIOTECNOLOGIA,NÃO,SP,33004064087P8,BIOTECNOLOGIA,EM FUNCIONAMENTO
2024,17,MEDICINA III,NÃO,SP,33004064076P6,ANESTESIOLOGIA,EM FUNCIONAMENTO
2024,15,MEDICINA I,NÃO,SP,33004064088P4,MEDICINA,EM FUNCIONAMENTO
2024,20,ENFERMAGEM,NÃO,SP,33004064081P0,ENFERMAGEM,EM FUNCIONAMENTO
2024,42,CIÊNCIAS AGRÁRIAS I,NÃO,SP,33004064039P3,AGRONOMIA (AGRICULTURA),EM FUNCIONAMENTO
2024,16,MEDICINA II,NÃO,SP,33004064065P4,DOENÇAS TROPICAIS,EM FUNCIONAMENTO
2024,42,CIÊNCIAS AGRÁRIAS I,NÃO,SP,33004064038P7,ENGENHARIA AGRÍCOLA,EM FUNCIONAMENTO
2024,6,CIÊNCIAS BIOLÓGICAS I,NÃO,SP,33004064080P3,BIOLOGIA GERAL E APLICADA,EM FUNCIONAMENTO
2024,23,ZOOTECNIA / RECURSOS PESQUEIROS,NÃO,SP,33004064048P2,ZOOTECNIA,EM FUNCIONAMENTO
2024,40,HISTÓRIA,NÃO,SP,33004072013P0,HISTÓRIA,EM FUNCIONAMENTO
2024,32,SERVIÇO SOCIAL,NÃO,SP,33004072067P2,SERVIÇO SOCIAL,EM FUNCIONAMENTO
2024,45,INTERDISCIPLINAR,NÃO,SP,33004072069P5,PLANEJAMENTO E ANÁLISE DE POLÍTICAS PÚBLICAS,EM FUNCIONAMENTO
2024,26,DIREITO,NÃO,SP,33004072068P9,DIREITO,EM FUNCIONAMENTO
2024,3,ASTRONOMIA / FÍSICA,NÃO,SP,33004080051P4,FÍSICA E ASTRONOMIA,EM FUNCIONAMENTO
2024,13,ENGENHARIAS III,NÃO,SP,33004080027P6,ENGENHARIA,EM FUNCIONAMENTO
2024,13,ENGENHARIAS III,NÃO,SP,33004080052P0,ENGENHARIA DE PRODUÇÃO,EM FUNCIONAMENTO
2024,47,MATERIAIS,NÃO,SP,33004099083P9,CIÊNCIA DOS MATERIAIS,EM FUNCIONAMENTO
2024,42,CIÊNCIAS AGRÁRIAS I,NÃO,SP,33004099079P1,AGRONOMIA,EM FUNCIONAMENTO
2024,13,ENGENHARIAS III,NÃO,SP,33004099082P2,ENGENHARIA MECÂNICA,EM FUNCIONAMENTO
2024,23,ZOOTECNIA / RECURSOS PESQUEIROS,NÃO,SP,33004099086P8,CIÊNCIA E TECNOLOGIA ANIMAL,EM FUNCIONAMENTO
2024,14,ENGENHARIAS IV,NÃO,SP,33004099080P0,ENGENHARIA ELÉTRICA,EM FUNCIONAMENTO
2024,49,CIÊNCIAS AMBIENTAIS,SIM,SP,33004013069P2,GESTÃO E REGULAÇÃO DE RECURSOS HÍDRICOS - PROFÁGUA,EM FUNCIONAMENTO
2024,10,ENGENHARIAS I,NÃO,SP,33004099084P5,ENGENHARIA CIVIL,EM FUNCIONAMENTO
2024,42,CIÊNCIAS AGRÁRIAS I,NÃO,SP,33004102071P2,AGRONOMIA (CIÊNCIA DO SOLO),EM FUNCIONAMENTO
2024,23,ZOOTECNIA / RECURSOS PESQUEIROS,NÃO,SP,33004102049P7,AQÜICULTURA,EM FUNCIONAMENTO
2024,23,ZOOTECNIA / RECURSOS PESQUEIROS,NÃO,SP,33004102002P0,CIÊNCIA ANIMAL,EM FUNCIONAMENTO
2024,42,CIÊNCIAS AGRÁRIAS I,NÃO,SP,33004102037P9,AGRONOMIA (ENTOMOLOGIA AGRÍCOLA),EM FUNCIONAMENTO
2024,42,CIÊNCIAS AGRÁRIAS I,NÃO,SP,33004102001P4,AGRONOMIA (PRODUÇÃO VEGETAL),EM FUNCIONAMENTO
2024,42,CIÊNCIAS AGRÁRIAS I,NÃO,SP,33004102070P6,MICROBIOLOGIA AGROPECUÁRIA,EM FUNCIONAMENTO
2024,27,"ADMINISTRAÇÃO PÚBLICA E DE EMPRESAS, CIÊNCIAS CONTÁBEIS E TURISMO",NÃO,SP,33004102073P5,ADMINISTRAÇÃO,EM FUNCIONAMENTO
2024,24,MEDICINA VETERINÁRIA,NÃO,SP,33004102072P9,CIÊNCIAS VETERINÁRIAS,EM FUNCIONAMENTO
2024,42,CIÊNCIAS AGRÁRIAS I,NÃO,SP,33004102029P6,AGRONOMIA (GENÉTICA E MELHORAMENTO DE PLANTAS),EM FUNCIONAMENTO
2024,33,FILOSOFIA,NÃO,SP,33004110041P1,FILOSOFIA,EM FUNCIONAMENTO
2024,21,"EDUCAÇÃO FÍSICA, FISIOTERAPIA, FONOAUDIOLOGIA E TERAPIA OCUPACIONAL",NÃO,SP,33004110045P7,CIÊNCIAS DA SAÚDE E COMUNICAÇÃO HUMANA,EM FUNCIONAMENTO
2024,31,COMUNICAÇÃO E INFORMAÇÃO,NÃO,SP,33004110043P4,CIÊNCIA DA INFORMAÇÃO,EM FUNCIONAMENTO
2024,38,EDUCAÇÃO,NÃO,SP,33004110040P5,EDUCAÇÃO,EM FUNCIONAMENTO
2024,34,SOCIOLOGIA,NÃO,SP,33004110042P8,CIÊNCIAS SOCIAIS,EM FUNCIONAMENTO
2024,36,GEOGRAFIA,NÃO,SP,33004129047P5,GEOGRAFIA,EM FUNCIONAMENTO
2024,51,CIÊNCIAS E HUMANIDADES PARA A EDUCAÇÃO BÁSICA,SIM,SP,33004137068P8,PROEF - EDUCAÇÃO FÍSICA EM REDE NACIONAL,EM FUNCIONAMENTO
2024,36,GEOGRAFIA,NÃO,SP,33004129042P3,GEOGRAFIA,EM FUNCIONAMENTO
2024,51,CIÊNCIAS E HUMANIDADES PARA A EDUCAÇÃO BÁSICA,SIM,SP,33004129069P9,EDUCAÇÃO INCLUSIVA,EM FUNCIONAMENTO
2024,1,MATEMÁTICA / PROBABILIDADE E ESTATÍSTICA,NÃO,SP,33004129046P9,MATEMATICA APLICADA E COMPUTACIONAL,EM FUNCIONAMENTO
2024,5,GEOCIÊNCIAS,NÃO,SP,33004129043P0,CIÊNCIAS CARTOGRÁFICAS,EM FUNCIONAMENTO
2024,38,EDUCAÇÃO,NÃO,SP,33004129044P6,EDUCAÇÃO,EM FUNCIONAMENTO
2024,36,GEOGRAFIA,NÃO,SP,33004137004P0,GEOGRAFIA,EM FUNCIONAMENTO
2024,38,EDUCAÇÃO,NÃO,SP,33004137064P2,EDUCAÇÃO,EM FUNCIONAMENTO
2024,1,MATEMÁTICA / PROBABILIDADE E ESTATÍSTICA,NÃO,SP,33004137065P9,MATEMÁTICA,EM FUNCIONAMENTO
2024,5,GEOCIÊNCIAS,NÃO,SP,33004137036P9,GEOCIÊNCIAS E MEIO AMBIENTE,EM FUNCIONAMENTO
2024,6,CIÊNCIAS BIOLÓGICAS I,NÃO,SP,33004137046P4,"CIÊNCIAS BIOLÓGICAS (BIOLOGIA CELULAR, MOLECULAR E MICROBIOLOGIA)",EM FUNCIONAMENTO
2024,45,INTERDISCIPLINAR,NÃO,SP,33004137066P5,DESENVOLVIMENTO HUMANO E TECNOLOGIAS,EM FUNCIONAMENTO
2024,7,BIODIVERSIDADE,NÃO,SP,33004137067P1,"ECOLOGIA, EVOLUÇÃO E BIODIVERSIDADE",EM FUNCIONAMENTO
2024,3,ASTRONOMIA / FÍSICA,NÃO,SP,33004137063P6,FÍSICA,EM FUNCIONAMENTO
2024,21,"EDUCAÇÃO FÍSICA, FISIOTERAPIA, FONOAUDIOLOGIA E TERAPIA OCUPACIONAL",SIM,SP,33004137062P0,CIÊNCIAS DO MOVIMENTO,EM FUNCIONAMENTO
2024,46,ENSINO,NÃO,SP,33004137031P7,EDUCAÇÃO MATEMÁTICA,EM FUNCIONAMENTO
2024,18,ODONTOLOGIA,NÃO,SP,33004145070P8,CIÊNCIAS APLICADAS À SAÚDE BUCAL,EM FUNCIONAMENTO
2024,18,ODONTOLOGIA,NÃO,SP,33004145082P6,CIÊNCIA E TECNOLOGIA APLICADA À ODONTOLOGIA,EM FUNCIONAMENTO
2024,49,CIÊNCIAS AMBIENTAIS,SIM,SP,33004145083P2,DESASTRES NATURAIS,EM FUNCIONAMENTO
2024,7,BIODIVERSIDADE,NÃO,SP,33004153072P6,BIODIVERSIDADE,EM FUNCIONAMENTO
2024,46,ENSINO,SIM,SP,33004153078P4,ENSINO E PROCESSOS FORMATIVOS,EM FUNCIONAMENTO
2024,2,COMPUTAÇÃO,NÃO,SP,33004153073P2,CIÊNCIA DA COMPUTAÇÃO,EM FUNCIONAMENTO
2024,41,LINGUÍSTICA E LITERATURA,NÃO,SP,33004153069P5,ESTUDOS LINGÜÍSTICOS,EM FUNCIONAMENTO
2024,6,CIÊNCIAS BIOLÓGICAS I,NÃO,SP,33004153023P5,BIOCIÊNCIAS,EM FUNCIONAMENTO
2024,1,MATEMÁTICA / PROBABILIDADE E ESTATÍSTICA,NÃO,SP,33004153071P0,MATEMÁTICA,EM FUNCIONAMENTO
2024,41,LINGUÍSTICA E LITERATURA,NÃO,SP,33004153015P2,LETRAS,EM FUNCIONAMENTO
2024,25,CIÊNCIA DE ALIMENTOS,SIM,SP,33004153070P3,"ALIMENTOS, NUTRIÇÃO E ENGENHARIA DE ALIMENTOS",EM FUNCIONAMENTO
2024,9,CIÊNCIAS BIOLÓGICAS III,NÃO,SP,33004153074P9,MICROBIOLOGIA,EM FUNCIONAMENTO
2024,4,QUÍMICA,NÃO,SP,33004153077P8,QUÍMICA,EM FUNCIONAMENTO
2024,45,INTERDISCIPLINAR,NÃO,SP,33004153068P9,CIÊNCIAS BIOMOLECULARES E FARMACOLÓGICAS,EM FUNCIONAMENTO
2024,7,BIODIVERSIDADE,NÃO,SP,33004161001P7,BIODIVERSIDADE DE AMBIENTES COSTEIROS,EM FUNCIONAMENTO
2024,49,CIÊNCIAS AMBIENTAIS,NÃO,SP,33004170001P6,CIÊNCIAS AMBIENTAIS,EM FUNCIONAMENTO
2024,14,ENGENHARIAS IV,SIM,SP,33004170002P2,ENGENHARIA ELÉTRICA,EM FUNCIONAMENTO
2024,45,INTERDISCIPLINAR,NÃO,SP,33004188001P8,AGRONEGÓCIO E DESENVOLVIMENTO,EM FUNCIONAMENTO
2024,32,SERVIÇO SOCIAL,NÃO,SP,33005010020P3,SERVIÇO SOCIAL,EM FUNCIONAMENTO
2024,41,LINGUÍSTICA E LITERATURA,NÃO,SP,33005010029P0,LITERATURA E CRÍTICA LITERÁRIA,EM FUNCIONAMENTO
2024,38,EDUCAÇÃO,NÃO,SP,33005010001P9,"EDUCAÇÃO: HISTÓRIA, POLÍTICA, SOCIEDADE",EM FUNCIONAMENTO
2024,38,EDUCAÇÃO,NÃO,SP,33005010037P3,EDUCAÇÃO: FORMAÇÃO DE FORMADORES,EM FUNCIONAMENTO
2024,47,MATERIAIS,NÃO,SP,33005010047P9,BIOMATERIAIS E MEDICINA REGENERATIVA,EM FUNCIONAMENTO
2024,21,"EDUCAÇÃO FÍSICA, FISIOTERAPIA, FONOAUDIOLOGIA E TERAPIA OCUPACIONAL",NÃO,SP,33005010024P9,COMUNICAÇÃO HUMANA E SAÚDE,EM FUNCIONAMENTO
2024,31,COMUNICAÇÃO E INFORMAÇÃO,NÃO,SP,33005010021P0,COMUNICAÇÃO E SEMIÓTICA,EM FUNCIONAMENTO
2024,41,LINGUÍSTICA E LITERATURA,NÃO,SP,33005010022P6,LÍNGUA PORTUGUESA,EM FUNCIONAMENTO
2024,41,LINGUÍSTICA E LITERATURA,NÃO,SP,33005010023P2,LINGÜÍSTICA APLICADA E ESTUDOS DA LINGUAGEM,EM FUNCIONAMENTO
2024,27,"ADMINISTRAÇÃO PÚBLICA E DE EMPRESAS, CIÊNCIAS CONTÁBEIS E TURISMO",NÃO,SP,33005010018P9,"CIÊNCIAS CONTÁBEIS, CONTROLADORIA E FINANÇAS",EM FUNCIONAMENTO
2024,39,CIÊNCIA POLÍTICA E RELAÇÕES INTERNACIONAIS,NÃO,SP,33005010046P2,GOVERNANÇA GLOBAL E FORMULAÇÃO DE POLÍTICAS INTERNACIONAIS,EM FUNCIONAMENTO
2024,37,PSICOLOGIA,NÃO,SP,33005010013P7,PSICOLOGIA (PSICOLOGIA SOCIAL),EM FUNCIONAMENTO
2024,33,FILOSOFIA,NÃO,SP,33005010008P3,FILOSOFIA,EM FUNCIONAMENTO
2024,38,EDUCAÇÃO,NÃO,SP,33005010003P1,EDUCAÇÃO (CURRÍCULO),EM FUNCIONAMENTO
2024,44,CIÊNCIAS DA RELIGIÃO E TEOLOGIA,NÃO,SP,33005010009P0,CIÊNCIA DA RELIGIÃO,EM FUNCIONAMENTO
2024,45,INTERDISCIPLINAR,NÃO,SP,33005010032P1,TECNOLOGIAS DA INTELIGÊNCIA E DESIGN DIGITAL,EM FUNCIONAMENTO
2024,44,CIÊNCIAS DA RELIGIÃO E TEOLOGIA,NÃO,SP,33005010033P8,TEOLOGIA,EM FUNCIONAMENTO
2024,40,HISTÓRIA,NÃO,SP,33005010010P8,HISTÓRIA,EM FUNCIONAMENTO
2024,34,SOCIOLOGIA,NÃO,SP,33005010006P0,CIÊNCIAS SOCIAIS,EM FUNCIONAMENTO
2024,28,ECONOMIA,NÃO,SP,33005010011P4,ECONOMIA,EM FUNCIONAMENTO
2024,45,INTERDISCIPLINAR,NÃO,SP,33005010034P4,EDUCAÇÃO NAS PROFISSÕES DA SAÚDE,EM FUNCIONAMENTO
2024,37,PSICOLOGIA,NÃO,SP,33005010026P1,PSICOLOGIA EXPERIMENTAL: ANÁLISE DO COMPORTAMENTO,EM FUNCIONAMENTO
2024,37,PSICOLOGIA,NÃO,SP,33005010014P3,PSICOLOGIA (PSICOLOGIA CLÍNICA),EM FUNCIONAMENTO
2024,38,EDUCAÇÃO,NÃO,SP,33005010002P5,EDUCAÇÃO (PSICOLOGIA DA EDUCAÇÃO),EM FUNCIONAMENTO
2024,26,DIREITO,NÃO,SP,33005010019P5,DIREITO,EM FUNCIONAMENTO
2024,46,ENSINO,NÃO,SP,33005010005P4,EDUCAÇÃO MATEMÁTICA,EM FUNCIONAMENTO
2024,27,"ADMINISTRAÇÃO PÚBLICA E DE EMPRESAS, CIÊNCIAS CONTÁBEIS E TURISMO",NÃO,SP,33005010017P2,ADMINISTRAÇÃO,EM FUNCIONAMENTO
2024,26,DIREITO,NÃO,SP,33006016018P1,DIREITO,EM FUNCIONAMENTO
2024,38,EDUCAÇÃO,NÃO,SP,33006016005P7,EDUCAÇÃO,EM FUNCIONAMENTO
2024,45,INTERDISCIPLINAR,NÃO,SP,33006016017P5,SUSTENTABILIDADE,EM FUNCIONAMENTO
2024,29,"ARQUITETURA, URBANISMO E DESIGN",NÃO,SP,33006016010P0,ARQUITETURA E URBANISMO,EM FUNCIONAMENTO
2024,37,PSICOLOGIA,NÃO,SP,33006016002P8,PSICOLOGIA,EM FUNCIONAMENTO
2024,10,ENGENHARIAS I,NÃO,SP,33006016014P6,SISTEMAS DE INFRAESTRUTURA URBANA,EM FUNCIONAMENTO
2024,44,CIÊNCIAS DA RELIGIÃO E TEOLOGIA,NÃO,SP,33006016013P0,CIÊNCIAS DA RELIGIÃO,EM FUNCIONAMENTO
2024,45,INTERDISCIPLINAR,NÃO,SP,33006016015P2,CIÊNCIAS DA SAÚDE,EM FUNCIONAMENTO
2024,38,EDUCAÇÃO,NÃO,SP,33007012001P8,EDUCAÇÃO,EM FUNCIONAMENTO
2024,21,"EDUCAÇÃO FÍSICA, FISIOTERAPIA, FONOAUDIOLOGIA E TERAPIA OCUPACIONAL",NÃO,SP,33007012011P3,CIÊNCIAS DO MOVIMENTO HUMANO,EM FUNCIONAMENTO
2024,48,BIOTECNOLOGIA,NÃO,SP,33008019005P0,BIOTECNOLOGIA,EM FUNCIONAMENTO
2024,14,ENGENHARIAS IV,NÃO,SP,33008019006P6,ENGENHARIA BIOMÉDICA,EM FUNCIONAMENTO
2024,45,INTERDISCIPLINAR,NÃO,SP,33008019007P2,CIÊNCIA E TECNOLOGIA EM SAÚDE,EM FUNCIONAMENTO
2024,45,INTERDISCIPLINAR,NÃO,SP,33008019008P9,POLÍTICAS PÚBLICAS,EM FUNCIONAMENTO
2024,7,BIODIVERSIDADE,NÃO,SP,33009015178P8,BIODIVERSIDADE MARINHA E COSTEIRA,EM FUNCIONAMENTO
2024,15,MEDICINA I,NÃO,SP,33009015045P8,SAÚDE BASEADA EM EVIDÊNCIAS,EM FUNCIONAMENTO
2024,16,MEDICINA II,NÃO,SP,33009015032P3,PSIQUIATRIA E PSICOLOGIA MÉDICA,EM FUNCIONAMENTO
2024,17,MEDICINA III,NÃO,SP,33009015082P0,"TECNOLOGIA, GESTÃO E SAÚDE OCULAR",EM FUNCIONAMENTO
2024,11,ARTES,NÃO,SP,33009015086P6,HISTÓRIA DA ARTE,EM FUNCIONAMENTO
2024,4,QUÍMICA,NÃO,SP,33009015075P4,QUÍMICA - CIÊNCIA E TECNOLOGIA DA SUSTENTABILIDADE,EM FUNCIONAMENTO
2024,2,COMPUTAÇÃO,NÃO,SP,33009015079P0,CIÊNCIA DA COMPUTAÇÃO,EM FUNCIONAMENTO
2024,47,MATERIAIS,NÃO,SP,33009015080P8,ENGENHARIA E CIÊNCIA DE MATERIAIS,EM FUNCIONAMENTO
2024,17,MEDICINA III,NÃO,SP,33009015021P1,MEDICINA (UROLOGIA),EM FUNCIONAMENTO
2024,33,FILOSOFIA,NÃO,SP,33009015072P5,FILOSOFIA,EM FUNCIONAMENTO
2024,17,MEDICINA III,NÃO,SP,33009015009P1,CIÊNCIA CIRÚRGICA INTERDISCIPLINAR,EM FUNCIONAMENTO
2024,48,BIOTECNOLOGIA,NÃO,SP,33009015085P0,BIOTECNOLOGIA,EM FUNCIONAMENTO
2024,17,MEDICINA III,NÃO,SP,33009015038P1,CIRURGIA TRANSLACIONAL,EM FUNCIONAMENTO
2024,49,CIÊNCIAS AMBIENTAIS,NÃO,SP,33009015087P2,ANÁLISE AMBIENTAL INTEGRADA,EM FUNCIONAMENTO
2024,19,FARMÁCIA,NÃO,SP,33009015091P0,CIÊNCIAS FARMACÊUTICAS,EM FUNCIONAMENTO
2024,21,"EDUCAÇÃO FÍSICA, FISIOTERAPIA, FONOAUDIOLOGIA E TERAPIA OCUPACIONAL",NÃO,SP,33009015026P3,DISTÚRBIOS DA COMUNICAÇÃO HUMANA (FONOAUDIOLOGIA),EM FUNCIONAMENTO
2024,16,MEDICINA II,NÃO,SP,33009015006P2,PATOLOGIA,EM FUNCIONAMENTO
2024,17,MEDICINA III,NÃO,SP,33009015018P0,MEDICINA (OTORRINOLARINGOLOGIA),EM FUNCIONAMENTO
2024,8,CIÊNCIAS BIOLÓGICAS II,NÃO,SP,33009015002P7,FARMACOLOGIA,EM FUNCIONAMENTO
2024,15,MEDICINA I,NÃO,SP,33009015069P4,MEDICINA TRANSLACIONAL,EM FUNCIONAMENTO
2024,15,MEDICINA I,NÃO,SP,33009015011P6,MEDICINA (ENDOCRINOLOGIA E METABOLOGIA),EM FUNCIONAMENTO
2024,16,MEDICINA II,NÃO,SP,33009015015P1,MEDICINA (HEMATOLOGIA E ONCOLOGIA),EM FUNCIONAMENTO
2024,50,NUTRIÇÃO,NÃO,SP,33009015041P2,NUTRIÇÃO,EM FUNCIONAMENTO
2024,15,MEDICINA I,NÃO,SP,33009015020P5,MEDICINA (PNEUMOLOGIA),EM FUNCIONAMENTO
2024,16,MEDICINA II,NÃO,SP,33009015019P7,PEDIATRIA E CIÊNCIAS APLICADAS À PEDIATRIA,EM FUNCIONAMENTO
2024,9,CIÊNCIAS BIOLÓGICAS III,NÃO,SP,33009015003P3,MICROBIOLOGIA E IMUNOLOGIA,EM FUNCIONAMENTO
2024,45,INTERDISCIPLINAR,NÃO,SP,33009015179P4,INTERDISCIPLINAR EM CIÊNCIA E TECNOLOGIA DO MAR,EM FUNCIONAMENTO
2024,45,INTERDISCIPLINAR,NÃO,SP,33009015177P1,INOVAÇÃO TECNOLÓGICA,EM FUNCIONAMENTO
2024,17,MEDICINA III,NÃO,SP,33009015014P5,MEDICINA (GINECOLOGIA),EM FUNCIONAMENTO
2024,16,MEDICINA II,NÃO,SP,33009015030P0,INFECTOLOGIA,EM FUNCIONAMENTO
2024,32,SERVIÇO SOCIAL,NÃO,SP,33009015171P3,SERVIÇO SOCIAL E POLÍTICAS SOCIAIS,EM FUNCIONAMENTO
2024,15,MEDICINA I,NÃO,SP,33009015016P8,MEDICINA (NEFROLOGIA),EM FUNCIONAMENTO
2024,17,MEDICINA III,NÃO,SP,33009015173P6,CIÊNCIAS DA SAÚDE APLICADA AO ESPORTE E À ATIVIDADE FÍSICA,EM FUNCIONAMENTO
2024,14,ENGENHARIAS IV,NÃO,SP,33009015172P0,ENGENHARIA BIOMÉDICA,EM FUNCIONAMENTO
2024,12,ENGENHARIAS II,NÃO,SP,33009015176P5,ENGENHARIA QUÍMICA,EM FUNCIONAMENTO
2024,40,HISTÓRIA,NÃO,SP,33009015078P3,HISTÓRIA,EM FUNCIONAMENTO
2024,46,ENSINO,NÃO,SP,33009015066P5,ENSINO EM CIÊNCIAS DA SAÚDE,EM FUNCIONAMENTO
2024,16,MEDICINA II,NÃO,SP,33009015029P2,MEDICINA (RADIOLOGIA CLÍNICA),EM FUNCIONAMENTO
2024,28,ECONOMIA,NÃO,SP,33009015090P3,ECONOMIA E DESENVOLVIMENTO,EM FUNCIONAMENTO
2024,20,ENFERMAGEM,NÃO,SP,33009015035P2,ENFERMAGEM,EM FUNCIONAMENTO
2024,34,SOCIOLOGIA,NÃO,SP,33009015073P1,CIÊNCIAS SOCIAIS,EM FUNCIONAMENTO
2024,46,ENSINO,NÃO,SP,33009015068P8,EDUCAÇÃO E SAÚDE NA INFÂNCIA E ADOLESCÊNCIA,EM FUNCIONAMENTO
2024,48,BIOTECNOLOGIA,NÃO,SP,33009015170P7,BIOPRODUTOS E BIOPROCESSOS,EM FUNCIONAMENTO
2024,3,ASTRONOMIA / FÍSICA,NÃO,SP,33009015180P2,FÍSICA,EM FUNCIONAMENTO
2024,6,CIÊNCIAS BIOLÓGICAS I,NÃO,SP,33009015071P9,BIOLOGIA QUÍMICA,EM FUNCIONAMENTO
2024,17,MEDICINA III,NÃO,SP,33009015024P0,OFTALMOLOGIA E CIÊNCIAS VISUAIS,EM FUNCIONAMENTO
2024,16,MEDICINA II,NÃO,SP,33009015017P4,NEUROLOGIA - NEUROCIÊNCIAS,EM FUNCIONAMENTO
2024,6,CIÊNCIAS BIOLÓGICAS I,NÃO,SP,33009015034P6,BIOLOGIA ESTRUTURAL E FUNCIONAL,EM FUNCIONAMENTO
2024,21,"EDUCAÇÃO FÍSICA, FISIOTERAPIA, FONOAUDIOLOGIA E TERAPIA OCUPACIONAL",NÃO,SP,33009015175P9,CIÊNCIAS DO MOVIMENTO HUMANO E REABILITAÇÃO,EM FUNCIONAMENTO
2024,16,MEDICINA II,NÃO,SP,33009015033P0,PSICOBIOLOGIA,EM FUNCIONAMENTO
2024,41,LINGUÍSTICA E LITERATURA,NÃO,SP,33009015089P5,LETRAS,EM FUNCIONAMENTO
2024,17,MEDICINA III,NÃO,SP,33009015093P2,"CIÊNCIAS, TECNOLOGIA E GESTÃO APLICADAS À REGENERAÇÃO TECIDUAL",EM FUNCIONAMENTO
2024,1,MATEMÁTICA / PROBABILIDADE E ESTATÍSTICA,NÃO,SP,33009015092P6,MATEMÁTICA PURA E APLICADA,EM FUNCIONAMENTO
2024,7,BIODIVERSIDADE,NÃO,SP,33009015076P0,ECOLOGIA E EVOLUÇÃO,EM FUNCIONAMENTO
2024,15,MEDICINA I,NÃO,SP,33009015012P2,GASTROENTEROLOGIA,EM FUNCIONAMENTO
2024,15,MEDICINA I,NÃO,SP,33009015007P9,MEDICINA (CARDIOLOGIA),EM FUNCIONAMENTO
2024,38,EDUCAÇÃO,NÃO,SP,33009015083P7,EDUCAÇÃO,EM FUNCIONAMENTO
2024,45,INTERDISCIPLINAR,NÃO,SP,33009015070P2,INTERDISCIPLINAR EM CIÊNCIAS DA SAÚDE,EM FUNCIONAMENTO
2024,8,CIÊNCIAS BIOLÓGICAS II,NÃO,SP,33009015001P0,CIÊNCIAS BIOLÓGICAS (BIOLOGIA MOLECULAR),EM FUNCIONAMENTO
2024,17,MEDICINA III,NÃO,SP,33009015013P9,MEDICINA (OBSTETRÍCIA),EM FUNCIONAMENTO
2024,46,ENSINO,NÃO,SP,33009015174P2,ENSINO DE CIÊNCIAS E MATEMÁTICA,EM FUNCIONAMENTO
2024,22,SAÚDE COLETIVA,NÃO,SP,33009015067P1,SAÚDE COLETIVA,EM FUNCIONAMENTO
2024,16,MEDICINA II,NÃO,SP,33009015031P7,CIÊNCIAS DA SAÚDE APLICADAS À REUMATOLOGIA,EM FUNCIONAMENTO
2024,5,GEOCIÊNCIAS,NÃO,SP,33010013003P8,METEOROLOGIA,EM FUNCIONAMENTO
2024,3,ASTRONOMIA / FÍSICA,NÃO,SP,33010013010P4,ASTROFÍSICA,EM FUNCIONAMENTO
2024,49,CIÊNCIAS AMBIENTAIS,NÃO,SP,33010013011P0,CIÊNCIA DO SISTEMA TERRESTRE,EM FUNCIONAMENTO
2024,45,INTERDISCIPLINAR,NÃO,SP,33010013002P1,COMPUTAÇÃO APLICADA,EM FUNCIONAMENTO
2024,5,GEOCIÊNCIAS,NÃO,SP,33010013008P0,GEOFÍSICA ESPACIAL,EM FUNCIONAMENTO
2024,5,GEOCIÊNCIAS,NÃO,SP,33010013005P0,SENSORIAMENTO REMOTO,EM FUNCIONAMENTO
2024,13,ENGENHARIAS III,SIM,SP,33011010013P3,CIÊNCIAS E TECNOLOGIAS ESPACIAIS,EM FUNCIONAMENTO
2024,14,ENGENHARIAS IV,NÃO,SP,33011010005P0,ENGENHARIA ELETRÔNICA E COMPUTAÇÃO,EM FUNCIONAMENTO
2024,10,ENGENHARIAS I,NÃO,SP,33011010009P6,ENGENHARIA DE INFRA-ESTRUTURA AERONÁUTICA,EM FUNCIONAMENTO
2024,13,ENGENHARIAS III,SIM,SP,33009015094P9,PESQUISA OPERACIONAL,EM FUNCIONAMENTO
2024,13,ENGENHARIAS III,NÃO,SP,33011010012P7,ENGENHARIA AERONÁUTICA,EM FUNCIONAMENTO
2024,2,COMPUTAÇÃO,NÃO,SP,33011010015P6,COMPUTAÇÃO DE MISSÃO CRÍTICA,EM FUNCIONAMENTO
2024,13,ENGENHARIAS III,NÃO,SP,33011010008P0,ENGENHARIA AERONÂUTICA E MECÂNICA,EM FUNCIONAMENTO
2024,39,CIÊNCIA POLÍTICA E RELAÇÕES INTERNACIONAIS,NÃO,SP,33011010014P0,SEGURANÇA DE AVIAÇÃO E AERONAVEGABILIDADE CONTINUADA,EM FUNCIONAMENTO
2024,3,ASTRONOMIA / FÍSICA,NÃO,SP,33011010001P5,FÍSICA,EM FUNCIONAMENTO
2024,28,ECONOMIA,NÃO,SP,33014019002P7,ECONOMIA DE EMPRESAS,EM FUNCIONAMENTO
2024,28,ECONOMIA,NÃO,SP,33014019005P6,ECONOMIA,EM FUNCIONAMENTO
2024,27,"ADMINISTRAÇÃO PÚBLICA E DE EMPRESAS, CIÊNCIAS CONTÁBEIS E TURISMO",NÃO,SP,33014019007P9,GESTÃO PARA A COMPETITIVIDADE,EM FUNCIONAMENTO
2024,27,"ADMINISTRAÇÃO PÚBLICA E DE EMPRESAS, CIÊNCIAS CONTÁBEIS E TURISMO",NÃO,SP,33014019004P0,ADMINISTRAÇÃO DE EMPRESAS,EM FUNCIONAMENTO
2024,27,"ADMINISTRAÇÃO PÚBLICA E DE EMPRESAS, CIÊNCIAS CONTÁBEIS E TURISMO",NÃO,SP,33014019003P3,ADMINISTRAÇÃO PÚBLICA E GOVERNO,EM FUNCIONAMENTO
2024,27,"ADMINISTRAÇÃO PÚBLICA E DE EMPRESAS, CIÊNCIAS CONTÁBEIS E TURISMO",NÃO,SP,33014019006P2,GESTÃO INTERNACIONAL,EM FUNCIONAMENTO
2024,27,"ADMINISTRAÇÃO PÚBLICA E DE EMPRESAS, CIÊNCIAS CONTÁBEIS E TURISMO",NÃO,SP,33014019001P0,ADMINISTRAÇÃO DE EMPRESAS,EM FUNCIONAMENTO
2024,3,ASTRONOMIA / FÍSICA,NÃO,SP,33015015001P7,FÍSICA,EM FUNCIONAMENTO
2024,38,EDUCAÇÃO,NÃO,SP,33017018007P8,EDUCAÇÃO,EM FUNCIONAMENTO
2024,44,CIÊNCIAS DA RELIGIÃO E TEOLOGIA,NÃO,SP,33017018001P0,CIÊNCIAS DA RELIGIÃO,EM FUNCIONAMENTO
2024,37,PSICOLOGIA,NÃO,SP,33017018002P6,PSICOLOGIA DA SAÚDE,EM FUNCIONAMENTO
2024,31,COMUNICAÇÃO E INFORMAÇÃO,NÃO,SP,33017018004P9,COMUNICAÇÃO SOCIAL,EM FUNCIONAMENTO
2024,22,SAÚDE COLETIVA,NÃO,SP,33019010012P4,SAÚDE COLETIVA,EM FUNCIONAMENTO
2024,22,SAÚDE COLETIVA,NÃO,SP,33019010014P7,SAÚDE COLETIVA,EM FUNCIONAMENTO
2024,21,"EDUCAÇÃO FÍSICA, FISIOTERAPIA, FONOAUDIOLOGIA E TERAPIA OCUPACIONAL",NÃO,SP,33019010013P0,SAÚDE DA COMUNICAÇÃO HUMANA,EM FUNCIONAMENTO
2024,17,MEDICINA III,NÃO,SP,33019010003P5,PESQUISA EM CIRURGIA,EM FUNCIONAMENTO
2024,15,MEDICINA I,NÃO,SP,33019010010P1,CIÊNCIAS DA SAÚDE,EM FUNCIONAMENTO
2024,26,DIREITO,NÃO,SP,33020019001P7,DIREITO,EM FUNCIONAMENTO
2024,38,EDUCAÇÃO,NÃO,SP,33020019004P6,EDUCAÇÃO,EM FUNCIONAMENTO
2024,37,PSICOLOGIA,NÃO,SP,33020019006P9,PSICOLOGIA DESENVOLVIMENTO E POLÍTICAS PÚBLICAS,EM FUNCIONAMENTO
2024,22,SAÚDE COLETIVA,NÃO,SP,33020019005P2,SAÚDE COLETIVA,EM FUNCIONAMENTO
2024,41,LINGUÍSTICA E LITERATURA,NÃO,SP,33021015007P1,LINGÜÍSTICA APLICADA,EM FUNCIONAMENTO
2024,30,PLANEJAMENTO URBANO E REGIONAL / DEMOGRAFIA,NÃO,SP,33021015011P9,PLANEJAMENTO E DESENVOLVIMENTO REGIONAL,EM FUNCIONAMENTO
2024,30,PLANEJAMENTO URBANO E REGIONAL / DEMOGRAFIA,NÃO,SP,33021015008P8,GESTÃO E DESENVOLVIMENTO REGIONAL,EM FUNCIONAMENTO
2024,49,CIÊNCIAS AMBIENTAIS,NÃO,SP,33021015012P5,CIÊNCIAS AMBIENTAIS,EM FUNCIONAMENTO
2024,45,INTERDISCIPLINAR,NÃO,SP,33021015010P2,"DESENVOLVIMENTO HUMANO: FORMAÇÃO, POLÍTICAS E PRÁTICAS SOCIA",EM FUNCIONAMENTO
2024,13,ENGENHARIAS III,NÃO,SP,33021015006P5,ENGENHARIA MECÂNICA,EM FUNCIONAMENTO
2024,49,CIÊNCIAS AMBIENTAIS,NÃO,SP,33021015009P4,ECODESENVOLVIMENTO E GESTÃO AMBIENTAL,EM FUNCIONAMENTO
2024,18,ODONTOLOGIA,NÃO,SP,33021015001P3,CIÊNCIAS DA SAÚDE,EM FUNCIONAMENTO
2024,38,EDUCAÇÃO,NÃO,SP,33021015013P1,EDUCAÇÃO,EM FUNCIONAMENTO
2024,29,"ARQUITETURA, URBANISMO E DESIGN",NÃO,SP,33024014020P7,ARQUITETURA E URBANISMO,EM FUNCIONAMENTO
2024,27,"ADMINISTRAÇÃO PÚBLICA E DE EMPRESAS, CIÊNCIAS CONTÁBEIS E TURISMO",NÃO,SP,33024014019P9,ADMINISTRAÇÃO DE EMPRESAS,EM FUNCIONAMENTO
2024,27,"ADMINISTRAÇÃO PÚBLICA E DE EMPRESAS, CIÊNCIAS CONTÁBEIS E TURISMO",NÃO,SP,33024014029P4,ADMINISTRAÇÃO DO DESENVOLVIMENTO DE NEGÓCIOS,EM FUNCIONAMENTO
2024,2,COMPUTAÇÃO,NÃO,SP,33024014032P5,COMPUTAÇÃO APLICADA,EM FUNCIONAMENTO
2024,45,INTERDISCIPLINAR,NÃO,SP,33024014009P3,CIÊNCIAS DO DESENVOLVIMENTO HUMANO,EM FUNCIONAMENTO
2024,27,"ADMINISTRAÇÃO PÚBLICA E DE EMPRESAS, CIÊNCIAS CONTÁBEIS E TURISMO",NÃO,SP,33024014024P2,"CONTROLADORIA, FINANÇAS E TECNOLOGIAS DE GESTÃO",EM FUNCIONAMENTO
2024,28,ECONOMIA,NÃO,SP,33024014030P2,ECONOMIA E MERCADOS,EM FUNCIONAMENTO
2024,45,INTERDISCIPLINAR,NÃO,SP,33024014016P0,"EDUCAÇÃO, ARTE E HISTÓRIA DA CULTURA",EM FUNCIONAMENTO
2024,47,MATERIAIS,NÃO,SP,33024014031P9,ENGENHARIA DE MATERIAIS E NANOTECNOLOGIA,EM FUNCIONAMENTO
2024,26,DIREITO,NÃO,SP,33024014018P2,DIREITO POLÍTICO E ECONÔMICO,EM FUNCIONAMENTO
2024,41,LINGUÍSTICA E LITERATURA,NÃO,SP,33024014015P3,LETRAS,EM FUNCIONAMENTO
2024,14,ENGENHARIAS IV,NÃO,SP,33024014017P6,ENGENHARIA ELÉTRICA E COMPUTAÇÃO,EM FUNCIONAMENTO
2024,15,MEDICINA I,NÃO,SP,33026017001P5,CIÊNCIAS DA SAÚDE,EM FUNCIONAMENTO
2024,13,ENGENHARIAS III,NÃO,SP,33027013003P4,ENGENHARIA MECÂNICA,EM FUNCIONAMENTO
2024,27,"ADMINISTRAÇÃO PÚBLICA E DE EMPRESAS, CIÊNCIAS CONTÁBEIS E TURISMO",NÃO,SP,33027013004P0,ADMINISTRAÇÃO,EM FUNCIONAMENTO
2024,14,ENGENHARIAS IV,NÃO,SP,33027013002P8,ENGENHARIA ELÉTRICA,EM FUNCIONAMENTO
2024,12,ENGENHARIAS II,NÃO,SP,33027013005P7,ENGENHARIA QUÍMICA,EM FUNCIONAMENTO
2024,50,NUTRIÇÃO,NÃO,SP,33028010005P7,NUTRIÇÃO DO NASCIMENTO À ADOLESCÊNCIA,EM FUNCIONAMENTO
2024,45,INTERDISCIPLINAR,NÃO,SP,33029016001P4,ENSINO EM SAÚDE,EM FUNCIONAMENTO
2024,45,INTERDISCIPLINAR,NÃO,SP,33029016002P0,SAÚDE E ENVELHECIMENTO,EM FUNCIONAMENTO
2024,20,ENFERMAGEM,NÃO,SP,33031010002P1,ENFERMAGEM,EM FUNCIONAMENTO
2024,37,PSICOLOGIA,NÃO,SP,33031010003P8,PSICOLOGIA E SAÚDE,EM FUNCIONAMENTO
2024,15,MEDICINA I,NÃO,SP,33031010001P5,CIÊNCIAS DA SAÚDE,EM FUNCIONAMENTO
2024,48,BIOTECNOLOGIA,NÃO,SP,33032017005P7,BIOTECNOLOGIA,EM FUNCIONAMENTO
2024,46,ENSINO,NÃO,SP,33032017010P0,SAÚDE E EDUCAÇÃO,EM FUNCIONAMENTO
2024,26,DIREITO,NÃO,SP,33032017009P2,DIREITOS COLETIVOS E CIDADANIA,EM FUNCIONAMENTO
2024,10,ENGENHARIAS I,NÃO,SP,33032017006P3,TECNOLOGIA AMBIENTAL,EM FUNCIONAMENTO
2024,10,ENGENHARIAS I,NÃO,SP,33032017011P7,TECNOLOGIA AMBIENTAL,EM FUNCIONAMENTO
2024,18,ODONTOLOGIA,NÃO,SP,33032017004P0,ODONTOLOGIA (ENDODONTIA),EM FUNCIONAMENTO
2024,45,INTERDISCIPLINAR,NÃO,SP,33034010008P2,INTERAÇÕES ESTRUTURAIS E FUNCIONAIS NA REABILITAÇÃO,EM FUNCIONAMENTO
2024,27,"ADMINISTRAÇÃO PÚBLICA E DE EMPRESAS, CIÊNCIAS CONTÁBEIS E TURISMO",NÃO,SP,33034010010P7,ADMINISTRAÇÃO DE ORGANIZAÇÕES INOVADORAS,EM FUNCIONAMENTO
2024,26,DIREITO,NÃO,SP,33034010006P0,DIREITO,EM FUNCIONAMENTO
2024,24,MEDICINA VETERINÁRIA,NÃO,SP,33034010009P9,"SAÚDE ANIMAL, PRODUÇÃO E AMBIENTE",EM FUNCIONAMENTO
2024,15,MEDICINA I,SIM,SP,33038015007P8,CIÊNCIAS DA SAÚDE,EM FUNCIONAMENTO
2024,6,CIÊNCIAS BIOLÓGICAS I,NÃO,SP,33045011001P2,CIÊNCIAS,EM FUNCIONAMENTO
2024,6,CIÊNCIAS BIOLÓGICAS I,NÃO,SP,33045011002P9,BIOTECNOLOGIA E BIOPROCESSOS,EM FUNCIONAMENTO
2024,37,PSICOLOGIA,NÃO,SP,33050015005P8,PSICOLOGIA,EM FUNCIONAMENTO
2024,15,MEDICINA I,NÃO,SP,33050015007P0,CIÊNCIAS DA SAÚDE,EM FUNCIONAMENTO
2024,38,EDUCAÇÃO,NÃO,SP,33050015004P1,EDUCAÇÃO,EM FUNCIONAMENTO
2024,14,ENGENHARIAS IV,NÃO,SP,33051011002P5,ENGENHARIA BIOMÉDICA,EM FUNCIONAMENTO
2024,3,ASTRONOMIA / FÍSICA,NÃO,SP,33051011007P7,FÍSICA E ASTRONOMIA,EM FUNCIONAMENTO
2024,30,PLANEJAMENTO URBANO E REGIONAL / DEMOGRAFIA,NÃO,SP,33051011003P1,PLANEJAMENTO URBANO E REGIONAL,EM FUNCIONAMENTO
2024,47,MATERIAIS,NÃO,SP,33051011010P8,PROCESSAMENTO DE MATERIAIS,EM FUNCIONAMENTO
2024,38,EDUCAÇÃO,NÃO,SP,33052018006P7,FORMAÇÃO DE GESTORES EDUCACIONAIS,EM FUNCIONAMENTO
2024,3,ASTRONOMIA / FÍSICA,NÃO,SP,33052018007P3,ASTROFÍSICA E FÍSICA COMPUTACIONAL,EM FUNCIONAMENTO
2024,38,EDUCAÇÃO,NÃO,SP,33052018003P8,EDUCAÇÃO,EM FUNCIONAMENTO
2024,21,"EDUCAÇÃO FÍSICA, FISIOTERAPIA, FONOAUDIOLOGIA E TERAPIA OCUPACIONAL",NÃO,SP,33052018005P0,FISIOTERAPIA,EM FUNCIONAMENTO
2024,16,MEDICINA II,NÃO,SP,33054010007P6,CIÊNCIAS DA SAÚDE,EM FUNCIONAMENTO
2024,49,CIÊNCIAS AMBIENTAIS,NÃO,SP,33054010005P3,MEIO AMBIENTE E DESENVOLVIMENTO REGIONAL,EM FUNCIONAMENTO
2024,38,EDUCAÇÃO,NÃO,SP,33054010002P4,EDUCAÇÃO,EM FUNCIONAMENTO
2024,24,MEDICINA VETERINÁRIA,NÃO,SP,33054010004P7,CIÊNCIA ANIMAL,EM FUNCIONAMENTO
2024,42,CIÊNCIAS AGRÁRIAS I,NÃO,SP,33054010003P0,AGRONOMIA,EM FUNCIONAMENTO
2024,45,INTERDISCIPLINAR,NÃO,SP,33056013014P5,CIÊNCIAS AMBIENTAIS,EM FUNCIONAMENTO
2024,23,ZOOTECNIA / RECURSOS PESQUEIROS,NÃO,SP,33056013012P2,PRODUÇÃO ANIMAL,EM FUNCIONAMENTO
2024,14,ENGENHARIAS IV,NÃO,SP,33056013015P1,ENGENHARIA BIOMÉDICA,EM FUNCIONAMENTO
2024,14,ENGENHARIAS IV,NÃO,SP,33056013013P9,BIOENGENHARIA,EM FUNCIONAMENTO
2024,38,EDUCAÇÃO,NÃO,SP,33057010005P6,EDUCAÇÃO,EM FUNCIONAMENTO
2024,13,ENGENHARIAS III,NÃO,SP,33063010003P0,ENGENHARIA DE PRODUÇÃO,EM FUNCIONAMENTO
2024,18,ODONTOLOGIA,NÃO,SP,33063010002P3,ODONTOLOGIA,EM FUNCIONAMENTO
2024,31,COMUNICAÇÃO E INFORMAÇÃO,NÃO,SP,33063010004P6,COMUNICAÇÃO,EM FUNCIONAMENTO
2024,27,"ADMINISTRAÇÃO PÚBLICA E DE EMPRESAS, CIÊNCIAS CONTÁBEIS E TURISMO",NÃO,SP,33063010006P9,ADMINISTRAÇÃO,EM FUNCIONAMENTO
2024,37,PSICOLOGIA,NÃO,SP,33063010007P5,PRÁTICAS INSTITUCIONAIS EM SAÚDE MENTAL,EM FUNCIONAMENTO
2024,24,MEDICINA VETERINÁRIA,NÃO,SP,33063010005P2,PATOLOGIA AMBIENTAL E EXPERIMENTAL,EM FUNCIONAMENTO
2024,45,INTERDISCIPLINAR,NÃO,SP,33065012004P5,PROCESSOS TECNOLÓGICOS E AMBIENTAIS,EM FUNCIONAMENTO
2024,31,COMUNICAÇÃO E INFORMAÇÃO,NÃO,SP,33065012002P2,COMUNICAÇÃO E CULTURA,EM FUNCIONAMENTO
2024,38,EDUCAÇÃO,NÃO,SP,33065012001P6,EDUCAÇÃO,EM FUNCIONAMENTO
2024,19,FARMÁCIA,NÃO,SP,33065012003P9,CIÊNCIAS FARMACÊUTICAS,EM FUNCIONAMENTO
2024,15,MEDICINA I,NÃO,SP,33068011006P7,CIÊNCIAS DA SAÚDE,EM FUNCIONAMENTO
2024,20,ENFERMAGEM,NÃO,SP,33068011005P0,ENFERMAGEM,EM FUNCIONAMENTO
2024,46,ENSINO,NÃO,SP,33068011007P3,ENSINO EM SAÚDE,EM FUNCIONAMENTO
2024,10,ENGENHARIAS I,NÃO,SP,33072019005P4,ENGENHARIA CIVIL,EM FUNCIONAMENTO
2024,29,"ARQUITETURA, URBANISMO E DESIGN",NÃO,SP,33072019003P1,ARQUITETURA E URBANISMO,EM FUNCIONAMENTO
2024,21,"EDUCAÇÃO FÍSICA, FISIOTERAPIA, FONOAUDIOLOGIA E TERAPIA OCUPACIONAL",NÃO,SP,33072019002P5,EDUCAÇÃO FÍSICA,EM FUNCIONAMENTO
2024,45,INTERDISCIPLINAR,NÃO,SP,33072019004P8,CIÊNCIAS DO ENVELHECIMENTO,EM FUNCIONAMENTO
2024,15,MEDICINA I,NÃO,SP,33073015002P1,CUIDADOS ONCOLÓGICOS CENTRADOS NO PACIENTE,EM FUNCIONAMENTO
2024,15,MEDICINA I,NÃO,SP,33073015001P5,ONCOLOGIA,EM FUNCIONAMENTO
2024,16,MEDICINA II,NÃO,SP,33076014004P3,CIÊNCIAS DA SAÚDE,EM FUNCIONAMENTO
2024,18,ODONTOLOGIA,NÃO,SP,33076014001P4,ODONTOLOGIA,EM FUNCIONAMENTO
2024,24,MEDICINA VETERINÁRIA,NÃO,SP,33076014005P0,SAÚDE ÚNICA,EM FUNCIONAMENTO
2024,26,DIREITO,NÃO,SP,33076014008P9,DIREITO,EM FUNCIONAMENTO
2024,15,MEDICINA I,NÃO,SP,33078017011P2,INTERDISCIPLINAR EM CIÊNCIAS DA SAÚDE,EM FUNCIONAMENTO
2024,46,ENSINO,NÃO,SP,33078017002P3,ENSINO DE CIÊNCIAS E MATEMÁTICA,EM FUNCIONAMENTO
2024,18,ODONTOLOGIA,NÃO,SP,33078017001P7,ODONTOLOGIA,EM FUNCIONAMENTO
2024,46,ENSINO,NÃO,SP,33078017009P8,ENSINO DE CIÊNCIAS,EM FUNCIONAMENTO
2024,26,DIREITO,NÃO,SP,33079013001P3,DIREITO,EM FUNCIONAMENTO
2024,37,PSICOLOGIA,NÃO,SP,33079013002P0,PSICOLOGIA EDUCACIONAL,EM FUNCIONAMENTO
2024,42,CIÊNCIAS AGRÁRIAS I,NÃO,SP,33081018001P4,AGRICULTURA TROPICAL E SUBTROPICAL,EM FUNCIONAMENTO
2024,13,ENGENHARIAS III,NÃO,SP,33082014002P7,ENGENHARIA DE PRODUÇÃO,EM FUNCIONAMENTO
2024,48,BIOTECNOLOGIA,NÃO,SP,33082014005P6,BIOTECNOLOGIA,EM FUNCIONAMENTO
2024,18,ODONTOLOGIA,NÃO,SP,33082014003P3,CIÊNCIAS ODONTOLÓGICAS,EM FUNCIONAMENTO
2024,26,DIREITO,NÃO,SP,33082014006P2,DIREITO E GESTÃO DE CONFLITOS,EM FUNCIONAMENTO
2024,45,INTERDISCIPLINAR,NÃO,SP,33082014001P0,DESENVOLVIMENTO TERRITORIAL E MEIO AMBIENTE,EM FUNCIONAMENTO
2024,38,EDUCAÇÃO,NÃO,SP,33082014004P0,"PROCESSOS DE ENSINO, GESTÃO E INOVAÇÃO",EM FUNCIONAMENTO
2024,12,ENGENHARIAS II,NÃO,SP,33083010004P6,PROCESSOS INDUSTRIAIS,EM FUNCIONAMENTO
2024,10,ENGENHARIAS I,NÃO,SP,33083010001P7,HABITAÇÃO: PLANEJAMENTO E TECNOLOGIA,EM FUNCIONAMENTO
2024,2,COMPUTAÇÃO,NÃO,SP,33083010005P2,COMPUTAÇÃO APLICADA,EM FUNCIONAMENTO
2024,46,ENSINO,NÃO,SP,33084017002P0,ENSINO DE CIÊNCIAS E MATEMÁTICA,EM FUNCIONAMENTO
2024,13,ENGENHARIAS III,NÃO,SP,33084017003P6,ENGENHARIA MECÂNICA,EM FUNCIONAMENTO
2024,13,ENGENHARIAS III,NÃO,SP,33087016001P2,ENGENHARIA MECÂNICA,EM FUNCIONAMENTO
2024,7,BIODIVERSIDADE,NÃO,SP,33087016002P9,SUSTENTABILIDADE DE ECOSSISTEMAS COSTEIROS E MARINHOS,EM FUNCIONAMENTO
2024,49,CIÊNCIAS AMBIENTAIS,NÃO,SP,33087016005P8,CIÊNCIA E TECNOLOGIA AMBIENTAL,EM FUNCIONAMENTO
2024,26,DIREITO,NÃO,SP,33087016003P5,DIREITO DA SAÚDE: DIMENSÕES INDIVIDUAIS E COLETIVAS,EM FUNCIONAMENTO
2024,7,BIODIVERSIDADE,NÃO,SP,33087016004P1,AUDITORIA AMBIENTAL,EM FUNCIONAMENTO
2024,27,"ADMINISTRAÇÃO PÚBLICA E DE EMPRESAS, CIÊNCIAS CONTÁBEIS E TURISMO",NÃO,SP,33092010001P6,ADMINISTRAÇÃO,EM FUNCIONAMENTO
2024,27,"ADMINISTRAÇÃO PÚBLICA E DE EMPRESAS, CIÊNCIAS CONTÁBEIS E TURISMO",NÃO,SP,33092010008P0,GESTÃO DE PROJETOS,EM FUNCIONAMENTO
2024,15,MEDICINA I,NÃO,SP,33092010010P5,MEDICINA,EM FUNCIONAMENTO
2024,30,PLANEJAMENTO URBANO E REGIONAL / DEMOGRAFIA,NÃO,SP,33092010017P0,CIDADES INTELIGENTES E SUSTENTÁVEIS,EM FUNCIONAMENTO
2024,21,"EDUCAÇÃO FÍSICA, FISIOTERAPIA, FONOAUDIOLOGIA E TERAPIA OCUPACIONAL",NÃO,SP,33092010004P5,CIÊNCIAS DA REABILITAÇÃO,EM FUNCIONAMENTO
2024,45,INTERDISCIPLINAR,NÃO,SP,33092010016P3,INFORMÁTICA E GESTÃO DO CONHECIMENTO,EM FUNCIONAMENTO
2024,38,EDUCAÇÃO,NÃO,SP,33092010012P8,GESTÃO E PRÁTICAS EDUCACIONAIS,EM FUNCIONAMENTO
2024,16,MEDICINA II,NÃO,SP,33092010013P4,MEDICINA - BIOFOTÔNICA,EM FUNCIONAMENTO
2024,38,EDUCAÇÃO,NÃO,SP,33092010002P2,EDUCAÇÃO,EM FUNCIONAMENTO
2024,26,DIREITO,NÃO,SP,33092010011P1,DIREITO,EM FUNCIONAMENTO
2024,41,LINGUÍSTICA E LITERATURA,NÃO,SP,33093016005P4,LINGÜÍSTICA,EM FUNCIONAMENTO
2024,4,QUÍMICA,NÃO,SP,33093016004P8,CIÊNCIAS,EM FUNCIONAMENTO
2024,45,INTERDISCIPLINAR,NÃO,SP,33093016003P1,PROMOÇÃO DE SAÚDE,EM FUNCIONAMENTO
2024,24,MEDICINA VETERINÁRIA,NÃO,SP,33093016006P0,CIÊNCIA ANIMAL,EM FUNCIONAMENTO
2024,27,"ADMINISTRAÇÃO PÚBLICA E DE EMPRESAS, CIÊNCIAS CONTÁBEIS E TURISMO",NÃO,SP,33096015003P0,ADMINISTRAÇÃO,EM FUNCIONAMENTO
2024,27,"ADMINISTRAÇÃO PÚBLICA E DE EMPRESAS, CIÊNCIAS CONTÁBEIS E TURISMO",NÃO,SP,33096015001P8,CIÊNCIAS CONTÁBEIS,EM FUNCIONAMENTO
2024,45,INTERDISCIPLINAR,NÃO,SP,33099014002P3,DESENVOLVIMENTO REGIONAL,EM FUNCIONAMENTO
2024,46,ENSINO,NÃO,SP,33103011003P2,PRÁTICAS DOCENTES NO ENSINO FUNDAMENTAL,EM FUNCIONAMENTO
2024,24,MEDICINA VETERINÁRIA,NÃO,SP,33103011004P9,MEDICINA VETERINÁRIA NO MEIO AMBIENTE LITORANEO,EM FUNCIONAMENTO
2024,16,MEDICINA II,NÃO,SP,33103011002P6,SAÚDE E MEIO AMBIENTE,EM FUNCIONAMENTO
2024,16,MEDICINA II,NÃO,SP,33104018005P1,TECNOLOGIA DAS RADIAÇÕES EM CIÊNCIAS DA SAÚDE,EM FUNCIONAMENTO
2024,26,DIREITO,NÃO,SP,33105014001P2,SISTEMA CONSTITUCIONAL DE GARANTIA DE DIREITOS,EM FUNCIONAMENTO
2024,27,"ADMINISTRAÇÃO PÚBLICA E DE EMPRESAS, CIÊNCIAS CONTÁBEIS E TURISMO",NÃO,SP,33106010004P8,GESTÃO EM ALIMENTOS E BEBIDAS (A&B),EM FUNCIONAMENTO
2024,31,COMUNICAÇÃO E INFORMAÇÃO,NÃO,SP,33106010003P1,COMUNICAÇÃO,EM FUNCIONAMENTO
2024,14,ENGENHARIAS IV,NÃO,SP,33106010005P4,ENGENHARIA BIOMÉDICA,EM FUNCIONAMENTO
2024,29,"ARQUITETURA, URBANISMO E DESIGN",NÃO,SP,33106010002P5,DESIGN,EM FUNCIONAMENTO
2024,27,"ADMINISTRAÇÃO PÚBLICA E DE EMPRESAS, CIÊNCIAS CONTÁBEIS E TURISMO",NÃO,SP,33106010001P9,HOSPITALIDADE,EM FUNCIONAMENTO
2024,46,ENSINO,NÃO,SP,33107017003P8,EDUCAÇÃO MATEMÁTICA,EM FUNCIONAMENTO
2024,19,FARMÁCIA,NÃO,SP,33107017002P1,FARMÁCIA,EM FUNCIONAMENTO
2024,46,ENSINO,NÃO,SP,33107017009P6,ENSINO DE CIÊNCIAS E SAÚDE,EM FUNCIONAMENTO
2024,48,BIOTECNOLOGIA,NÃO,SP,33107017008P0,BIOTECNOLOGIA E INOVAÇÃO EM SAÚDE,EM FUNCIONAMENTO
2024,27,"ADMINISTRAÇÃO PÚBLICA E DE EMPRESAS, CIÊNCIAS CONTÁBEIS E TURISMO",NÃO,SP,33110018001P2,ADMINISTRAÇÃO,EM FUNCIONAMENTO
2024,46,ENSINO,NÃO,SP,33110018005P8,INOVAÇÃO NO ENSINO SUPERIOR EM SAÚDE,EM FUNCIONAMENTO
2024,38,EDUCAÇÃO,NÃO,SP,33110018003P5,DOCÊNCIA E GESTÃO EDUCACIONAL,EM FUNCIONAMENTO
2024,31,COMUNICAÇÃO E INFORMAÇÃO,NÃO,SP,33110018004P1,"TECNOLOGIA, INFORMAÇÃO E COMUNICAÇÃO",EM FUNCIONAMENTO
2024,26,DIREITO,NÃO,SP,33111014001P9,DIREITO,EM FUNCIONAMENTO
2024,15,MEDICINA I,NÃO,SP,33112010001P5,CIÊNCIAS DA SAÚDE,EM FUNCIONAMENTO
2024,27,"ADMINISTRAÇÃO PÚBLICA E DE EMPRESAS, CIÊNCIAS CONTÁBEIS E TURISMO",NÃO,SP,33113017001P1,CONTROLADORIA E FINANÇAS,EM FUNCIONAMENTO
2024,18,ODONTOLOGIA,NÃO,SP,33114013001P8,ODONTOLOGIA,EM FUNCIONAMENTO
2024,16,MEDICINA II,NÃO,SP,33115010001P8,CIÊNCIAS,EM FUNCIONAMENTO
2024,22,SAÚDE COLETIVA,NÃO,SP,33115028001P0,SAÚDE COLETIVA,EM FUNCIONAMENTO
2024,18,ODONTOLOGIA,NÃO,SP,33117012004P6,ORTODONTIA,EM FUNCIONAMENTO
2024,18,ODONTOLOGIA,NÃO,SP,33117012001P7,ODONTOLOGIA,EM FUNCIONAMENTO
2024,20,ENFERMAGEM,NÃO,SP,33117012002P3,ENFERMAGEM,EM FUNCIONAMENTO
2024,49,CIÊNCIAS AMBIENTAIS,NÃO,SP,33117012003P0,ANÁLISE AMBIENTAL,EM FUNCIONAMENTO
2024,18,ODONTOLOGIA,NÃO,SP,33119015002P6,ODONTOLOGIA,EM FUNCIONAMENTO
2024,17,MEDICINA III,NÃO,SP,33119015003P2,CIÊNCIAS MÉDICAS,EM FUNCIONAMENTO
2024,18,ODONTOLOGIA,NÃO,SP,33119015001P0,ODONTOLOGIA,EM FUNCIONAMENTO
2024,7,BIODIVERSIDADE,NÃO,SP,33120013001P4,BIODIVERSIDADE VEGETAL E MEIO AMBIENTE,EM FUNCIONAMENTO
2024,45,INTERDISCIPLINAR,NÃO,SP,33125015001P6,PROMOÇÃO DA SAÚDE,EM FUNCIONAMENTO
2024,38,EDUCAÇÃO,NÃO,SP,33125015002P2,EDUCAÇÃO,EM FUNCIONAMENTO
2024,38,EDUCAÇÃO,NÃO,SP,33126011003P5,GESTÃO E DESENVOLVIMENTO DA EDUCAÇÃO PROFISSIONAL,EM FUNCIONAMENTO
2024,13,ENGENHARIAS III,NÃO,SP,33126011002P9,GESTÃO E TECNOLOGIA EM SISTEMAS PRODUTIVOS,EM FUNCIONAMENTO
2024,28,ECONOMIA,NÃO,SP,33129010001P1,ECONOMIA,EM FUNCIONAMENTO
2024,27,"ADMINISTRAÇÃO PÚBLICA E DE EMPRESAS, CIÊNCIAS CONTÁBEIS E TURISMO",NÃO,SP,33129010002P8,ADMINISTRAÇÃO,EM FUNCIONAMENTO
2024,28,ECONOMIA,NÃO,SP,33129010003P4,ECONOMIA DOS NEGÓCIOS,EM FUNCIONAMENTO
2024,27,"ADMINISTRAÇÃO PÚBLICA E DE EMPRESAS, CIÊNCIAS CONTÁBEIS E TURISMO",NÃO,SP,33129010004P0,POLÍTICAS PÚBLICAS,EM FUNCIONAMENTO
2024,23,ZOOTECNIA / RECURSOS PESQUEIROS,NÃO,SP,33132011001P9,AQUICULTURA E PESCA,EM FUNCIONAMENTO
2024,26,DIREITO,NÃO,SP,33136017001P4,FUNÇÃO SOCIAL DO DIREITO,EM FUNCIONAMENTO
2024,27,"ADMINISTRAÇÃO PÚBLICA E DE EMPRESAS, CIÊNCIAS CONTÁBEIS E TURISMO",NÃO,SP,33138010001P0,GESTÃO E POLÍTICAS PÚBLICAS,EM FUNCIONAMENTO
2024,27,"ADMINISTRAÇÃO PÚBLICA E DE EMPRESAS, CIÊNCIAS CONTÁBEIS E TURISMO",NÃO,SP,33139016003P6,COMPORTAMENTO DO CONSUMIDOR,EM FUNCIONAMENTO
2024,27,"ADMINISTRAÇÃO PÚBLICA E DE EMPRESAS, CIÊNCIAS CONTÁBEIS E TURISMO",NÃO,SP,33139016002P0,ADMINISTRAÇÃO,EM FUNCIONAMENTO
2024,31,COMUNICAÇÃO E INFORMAÇÃO,NÃO,SP,33139016001P3,COMUNICAÇÃO E PRÁTICAS DE CONSUMO,EM FUNCIONAMENTO
2024,7,BIODIVERSIDADE,NÃO,SP,33140014001P8,CONSERVAÇÃO DA BIODIVERSIDADE E DESENVOLVIMENTO SUSTENTÁVEL,EM FUNCIONAMENTO
2024,45,INTERDISCIPLINAR,NÃO,SP,33141010001P4,"SANIDADE,SEGURANÇA ALIMENTAR E AMBIENTAL NO AGRONEGÓCIO",EM FUNCIONAMENTO
2024,26,DIREITO,NÃO,SP,33142017001P0,DIREITO DA SOCIEDADE DA INFORMAÇÃO,EM FUNCIONAMENTO
2024,1,MATEMÁTICA / PROBABILIDADE E ESTATÍSTICA,NÃO,SP,33144010002P3,MATEMÁTICA,EM FUNCIONAMENTO
2024,4,QUÍMICA,NÃO,SP,33144010003P0,CIÊNCIA E TECNOLOGIA,EM FUNCIONAMENTO
2024,14,ENGENHARIAS IV,NÃO,SP,33144010015P8,ENGENHARIA BIOMÉDICA,EM FUNCIONAMENTO
2024,30,PLANEJAMENTO URBANO E REGIONAL / DEMOGRAFIA,NÃO,SP,33144010012P9,PLANEJAMENTO E GESTÃO DO TERRITÓRIO,EM FUNCIONAMENTO
2024,45,INTERDISCIPLINAR,NÃO,SP,33144010172P6,ECONOMIA POLÍTICA MUNDIAL,EM FUNCIONAMENTO
2024,45,INTERDISCIPLINAR,NÃO,SP,33144010010P6,CIÊNCIAS HUMANAS E SOCIAIS,EM FUNCIONAMENTO
2024,13,ENGENHARIAS III,NÃO,SP,33144010174P9,ENGENHARIA DE PRODUÇÃO,EM FUNCIONAMENTO
2024,28,ECONOMIA,NÃO,SP,33144010171P0,ECONOMIA,EM FUNCIONAMENTO
2024,45,INTERDISCIPLINAR,NÃO,SP,33144010022P4,ENGENHARIA E GESTÃO DA INOVAÇÃO,EM FUNCIONAMENTO
2024,45,INTERDISCIPLINAR,NÃO,SP,33144010005P2,ENERGIA,EM FUNCIONAMENTO
2024,12,ENGENHARIAS II,NÃO,SP,33144010023P0,CIÊNCIA E ENGENHARIA DE MATERIAIS,EM FUNCIONAMENTO
2024,39,CIÊNCIA POLÍTICA E RELAÇÕES INTERNACIONAIS,NÃO,SP,33144010173P2,RELAÇÕES INTERNACIONAIS,EM FUNCIONAMENTO
2024,13,ENGENHARIAS III,NÃO,SP,33144010011P2,ENGENHARIA MECÂNICA,EM FUNCIONAMENTO
2024,2,COMPUTAÇÃO,NÃO,SP,33144010008P1,CIÊNCIA DA COMPUTAÇÃO,EM FUNCIONAMENTO
2024,14,ENGENHARIAS IV,NÃO,SP,33144010014P1,ENGENHARIA ELÉTRICA,EM FUNCIONAMENTO
2024,39,CIÊNCIA POLÍTICA E RELAÇÕES INTERNACIONAIS,NÃO,SP,33144010019P3,POLÍTICAS PÚBLICAS,EM FUNCIONAMENTO
2024,46,ENSINO,NÃO,SP,33144010009P8,ENSINO E HISTÓRIA DAS CIÊNCIAS E DA MATEMÁTICA,EM FUNCIONAMENTO
2024,48,BIOTECNOLOGIA,NÃO,SP,33144010016P4,BIOTECNOCIÊNCIA,EM FUNCIONAMENTO
2024,14,ENGENHARIAS IV,NÃO,SP,33144010004P6,ENGENHARIA DA INFORMAÇÃO,EM FUNCIONAMENTO
2024,7,BIODIVERSIDADE,NÃO,SP,33144010017P0,EVOLUÇÃO E DIVERSIDADE,EM FUNCIONAMENTO
2024,45,INTERDISCIPLINAR,NÃO,SP,33144010006P9,NANOCIÊNCIAS E MATERIAIS AVANÇADOS,EM FUNCIONAMENTO
2024,49,CIÊNCIAS AMBIENTAIS,NÃO,SP,33144010018P7,CIÊNCIA E TECNOLOGIA AMBIENTAL,EM FUNCIONAMENTO
2024,8,CIÊNCIAS BIOLÓGICAS II,NÃO,SP,33144010007P5,BIOSSISTEMAS,EM FUNCIONAMENTO
2024,33,FILOSOFIA,NÃO,SP,33144010020P1,FILOSOFIA,EM FUNCIONAMENTO
2024,45,INTERDISCIPLINAR,NÃO,SP,33144010013P5,NEUROCIÊNCIA E COGNIÇÃO,EM FUNCIONAMENTO
2024,3,ASTRONOMIA / FÍSICA,NÃO,SP,33144010001P7,FÍSICA,EM FUNCIONAMENTO
2024,26,DIREITO,NÃO,SP,33145016001P0,DIREITO,EM FUNCIONAMENTO
2024,26,DIREITO,NÃO,SP,33145016002P6,DIREITO,EM FUNCIONAMENTO
2024,27,"ADMINISTRAÇÃO PÚBLICA E DE EMPRESAS, CIÊNCIAS CONTÁBEIS E TURISMO",NÃO,SP,33146012002P2,GESTÃO DE NEGÓCIOS,EM FUNCIONAMENTO
2024,8,CIÊNCIAS BIOLÓGICAS II,SIM,SP,33147019001P2,MULTICÊNTRICO EM CIÊNCIAS FISIOLÓGICAS,EM FUNCIONAMENTO
2024,23,ZOOTECNIA / RECURSOS PESQUEIROS,NÃO,SP,33148015001P9,PRODUÇÃO ANIMAL SUSTENTÁVEL,EM FUNCIONAMENTO
2024,27,"ADMINISTRAÇÃO PÚBLICA E DE EMPRESAS, CIÊNCIAS CONTÁBEIS E TURISMO",NÃO,SP,33149011001P5,ADMINISTRAÇÃO DAS MICRO E PEQUENAS EMPRESAS,EM FUNCIONAMENTO
2024,2,COMPUTAÇÃO,NÃO,SP,33149011002P1,CIÊNCIA DA COMPUTAÇÃO,EM FUNCIONAMENTO
2024,42,CIÊNCIAS AGRÁRIAS I,NÃO,SP,33150010001P3,FITOSSANIDADE DOS CITROS,EM FUNCIONAMENTO
2024,15,MEDICINA I,NÃO,SP,33158010001P0,ONCOLOGIA,EM FUNCIONAMENTO
2024,15,MEDICINA I,SIM,SP,33158010002P7,INOVAÇÃO EM SAÚDE,EM FUNCIONAMENTO
2024,15,MEDICINA I,NÃO,SP,33160015002P8,CIÊNCIAS DA SAÚDE,EM FUNCIONAMENTO
2024,29,"ARQUITETURA, URBANISMO E DESIGN",NÃO,SP,33245010001P7,"DESIGN, TECNOLOGIA E INOVAÇÃO",EM FUNCIONAMENTO
2024,29,"ARQUITETURA, URBANISMO E DESIGN",NÃO,SP,33248010001P0,ARQUITETURA,EM FUNCIONAMENTO
2024,26,DIREITO,NÃO,SP,33254010001P6,DIREITO,EM FUNCIONAMENTO
2024,26,DIREITO,NÃO,SP,33177015001P8,DIREITO,EM FUNCIONAMENTO
2024,37,PSICOLOGIA,NÃO,SP,33278016001P1,ANÁLISE DO COMPORTAMENTO APLICADA,EM FUNCIONAMENTO
2024,14,ENGENHARIAS IV,NÃO,RN,33280010001P2,NEUROENGENHARIA,EM FUNCIONAMENTO
2024,51,CIÊNCIAS E HUMANIDADES PARA A EDUCAÇÃO BÁSICA,SIM,SP,33283010001P5,ENSINO DE FÍSICA - PROFIS,EM FUNCIONAMENTO
2024,8,CIÊNCIAS BIOLÓGICAS II,SIM,SP,33287015001P7,MULTICÊNTRICO EM BIOQUÍMICA E BIOLOGIA MOLECULAR,EM FUNCIONAMENTO
2024,25,CIÊNCIA DE ALIMENTOS,NÃO,SP,33299013001P1,CIÊNCIA E TECNOLOGIA DE ALIMENTOS,EM FUNCIONAMENTO
2024,45,INTERDISCIPLINAR,NÃO,RJ,33300003001P0,"ECONOMIA CRIATIVA, ESTRATÉGIA E INOVAÇÃO",EM FUNCIONAMENTO
2024,31,COMUNICAÇÃO E INFORMAÇÃO,NÃO,RJ,33301000001P0,MEMÓRIA E ACERVOS,EM FUNCIONAMENTO
2024,27,"ADMINISTRAÇÃO PÚBLICA E DE EMPRESAS, CIÊNCIAS CONTÁBEIS E TURISMO",NÃO,RJ,33302006001P2,CIÊNCIAS CONTÁBEIS E ADMINISTRAÇÃO,EM FUNCIONAMENTO
2024,22,SAÚDE COLETIVA,SIM,RJ,33303002001P9,SAÚDE DA FAMÍLIA,EM FUNCIONAMENTO
2024,3,ASTRONOMIA / FÍSICA,NÃO,RJ,33305005002P8,ACÚSTICA SUBMARINA,EM FUNCIONAMENTO
2024,48,BIOTECNOLOGIA,SIM,RJ,33305005001P1,BIOTECNOLOGIA MARINHA,EM FUNCIONAMENTO
2024,45,INTERDISCIPLINAR,NÃO,RJ,33309000002P3,HUMANIDADES DIGITAIS,EM FUNCIONAMENTO
2024,45,INTERDISCIPLINAR,NÃO,RJ,33309000001P7,"PATRIMÔNIO, CULTURA E SOCIEDADE",EM FUNCIONAMENTO
2024,11,ARTES,NÃO,RJ,33313008001P0,DANÇA NA CONTEMPORANEIDADE,EM FUNCIONAMENTO
2024,39,CIÊNCIA POLÍTICA E RELAÇÕES INTERNACIONAIS,NÃO,RJ,33324000001P2,SEGURANÇA INTERNACIONAL E DEFESA,EM FUNCIONAMENTO
2024,16,MEDICINA II,NÃO,RJ,33335001001P7,CIÊNCIAS MÉDICAS,EM FUNCIONAMENTO
2024,48,BIOTECNOLOGIA,NÃO,RJ,33339007001P2,DEFESA BIOLÓGICA,EM FUNCIONAMENTO
2024,31,COMUNICAÇÃO E INFORMAÇÃO,SIM,RJ,31001017138P0,CIÊNCIA DA INFORMAÇÃO - UFRJ - IBICT,EM FUNCIONAMENTO
2024,11,ARTES,NÃO,SP,35009004001P0,ARTES,EM FUNCIONAMENTO
2024,26,DIREITO,NÃO,SP,35016000001P3,DIREITO TRIBUTÁRIO INTERNACIONAL E COMPARADO,EM FUNCIONAMENTO
2024,26,DIREITO,NÃO,SP,35019000001P6,DIREITO TRIBUTÁRIO,EM FUNCIONAMENTO
2024,26,DIREITO,NÃO,SP,35110007001P2,POLÍTICAS PÚBLICAS DE DESENVOLVIMENTO E EFETIVIDADE DO DIREITO,EM FUNCIONAMENTO
2024,39,CIÊNCIA POLÍTICA E RELAÇÕES INTERNACIONAIS,NÃO,SP,35133007003P8,CIÊNCIA POLÍTICA,EM FUNCIONAMENTO
2024,28,ECONOMIA,NÃO,SP,35133007002P1,ECONOMIA DO SETOR PÚBLICO,EM FUNCIONAMENTO
2024,26,DIREITO,NÃO,SP,35133007001P5,"DIREITO, JUSTIÇA E DESENVOLVIMENTO",EM FUNCIONAMENTO
2024,26,DIREITO,NÃO,SP,35183004001P4,"DIREITO, JUSTIÇA E IMPACTOS NA ECONOMIA.",EM FUNCIONAMENTO
2024,48,BIOTECNOLOGIA,NÃO,PR,40001016083P6,BIOTECNOLOGIA,EM FUNCIONAMENTO
2024,1,MATEMÁTICA / PROBABILIDADE E ESTATÍSTICA,NÃO,PR,40001016041P1,MATEMÁTICA,EM FUNCIONAMENTO
2024,7,BIODIVERSIDADE,NÃO,PR,40001016005P5,CIÊNCIAS BIOLÓGICAS (ENTOMOLOGIA),EM FUNCIONAMENTO
2024,28,ECONOMIA,NÃO,PR,40001016024P0,DESENVOLVIMENTO ECONÔMICO,EM FUNCIONAMENTO
2024,31,COMUNICAÇÃO E INFORMAÇÃO,NÃO,PR,40001016071P8,COMUNICAÇÃO,EM FUNCIONAMENTO
2024,2,COMPUTAÇÃO,NÃO,PR,40001016034P5,INFORMÁTICA,EM FUNCIONAMENTO
2024,8,CIÊNCIAS BIOLÓGICAS II,NÃO,PR,40001016072P4,FISIOLOGIA,EM FUNCIONAMENTO
2024,39,CIÊNCIA POLÍTICA E RELAÇÕES INTERNACIONAIS,NÃO,PR,40001016061P2,CIÊNCIA POLÍTICA,EM FUNCIONAMENTO
2024,46,ENSINO,NÃO,PR,40001016068P7,EDUCAÇÃO EM CIÊNCIAS E EM MATEMÁTICA,EM FUNCIONAMENTO
2024,20,ENFERMAGEM,NÃO,PR,40001016045P7,ENFERMAGEM,EM FUNCIONAMENTO
2024,24,MEDICINA VETERINÁRIA,NÃO,PR,40001016023P3,CIÊNCIAS VETERINÁRIAS,EM FUNCIONAMENTO
2024,15,MEDICINA I,NÃO,PR,40001016012P1,MEDICINA INTERNA E CIÊNCIAS DA SAÚDE,EM FUNCIONAMENTO
2024,17,MEDICINA III,NÃO,PR,40001016084P2,TOCOGINECOLOGIA E SAÚDE DA MULHER,EM FUNCIONAMENTO
2024,22,SAÚDE COLETIVA,NÃO,PR,40001016103P7,SAÚDE COLETIVA,EM FUNCIONAMENTO
2024,13,ENGENHARIAS III,NÃO,PR,40001016030P0,MÉTODOS NUMÉRICOS EM ENGENHARIA,EM FUNCIONAMENTO
2024,33,FILOSOFIA,NÃO,PR,40001016039P7,FILOSOFIA,EM FUNCIONAMENTO
2024,39,CIÊNCIA POLÍTICA E RELAÇÕES INTERNACIONAIS,NÃO,PR,40001016076P0,POLÍTICAS PÚBLICAS,EM FUNCIONAMENTO
2024,29,"ARQUITETURA, URBANISMO E DESIGN",NÃO,PR,40001016053P0,DESIGN,EM FUNCIONAMENTO
2024,7,BIODIVERSIDADE,NÃO,PR,40001016008P4,ZOOLOGIA,EM FUNCIONAMENTO
2024,10,ENGENHARIAS I,NÃO,PR,40001016075P3,ENGENHARIA AMBIENTAL,EM FUNCIONAMENTO
2024,27,"ADMINISTRAÇÃO PÚBLICA E DE EMPRESAS, CIÊNCIAS CONTÁBEIS E TURISMO",NÃO,PR,40001016050P0,CONTABILIDADE,EM FUNCIONAMENTO
2024,7,BIODIVERSIDADE,NÃO,PR,40001016004P9,BOTÂNICA,EM FUNCIONAMENTO
2024,38,EDUCAÇÃO,NÃO,PR,40001016001P0,EDUCAÇÃO,EM FUNCIONAMENTO
2024,19,FARMÁCIA,NÃO,PR,40001016042P8,CIÊNCIAS FARMACÊUTICAS,EM FUNCIONAMENTO
2024,20,ENFERMAGEM,NÃO,PR,40001016073P0,PRÁTICA DO CUIDADO EM SAÚDE,EM FUNCIONAMENTO
2024,40,HISTÓRIA,NÃO,PR,40001016009P0,HISTÓRIA,EM FUNCIONAMENTO
2024,46,ENSINO,NÃO,PR,40001016174P1,"EDUCAÇÃO EM CIÊNCIAS, EDUCAÇÃO MATEMÁTICA E TECNOLOGIAS EDUCATIVAS",EM FUNCIONAMENTO
2024,17,MEDICINA III,NÃO,PR,40001016018P0,MEDICINA (CLÍNICA CIRÚRGICA),EM FUNCIONAMENTO
2024,27,"ADMINISTRAÇÃO PÚBLICA E DE EMPRESAS, CIÊNCIAS CONTÁBEIS E TURISMO",NÃO,PR,40001016079P9,TURISMO,EM FUNCIONAMENTO
2024,10,ENGENHARIAS I,SIM,PR,40001016173P5,ENGENHARIA E TECNOLOGIA AMBIENTAL,EM FUNCIONAMENTO
2024,49,CIÊNCIAS AMBIENTAIS,NÃO,PR,40001016057P5,MEIO AMBIENTE URBANO E INDUSTRIAL,EM FUNCIONAMENTO
2024,13,ENGENHARIAS III,NÃO,PR,40001016040P5,ENGENHARIA MECÂNICA,EM FUNCIONAMENTO
2024,38,EDUCAÇÃO,NÃO,PR,40001016080P7,EDUCAÇÃO: TEORIA E PRÁTICA DE ENSINO,EM FUNCIONAMENTO
2024,36,GEOGRAFIA,NÃO,PR,40001016035P1,GEOGRAFIA,EM FUNCIONAMENTO
2024,6,CIÊNCIAS BIOLÓGICAS I,SIM,PR,40001016175P8,BIOINFORMÁTICA,EM FUNCIONAMENTO
2024,4,QUÍMICA,NÃO,PR,40001016026P2,QUÍMICA,EM FUNCIONAMENTO
2024,10,ENGENHARIAS I,NÃO,PR,40001016049P2,ENGENHARIA CIVIL,EM FUNCIONAMENTO
2024,30,PLANEJAMENTO URBANO E REGIONAL / DEMOGRAFIA,NÃO,PR,40001016104P3,PLANEJAMENTO URBANO,EM FUNCIONAMENTO
2024,7,BIODIVERSIDADE,NÃO,PR,40001016048P6,ECOLOGIA E CONSERVAÇÃO,EM FUNCIONAMENTO
2024,27,"ADMINISTRAÇÃO PÚBLICA E DE EMPRESAS, CIÊNCIAS CONTÁBEIS E TURISMO",NÃO,PR,40001016025P6,ADMINISTRAÇÃO,EM FUNCIONAMENTO
2024,34,SOCIOLOGIA,NÃO,PR,40001016032P2,SOCIOLOGIA,EM FUNCIONAMENTO
2024,48,BIOTECNOLOGIA,NÃO,PR,40001016036P8,ENGENHARIA DE BIOPROCESSOS E BIOTECNOLOGIA,EM FUNCIONAMENTO
2024,41,LINGUÍSTICA E LITERATURA,NÃO,PR,40001016016P7,LETRAS,EM FUNCIONAMENTO
2024,5,GEOCIÊNCIAS,NÃO,PR,40001016028P5,GEOLOGIA,EM FUNCIONAMENTO
2024,8,CIÊNCIAS BIOLÓGICAS II,NÃO,PR,40001016007P8,BIOLOGIA CELULAR E MOLECULAR,EM FUNCIONAMENTO
2024,10,ENGENHARIAS I,NÃO,PR,40001016021P0,ENGENHARIA DE RECURSOS HÍDRICOS E AMBIENTAL,EM FUNCIONAMENTO
2024,14,ENGENHARIAS IV,NÃO,PR,40001016043P4,ENGENHARIA ELÉTRICA,EM FUNCIONAMENTO
2024,50,NUTRIÇÃO,NÃO,PR,40001016074P7,ALIMENTAÇÃO E NUTRIÇÃO,EM FUNCIONAMENTO
2024,13,ENGENHARIAS III,NÃO,PR,40001016070P1,ENGENHARIA DE PRODUÇÃO,EM FUNCIONAMENTO
2024,7,BIODIVERSIDADE,NÃO,PR,40001016054P6,SISTEMAS COSTEIROS E OCEÂNICOS,EM FUNCIONAMENTO
2024,26,DIREITO,NÃO,PR,40001016017P3,DIREITO,EM FUNCIONAMENTO
2024,16,MEDICINA II,NÃO,PR,40001016013P8,SAÚDE DA CRIANÇA E DO ADOLESCENTE,EM FUNCIONAMENTO
2024,18,ODONTOLOGIA,NÃO,PR,40001016065P8,ODONTOLOGIA,EM FUNCIONAMENTO
2024,11,ARTES,NÃO,PR,40001016055P2,MÚSICA,EM FUNCIONAMENTO
2024,35,ANTROPOLOGIA / ARQUEOLOGIA,NÃO,PR,40001016027P9,ANTROPOLOGIA E ARQUEOLOGIA,EM FUNCIONAMENTO
2024,49,CIÊNCIAS AMBIENTAIS,NÃO,PR,40001016029P1,MEIO AMBIENTE E DESENVOLVIMENTO,EM FUNCIONAMENTO
2024,9,CIÊNCIAS BIOLÓGICAS III,NÃO,PR,40001016044P0,"MICROBIOLOGIA, PARASITOLOGIA E PATOLOGIA",EM FUNCIONAMENTO
2024,12,ENGENHARIAS II,NÃO,PR,40001016056P9,ENGENHARIA QUÍMICA,EM FUNCIONAMENTO
2024,24,MEDICINA VETERINÁRIA,NÃO,PR,40001016077P6,CIÊNCIA ANIMAL,EM FUNCIONAMENTO
2024,13,ENGENHARIAS III,NÃO,PR,40001016171P2,ENGENHARIA DE MANUFATURA,EM FUNCIONAMENTO
2024,23,ZOOTECNIA / RECURSOS PESQUEIROS,NÃO,PR,40001016082P0,ZOOTECNIA,EM FUNCIONAMENTO
2024,47,MATERIAIS,NÃO,PR,40001016033P9,ENGENHARIA E CIÊNCIA DOS MATERIAIS,EM FUNCIONAMENTO
2024,49,CIÊNCIAS AMBIENTAIS,NÃO,PR,40001016081P3,DESENVOLVIMENTO TERRITORIAL SUSTENTÁVEL,EM FUNCIONAMENTO
2024,37,PSICOLOGIA,NÃO,PR,40001016067P0,PSICOLOGIA,EM FUNCIONAMENTO
2024,45,INTERDISCIPLINAR,NÃO,PR,40001016058P1,GESTÃO DA INFORMAÇÃO,EM FUNCIONAMENTO
2024,5,GEOCIÊNCIAS,NÃO,PR,40001016002P6,CIÊNCIAS GEODÉSICAS,EM FUNCIONAMENTO
2024,42,CIÊNCIAS AGRÁRIAS I,NÃO,PR,40001016014P4,CIENCIA DO SOLO,EM FUNCIONAMENTO
2024,6,CIÊNCIAS BIOLÓGICAS I,NÃO,PR,40001016066P4,BIOINFORMÁTICA,EM FUNCIONAMENTO
2024,25,CIÊNCIA DE ALIMENTOS,NÃO,PR,40001016019P6,ENGENHARIA DE ALIMENTOS,EM FUNCIONAMENTO
2024,28,ECONOMIA,NÃO,PR,40001016051P7,ECONOMIA,EM FUNCIONAMENTO
2024,42,CIÊNCIAS AGRÁRIAS I,NÃO,PR,40001016015P0,ENGENHARIA FLORESTAL,EM FUNCIONAMENTO
2024,8,CIÊNCIAS BIOLÓGICAS II,NÃO,PR,40001016003P2,CIÊNCIAS (BIOQUÍMICA),EM FUNCIONAMENTO
2024,51,CIÊNCIAS E HUMANIDADES PARA A EDUCAÇÃO BÁSICA,SIM,PR,40001016170P6,FILOSOFIA,EM FUNCIONAMENTO
2024,27,"ADMINISTRAÇÃO PÚBLICA E DE EMPRESAS, CIÊNCIAS CONTÁBEIS E TURISMO",NÃO,PR,40001016172P9,"GESTÃO DE ORGANIZAÇÕES, LIDERANÇA E DECISÃO",EM FUNCIONAMENTO
2024,6,CIÊNCIAS BIOLÓGICAS I,NÃO,PR,40001016006P1,GENÉTICA,EM FUNCIONAMENTO
2024,8,CIÊNCIAS BIOLÓGICAS II,NÃO,PR,40001016038P0,FARMACOLOGIA,EM FUNCIONAMENTO
2024,21,"EDUCAÇÃO FÍSICA, FISIOTERAPIA, FONOAUDIOLOGIA E TERAPIA OCUPACIONAL",NÃO,PR,40001016047P0,EDUCAÇÃO FÍSICA,EM FUNCIONAMENTO
2024,42,CIÊNCIAS AGRÁRIAS I,NÃO,PR,40001016031P6,AGRONOMIA (PRODUÇÃO VEGETAL),EM FUNCIONAMENTO
2024,23,ZOOTECNIA / RECURSOS PESQUEIROS,NÃO,PR,40001016078P2,AQUICULTURA E DESENVOLVIMENTO SUSTENTÁVEL,EM FUNCIONAMENTO
2024,3,ASTRONOMIA / FÍSICA,NÃO,PR,40001016020P4,FÍSICA,EM FUNCIONAMENTO
2024,21,"EDUCAÇÃO FÍSICA, FISIOTERAPIA, FONOAUDIOLOGIA E TERAPIA OCUPACIONAL",SIM,PR,40002012029P8,EDUCAÇÃO FÍSICA,EM FUNCIONAMENTO
2024,33,FILOSOFIA,NÃO,PR,40002012045P3,FILOSOFIA,EM FUNCIONAMENTO
2024,38,EDUCAÇÃO,NÃO,PR,40002012015P7,EDUCAÇÃO,EM FUNCIONAMENTO
2024,32,SERVIÇO SOCIAL,NÃO,PR,40002012020P0,SERVIÇO SOCIAL E POLÍTICA SOCIAL,EM FUNCIONAMENTO
2024,48,BIOTECNOLOGIA,NÃO,PR,40002012023P0,BIOTECNOLOGIA,EM FUNCIONAMENTO
2024,37,PSICOLOGIA,NÃO,PR,40002012173P1,PSICOLOGIA,EM FUNCIONAMENTO
2024,16,MEDICINA II,NÃO,PR,40002012026P9,PATOLOGIA EXPERIMENTAL,EM FUNCIONAMENTO
2024,1,MATEMÁTICA / PROBABILIDADE E ESTATÍSTICA,NÃO,PR,40002012030P6,MATEMÁTICA APLICADA E COMPUTACIONAL,EM FUNCIONAMENTO
2024,37,PSICOLOGIA,NÃO,PR,40002012028P1,ANÁLISE DO COMPORTAMENTO,EM FUNCIONAMENTO
2024,28,ECONOMIA,NÃO,PR,40002012037P0,ECONOMIA,EM FUNCIONAMENTO
2024,4,QUÍMICA,NÃO,PR,40002012018P6,QUÍMICA,EM FUNCIONAMENTO
2024,9,CIÊNCIAS BIOLÓGICAS III,NÃO,PR,40002012016P3,MICROBIOLOGIA,EM FUNCIONAMENTO
2024,16,MEDICINA II,NÃO,PR,40002012170P2,FISIOPATOLOGIA CLÍNICA E LABORATORIAL,EM FUNCIONAMENTO
2024,41,LINGUÍSTICA E LITERATURA,NÃO,PR,40002012012P8,LETRAS,EM FUNCIONAMENTO
2024,4,QUÍMICA,SIM,PR,40002012039P3,QUÍMICA - UEL - UNICENTRO - UEPG,EM FUNCIONAMENTO
2024,20,ENFERMAGEM,NÃO,PR,40002012047P6,ENFERMAGEM,EM FUNCIONAMENTO
2024,26,DIREITO,NÃO,PR,40002012002P2,DIREITO NEGOCIAL,EM FUNCIONAMENTO
2024,25,CIÊNCIA DE ALIMENTOS,NÃO,PR,40002012003P9,CIÊNCIAS DE ALIMENTOS,EM FUNCIONAMENTO
2024,22,SAÚDE COLETIVA,NÃO,PR,40002012008P0,SAÚDE COLETIVA,EM FUNCIONAMENTO
2024,19,FARMÁCIA,NÃO,PR,40002012172P5,CIÊNCIAS FARMACÊUTICAS,EM FUNCIONAMENTO
2024,7,BIODIVERSIDADE,NÃO,PR,40002012019P2,CIÊNCIAS BIOLÓGICAS,EM FUNCIONAMENTO
2024,41,LINGUÍSTICA E LITERATURA,NÃO,PR,40002012022P3,ESTUDOS DA LINGUAGEM,EM FUNCIONAMENTO
2024,31,COMUNICAÇÃO E INFORMAÇÃO,NÃO,PR,40002012034P1,COMUNICAÇÃO,EM FUNCIONAMENTO
2024,8,CIÊNCIAS BIOLÓGICAS II,NÃO,PR,40002012175P4,CIÊNCIAS FISIOLÓGICAS,EM FUNCIONAMENTO
2024,2,COMPUTAÇÃO,NÃO,PR,40002012033P5,CIÊNCIA DA COMPUTAÇÃO,EM FUNCIONAMENTO
2024,34,SOCIOLOGIA,NÃO,PR,40002012017P0,SOCIOLOGIA,EM FUNCIONAMENTO
2024,6,CIÊNCIAS BIOLÓGICAS I,NÃO,PR,40002012005P1,GENÉTICA E BIOLOGIA MOLECULAR,EM FUNCIONAMENTO
2024,3,ASTRONOMIA / FÍSICA,NÃO,PR,40002012014P0,FÍSICA,EM FUNCIONAMENTO
2024,27,"ADMINISTRAÇÃO PÚBLICA E DE EMPRESAS, CIÊNCIAS CONTÁBEIS E TURISMO",NÃO,PR,40002012040P1,ADMINISTRAÇÃO,EM FUNCIONAMENTO
2024,42,CIÊNCIAS AGRÁRIAS I,SIM,PR,40002012013P4,AGRONOMIA,EM FUNCIONAMENTO
2024,21,"EDUCAÇÃO FÍSICA, FISIOTERAPIA, FONOAUDIOLOGIA E TERAPIA OCUPACIONAL",SIM,PR,40002012042P4,CIÊNCIAS DA REABILITAÇÃO,EM FUNCIONAMENTO
2024,15,MEDICINA I,NÃO,PR,40002012046P0,CIÊNCIAS DA SAÚDE,EM FUNCIONAMENTO
2024,29,"ARQUITETURA, URBANISMO E DESIGN",SIM,PR,40004015037P3,ARQUITETURA E URBANISMO,EM FUNCIONAMENTO
2024,14,ENGENHARIAS IV,NÃO,PR,40002012024P6,ENGENHARIA ELETRICA,EM FUNCIONAMENTO
2024,36,GEOGRAFIA,NÃO,PR,40002012021P7,GEOGRAFIA,EM FUNCIONAMENTO
2024,14,ENGENHARIAS IV,SIM,PR,40002012171P9,ENGENHARIA ELETRICA,EM FUNCIONAMENTO
2024,40,HISTÓRIA,NÃO,PR,40002012032P9,HISTÓRIA SOCIAL,EM FUNCIONAMENTO
2024,24,MEDICINA VETERINÁRIA,NÃO,PR,40002012009P7,CIÊNCIA ANIMAL,EM FUNCIONAMENTO
2024,31,COMUNICAÇÃO E INFORMAÇÃO,NÃO,PR,40002012048P2,CIÊNCIA DA INFORMAÇÃO,EM FUNCIONAMENTO
2024,46,ENSINO,NÃO,PR,40002012025P2,ENSINO DE CIÊNCIAS E EDUCAÇÃO MATEMÁTICA,EM FUNCIONAMENTO
2024,41,LINGUÍSTICA E LITERATURA,NÃO,PR,40002012050P7,LETRAS ESTRANGEIRAS MODERNAS,EM FUNCIONAMENTO
2024,24,MEDICINA VETERINÁRIA,NÃO,PR,40002012049P9,CLÍNICAS VETERINÁRIAS,EM FUNCIONAMENTO
2024,10,ENGENHARIAS I,NÃO,PR,40002012027P5,ENGENHARIA CIVIL,EM FUNCIONAMENTO
2024,18,ODONTOLOGIA,NÃO,PR,40003019009P3,ODONTOLOGIA,EM FUNCIONAMENTO
2024,26,DIREITO,NÃO,PR,40003019006P4,DIREITO,EM FUNCIONAMENTO
2024,2,COMPUTAÇÃO,NÃO,PR,40003019004P1,INFORMÁTICA,EM FUNCIONAMENTO
2024,45,INTERDISCIPLINAR,NÃO,PR,40003019018P2,BIOÉTICA,EM FUNCIONAMENTO
2024,27,"ADMINISTRAÇÃO PÚBLICA E DE EMPRESAS, CIÊNCIAS CONTÁBEIS E TURISMO",NÃO,PR,40003019008P7,ADMINISTRAÇÃO,EM FUNCIONAMENTO
2024,27,"ADMINISTRAÇÃO PÚBLICA E DE EMPRESAS, CIÊNCIAS CONTÁBEIS E TURISMO",NÃO,PR,40003019019P9,GESTÃO DE COOPERATIVAS E ORGANIZAÇÕES COMPLEXAS E PLURAIS,EM FUNCIONAMENTO
2024,30,PLANEJAMENTO URBANO E REGIONAL / DEMOGRAFIA,NÃO,PR,40003019014P7,GESTÃO URBANA,EM FUNCIONAMENTO
2024,13,ENGENHARIAS III,NÃO,PR,40003019010P1,ENGENHARIA DE PRODUÇÃO E SISTEMAS,EM FUNCIONAMENTO
2024,38,EDUCAÇÃO,NÃO,PR,40003019007P0,EDUCAÇÃO,EM FUNCIONAMENTO
2024,15,MEDICINA I,NÃO,PR,40003019013P0,CIENCIAS DA SAUDE,EM FUNCIONAMENTO
2024,45,INTERDISCIPLINAR,NÃO,PR,40003019011P8,TECNOLOGIA EM SAÚDE,EM FUNCIONAMENTO
2024,45,INTERDISCIPLINAR,NÃO,PR,40003019020P7,DIREITOS HUMANOS E POLÍTICAS PÚBLICAS,EM FUNCIONAMENTO
2024,33,FILOSOFIA,NÃO,PR,40003019015P3,FILOSOFIA,EM FUNCIONAMENTO
2024,24,MEDICINA VETERINÁRIA,NÃO,PR,40003019016P0,CIÊNCIA ANIMAL,EM FUNCIONAMENTO
2024,44,CIÊNCIAS DA RELIGIÃO E TEOLOGIA,NÃO,PR,40003019017P6,TEOLOGIA,EM FUNCIONAMENTO
2024,13,ENGENHARIAS III,NÃO,PR,40003019005P8,ENGENHARIA MECÂNICA,EM FUNCIONAMENTO
2024,39,CIÊNCIA POLÍTICA E RELAÇÕES INTERNACIONAIS,NÃO,PR,40004015033P8,POLÍTICAS PÚBLICAS,EM FUNCIONAMENTO
2024,48,BIOTECNOLOGIA,NÃO,PR,40004015042P7,BIOTECNOLOGIA AMBIENTAL,EM FUNCIONAMENTO
2024,10,ENGENHARIAS I,NÃO,PR,40004015027P8,ENGENHARIA URBANA,EM FUNCIONAMENTO
2024,8,CIÊNCIAS BIOLÓGICAS II,NÃO,PR,40004015071P7,CIÊNCIAS FISIOLÓGICAS,EM FUNCIONAMENTO
2024,17,MEDICINA III,NÃO,PR,40004015075P2,"GESTÃO, TECNOLOGIA E INOVAÇÃO EM URGÊNCIA E EMERGÊNCIA",EM FUNCIONAMENTO
2024,7,BIODIVERSIDADE,NÃO,PR,40004015026P1,BIOLOGIA COMPARADA,EM FUNCIONAMENTO
2024,46,ENSINO,NÃO,PR,40004015023P2,EDUCAÇÃO PARA A CIÊNCIA E A MATEMÁTICA,EM FUNCIONAMENTO
2024,34,SOCIOLOGIA,NÃO,PR,40004015031P5,CIÊNCIAS SOCIAIS,EM FUNCIONAMENTO
2024,10,ENGENHARIAS I,NÃO,PR,40004015041P0,ENGENHARIA CIVIL,EM FUNCIONAMENTO
2024,42,CIÊNCIAS AGRÁRIAS I,NÃO,PR,40004015043P3,AGROECOLOGIA,EM FUNCIONAMENTO
2024,19,FARMÁCIA,NÃO,PR,40004015072P3,ASSISTÊNCIA FARMACÊUTICA,EM FUNCIONAMENTO
2024,24,MEDICINA VETERINÁRIA,NÃO,PR,40004015070P0,PRODUÇÃO SUSTENTÁVEL E SAÚDE ANIMAL,EM FUNCIONAMENTO
2024,41,LINGUÍSTICA E LITERATURA,NÃO,PR,40004015014P3,LETRAS,EM FUNCIONAMENTO
2024,36,GEOGRAFIA,NÃO,PR,40004015012P0,GEOGRAFIA,EM FUNCIONAMENTO
2024,45,INTERDISCIPLINAR,SIM,PR,40004015074P6,SUSTENTABILIDADE,EM FUNCIONAMENTO
2024,3,ASTRONOMIA / FÍSICA,NÃO,PR,40004015011P4,FÍSICA,EM FUNCIONAMENTO
2024,20,ENFERMAGEM,NÃO,PR,40004015024P9,ENFERMAGEM,EM FUNCIONAMENTO
2024,18,ODONTOLOGIA,NÃO,PR,40004015029P0,ODONTOLOGIA INTEGRADA,EM FUNCIONAMENTO
2024,16,MEDICINA II,NÃO,PR,40004015021P0,CIÊNCIAS DA SAÚDE,EM FUNCIONAMENTO
2024,25,CIÊNCIA DE ALIMENTOS,NÃO,PR,40004015034P4,CIÊNCIA DE ALIMENTOS,EM FUNCIONAMENTO
2024,1,MATEMÁTICA / PROBABILIDADE E ESTATÍSTICA,NÃO,PR,40004015013P7,MATEMÁTICA,EM FUNCIONAMENTO
2024,28,ECONOMIA,NÃO,PR,40004015007P7,ECONOMIA,EM FUNCIONAMENTO
2024,4,QUÍMICA,NÃO,PR,40004015002P5,QUÍMICA,EM FUNCIONAMENTO
2024,23,ZOOTECNIA / RECURSOS PESQUEIROS,NÃO,PR,40004015006P0,ZOOTECNIA,EM FUNCIONAMENTO
2024,40,HISTÓRIA,NÃO,PR,40004015025P5,HISTÓRIA,EM FUNCIONAMENTO
2024,37,PSICOLOGIA,NÃO,PR,40004015028P4,PSICOLOGIA,EM FUNCIONAMENTO
2024,7,BIODIVERSIDADE,NÃO,PR,40004015005P4,ECOLOGIA DE AMBIENTES AQUÁTICOS CONTINENTAIS,EM FUNCIONAMENTO
2024,13,ENGENHARIAS III,NÃO,PR,40004015038P0,ENGENHARIA MECÂNICA,EM FUNCIONAMENTO
2024,27,"ADMINISTRAÇÃO PÚBLICA E DE EMPRESAS, CIÊNCIAS CONTÁBEIS E TURISMO",NÃO,PR,40004015044P0,CIÊNCIAS CONTÁBEIS,EM FUNCIONAMENTO
2024,45,INTERDISCIPLINAR,NÃO,PR,40004015040P4,BIOESTATÍSTICA,EM FUNCIONAMENTO
2024,42,CIÊNCIAS AGRÁRIAS I,NÃO,PR,40004015039P6,CIÊNCIAS AGRÁRIAS,EM FUNCIONAMENTO
2024,13,ENGENHARIAS III,NÃO,PR,40004015077P5,ENGENHARIA DE PRODUÇÃO,EM FUNCIONAMENTO
2024,12,ENGENHARIAS II,NÃO,PR,40004015003P1,ENGENHARIA QUÍMICA,EM FUNCIONAMENTO
2024,19,FARMÁCIA,NÃO,PR,40004015022P6,BIOCIÊNCIAS E FISIOPATOLOGIA,EM FUNCIONAMENTO
2024,27,"ADMINISTRAÇÃO PÚBLICA E DE EMPRESAS, CIÊNCIAS CONTÁBEIS E TURISMO",NÃO,PR,40004015035P0,ADMINISTRAÇÃO,EM FUNCIONAMENTO
2024,42,CIÊNCIAS AGRÁRIAS I,NÃO,PR,40004015008P3,AGRONOMIA,EM FUNCIONAMENTO
2024,11,ARTES,NÃO,PR,40004015076P9,MÚSICA,EM FUNCIONAMENTO
2024,38,EDUCAÇÃO,NÃO,PR,40004015004P8,EDUCAÇÃO,EM FUNCIONAMENTO
2024,19,FARMÁCIA,NÃO,PR,40004015018P9,CIÊNCIAS FARMACÊUTICAS,EM FUNCIONAMENTO
2024,2,COMPUTAÇÃO,NÃO,PR,40004015019P5,CIÊNCIA DA COMPUTAÇÃO,EM FUNCIONAMENTO
2024,25,CIÊNCIA DE ALIMENTOS,NÃO,PR,40004015073P0,ENGENHARIA DE ALIMENTOS,EM FUNCIONAMENTO
2024,42,CIÊNCIAS AGRÁRIAS I,NÃO,PR,40004015020P3,GENÉTICA E MELHORAMENTO,EM FUNCIONAMENTO
2024,6,CIÊNCIAS BIOLÓGICAS I,NÃO,PR,40004015001P9,CIÊNCIAS BIOLÓGICAS (BIOLOGIA CELULAR),EM FUNCIONAMENTO
2024,33,FILOSOFIA,NÃO,PR,40004015036P7,FILOSOFIA,EM FUNCIONAMENTO
2024,8,CIÊNCIAS BIOLÓGICAS II,NÃO,PR,40004015078P1,BIOQUÍMICA,EM FUNCIONAMENTO
2024,12,ENGENHARIAS II,NÃO,PR,40005011002P1,ENGENHARIA E CIÊNCIA DE MATERIAIS,EM FUNCIONAMENTO
2024,46,ENSINO,NÃO,PR,40005011172P4,ENSINO DE CIÊNCIAS E EDUCAÇÃO MATEMÁTICA,EM FUNCIONAMENTO
2024,23,ZOOTECNIA / RECURSOS PESQUEIROS,NÃO,PR,40005011042P3,ZOOTECNIA,EM FUNCIONAMENTO
2024,45,INTERDISCIPLINAR,NÃO,PR,40005011170P1,CIÊNCIAS DA SAÚDE,EM FUNCIONAMENTO
2024,42,CIÊNCIAS AGRÁRIAS I,NÃO,PR,40005011006P7,AGRONOMIA,EM FUNCIONAMENTO
2024,3,ASTRONOMIA / FÍSICA,NÃO,PR,40005011008P0,CIÊNCIAS,EM FUNCIONAMENTO
2024,40,HISTÓRIA,NÃO,PR,40005011014P0,HISTÓRIA,EM FUNCIONAMENTO
2024,19,FARMÁCIA,SIM,PR,40014010006P2,CIÊNCIAS FARMACÊUTICAS,EM FUNCIONAMENTO
2024,31,COMUNICAÇÃO E INFORMAÇÃO,NÃO,PR,40005011015P6,JORNALISMO,EM FUNCIONAMENTO
2024,36,GEOGRAFIA,NÃO,PR,40005011010P4,GEOGRAFIA,EM FUNCIONAMENTO
2024,45,INTERDISCIPLINAR,NÃO,PR,40005011013P3,COMPUTAÇÃO APLICADA,EM FUNCIONAMENTO
2024,18,ODONTOLOGIA,NÃO,PR,40005011004P4,ODONTOLOGIA,EM FUNCIONAMENTO
2024,28,ECONOMIA,NÃO,PR,40005011171P8,ECONOMIA,EM FUNCIONAMENTO
2024,45,INTERDISCIPLINAR,SIM,PR,40002012041P8,BIOENERGIA - UEL - UEM - UEPG - UNICENTRO - UNIOESTE - UFPR,EM FUNCIONAMENTO
2024,25,CIÊNCIA DE ALIMENTOS,NÃO,PR,40005011007P3,CIÊNCIA E TECNOLOGIA DE ALIMENTOS,EM FUNCIONAMENTO
2024,26,DIREITO,NÃO,PR,40005011173P0,DIREITO,EM FUNCIONAMENTO
2024,38,EDUCAÇÃO,NÃO,PR,40005011005P0,EDUCAÇÃO,EM FUNCIONAMENTO
2024,45,INTERDISCIPLINAR,NÃO,PR,40005011003P8,CIÊNCIAS SOCIAIS APLICADAS,EM FUNCIONAMENTO
2024,41,LINGUÍSTICA E LITERATURA,NÃO,PR,40005011012P7,ESTUDOS DA LINGUAGEM,EM FUNCIONAMENTO
2024,4,QUÍMICA,NÃO,PR,40005011009P6,QUÍMICA,EM FUNCIONAMENTO
2024,8,CIÊNCIAS BIOLÓGICAS II,NÃO,PR,40005011018P5,CIÊNCIAS BIOMÉDICAS,EM FUNCIONAMENTO
2024,2,COMPUTAÇÃO,NÃO,PR,40006018182P6,CIÊNCIA DA COMPUTAÇÃO,EM FUNCIONAMENTO
2024,41,LINGUÍSTICA E LITERATURA,NÃO,PR,40006018036P0,LETRAS,EM FUNCIONAMENTO
2024,2,COMPUTAÇÃO,NÃO,PR,40006018011P7,COMPUTAÇÃO APLICADA,EM FUNCIONAMENTO
2024,14,ENGENHARIAS IV,NÃO,PR,40006018022P9,ENGENHARIA ELÉTRICA,EM FUNCIONAMENTO
2024,45,INTERDISCIPLINAR,NÃO,PR,40006018170P8,INOVAÇÕES TECNOLÓGICAS,EM FUNCIONAMENTO
2024,46,ENSINO,NÃO,PR,40006018041P3,ENSINO DE MATEMÁTICA,EM FUNCIONAMENTO
2024,12,ENGENHARIAS II,NÃO,PR,40006018033P0,PROCESSOS QUÍMICOS E BIOTECNOLÓGICOS,EM FUNCIONAMENTO
2024,27,"ADMINISTRAÇÃO PÚBLICA E DE EMPRESAS, CIÊNCIAS CONTÁBEIS E TURISMO",NÃO,PR,40006018044P2,ADMINISTRAÇÃO,EM FUNCIONAMENTO
2024,10,ENGENHARIAS I,NÃO,PR,40006018023P5,ENGENHARIA AMBIENTAL,EM FUNCIONAMENTO
2024,10,ENGENHARIAS I,NÃO,PR,40006018174P3,ENGENHARIA AMBIENTAL: ANÁLISE E TECNOLOGIA AMBIENTAL,EM FUNCIONAMENTO
2024,12,ENGENHARIAS II,NÃO,PR,40006018179P5,ENGENHARIA QUÍMICA,EM FUNCIONAMENTO
2024,42,CIÊNCIAS AGRÁRIAS I,NÃO,PR,40006018043P6,AGROECOSSISTEMAS,EM FUNCIONAMENTO
2024,25,CIÊNCIA DE ALIMENTOS,NÃO,PR,40006018016P9,TECNOLOGIA DE ALIMENTOS,EM FUNCIONAMENTO
2024,10,ENGENHARIAS I,NÃO,PR,40006018008P6,ENGENHARIA CIVIL,EM FUNCIONAMENTO
2024,6,CIÊNCIAS BIOLÓGICAS I,NÃO,PR,40006018037P6,BIOINFORMÁTICA,EM FUNCIONAMENTO
2024,14,ENGENHARIAS IV,NÃO,PR,40006018009P2,ENGENHARIA ELÉTRICA E DE COMPUTAÇÃO,EM FUNCIONAMENTO
2024,42,CIÊNCIAS AGRÁRIAS I,NÃO,PR,40006018005P7,AGRONOMIA,EM FUNCIONAMENTO
2024,41,LINGUÍSTICA E LITERATURA,NÃO,PR,40006018035P3,ESTUDOS DE LINGUAGENS,EM FUNCIONAMENTO
2024,14,ENGENHARIAS IV,NÃO,PR,40006018012P3,ENGENHARIA ELÉTRICA - CORNÉLIO PROCÓPIO,EM FUNCIONAMENTO
2024,45,INTERDISCIPLINAR,NÃO,PR,40006018018P1,ENGENHARIA BIOMÉDICA,EM FUNCIONAMENTO
2024,14,ENGENHARIAS IV,NÃO,PR,40006018038P2,SISTEMAS DE ENERGIA,EM FUNCIONAMENTO
2024,46,ENSINO,NÃO,PR,40006018027P0,"ENSINO DE CIÊNCIAS HUMANAS, SOCIAIS E DA NATUREZA",EM FUNCIONAMENTO
2024,10,ENGENHARIAS I,NÃO,PR,40006018030P1,ENGENHARIA CIVIL (PPGEC),EM FUNCIONAMENTO
2024,45,INTERDISCIPLINAR,NÃO,PR,40006018180P3,TECNOLOGIAS EM BIOCIÊNCIAS,EM FUNCIONAMENTO
2024,13,ENGENHARIAS III,NÃO,PR,40006018024P1,ENGENHARIA MECÂNICA,EM FUNCIONAMENTO
2024,49,CIÊNCIAS AMBIENTAIS,NÃO,PR,40006018013P0,CIÊNCIA E TECNOLOGIA AMBIENTAL,EM FUNCIONAMENTO
2024,46,ENSINO,NÃO,PR,40006018019P8,"FORMAÇÃO CIENTÍFICA, EDUCACIONAL E TECNOLÓGICA",EM FUNCIONAMENTO
2024,2,COMPUTAÇÃO,NÃO,PR,40006018171P4,CIÊNCIA DA COMPUTAÇÃO,EM FUNCIONAMENTO
2024,25,CIÊNCIA DE ALIMENTOS,NÃO,PR,40006018015P2,TECNOLOGIA DE ALIMENTOS,EM FUNCIONAMENTO
2024,30,PLANEJAMENTO URBANO E REGIONAL / DEMOGRAFIA,NÃO,PR,40006018010P0,DESENVOLVIMENTO REGIONAL,EM FUNCIONAMENTO
2024,14,ENGENHARIAS IV,NÃO,PR,40006018001P1,ENGENHARIA ELÉTRICA E INFORMÁTICA INDUSTRIAL,EM FUNCIONAMENTO
2024,3,ASTRONOMIA / FÍSICA,NÃO,PR,40006018172P0,FÍSICA E ASTRONOMIA,EM FUNCIONAMENTO
2024,13,ENGENHARIAS III,NÃO,PR,40006018031P8,ENGENHARIA DE PRODUÇÃO E SISTEMAS (PPGEPS),EM FUNCIONAMENTO
2024,30,PLANEJAMENTO URBANO E REGIONAL / DEMOGRAFIA,NÃO,PR,40006018017P5,PLANEJAMENTO E GOVERNANÇA PÚBLICA,EM FUNCIONAMENTO
2024,12,ENGENHARIAS II,NÃO,PR,40006018177P2,ENGENHARIA QUÍMICA,EM FUNCIONAMENTO
2024,46,ENSINO,NÃO,PR,40006018006P3,ENSINO DE CIÊNCIA E TECNOLOGIA,EM FUNCIONAMENTO
2024,49,CIÊNCIAS AMBIENTAIS,NÃO,PR,40006018181P0,SUSTENTABILIDADE AMBIENTAL URBANA,EM FUNCIONAMENTO
2024,21,"EDUCAÇÃO FÍSICA, FISIOTERAPIA, FONOAUDIOLOGIA E TERAPIA OCUPACIONAL",NÃO,PR,40006018173P7,EDUCAÇÃO FÍSICA,EM FUNCIONAMENTO
2024,45,INTERDISCIPLINAR,NÃO,PR,40006018002P8,TECNOLOGIA E SOCIEDADE,EM FUNCIONAMENTO
2024,10,ENGENHARIAS I,NÃO,PR,40006018026P4,TECNOLOGIAS AMBIENTAIS,EM FUNCIONAMENTO
2024,45,INTERDISCIPLINAR,NÃO,PR,40006018034P7,TECNOLOGIAS COMPUTACIONAIS PARA O AGRONEGÓCIO,EM FUNCIONAMENTO
2024,13,ENGENHARIAS III,NÃO,PR,40006018003P4,ENGENHARIA MECÂNICA E DE MATERIAIS,EM FUNCIONAMENTO
2024,2,COMPUTAÇÃO,NÃO,PR,40006018025P8,INFORMÁTICA,EM FUNCIONAMENTO
2024,49,CIÊNCIAS AMBIENTAIS,NÃO,PR,40006018178P9,RECURSOS NATURAIS E SUSTENTABILIDADE,EM FUNCIONAMENTO
2024,13,ENGENHARIAS III,NÃO,PR,40006018004P0,ENGENHARIA DE PRODUÇÃO,EM FUNCIONAMENTO
2024,4,QUÍMICA,NÃO,PR,40006018020P6,TECNOLOGIA DE PROCESSOS QUÍMICOS E BIOQUÍMICOS,EM FUNCIONAMENTO
2024,46,ENSINO,NÃO,PR,40006018028P7,ENSINO DE CIÊNCIA E TECNOLOGIA,EM FUNCIONAMENTO
2024,4,QUÍMICA,NÃO,PR,40006018032P4,QUÍMICA,EM FUNCIONAMENTO
2024,47,MATERIAIS,NÃO,PR,40006018175P0,CIÊNCIA E ENGENHARIA DE MATERIAIS,EM FUNCIONAMENTO
2024,48,BIOTECNOLOGIA,NÃO,PR,40006018176P6,BIOTECNOLOGIA,EM FUNCIONAMENTO
2024,45,INTERDISCIPLINAR,NÃO,PR,40006018183P2,TÊXTIL E MODA,EM FUNCIONAMENTO
2024,17,MEDICINA III,NÃO,PR,40009017001P0,PRINCÍPIOS DA CIRURGIA,EM FUNCIONAMENTO
2024,40,HISTÓRIA,NÃO,PR,40014010008P5,HÍSTÓRIA,EM FUNCIONAMENTO
2024,47,MATERIAIS,NÃO,PR,40014010043P5,NANOCIÊNCIAS E BIOCIÊNCIAS,EM FUNCIONAMENTO
2024,10,ENGENHARIAS I,SIM,PR,40005011017P9,ENGENHARIA SANITÁRIA E AMBIENTAL - UEPG / UNICENTRO,EM FUNCIONAMENTO
2024,4,QUÍMICA,NÃO,PR,40014010002P7,QUÍMICA APLICADA,EM FUNCIONAMENTO
2024,45,INTERDISCIPLINAR,NÃO,PR,40014010010P0,DESENVOLVIMENTO COMUNITÁRIO,EM FUNCIONAMENTO
2024,24,MEDICINA VETERINÁRIA,NÃO,PR,40014010042P9,CIÊNCIAS VETERINÁRIAS,EM FUNCIONAMENTO
2024,7,BIODIVERSIDADE,SIM,PR,40005011011P0,BIOLOGIA EVOLUTIVA,EM FUNCIONAMENTO
2024,38,EDUCAÇÃO,NÃO,PR,40014010009P1,EDUCAÇÃO,EM FUNCIONAMENTO
2024,41,LINGUÍSTICA E LITERATURA,NÃO,PR,40014010007P9,LETRAS,EM FUNCIONAMENTO
2024,42,CIÊNCIAS AGRÁRIAS I,NÃO,PR,40014010003P3,AGRONOMIA,EM FUNCIONAMENTO
2024,42,CIÊNCIAS AGRÁRIAS I,NÃO,PR,40014010004P0,CIÊNCIAS FLORESTAIS,EM FUNCIONAMENTO
2024,46,ENSINO,NÃO,PR,40014010011P6,ENSINO DE CIÊNCIAS NATURAIS E MATEMÁTICA,EM FUNCIONAMENTO
2024,36,GEOGRAFIA,NÃO,PR,40014010005P6,GEOGRAFIA,EM FUNCIONAMENTO
2024,27,"ADMINISTRAÇÃO PÚBLICA E DE EMPRESAS, CIÊNCIAS CONTÁBEIS E TURISMO",NÃO,PR,40014010012P2,ADMINISTRAÇÃO,EM FUNCIONAMENTO
2024,46,ENSINO,NÃO,PR,40015017027P6,ENSINO,EM FUNCIONAMENTO
2024,15,MEDICINA I,NÃO,PR,40015017171P0,CIÊNCIAS APLICADAS A SAÚDE,EM FUNCIONAMENTO
2024,2,COMPUTAÇÃO,NÃO,PR,40015017173P2,CIÊNCIA DA COMPUTAÇÃO,EM FUNCIONAMENTO
2024,27,"ADMINISTRAÇÃO PÚBLICA E DE EMPRESAS, CIÊNCIAS CONTÁBEIS E TURISMO",NÃO,PR,40015017070P9,CONTABILIDADE,EM FUNCIONAMENTO
2024,23,ZOOTECNIA / RECURSOS PESQUEIROS,SIM,PR,40015017009P8,ZOOTECNIA,EM FUNCIONAMENTO
2024,38,EDUCAÇÃO,NÃO,PR,40015017020P1,EDUCAÇÃO,EM FUNCIONAMENTO
2024,42,CIÊNCIAS AGRÁRIAS I,NÃO,PR,40015017013P5,ENGENHARIA DE ENERGIA NA AGRICULTURA,EM FUNCIONAMENTO
2024,14,ENGENHARIAS IV,NÃO,PR,40015017016P4,ENGENHARIA ELÉTRICA E COMPUTAÇÃO,EM FUNCIONAMENTO
2024,12,ENGENHARIAS II,NÃO,PR,40015017006P9,ENGENHARIA QUÍMICA,EM FUNCIONAMENTO
2024,45,INTERDISCIPLINAR,NÃO,PR,40015017014P1,"SOCIEDADE, CULTURA E FRONTEIRAS",EM FUNCIONAMENTO
2024,18,ODONTOLOGIA,NÃO,PR,40015017025P3,ODONTOLOGIA,EM FUNCIONAMENTO
2024,32,SERVIÇO SOCIAL,NÃO,PR,40015017026P0,SERVIÇO SOCIAL,EM FUNCIONAMENTO
2024,20,ENFERMAGEM,NÃO,PR,40015017071P5,SAÚDE PÚBLICA EM REGIÃO DE FRONTEIRA,EM FUNCIONAMENTO
2024,45,INTERDISCIPLINAR,NÃO,PR,40015017019P3,BIOCIÊNCIAS E SAÚDE,EM FUNCIONAMENTO
2024,45,INTERDISCIPLINAR,NÃO,PR,40015017022P4,DESENVOLVIMENTO RURAL SUSTENTÁVEL,EM FUNCIONAMENTO
2024,40,HISTÓRIA,NÃO,PR,40015017007P5,HISTÓRIA,EM FUNCIONAMENTO
2024,49,CIÊNCIAS AMBIENTAIS,NÃO,PR,40015017015P8,CONSERVAÇÃO E MANEJO DE RECURSOS NATURAIS,EM FUNCIONAMENTO
2024,49,CIÊNCIAS AMBIENTAIS,NÃO,PR,40015017023P0,CIÊNCIAS AMBIENTAIS,EM FUNCIONAMENTO
2024,36,GEOGRAFIA,NÃO,PR,40015017018P7,GEOGRAFIA,EM FUNCIONAMENTO
2024,41,LINGUÍSTICA E LITERATURA,NÃO,PR,40015017003P0,LETRAS,EM FUNCIONAMENTO
2024,19,FARMÁCIA,NÃO,PR,40015017021P8,CIÊNCIAS FARMACÊUTICAS,EM FUNCIONAMENTO
2024,33,FILOSOFIA,NÃO,PR,40015017005P2,FILOSOFIA,EM FUNCIONAMENTO
2024,36,GEOGRAFIA,NÃO,PR,40015017010P6,GEOGRAFIA,EM FUNCIONAMENTO
2024,42,CIÊNCIAS AGRÁRIAS I,NÃO,PR,40015017001P7,ENGENHARIA AGRÍCOLA,EM FUNCIONAMENTO
2024,27,"ADMINISTRAÇÃO PÚBLICA E DE EMPRESAS, CIÊNCIAS CONTÁBEIS E TURISMO",NÃO,PR,40015017028P2,ADMINISTRAÇÃO,EM FUNCIONAMENTO
2024,30,PLANEJAMENTO URBANO E REGIONAL / DEMOGRAFIA,NÃO,PR,40015017004P6,DESENVOLVIMENTO REGIONAL E AGRONEGÓCIO,EM FUNCIONAMENTO
2024,28,ECONOMIA,NÃO,PR,40015017029P9,ECONOMIA,EM FUNCIONAMENTO
2024,23,ZOOTECNIA / RECURSOS PESQUEIROS,NÃO,PR,40015017011P2,RECURSOS PESQUEIROS E ENGENHARIA DE PESCA,EM FUNCIONAMENTO
2024,4,QUÍMICA,NÃO,PR,40015017170P3,QUÍMICA,EM FUNCIONAMENTO
2024,45,INTERDISCIPLINAR,NÃO,PR,40015017072P1,"TECNOLOGIAS, GESTÃO E SUSTENTABILIDADE",EM FUNCIONAMENTO
2024,38,EDUCAÇÃO,NÃO,PR,40015017008P1,EDUCAÇÃO,EM FUNCIONAMENTO
2024,42,CIÊNCIAS AGRÁRIAS I,NÃO,PR,40015017002P3,AGRONOMIA,EM FUNCIONAMENTO
2024,46,ENSINO,NÃO,PR,40015017172P6,EDUCAÇÃO EM CIÊNCIAS E EDUCAÇÃO MATEMÁTICA,EM FUNCIONAMENTO
2024,38,EDUCAÇÃO,NÃO,PR,40020010002P3,EDUCAÇÃO,EM FUNCIONAMENTO
2024,21,"EDUCAÇÃO FÍSICA, FISIOTERAPIA, FONOAUDIOLOGIA E TERAPIA OCUPACIONAL",NÃO,PR,40020010001P7,SAÚDE DA COMUNICAÇÃO HUMANA,EM FUNCIONAMENTO
2024,37,PSICOLOGIA,NÃO,PR,40020010004P6,PSICOLOGIA FORENSE,EM FUNCIONAMENTO
2024,18,ODONTOLOGIA,NÃO,PR,40020010006P9,ODONTOLOGIA,EM FUNCIONAMENTO
2024,18,ODONTOLOGIA,NÃO,PR,40022013007P8,ODONTOLOGIA,EM FUNCIONAMENTO
2024,18,ODONTOLOGIA,NÃO,PR,40022013003P2,ODONTOLOGIA CLÍNICA,EM FUNCIONAMENTO
2024,26,DIREITO,NÃO,PR,40022013009P0,DIREITO,EM FUNCIONAMENTO
2024,48,BIOTECNOLOGIA,NÃO,PR,40022013004P9,BIOTECNOLOGIA INDUSTRIAL,EM FUNCIONAMENTO
2024,49,CIÊNCIAS AMBIENTAIS,NÃO,PR,40022013005P5,GESTÃO AMBIENTAL,EM FUNCIONAMENTO
2024,27,"ADMINISTRAÇÃO PÚBLICA E DE EMPRESAS, CIÊNCIAS CONTÁBEIS E TURISMO",NÃO,PR,40022013001P0,ADMINISTRAÇÃO,EM FUNCIONAMENTO
2024,21,"EDUCAÇÃO FÍSICA, FISIOTERAPIA, FONOAUDIOLOGIA E TERAPIA OCUPACIONAL",NÃO,PR,40024016004P1,EXERCICIO FISICO NA PROMOÇÂO DA SAUDE,EM FUNCIONAMENTO
2024,46,ENSINO,NÃO,PR,40024016005P8,METODOLOGIAS PARA O ENSINO DE LINGUAGENS E SUAS TECNOLOGIAS,EM FUNCIONAMENTO
2024,24,MEDICINA VETERINÁRIA,NÃO,PR,40024016003P5,SAÚDE E PRODUÇÃO ANIMAL,EM FUNCIONAMENTO
2024,26,DIREITO,NÃO,PR,40028011001P8,DIREITO PROCESSUAL E CIDADANIA,EM FUNCIONAMENTO
2024,42,CIÊNCIAS AGRÁRIAS I,NÃO,PR,40028011003P0,BIOTECNOLOGIA APLICADA À AGRICULTURA,EM FUNCIONAMENTO
2024,19,FARMÁCIA,NÃO,PR,40028011004P7,PLANTAS MEDICINAIS E FITOTERÁPICOS NA ATENÇÃO BÁSICA,EM FUNCIONAMENTO
2024,24,MEDICINA VETERINÁRIA,NÃO,PR,40028011002P4,CIÊNCIA ANIMAL COM ÊNFASE EM PRODUTOS BIOATIVOS,EM FUNCIONAMENTO
2024,26,DIREITO,NÃO,PR,40029018001P4,DIREITO,EM FUNCIONAMENTO
2024,45,INTERDISCIPLINAR,NÃO,PR,40030016002P5,PROMOÇÃO DA SAÚDE,EM FUNCIONAMENTO
2024,49,CIÊNCIAS AMBIENTAIS,NÃO,PR,40030016004P8,TECNOLOGIAS LIMPAS,EM FUNCIONAMENTO
2024,26,DIREITO,NÃO,PR,40030016001P9,CIÊNCIAS JURÍDICAS,EM FUNCIONAMENTO
2024,45,INTERDISCIPLINAR,NÃO,PR,40030016003P1,GESTÃO DO CONHECIMENTO NAS ORGANIZAÇÕES,EM FUNCIONAMENTO
2024,26,DIREITO,NÃO,PR,40031012001P5,CIÊNCIA JURÍDICA,EM FUNCIONAMENTO
2024,21,"EDUCAÇÃO FÍSICA, FISIOTERAPIA, FONOAUDIOLOGIA E TERAPIA OCUPACIONAL",NÃO,PR,40031012072P0,CIÊNCIAS DO MOVIMENTO HUMANO,EM FUNCIONAMENTO
2024,38,EDUCAÇÃO,NÃO,PR,40031012071P3,EDUCAÇÃO,EM FUNCIONAMENTO
2024,20,ENFERMAGEM,SIM,PR,40031012073P6,ENFERMAGEM EM ATENÇÃO PRIMÁRIA À SAÚDE,EM FUNCIONAMENTO
2024,42,CIÊNCIAS AGRÁRIAS I,NÃO,PR,40031012002P1,PRODUÇÃO AGROPECUÁRIA SUSTENTÁVEL,EM FUNCIONAMENTO
2024,46,ENSINO,NÃO,PR,40031012070P7,ENSINO,EM FUNCIONAMENTO
2024,45,INTERDISCIPLINAR,NÃO,PR,40033015001P8,DESENVOLVIMENTO DE TECNOLOGIA,EM FUNCIONAMENTO
2024,45,INTERDISCIPLINAR,NÃO,PR,40034011075P8,"CIÊNCIA, TECNOLOGIA E SOCIEDADE",EM FUNCIONAMENTO
2024,41,LINGUÍSTICA E LITERATURA,NÃO,PR,40035018001P0,TEORIA LITERÁRIA,EM FUNCIONAMENTO
2024,26,DIREITO,NÃO,PR,40036014001P7,DIREITO,EM FUNCIONAMENTO
2024,16,MEDICINA II,NÃO,PR,40037010001P3,BIOTECNOLOGIA APLICADA A SAÚDE DA CRIANÇA E DO ADOLESCENTE,EM FUNCIONAMENTO
2024,46,ENSINO,NÃO,PR,40037010002P0,ENSINO NAS CIÊNCIAS DA SAÚDE,EM FUNCIONAMENTO
2024,18,ODONTOLOGIA,NÃO,PR,40038017001P0,ODONTOLOGIA,EM FUNCIONAMENTO
2024,18,ODONTOLOGIA,NÃO,PR,40041018001P7,ODONTOLOGIA,EM FUNCIONAMENTO
2024,7,BIODIVERSIDADE,NÃO,PR,40043010007P8,BIODIVERSIDADE NEOTROPICAL,EM FUNCIONAMENTO
2024,28,ECONOMIA,NÃO,PR,40043010011P5,ECONOMIA,EM FUNCIONAMENTO
2024,10,ENGENHARIAS I,NÃO,PR,40043010008P4,ENGENHARIA CIVIL,EM FUNCIONAMENTO
2024,45,INTERDISCIPLINAR,NÃO,PR,40043010001P0,INTERDISCIPLINAR EM ESTUDOS LATINO-AMERICANOS,EM FUNCIONAMENTO
2024,39,CIÊNCIA POLÍTICA E RELAÇÕES INTERNACIONAIS,NÃO,PR,40043010009P0,RELAÇÕES INTERNACIONAIS,EM FUNCIONAMENTO
2024,40,HISTÓRIA,NÃO,PR,40043010010P9,HISTÓRIA,EM FUNCIONAMENTO
2024,8,CIÊNCIAS BIOLÓGICAS II,NÃO,PR,40043010006P1,BIOCIÊNCIAS,EM FUNCIONAMENTO
2024,41,LINGUÍSTICA E LITERATURA,NÃO,PR,40043010005P5,LITERATURA COMPARADA,EM FUNCIONAMENTO
2024,45,INTERDISCIPLINAR,NÃO,PR,40043010012P1,ENERGIA & SUSTENTABILIDADE,EM FUNCIONAMENTO
2024,30,PLANEJAMENTO URBANO E REGIONAL / DEMOGRAFIA,NÃO,PR,40043010004P9,POLÍTICAS PÚBLICAS E DESENVOLVIMENTO,EM FUNCIONAMENTO
2024,3,ASTRONOMIA / FÍSICA,NÃO,PR,40043010003P2,FÍSICA APLICADA,EM FUNCIONAMENTO
2024,39,CIÊNCIA POLÍTICA E RELAÇÕES INTERNACIONAIS,NÃO,PR,40043010002P6,INTEGRAÇÃO CONTEMPORÂNEA DA AMÉRICA LATINA - ICAL,EM FUNCIONAMENTO
2024,26,DIREITO,NÃO,PR,40051013002P5,DIREITO,EM FUNCIONAMENTO
2024,38,EDUCAÇÃO,NÃO,PR,40051013001P9,EDUCAÇÃO E NOVAS TECNOLOGIAS,EM FUNCIONAMENTO
2024,26,DIREITO,NÃO,PR,40066010001P2,"DIREITO, INOVAÇÃO E REGULAÇÕES",EM FUNCIONAMENTO
2024,44,CIÊNCIAS DA RELIGIÃO E TEOLOGIA,NÃO,PR,40070018001P6,TEOLOGIA,EM FUNCIONAMENTO
2024,11,ARTES,NÃO,PR,40076016008P9,ARTES VISUAIS,EM FUNCIONAMENTO
2024,11,ARTES,NÃO,PR,40076016004P3,CINEMA E ARTES DO VÍDEO,EM FUNCIONAMENTO
2024,45,INTERDISCIPLINAR,NÃO,PR,40076016001P4,SOCIEDADE E DESENVOLVIMENTO,EM FUNCIONAMENTO
2024,46,ENSINO,NÃO,PR,40076016005P0,EDUCAÇÃO MATEMÁTICA,EM FUNCIONAMENTO
2024,49,CIÊNCIAS AMBIENTAIS,NÃO,PR,40076016009P5,AMBIENTES LITORÂNEOS E INSULARES,EM FUNCIONAMENTO
2024,46,ENSINO,NÃO,PR,40076016002P0,FORMAÇÃO DOCENTE INTERDISCIPLINAR,EM FUNCIONAMENTO
2024,11,ARTES,NÃO,PR,40076016003P7,MÚSICA,EM FUNCIONAMENTO
2024,40,HISTÓRIA,NÃO,PR,40076016007P2,HISTÓRIA,EM FUNCIONAMENTO
2024,11,ARTES,NÃO,PR,40076016006P6,ARTES,EM FUNCIONAMENTO
2024,45,INTERDISCIPLINAR,NÃO,PR,40079015001P3,PROMOÇÃO DA SAÚDE,EM FUNCIONAMENTO
2024,13,ENGENHARIAS III,NÃO,SC,41001010159P9,ENERGIA E SUSTENTABILIDADE,EM FUNCIONAMENTO
2024,45,INTERDISCIPLINAR,NÃO,SC,41001010055P9,"ENGENHARIA, GESTÃO E MÍDIA DO CONHECIMENTO",EM FUNCIONAMENTO
2024,41,LINGUÍSTICA E LITERATURA,NÃO,SC,41001010053P6,ESTUDOS DA TRADUÇÃO,EM FUNCIONAMENTO
2024,8,CIÊNCIAS BIOLÓGICAS II,NÃO,SC,41001010069P0,BIOQUÍMICA,EM FUNCIONAMENTO
2024,8,CIÊNCIAS BIOLÓGICAS II,NÃO,SC,41001010024P6,FARMACOLOGIA,EM FUNCIONAMENTO
2024,42,CIÊNCIAS AGRÁRIAS I,NÃO,SC,41001010041P8,RECURSOS GENÉTICOS VEGETAIS,EM FUNCIONAMENTO
2024,20,ENFERMAGEM,NÃO,SC,41001010079P5,GESTÃO DO CUIDADO EM ENFERMAGEM,EM FUNCIONAMENTO
2024,47,MATERIAIS,NÃO,SC,41001010031P2,CIÊNCIA E ENGENHARIA DE MATERIAIS,EM FUNCIONAMENTO
2024,10,ENGENHARIAS I,NÃO,SC,41001010023P0,ENGENHARIA CIVIL,EM FUNCIONAMENTO
2024,10,ENGENHARIAS I,NÃO,SC,41001010033P5,ENGENHARIA AMBIENTAL,EM FUNCIONAMENTO
2024,6,CIÊNCIAS BIOLÓGICAS I,NÃO,SC,41001010074P3,BIOLOGIA CELULAR E DO DESENVOLVIMENTO,EM FUNCIONAMENTO
2024,14,ENGENHARIAS IV,NÃO,SC,41001010065P4,ENGENHARIA DE AUTOMAÇÃO E SISTEMAS,EM FUNCIONAMENTO
2024,39,CIÊNCIA POLÍTICA E RELAÇÕES INTERNACIONAIS,NÃO,SC,41001010083P2,RELAÇÕES INTERNACIONAIS,EM FUNCIONAMENTO
2024,49,CIÊNCIAS AMBIENTAIS,NÃO,SC,41001010157P6,DESASTRES NATURAIS,EM FUNCIONAMENTO
2024,14,ENGENHARIAS IV,NÃO,SC,41001010162P0,ENGENHARIA DE SISTEMAS ELETRÔNICOS,EM FUNCIONAMENTO
2024,50,NUTRIÇÃO,NÃO,SC,41001010049P9,NUTRIÇÃO,EM FUNCIONAMENTO
2024,35,ANTROPOLOGIA / ARQUEOLOGIA,NÃO,SC,41001010017P0,ANTROPOLOGIA SOCIAL,EM FUNCIONAMENTO
2024,41,LINGUÍSTICA E LITERATURA,NÃO,SC,41001010012P8,INGLÊS:ESTUDOS LINGÜÍSTICOS E LITERÁRIOS,EM FUNCIONAMENTO
2024,13,ENGENHARIAS III,NÃO,SC,41001010090P9,ENGENHARIA E CIÊNCIAS MECÂNICAS,EM FUNCIONAMENTO
2024,15,MEDICINA I,NÃO,SC,41001010070P8,CIÊNCIAS MÉDICAS,EM FUNCIONAMENTO
2024,8,CIÊNCIAS BIOLÓGICAS II,NÃO,SC,41001010076P6,FARMACOLOGIA,EM FUNCIONAMENTO
2024,27,"ADMINISTRAÇÃO PÚBLICA E DE EMPRESAS, CIÊNCIAS CONTÁBEIS E TURISMO",NÃO,SC,41001010078P9,ADMINISTRAÇÃO UNIVERSITÁRIA,EM FUNCIONAMENTO
2024,23,ZOOTECNIA / RECURSOS PESQUEIROS,NÃO,SC,41001010019P2,AQUICULTURA,EM FUNCIONAMENTO
2024,9,CIÊNCIAS BIOLÓGICAS III,NÃO,SC,41001010035P8,BIOTECNOLOGIA E BIOCIÊNCIAS,EM FUNCIONAMENTO
2024,25,CIÊNCIA DE ALIMENTOS,NÃO,SC,41001010046P0,ENGENHARIA DE ALIMENTOS,EM FUNCIONAMENTO
2024,7,BIODIVERSIDADE,NÃO,SC,41001010071P4,ECOLOGIA,EM FUNCIONAMENTO
2024,8,CIÊNCIAS BIOLÓGICAS II,NÃO,SC,41001010027P5,NEUROCIÊNCIAS,EM FUNCIONAMENTO
2024,4,QUÍMICA,NÃO,SC,41001010022P3,QUÍMICA,EM FUNCIONAMENTO
2024,27,"ADMINISTRAÇÃO PÚBLICA E DE EMPRESAS, CIÊNCIAS CONTÁBEIS E TURISMO",NÃO,SC,41001010010P5,ADMINISTRAÇÃO,EM FUNCIONAMENTO
2024,1,MATEMÁTICA / PROBABILIDADE E ESTATÍSTICA,NÃO,SC,41001010001P6,MATEMÁTICA PURA E APLICADA,EM FUNCIONAMENTO
2024,40,HISTÓRIA,NÃO,SC,41001010004P5,HISTÓRIA,EM FUNCIONAMENTO
2024,7,BIODIVERSIDADE,NÃO,SC,41001010043P0,"BIOLOGIA DE FUNGOS, ALGAS E PLANTAS",EM FUNCIONAMENTO
2024,3,ASTRONOMIA / FÍSICA,NÃO,SC,41001010020P0,FÍSICA,EM FUNCIONAMENTO
2024,22,SAÚDE COLETIVA,NÃO,SC,41001010040P1,SAÚDE COLETIVA,EM FUNCIONAMENTO
2024,21,"EDUCAÇÃO FÍSICA, FISIOTERAPIA, FONOAUDIOLOGIA E TERAPIA OCUPACIONAL",NÃO,SC,41001010165P9,FONOAUDIOLOGIA,EM FUNCIONAMENTO
2024,21,"EDUCAÇÃO FÍSICA, FISIOTERAPIA, FONOAUDIOLOGIA E TERAPIA OCUPACIONAL",NÃO,SC,41001010160P7,CIÊNCIAS DA REABILITAÇÃO,EM FUNCIONAMENTO
2024,22,SAÚDE COLETIVA,NÃO,SC,41001010084P9,SAÚDE MENTAL E ATENÇÃO PSICOSSOCIAL,EM FUNCIONAMENTO
2024,20,ENFERMAGEM,NÃO,SC,41001010009P7,ENFERMAGEM,EM FUNCIONAMENTO
2024,10,ENGENHARIAS I,NÃO,SC,41001010088P4,ENGENHARIA DE TRANSPORTES E GESTÃO TERRITORIAL,EM FUNCIONAMENTO
2024,46,ENSINO,NÃO,SC,41001010050P7,EDUCAÇÃO CIENTIFICA E TECNOLÓGICA,EM FUNCIONAMENTO
2024,19,FARMÁCIA,NÃO,SC,41001010044P7,FARMÁCIA,EM FUNCIONAMENTO
2024,45,INTERDISCIPLINAR,NÃO,SC,41001010087P8,TECNOLOGIAS DA INFORMAÇÃO E COMUNICAÇÃO,EM FUNCIONAMENTO
2024,34,SOCIOLOGIA,NÃO,SC,41001010018P6,SOCIOLOGIA E CIÊNCIA POLÍTICA,EM FUNCIONAMENTO
2024,32,SERVIÇO SOCIAL,NÃO,SC,41001010047P6,SERVIÇO SOCIAL,EM FUNCIONAMENTO
2024,49,CIÊNCIAS AMBIENTAIS,NÃO,SC,41001010038P7,AGROECOSSISTEMAS,EM FUNCIONAMENTO
2024,29,"ARQUITETURA, URBANISMO E DESIGN",NÃO,SC,41001010048P2,ARQUITETURA E URBANISMO,EM FUNCIONAMENTO
2024,12,ENGENHARIAS II,NÃO,SC,41001010028P1,ENGENHARIA QUÍMICA,EM FUNCIONAMENTO
2024,31,COMUNICAÇÃO E INFORMAÇÃO,NÃO,SC,41001010073P7,JORNALISMO,EM FUNCIONAMENTO
2024,31,COMUNICAÇÃO E INFORMAÇÃO,NÃO,SC,41001010052P0,CIÊNCIA DA INFORMAÇÃO,EM FUNCIONAMENTO
2024,20,ENFERMAGEM,NÃO,SC,41001010156P0,INFORMÁTICA EM SAÚDE,EM FUNCIONAMENTO
2024,5,GEOCIÊNCIAS,NÃO,SC,41001010089P0,OCEANOGRAFIA,EM FUNCIONAMENTO
2024,36,GEOGRAFIA,NÃO,SC,41001010016P3,GEOGRAFIA,EM FUNCIONAMENTO
2024,5,GEOCIÊNCIAS,NÃO,SC,41001010164P2,GEOLOGIA,EM FUNCIONAMENTO
2024,41,LINGUÍSTICA E LITERATURA,NÃO,SC,41001010014P0,LINGÜÍSTICA,EM FUNCIONAMENTO
2024,27,"ADMINISTRAÇÃO PÚBLICA E DE EMPRESAS, CIÊNCIAS CONTÁBEIS E TURISMO",NÃO,SC,41001010054P2,CONTABILIDADE,EM FUNCIONAMENTO
2024,27,"ADMINISTRAÇÃO PÚBLICA E DE EMPRESAS, CIÊNCIAS CONTÁBEIS E TURISMO",NÃO,SC,41001010163P6,PLANEJAMENTO E CONTROLE DE GESTÃO,EM FUNCIONAMENTO
2024,21,"EDUCAÇÃO FÍSICA, FISIOTERAPIA, FONOAUDIOLOGIA E TERAPIA OCUPACIONAL",NÃO,SC,41001010039P3,EDUCAÇÃO FÍSICA,EM FUNCIONAMENTO
2024,14,ENGENHARIAS IV,NÃO,SC,41001010005P1,ENGENHARIA ELÉTRICA,EM FUNCIONAMENTO
2024,29,"ARQUITETURA, URBANISMO E DESIGN",NÃO,SC,41001010064P8,DESIGN,EM FUNCIONAMENTO
2024,33,FILOSOFIA,NÃO,SC,41001010029P8,FILOSOFIA,EM FUNCIONAMENTO
2024,37,PSICOLOGIA,NÃO,SC,41001010036P4,PSICOLOGIA,EM FUNCIONAMENTO
2024,2,COMPUTAÇÃO,NÃO,SC,41001010025P2,CIÊNCIAS DA COMPUTAÇÃO,EM FUNCIONAMENTO
2024,18,ODONTOLOGIA,NÃO,SC,41001010008P0,ODONTOLOGIA,EM FUNCIONAMENTO
2024,38,EDUCAÇÃO,NÃO,SC,41001010015P7,EDUCAÇÃO,EM FUNCIONAMENTO
2024,25,CIÊNCIA DE ALIMENTOS,NÃO,SC,41001010021P7,CIÊNCIAS DOS ALIMENTOS,EM FUNCIONAMENTO
2024,42,CIÊNCIAS AGRÁRIAS I,NÃO,SC,41001010161P3,ECOSSISTEMAS AGRÍCOLAS E NATURAIS,EM FUNCIONAMENTO
2024,28,ECONOMIA,NÃO,SC,41001010032P9,ECONOMIA,EM FUNCIONAMENTO
2024,13,ENGENHARIAS III,NÃO,SC,41001010006P8,ENGENHARIA MECÂNICA,EM FUNCIONAMENTO
2024,26,DIREITO,NÃO,SC,41001010011P1,DIREITO,EM FUNCIONAMENTO
2024,45,INTERDISCIPLINAR,NÃO,SC,41001010037P0,INTERDISCIPLINAR EM CIÊNCIAS HUMANAS,EM FUNCIONAMENTO
2024,41,LINGUÍSTICA E LITERATURA,NÃO,SC,41001010013P4,LITERATURA,EM FUNCIONAMENTO
2024,19,FARMÁCIA,SIM,SC,42001013102P6,ASSISTÊNCIA FARMACÊUTICA,EM FUNCIONAMENTO
2024,13,ENGENHARIAS III,NÃO,SC,41001010051P3,ENGENHARIA DE PRODUÇÃO,EM FUNCIONAMENTO
2024,26,DIREITO,NÃO,SC,41001010158P2,DIREITO,EM FUNCIONAMENTO
2024,47,MATERIAIS,NÃO,SC,41001028002P4,"NANOCIÊNCIA, PROCESSOS E MATERIAIS AVANÇADOS",EM FUNCIONAMENTO
2024,12,ENGENHARIAS II,NÃO,SC,41001028001P8,ENGENHARIA TÊXTIL,EM FUNCIONAMENTO
2024,24,MEDICINA VETERINÁRIA,NÃO,SC,41001052001P4,MEDICINA VETERINARIA CONVENCIONAL E INTEGRATIVA,EM FUNCIONAMENTO
2024,27,"ADMINISTRAÇÃO PÚBLICA E DE EMPRESAS, CIÊNCIAS CONTÁBEIS E TURISMO",NÃO,SC,41002016020P3,ADMINISTRAÇÃO,EM FUNCIONAMENTO
2024,11,ARTES,NÃO,SC,41002016014P3,MÚSICA,EM FUNCIONAMENTO
2024,46,ENSINO,NÃO,SC,41002016161P6,"ENSINO DE CIÊNCIAS, MATEMÁTICA E TECNOLOGIAS",EM FUNCIONAMENTO
2024,4,QUÍMICA,NÃO,SC,41002016162P2,QUÍMICA APLICADA,EM FUNCIONAMENTO
2024,42,CIÊNCIAS AGRÁRIAS I,NÃO,SC,41002016003P1,CIENCIA DO SOLO,EM FUNCIONAMENTO
2024,2,COMPUTAÇÃO,NÃO,SC,41002016023P2,COMPUTAÇÃO APLICADA,EM FUNCIONAMENTO
2024,10,ENGENHARIAS I,NÃO,SC,41002016157P9,ENGENHARIA CIVIL,EM FUNCIONAMENTO
2024,23,ZOOTECNIA / RECURSOS PESQUEIROS,NÃO,SC,41002016156P2,ZOOTECNIA,EM FUNCIONAMENTO
2024,30,PLANEJAMENTO URBANO E REGIONAL / DEMOGRAFIA,NÃO,SC,41002016016P6,PLANEJAMENTO TERRITORIAL E DESENVOLVIMENTO SÓCIO-AMBIENTAL,EM FUNCIONAMENTO
2024,13,ENGENHARIAS III,NÃO,SC,41002016019P5,ENGENHARIA MECÂNICA,EM FUNCIONAMENTO
2024,38,EDUCAÇÃO,NÃO,SC,41002016015P0,EDUCAÇÃO,EM FUNCIONAMENTO
2024,12,ENGENHARIAS II,NÃO,SC,41002016001P9,CIÊNCIA E ENGENHARIA DE MATERIAIS,EM FUNCIONAMENTO
2024,11,ARTES,NÃO,SC,41002016005P4,ARTES CÊNICAS,EM FUNCIONAMENTO
2024,24,MEDICINA VETERINÁRIA,NÃO,SC,41002016008P3,CIENCIA ANIMAL,EM FUNCIONAMENTO
2024,27,"ADMINISTRAÇÃO PÚBLICA E DE EMPRESAS, CIÊNCIAS CONTÁBEIS E TURISMO",NÃO,SC,41002016009P0,ADMINISTRAÇÃO,EM FUNCIONAMENTO
2024,21,"EDUCAÇÃO FÍSICA, FISIOTERAPIA, FONOAUDIOLOGIA E TERAPIA OCUPACIONAL",NÃO,SC,41002016004P8,CIÊNCIAS DO MOVIMENTO HUMANO,EM FUNCIONAMENTO
2024,14,ENGENHARIAS IV,NÃO,SC,41002016018P9,ENGENHARIA ELÉTRICA,EM FUNCIONAMENTO
2024,25,CIÊNCIA DE ALIMENTOS,NÃO,SC,41002016164P5,CIÊNCIA E TECNOLOGIA DE ALIMENTOS,EM FUNCIONAMENTO
2024,29,"ARQUITETURA, URBANISMO E DESIGN",NÃO,SC,41002016165P1,DESIGN DE VESTUÁRIO E MODA,EM FUNCIONAMENTO
2024,29,"ARQUITETURA, URBANISMO E DESIGN",NÃO,SC,41002016022P6,DESIGN,EM FUNCIONAMENTO
2024,31,COMUNICAÇÃO E INFORMAÇÃO,NÃO,SC,41002016025P5,GESTÃO DA INFORMAÇÃO,EM FUNCIONAMENTO
2024,21,"EDUCAÇÃO FÍSICA, FISIOTERAPIA, FONOAUDIOLOGIA E TERAPIA OCUPACIONAL",NÃO,SC,41002016021P0,FISIOTERAPIA,EM FUNCIONAMENTO
2024,20,ENFERMAGEM,NÃO,SC,41002016166P8,ENFERMAGEM NA ATENÇÃO PRIMÁRIA À SAÚDE,EM FUNCIONAMENTO
2024,3,ASTRONOMIA / FÍSICA,NÃO,SC,41002016011P4,FÍSICA,EM FUNCIONAMENTO
2024,11,ARTES,NÃO,SC,41002016010P8,ARTES VISUAIS,EM FUNCIONAMENTO
2024,42,CIÊNCIAS AGRÁRIAS I,NÃO,SC,41002016007P7,PRODUÇÃO VEGETAL,EM FUNCIONAMENTO
2024,40,HISTÓRIA,NÃO,SC,41002016013P7,HISTÓRIA,EM FUNCIONAMENTO
2024,42,CIÊNCIAS AGRÁRIAS I,NÃO,SC,41002016024P9,ENGENHARIA FLORESTAL,EM FUNCIONAMENTO
2024,49,CIÊNCIAS AMBIENTAIS,NÃO,SC,41002016158P5,CIÊNCIAS AMBIENTAIS,EM FUNCIONAMENTO
2024,31,COMUNICAÇÃO E INFORMAÇÃO,NÃO,SC,41004019006P3,COMUNICAÇÃO E MEDIAÇÕES CONTEMPORÂNEAS,EM FUNCIONAMENTO
2024,29,"ARQUITETURA, URBANISMO E DESIGN",NÃO,SC,41004019005P7,DESIGN,EM FUNCIONAMENTO
2024,12,ENGENHARIAS II,NÃO,SC,41004019002P8,ENGENHARIA DE PROCESSOS,EM FUNCIONAMENTO
2024,45,INTERDISCIPLINAR,NÃO,SC,41004019001P1,SAÚDE E MEIO AMBIENTE,EM FUNCIONAMENTO
2024,38,EDUCAÇÃO,NÃO,SC,41004019004P0,EDUCAÇÃO,EM FUNCIONAMENTO
2024,45,INTERDISCIPLINAR,NÃO,SC,41004019003P4,PATRIMÔNIO CULTURAL E SOCIEDADE,EM FUNCIONAMENTO
2024,26,DIREITO,NÃO,SC,41005015001P8,CIÊNCIA JURÍDICA,EM FUNCIONAMENTO
2024,45,INTERDISCIPLINAR,NÃO,SC,41005015006P0,SAÚDE E GESTÃO DO TRABALHO,EM FUNCIONAMENTO
2024,45,INTERDISCIPLINAR,NÃO,SC,41005015007P6,GESTÃO DE POLÍTICAS PÚBLICAS,EM FUNCIONAMENTO
2024,27,"ADMINISTRAÇÃO PÚBLICA E DE EMPRESAS, CIÊNCIAS CONTÁBEIS E TURISMO",NÃO,SC,41005015005P3,ADMINISTRAÇÃO,EM FUNCIONAMENTO
2024,37,PSICOLOGIA,NÃO,SC,41005015013P6,PSICOLOGIA,EM FUNCIONAMENTO
2024,19,FARMÁCIA,NÃO,SC,41005015008P2,CIÊNCIAS FARMACÊUTICAS,EM FUNCIONAMENTO
2024,27,"ADMINISTRAÇÃO PÚBLICA E DE EMPRESAS, CIÊNCIAS CONTÁBEIS E TURISMO",NÃO,SC,41005015002P4,TURISMO E HOTELARIA,EM FUNCIONAMENTO
2024,49,CIÊNCIAS AMBIENTAIS,NÃO,SC,41005015004P7,CIÊNCIA E TECNOLOGIA AMBIENTAL,EM FUNCIONAMENTO
2024,27,"ADMINISTRAÇÃO PÚBLICA E DE EMPRESAS, CIÊNCIAS CONTÁBEIS E TURISMO",NÃO,SC,41005015011P3,"ADMINISTRAÇÃO - GESTÃO, INTERNACIONALIZAÇÃO E LOGÍSTICA",EM FUNCIONAMENTO
2024,26,DIREITO,SIM,SC,41005015012P0,DIREITO DAS MIGRAÇÕES TRANSNACIONAIS,EM FUNCIONAMENTO
2024,2,COMPUTAÇÃO,NÃO,SC,41005015010P7,COMPUTAÇÃO,EM FUNCIONAMENTO
2024,38,EDUCAÇÃO,NÃO,SC,41005015003P0,EDUCAÇÃO,EM FUNCIONAMENTO
2024,46,ENSINO,NÃO,SC,41006011010P3,ENSINO DE CIÊNCIAS NATURAIS E MATEMÁTICA,EM FUNCIONAMENTO
2024,49,CIÊNCIAS AMBIENTAIS,NÃO,SC,41006011003P7,ENGENHARIA AMBIENTAL,EM FUNCIONAMENTO
2024,14,ENGENHARIAS IV,NÃO,SC,41006011013P2,ENGENHARIA ELÉTRICA,EM FUNCIONAMENTO
2024,27,"ADMINISTRAÇÃO PÚBLICA E DE EMPRESAS, CIÊNCIAS CONTÁBEIS E TURISMO",NÃO,SC,41006011007P2,CIÊNCIAS CONTÁBEIS,EM FUNCIONAMENTO
2024,22,SAÚDE COLETIVA,NÃO,SC,41006011012P6,SAÚDE COLETIVA,EM FUNCIONAMENTO
2024,30,PLANEJAMENTO URBANO E REGIONAL / DEMOGRAFIA,NÃO,SC,41006011006P6,DESENVOLVIMENTO REGIONAL,EM FUNCIONAMENTO
2024,42,CIÊNCIAS AGRÁRIAS I,NÃO,SC,41006011011P0,ENGENHARIA FLORESTAL,EM FUNCIONAMENTO
2024,7,BIODIVERSIDADE,NÃO,SC,41006011014P9,BIODIVERSIDADE,EM FUNCIONAMENTO
2024,27,"ADMINISTRAÇÃO PÚBLICA E DE EMPRESAS, CIÊNCIAS CONTÁBEIS E TURISMO",NÃO,SC,41006011002P0,ADMINISTRAÇÃO,EM FUNCIONAMENTO
2024,26,DIREITO,NÃO,SC,41006011015P5,DIREITO,EM FUNCIONAMENTO
2024,4,QUÍMICA,NÃO,SC,41006011005P0,QUÍMICA,EM FUNCIONAMENTO
2024,38,EDUCAÇÃO,NÃO,SC,41006011004P3,EDUCAÇÃO,EM FUNCIONAMENTO
2024,12,ENGENHARIAS II,NÃO,SC,41006011009P5,ENGENHARIA QUÍMICA,EM FUNCIONAMENTO
2024,26,DIREITO,NÃO,SC,41007018003P3,DIREITO,EM FUNCIONAMENTO
2024,38,EDUCAÇÃO,NÃO,SC,41007018001P0,EDUCAÇÃO,EM FUNCIONAMENTO
2024,27,"ADMINISTRAÇÃO PÚBLICA E DE EMPRESAS, CIÊNCIAS CONTÁBEIS E TURISMO",NÃO,SC,41007018002P7,ADMINISTRAÇÃO,EM FUNCIONAMENTO
2024,27,"ADMINISTRAÇÃO PÚBLICA E DE EMPRESAS, CIÊNCIAS CONTÁBEIS E TURISMO",NÃO,SC,41007018006P2,ADMINISTRAÇÃO,EM FUNCIONAMENTO
2024,45,INTERDISCIPLINAR,NÃO,SC,41007018005P6,BIOCIÊNCIAS E SAÚDE,EM FUNCIONAMENTO
2024,24,MEDICINA VETERINÁRIA,NÃO,SC,41007018007P9,SANIDADE E PRODUÇÃO ANIMAL,EM FUNCIONAMENTO
2024,41,LINGUÍSTICA E LITERATURA,NÃO,SC,41008014001P7,CIÊNCIAS DA LINGUAGEM,EM FUNCIONAMENTO
2024,27,"ADMINISTRAÇÃO PÚBLICA E DE EMPRESAS, CIÊNCIAS CONTÁBEIS E TURISMO",NÃO,SC,41008014003P0,ADMINISTRAÇÃO,EM FUNCIONAMENTO
2024,16,MEDICINA II,NÃO,SC,41008014004P6,CIÊNCIAS DA SAÚDE,EM FUNCIONAMENTO
2024,38,EDUCAÇÃO,NÃO,SC,41008014002P3,EDUCAÇÃO,EM FUNCIONAMENTO
2024,30,PLANEJAMENTO URBANO E REGIONAL / DEMOGRAFIA,NÃO,SC,41009010001P3,DESENVOLVIMENTO REGIONAL,EM FUNCIONAMENTO
2024,27,"ADMINISTRAÇÃO PÚBLICA E DE EMPRESAS, CIÊNCIAS CONTÁBEIS E TURISMO",NÃO,SC,41009010003P6,ADMINISTRAÇÃO,EM FUNCIONAMENTO
2024,10,ENGENHARIAS I,NÃO,SC,41009010002P0,"ENGENHARIA CIVIL, SANITÁRIA E AMBIENTAL",EM FUNCIONAMENTO
2024,16,MEDICINA II,NÃO,SC,41011015002P0,PROTEÇÃO RADIOLÓGICA,EM FUNCIONAMENTO
2024,14,ENGENHARIAS IV,NÃO,SC,41011015075P8,SISTEMAS DE ENERGIA ELÉTRICA,EM FUNCIONAMENTO
2024,5,GEOCIÊNCIAS,NÃO,SC,41011015003P7,CLIMA E AMBIENTE,EM FUNCIONAMENTO
2024,49,CIÊNCIAS AMBIENTAIS,NÃO,SC,41012011002P7,TECNOLOGIA E AMBIENTE,EM FUNCIONAMENTO
2024,38,EDUCAÇÃO,NÃO,SC,41012011003P3,EDUCAÇÃO,EM FUNCIONAMENTO
2024,24,MEDICINA VETERINÁRIA,NÃO,SC,41012011001P0,PRODUÇÃO E SANIDADE ANIMAL,EM FUNCIONAMENTO
2024,26,DIREITO,NÃO,SC,41015010008P4,DIREITO,EM FUNCIONAMENTO
2024,15,MEDICINA I,NÃO,SC,41015010003P2,CIÊNCIAS DA SAÚDE,EM FUNCIONAMENTO
2024,12,ENGENHARIAS II,NÃO,SC,41015010004P9,CIÊNCIA E ENGENHARIA DE MATERIAIS,EM FUNCIONAMENTO
2024,38,EDUCAÇÃO,NÃO,SC,41015010002P6,EDUCAÇÃO,EM FUNCIONAMENTO
2024,49,CIÊNCIAS AMBIENTAIS,NÃO,SC,41015010001P0,CIÊNCIAS AMBIENTAIS,EM FUNCIONAMENTO
2024,45,INTERDISCIPLINAR,NÃO,SC,41015010006P1,DESENVOLVIMENTO SOCIOECONÔMICO,EM FUNCIONAMENTO
2024,22,SAÚDE COLETIVA,NÃO,SC,41015010007P8,SAÚDE COLETIVA,EM FUNCIONAMENTO
2024,45,INTERDISCIPLINAR,NÃO,SC,41016017005P1,TECNOLOGIA E GESTÃO DA INOVAÇÃO,EM FUNCIONAMENTO
2024,45,INTERDISCIPLINAR,NÃO,SC,41016017003P9,CIÊNCIAS DA SAÚDE,EM FUNCIONAMENTO
2024,38,EDUCAÇÃO,NÃO,SC,41016017004P5,EDUCAÇÃO,EM FUNCIONAMENTO
2024,27,"ADMINISTRAÇÃO PÚBLICA E DE EMPRESAS, CIÊNCIAS CONTÁBEIS E TURISMO",NÃO,SC,41016017007P4,CIÊNCIAS CONTÁBEIS E ADMINISTRAÇÃO,EM FUNCIONAMENTO
2024,26,DIREITO,NÃO,SC,41016017006P8,DIREITO,EM FUNCIONAMENTO
2024,49,CIÊNCIAS AMBIENTAIS,NÃO,SC,41016017001P6,CIÊNCIAS AMBIENTAIS,EM FUNCIONAMENTO
2024,45,INTERDISCIPLINAR,NÃO,SC,41019016002P1,AMBIENTE E SAÚDE,EM FUNCIONAMENTO
2024,38,EDUCAÇÃO,NÃO,SC,41019016001P5,EDUCAÇÃO,EM FUNCIONAMENTO
2024,45,INTERDISCIPLINAR,SIM,SC,41019016003P8,SISTEMAS PRODUTIVOS,EM FUNCIONAMENTO
2024,24,MEDICINA VETERINÁRIA,NÃO,PR,41020014011P5,"SAÚDE, BEM-ESTAR E PRODUÇÃO ANIMAL SUSTENTÁVEL NA FRONTEIRA SUL",EM FUNCIONAMENTO
2024,25,CIÊNCIA DE ALIMENTOS,NÃO,PR,41020014010P9,CIÊNCIA E TECNOLOGIA DE ALIMENTOS,EM FUNCIONAMENTO
2024,36,GEOGRAFIA,NÃO,SC,41020014014P4,GEOGRAFIA,EM FUNCIONAMENTO
2024,33,FILOSOFIA,NÃO,SC,41020014013P8,FILOSOFIA,EM FUNCIONAMENTO
2024,45,INTERDISCIPLINAR,NÃO,RS,41020014005P5,INTERDISCIPLINAR EM CIÊNCIAS HUMANAS,EM FUNCIONAMENTO
2024,49,CIÊNCIAS AMBIENTAIS,NÃO,RS,41020014009P0,AMBIENTE E TECNOLOGIAS SUSTENTÁVEIS,EM FUNCIONAMENTO
2024,46,ENSINO,NÃO,RS,41020014012P1,ENSINO DE CIÊNCIAS,EM FUNCIONAMENTO
2024,41,LINGUÍSTICA E LITERATURA,NÃO,SC,41020014001P0,ESTUDOS LINGUÍSTICOS,EM FUNCIONAMENTO
2024,38,EDUCAÇÃO,NÃO,RS,41020014006P1,EDUCAÇÃO,EM FUNCIONAMENTO
2024,40,HISTÓRIA,NÃO,SC,41020014008P4,HISTÓRIA,EM FUNCIONAMENTO
2024,20,ENFERMAGEM,NÃO,SC,41020014016P7,ENFERMAGEM,EM FUNCIONAMENTO
2024,45,INTERDISCIPLINAR,NÃO,PR,41020014003P2,AGROECOLOGIA E DESENVOLVIMENTO RURAL SUSTENTÁVEL,EM FUNCIONAMENTO
2024,45,INTERDISCIPLINAR,NÃO,RS,41020014007P8,DESENVOLVIMENTO E POLÍTICAS PÚBLICAS,EM FUNCIONAMENTO
2024,49,CIÊNCIAS AMBIENTAIS,NÃO,RS,41020014004P9,CIÊNCIA E TECNOLOGIA AMBIENTAL,EM FUNCIONAMENTO
2024,16,MEDICINA II,NÃO,SC,41020014015P0,CIÊNCIAS BIOMÉDICAS,EM FUNCIONAMENTO
2024,38,EDUCAÇÃO,NÃO,SC,41020014002P6,EDUCAÇÃO,EM FUNCIONAMENTO
2024,12,ENGENHARIAS II,NÃO,SC,41024010002P5,ENGENHARIA METALÚRGICA,EM FUNCIONAMENTO
2024,26,DIREITO,NÃO,SC,41025016002P8,DIREITO E DESENVOLVIMENTO SUSTENTÁVEL,EM FUNCIONAMENTO
2024,44,CIÊNCIAS DA RELIGIÃO E TEOLOGIA,NÃO,PR,41050002001P0,TEOLOGIA,EM FUNCIONAMENTO
2024,26,DIREITO,NÃO,PR,41079000001P0,"DIREITO, SOCIEDADE E TECNOLOGIAS",EM FUNCIONAMENTO
2024,45,INTERDISCIPLINAR,NÃO,PR,41086007001P3,AMBIENTES SAUDÁVEIS E SUSTENTÁVEIS,EM FUNCIONAMENTO
2024,22,SAÚDE COLETIVA,NÃO,RS,42001013103P2,ENSINO NA SAÚDE,EM FUNCIONAMENTO
2024,37,PSICOLOGIA,NÃO,RS,42001013107P8,PSICANÁLISE: CLÍNICA E CULTURA,EM FUNCIONAMENTO
2024,11,ARTES,NÃO,RS,42001013055P8,ARTES VISUAIS,EM FUNCIONAMENTO
2024,2,COMPUTAÇÃO,NÃO,RS,42001013004P4,COMPUTAÇÃO,EM FUNCIONAMENTO
2024,5,GEOCIÊNCIAS,NÃO,RS,42001013052P9,SENSORIAMENTO REMOTO,EM FUNCIONAMENTO
2024,28,ECONOMIA,NÃO,RS,42001013085P4,ECONOMIA,EM FUNCIONAMENTO
2024,19,FARMÁCIA,NÃO,RS,42001013023P9,CIÊNCIAS FARMACÊUTICAS,EM FUNCIONAMENTO
2024,8,CIÊNCIAS BIOLÓGICAS II,NÃO,RS,42001013105P5,CIÊNCIAS BIOLÓGICAS: FARMACOLOGIA E TERAPÊUTICA,EM FUNCIONAMENTO
2024,50,NUTRIÇÃO,NÃO,RS,42001013172P4,"ALIMENTAÇÃO, NUTRIÇÃO E SAÚDE",EM FUNCIONAMENTO
2024,38,EDUCAÇÃO,NÃO,RS,42001013001P5,EDUCAÇÃO,EM FUNCIONAMENTO
2024,11,ARTES,NÃO,RS,42001013044P6,MÚSICA,EM FUNCIONAMENTO
2024,27,"ADMINISTRAÇÃO PÚBLICA E DE EMPRESAS, CIÊNCIAS CONTÁBEIS E TURISMO",NÃO,RS,42001013025P1,ADMINISTRAÇÃO,EM FUNCIONAMENTO
2024,18,ODONTOLOGIA,NÃO,RS,42001013053P5,ODONTOLOGIA,EM FUNCIONAMENTO
2024,45,INTERDISCIPLINAR,NÃO,RS,42001013070P7,AGRONEGÓCIOS,EM FUNCIONAMENTO
2024,4,QUÍMICA,NÃO,RS,42001013040P0,QUÍMICA,EM FUNCIONAMENTO
2024,22,SAÚDE COLETIVA,NÃO,RS,42001013104P9,SAÚDE COLETIVA,EM FUNCIONAMENTO
2024,42,CIÊNCIAS AGRÁRIAS I,NÃO,RS,42001013037P0,CIÊNCIA DO SOLO,EM FUNCIONAMENTO
2024,46,ENSINO,NÃO,RS,42001013091P4,ENSINO DE FÍSICA,EM FUNCIONAMENTO
2024,35,ANTROPOLOGIA / ARQUEOLOGIA,NÃO,RS,42001013034P0,ANTROPOLOGIA SOCIAL,EM FUNCIONAMENTO
2024,11,ARTES,NÃO,RS,42001013093P7,ARTES CÊNICAS,EM FUNCIONAMENTO
2024,24,MEDICINA VETERINÁRIA,NÃO,RS,42001013157P5,ALIMENTOS DE ORIGEM ANIMAL,EM FUNCIONAMENTO
2024,29,"ARQUITETURA, URBANISMO E DESIGN",NÃO,RS,42001013049P8,ARQUITETURA,EM FUNCIONAMENTO
2024,7,BIODIVERSIDADE,NÃO,RS,42001013007P3,BOTÂNICA,EM FUNCIONAMENTO
2024,29,"ARQUITETURA, URBANISMO E DESIGN",NÃO,RS,42001013096P6,DESIGN,EM FUNCIONAMENTO
2024,8,CIÊNCIAS BIOLÓGICAS II,NÃO,RS,42001013011P0,CIÊNCIAS BIOLÓGICAS (NEUROCIÊNCIAS),EM FUNCIONAMENTO
2024,37,PSICOLOGIA,NÃO,RS,42001013047P5,PSICOLOGIA,EM FUNCIONAMENTO
2024,41,LINGUÍSTICA E LITERATURA,NÃO,RS,42001013031P1,LETRAS,EM FUNCIONAMENTO
2024,47,MATERIAIS,NÃO,RS,42001013056P4,CIÊNCIAS DOS MATERIAIS,EM FUNCIONAMENTO
2024,34,SOCIOLOGIA,NÃO,RS,42001013012P7,SOCIOLOGIA,EM FUNCIONAMENTO
2024,23,ZOOTECNIA / RECURSOS PESQUEIROS,NÃO,RS,42001013036P3,ZOOTECNIA,EM FUNCIONAMENTO
2024,16,MEDICINA II,NÃO,RS,42001013073P6,PSIQUIATRIA E CIÊNCIAS DO COMPORTAMENTO,EM FUNCIONAMENTO
2024,17,MEDICINA III,NÃO,RS,42001013106P1,CIÊNCIAS DA SAÚDE: GINECOLOGIA E OBSTETRÍCIA,EM FUNCIONAMENTO
2024,37,PSICOLOGIA,NÃO,RS,42001013064P7,PSICOLOGIA SOCIAL E INSTITUCIONAL,EM FUNCIONAMENTO
2024,31,COMUNICAÇÃO E INFORMAÇÃO,NÃO,RS,42001013062P4,COMUNICAÇÃO,EM FUNCIONAMENTO
2024,24,MEDICINA VETERINÁRIA,NÃO,RS,42001013099P5,MEDICINA ANIMAL: EQÜINOS,EM FUNCIONAMENTO
2024,1,MATEMÁTICA / PROBABILIDADE E ESTATÍSTICA,NÃO,RS,42001013063P0,MATEMÁTICA APLICADA,EM FUNCIONAMENTO
2024,32,SERVIÇO SOCIAL,NÃO,RS,42001013158P1,POLÍTICA SOCIAL E SERVIÇO SOCIAL,EM FUNCIONAMENTO
2024,10,ENGENHARIAS I,NÃO,RS,42001013014P0,ENGENHARIA CIVIL,EM FUNCIONAMENTO
2024,39,CIÊNCIA POLÍTICA E RELAÇÕES INTERNACIONAIS,NÃO,RS,42001013175P3,SEGURANÇA CIDADÃ,EM FUNCIONAMENTO
2024,30,PLANEJAMENTO URBANO E REGIONAL / DEMOGRAFIA,NÃO,RS,42001013026P8,PLANEJAMENTO URBANO E REGIONAL,EM FUNCIONAMENTO
2024,42,CIÊNCIAS AGRÁRIAS I,NÃO,RS,42001013048P1,MICROBIOLOGIA AGRÍCOLA E DO AMBIENTE,EM FUNCIONAMENTO
2024,10,ENGENHARIAS I,NÃO,RS,42001013174P7,ENGENHARIA CIVIL: CONSTRUÇÃO E INFRAESTRUTURA,EM FUNCIONAMENTO
2024,3,ASTRONOMIA / FÍSICA,NÃO,RS,42001013002P1,FÍSICA,EM FUNCIONAMENTO
2024,15,MEDICINA I,NÃO,RS,42001013060P1,CIÊNCIAS MÉDICAS: ENDOCRINOLOGIA,EM FUNCIONAMENTO
2024,40,HISTÓRIA,NÃO,RS,42001013043P0,HISTÓRIA,EM FUNCIONAMENTO
2024,46,ENSINO,SIM,RS,42001013098P9,EDUCAÇÃO EM CIÊNCIAS QUÌMICA DA VIDA E SAÚDE ( UFSM - FURG),EM FUNCIONAMENTO
2024,21,"EDUCAÇÃO FÍSICA, FISIOTERAPIA, FONOAUDIOLOGIA E TERAPIA OCUPACIONAL",NÃO,RS,42001013051P2,CIÊNCIAS DO MOVIMENTO HUMANO,EM FUNCIONAMENTO
2024,1,MATEMÁTICA / PROBABILIDADE E ESTATÍSTICA,NÃO,RS,42001013177P6,ESTATÍSTICA,EM FUNCIONAMENTO
2024,5,GEOCIÊNCIAS,NÃO,RS,42001013005P0,GEOCIÊNCIAS,EM FUNCIONAMENTO
2024,7,BIODIVERSIDADE,NÃO,RS,42001013057P0,BIOLOGIA ANIMAL,EM FUNCIONAMENTO
2024,13,ENGENHARIAS III,NÃO,RS,42001013046P9,ENGENHARIA MECÂNICA,EM FUNCIONAMENTO
2024,15,MEDICINA I,NÃO,RS,42001013017P9,CIÊNCIAS DA SAÚDE: CARDIOLOGIA E CIÊNCIAS CARDIOVASCULARES,EM FUNCIONAMENTO
2024,28,ECONOMIA,NÃO,RS,42001013013P3,ECONOMIA,EM FUNCIONAMENTO
2024,36,GEOGRAFIA,NÃO,RS,42001013065P3,GEOGRAFIA,EM FUNCIONAMENTO
2024,33,FILOSOFIA,NÃO,RS,42001013032P8,FILOSOFIA,EM FUNCIONAMENTO
2024,24,MEDICINA VETERINÁRIA,NÃO,RS,42001013030P5,CIÊNCIAS VETERINÁRIAS,EM FUNCIONAMENTO
2024,15,MEDICINA I,NÃO,RS,42001013018P5,CIÊNCIAS EM GASTROENTEROLOGIA E HEPATOLOGIA,EM FUNCIONAMENTO
2024,31,COMUNICAÇÃO E INFORMAÇÃO,NÃO,RS,42001013173P0,MUSEOLOGIA E PATRIMÔNIO,EM FUNCIONAMENTO
2024,27,"ADMINISTRAÇÃO PÚBLICA E DE EMPRESAS, CIÊNCIAS CONTÁBEIS E TURISMO",NÃO,RS,42001013170P1,CONTROLADORIA E CONTABILIDADE,EM FUNCIONAMENTO
2024,46,ENSINO,NÃO,RS,42001013171P8,ENSINO DE MATEMÁTICA,EM FUNCIONAMENTO
2024,6,CIÊNCIAS BIOLÓGICAS I,NÃO,RS,42001013068P2,BIOLOGIA CELULAR E MOLECULAR,EM FUNCIONAMENTO
2024,10,ENGENHARIAS I,NÃO,RS,42001013015P6,RECURSOS HÍDRICOS E SANEAMENTO AMBIENTAL,EM FUNCIONAMENTO
2024,26,DIREITO,NÃO,RS,42001013042P3,DIREITO,EM FUNCIONAMENTO
2024,14,ENGENHARIAS IV,NÃO,RS,42001013078P8,MICROELETRÔNICA,EM FUNCIONAMENTO
2024,8,CIÊNCIAS BIOLÓGICAS II,NÃO,RS,42001013009P6,CIÊNCIAS BIOLÓGICAS (FISIOLOGIA),EM FUNCIONAMENTO
2024,42,CIÊNCIAS AGRÁRIAS I,NÃO,RS,42001013035P7,FITOTECNIA,EM FUNCIONAMENTO
2024,31,COMUNICAÇÃO E INFORMAÇÃO,NÃO,RS,42001013176P0,CIÊNCIA DA INFORMAÇÃO,EM FUNCIONAMENTO
2024,39,CIÊNCIA POLÍTICA E RELAÇÕES INTERNACIONAIS,NÃO,RS,42001013033P4,CIÊNCIA POLÍTICA,EM FUNCIONAMENTO
2024,8,CIÊNCIAS BIOLÓGICAS II,NÃO,RS,42001013006P7,CIÊNCIAS BIOLÓGICAS (BIOQUÍMICA),EM FUNCIONAMENTO
2024,45,INTERDISCIPLINAR,NÃO,RS,42001013075P9,INFORMÁTICA NA EDUCAÇÃO,EM FUNCIONAMENTO
2024,45,INTERDISCIPLINAR,NÃO,RS,42001013071P3,DESENVOLVIMENTO RURAL,EM FUNCIONAMENTO
2024,13,ENGENHARIAS III,NÃO,RS,42001013059P3,ENGENHARIA DE PRODUÇÃO,EM FUNCIONAMENTO
2024,13,ENGENHARIAS III,NÃO,RS,42001013089P0,ENGENHARIA DE PRODUÇÃO,EM FUNCIONAMENTO
2024,39,CIÊNCIA POLÍTICA E RELAÇÕES INTERNACIONAIS,NÃO,RS,42001013156P9,POLÍTICAS PÚBLICAS,EM FUNCIONAMENTO
2024,39,CIÊNCIA POLÍTICA E RELAÇÕES INTERNACIONAIS,NÃO,RS,42001013101P0,ESTUDOS ESTRATÉGICOS INTERNACIONAIS,EM FUNCIONAMENTO
2024,15,MEDICINA I,NÃO,RS,42001013020P0,CIÊNCIAS PNEUMOLÓGICAS,EM FUNCIONAMENTO
2024,14,ENGENHARIAS IV,NÃO,RS,42001013066P0,ENGENHARIA ELÉTRICA,EM FUNCIONAMENTO
2024,25,CIÊNCIA DE ALIMENTOS,NÃO,RS,42001013079P4,CIÊNCIA E TECNOLOGIA DE ALIMENTOS,EM FUNCIONAMENTO
2024,16,MEDICINA II,NÃO,RS,42001013050P6,SAÚDE DA CRIANÇA E DO ADOLESCENTE,EM FUNCIONAMENTO
2024,15,MEDICINA I,NÃO,RS,42001013039P2,MEDICINA: CIÊNCIAS MÉDICAS,EM FUNCIONAMENTO
2024,1,MATEMÁTICA / PROBABILIDADE E ESTATÍSTICA,NÃO,RS,42001013003P8,MATEMÁTICA,EM FUNCIONAMENTO
2024,6,CIÊNCIAS BIOLÓGICAS I,NÃO,RS,42001013010P4,GENÉTICA E BIOLOGIA MOLECULAR,EM FUNCIONAMENTO
2024,12,ENGENHARIAS II,NÃO,RS,42001013058P7,ENGENHARIA QUÍMICA,EM FUNCIONAMENTO
2024,7,BIODIVERSIDADE,NÃO,RS,42001013008P0,ECOLOGIA,EM FUNCIONAMENTO
2024,17,MEDICINA III,NÃO,RS,42001013054P1,MEDICINA: CIÊNCIAS CIRÚRGICAS,EM FUNCIONAMENTO
2024,12,ENGENHARIAS II,NÃO,RS,42001013016P2,"ENGENHARIA DE MINAS, METALÚRGICA E DE MATERIAIS",EM FUNCIONAMENTO
2024,20,ENFERMAGEM,NÃO,RS,42001013067P6,ENFERMAGEM,EM FUNCIONAMENTO
2024,22,SAÚDE COLETIVA,NÃO,RS,42001013074P2,EPIDEMIOLOGIA,EM FUNCIONAMENTO
2024,30,PLANEJAMENTO URBANO E REGIONAL / DEMOGRAFIA,NÃO,RS,42001021001P0,DINÂMICAS REGIONAIS E DESENVOLVIMENTO,EM FUNCIONAMENTO
2024,7,BIODIVERSIDADE,NÃO,RS,42002010026P8,BIODIVERSIDADE ANIMAL,EM FUNCIONAMENTO
2024,21,"EDUCAÇÃO FÍSICA, FISIOTERAPIA, FONOAUDIOLOGIA E TERAPIA OCUPACIONAL",NÃO,RS,42002010017P9,DISTÚRBIOS DA COMUNICAÇÃO HUMANA,EM FUNCIONAMENTO
2024,3,ASTRONOMIA / FÍSICA,NÃO,RS,42002010019P1,FÍSICA,EM FUNCIONAMENTO
2024,13,ENGENHARIAS III,NÃO,RS,42002010165P8,ENGENHARIA MECÂNICA,EM FUNCIONAMENTO
2024,8,CIÊNCIAS BIOLÓGICAS II,NÃO,RS,42002010032P8,FARMACOLOGIA,EM FUNCIONAMENTO
2024,20,ENFERMAGEM,NÃO,RS,42002010168P7,SAÚDE E RURALIDADE,EM FUNCIONAMENTO
2024,45,INTERDISCIPLINAR,NÃO,RS,42002010033P4,PATRIMÔNIO CULTURAL,EM FUNCIONAMENTO
2024,38,EDUCAÇÃO,NÃO,RS,42002010001P5,EDUCAÇÃO,EM FUNCIONAMENTO
2024,42,CIÊNCIAS AGRÁRIAS I,NÃO,RS,42002010048P1,AGRICULTURA DE PRECISÂO,EM FUNCIONAMENTO
2024,36,GEOGRAFIA,NÃO,RS,42002010025P1,GEOGRAFIA,EM FUNCIONAMENTO
2024,41,LINGUÍSTICA E LITERATURA,NÃO,RS,42002010014P0,LETRAS,EM FUNCIONAMENTO
2024,29,"ARQUITETURA, URBANISMO E DESIGN",NÃO,RS,42002010161P2,"ARQUITETURA, URBANISMO E PAISAGISMO",EM FUNCIONAMENTO
2024,39,CIÊNCIA POLÍTICA E RELAÇÕES INTERNACIONAIS,NÃO,RS,42002010163P5,RELAÇÕES INTERNACIONAIS,EM FUNCIONAMENTO
2024,31,COMUNICAÇÃO E INFORMAÇÃO,NÃO,RS,42002010031P1,COMUNICAÇÃO,EM FUNCIONAMENTO
2024,4,QUÍMICA,NÃO,RS,42002010012P7,QUÍMICA,EM FUNCIONAMENTO
2024,14,ENGENHARIAS IV,NÃO,RS,42002010003P8,ENGENHARIA ELÉTRICA,EM FUNCIONAMENTO
2024,18,ODONTOLOGIA,NÃO,RS,42002010042P3,CIÊNCIAS ODONTOLÓGICAS,EM FUNCIONAMENTO
2024,10,ENGENHARIAS I,NÃO,RS,42002010055P8,ENGENHARIA AMBIENTAL,EM FUNCIONAMENTO
2024,12,ENGENHARIAS II,NÃO,RS,42002010038P6,ENGENHARIA QUÍMICA,EM FUNCIONAMENTO
2024,13,ENGENHARIAS III,NÃO,RS,42002010004P4,ENGENHARIA DE PRODUÇÃO,EM FUNCIONAMENTO
2024,42,CIÊNCIAS AGRÁRIAS I,NÃO,RS,42002010007P3,AGRONOMIA,EM FUNCIONAMENTO
2024,11,ARTES,NÃO,RS,42002010037P0,ARTES VISUAIS,EM FUNCIONAMENTO
2024,20,ENFERMAGEM,NÃO,RS,42002010035P7,ENFERMAGEM,EM FUNCIONAMENTO
2024,42,CIÊNCIAS AGRÁRIAS I,NÃO,RS,42002010015P6,ENGENHARIA FLORESTAL,EM FUNCIONAMENTO
2024,46,ENSINO,NÃO,RS,42002010058P7,EDUCAÇÃO MATEMÁTICA E ENSINO DE FÍSICA,EM FUNCIONAMENTO
2024,40,HISTÓRIA,NÃO,RS,42002010051P2,HISTÓRIA,EM FUNCIONAMENTO
2024,8,CIÊNCIAS BIOLÓGICAS II,NÃO,RS,42002010023P9,CIÊNCIAS BIOLÓGICAS (BIOQUÍMICA TOXICOLÓGICA),EM FUNCIONAMENTO
2024,45,INTERDISCIPLINAR,NÃO,RS,42002010056P4,TECNOLOGIAS EDUCACIONAIS EM REDE,EM FUNCIONAMENTO
2024,26,DIREITO,NÃO,RS,42002010057P0,DIREITO,EM FUNCIONAMENTO
2024,19,FARMÁCIA,NÃO,RS,42002010029P7,CIÊNCIAS FARMACÊUTICAS,EM FUNCIONAMENTO
2024,28,ECONOMIA,NÃO,RS,42002010053P5,ECONOMIA E DESENVOLVIMENTO,EM FUNCIONAMENTO
2024,42,CIÊNCIAS AGRÁRIAS I,NÃO,RS,42002010009P6,EXTENSÃO RURAL,EM FUNCIONAMENTO
2024,24,MEDICINA VETERINÁRIA,NÃO,RS,42002010011P0,MEDICINA VETERINÁRIA,EM FUNCIONAMENTO
2024,45,INTERDISCIPLINAR,NÃO,RS,42002010049P8,CIÊNCIAS DA SAÚDE,EM FUNCIONAMENTO
2024,42,CIÊNCIAS AGRÁRIAS I,NÃO,RS,42002010052P9,AGRONOMIA - AGRICULTURA E AMBIENTE,EM FUNCIONAMENTO
2024,38,EDUCAÇÃO,NÃO,RS,42002010159P8,POLÍTICAS PÚBLICAS E GESTÃO EDUCACIONAL,EM FUNCIONAMENTO
2024,42,CIÊNCIAS AGRÁRIAS I,NÃO,RS,42002010008P0,ENGENHARIA AGRÍCOLA,EM FUNCIONAMENTO
2024,51,CIÊNCIAS E HUMANIDADES PARA A EDUCAÇÃO BÁSICA,SIM,RS,42002010169P3,ENSINO DE GEOGRAFIA EM REDE,EM FUNCIONAMENTO
2024,45,INTERDISCIPLINAR,NÃO,RS,42002010158P1,EDUCAÇÃO PROFISSIONAL E TECNOLÓGICA,EM FUNCIONAMENTO
2024,2,COMPUTAÇÃO,NÃO,RS,42002010036P3,CIÊNCIA DA COMPUTAÇÃO,EM FUNCIONAMENTO
2024,27,"ADMINISTRAÇÃO PÚBLICA E DE EMPRESAS, CIÊNCIAS CONTÁBEIS E TURISMO",NÃO,RS,42002010030P5,ADMINISTRAÇÃO,EM FUNCIONAMENTO
2024,42,CIÊNCIAS AGRÁRIAS I,NÃO,RS,42002010047P5,AGROBIOLOGIA,EM FUNCIONAMENTO
2024,34,SOCIOLOGIA,NÃO,RS,42002010041P7,CIÊNCIAS SOCIAIS,EM FUNCIONAMENTO
2024,37,PSICOLOGIA,NÃO,RS,42002010046P9,PSICOLOGIA,EM FUNCIONAMENTO
2024,10,ENGENHARIAS I,NÃO,RS,42002010020P0,ENGENHARIA CIVIL,EM FUNCIONAMENTO
2024,21,"EDUCAÇÃO FÍSICA, FISIOTERAPIA, FONOAUDIOLOGIA E TERAPIA OCUPACIONAL",NÃO,RS,42002010054P1,CIÊNCIAS DO MOVIMENTO E REABILITAÇÃO,EM FUNCIONAMENTO
2024,23,ZOOTECNIA / RECURSOS PESQUEIROS,NÃO,RS,42002010010P4,ZOOTECNIA,EM FUNCIONAMENTO
2024,45,INTERDISCIPLINAR,NÃO,RS,42002010059P3,GERONTOLOGIA,EM FUNCIONAMENTO
2024,27,"ADMINISTRAÇÃO PÚBLICA E DE EMPRESAS, CIÊNCIAS CONTÁBEIS E TURISMO",NÃO,RS,42002010050P6,GESTÃO DE ORGANIZAÇÕES PÚBLICAS,EM FUNCIONAMENTO
2024,5,GEOCIÊNCIAS,NÃO,RS,42002010040P0,METEOROLOGIA,EM FUNCIONAMENTO
2024,49,CIÊNCIAS AMBIENTAIS,NÃO,RS,42002010164P1,CIÊNCIA E TECNOLOGIA AMBIENTAL,EM FUNCIONAMENTO
2024,27,"ADMINISTRAÇÃO PÚBLICA E DE EMPRESAS, CIÊNCIAS CONTÁBEIS E TURISMO",NÃO,RS,42002010167P0,CIÊNCIAS CONTÁBEIS,EM FUNCIONAMENTO
2024,42,CIÊNCIAS AGRÁRIAS I,NÃO,RS,42002010027P4,CIÊNCIA DO SOLO,EM FUNCIONAMENTO
2024,33,FILOSOFIA,NÃO,RS,42002010002P1,FILOSOFIA,EM FUNCIONAMENTO
2024,45,INTERDISCIPLINAR,NÃO,RS,42002010160P6,AGRONEGÓCIOS,EM FUNCIONAMENTO
2024,25,CIÊNCIA DE ALIMENTOS,NÃO,RS,42002010013P3,CIÊNCIA E TECNOLOGIA DOS ALIMENTOS,EM FUNCIONAMENTO
2024,1,MATEMÁTICA / PROBABILIDADE E ESTATÍSTICA,NÃO,RS,42002010034P0,MATEMÁTICA,EM FUNCIONAMENTO
2024,5,GEOCIÊNCIAS,NÃO,RS,42003016019P4,METEOROLOGIA,EM FUNCIONAMENTO
2024,3,ASTRONOMIA / FÍSICA,NÃO,RS,42003016033P7,FÍSICA,EM FUNCIONAMENTO
2024,42,CIÊNCIAS AGRÁRIAS I,NÃO,RS,42003016010P7,AGRONOMIA,EM FUNCIONAMENTO
2024,42,CIÊNCIAS AGRÁRIAS I,NÃO,RS,42003016018P8,FITOSSANIDADE,EM FUNCIONAMENTO
2024,8,CIÊNCIAS BIOLÓGICAS II,NÃO,RS,42003016040P3,BIOQUÍMICA E BIOPROSPECÇÃO,EM FUNCIONAMENTO
2024,24,MEDICINA VETERINÁRIA,NÃO,RS,42003016008P2,VETERINÁRIA,EM FUNCIONAMENTO
2024,41,LINGUÍSTICA E LITERATURA,NÃO,RS,42003016039P5,LETRAS,EM FUNCIONAMENTO
2024,42,CIÊNCIAS AGRÁRIAS I,NÃO,RS,42003016043P2,MANEJO E CONSERVAÇÃO DO SOLO E DA ÁGUA,EM FUNCIONAMENTO
2024,22,SAÚDE COLETIVA,NÃO,RS,42003016011P3,EPIDEMIOLOGIA,EM FUNCIONAMENTO
2024,42,CIÊNCIAS AGRÁRIAS I,NÃO,RS,42003016025P4,SISTEMAS DE PRODUÇÃO AGRÍCOLA FAMILIAR,EM FUNCIONAMENTO
2024,38,EDUCAÇÃO,NÃO,RS,42003016014P2,EDUCAÇÃO,EM FUNCIONAMENTO
2024,18,ODONTOLOGIA,NÃO,RS,42003016001P8,ODONTOLOGIA,EM FUNCIONAMENTO
2024,21,"EDUCAÇÃO FÍSICA, FISIOTERAPIA, FONOAUDIOLOGIA E TERAPIA OCUPACIONAL",NÃO,RS,42003016026P0,EDUCAÇÃO FÍSICA,EM FUNCIONAMENTO
2024,29,"ARQUITETURA, URBANISMO E DESIGN",NÃO,RS,42003016032P0,ARQUITETURA E URBANISMO,EM FUNCIONAMENTO
2024,42,CIÊNCIAS AGRÁRIAS I,NÃO,RS,42003016023P1,CIÊNCIA E TECNOLOGIA DE SEMENTES,EM FUNCIONAMENTO
2024,42,CIÊNCIAS AGRÁRIAS I,NÃO,RS,42003016016P5,CIÊNCIA E TECNOLOGIA DE SEMENTES,EM FUNCIONAMENTO
2024,25,CIÊNCIA DE ALIMENTOS,NÃO,RS,42003016009P9,CIÊNCIA E TECNOLOGIA DE ALIMENTOS,EM FUNCIONAMENTO
2024,48,BIOTECNOLOGIA,NÃO,RS,42003016020P2,BIOTECNOLOGIA,EM FUNCIONAMENTO
2024,36,GEOGRAFIA,NÃO,RS,42003016047P8,GEOGRAFIA,EM FUNCIONAMENTO
2024,25,CIÊNCIA DE ALIMENTOS,NÃO,RS,42003016054P4,CIÊNCIA E TECNOLOGIA DE ALIMENTOS,EM FUNCIONAMENTO
2024,49,CIÊNCIAS AMBIENTAIS,NÃO,RS,42003016056P7,CIÊNCIAS AMBIENTAIS,EM FUNCIONAMENTO
2024,50,NUTRIÇÃO,NÃO,RS,42003016035P0,NUTRIÇÃO E ALIMENTOS,EM FUNCIONAMENTO
2024,11,ARTES,NÃO,RS,42003016044P9,ARTES,EM FUNCIONAMENTO
2024,9,CIÊNCIAS BIOLÓGICAS III,NÃO,RS,42003016022P5,MICROBIOLOGIA E PARASITOLOGIA,EM FUNCIONAMENTO
2024,47,MATERIAIS,NÃO,RS,42003016041P0,CIÊNCIA E ENGENHARIA DE MATERIAIS,EM FUNCIONAMENTO
2024,46,ENSINO,NÃO,RS,42003016042P6,ENSINO DE CIÊNCIAS E MATEMÁTICA,EM FUNCIONAMENTO
2024,42,CIÊNCIAS AGRÁRIAS I,NÃO,RS,42003016017P1,FISIOLOGIA VEGETAL,EM FUNCIONAMENTO
2024,39,CIÊNCIA POLÍTICA E RELAÇÕES INTERNACIONAIS,NÃO,RS,42003016037P2,CIÊNCIA POLÍTICA,EM FUNCIONAMENTO
2024,33,FILOSOFIA,NÃO,RS,42003016031P4,FILOSOFIA,EM FUNCIONAMENTO
2024,34,SOCIOLOGIA,NÃO,RS,42003016024P8,SOCIOLOGIA,EM FUNCIONAMENTO
2024,40,HISTÓRIA,NÃO,RS,42003016036P6,HISTÓRIA,EM FUNCIONAMENTO
2024,45,INTERDISCIPLINAR,NÃO,RS,42003016027P7,MEMÓRIA SOCIAL E PATRIMÔNIO CULTURAL,EM FUNCIONAMENTO
2024,10,ENGENHARIAS I,NÃO,RS,42003016048P4,RECURSOS HÍDRICOS,EM FUNCIONAMENTO
2024,23,ZOOTECNIA / RECURSOS PESQUEIROS,NÃO,RS,42003016007P6,ZOOTECNIA,EM FUNCIONAMENTO
2024,28,ECONOMIA,NÃO,RS,42003016034P3,ORGANIZAÇÕES E MERCADOS,EM FUNCIONAMENTO
2024,35,ANTROPOLOGIA / ARQUEOLOGIA,NÃO,RS,42003016045P5,ANTROPOLOGIA,EM FUNCIONAMENTO
2024,45,INTERDISCIPLINAR,NÃO,RS,42003016052P1,DESENVOLVIMENTO TERRITORIAL E SISTEMAS AGROINDUSTRIAIS,EM FUNCIONAMENTO
2024,45,INTERDISCIPLINAR,NÃO,RS,42003016051P5,MODELAGEM MATEMÁTICA,EM FUNCIONAMENTO
2024,7,BIODIVERSIDADE,NÃO,RS,42003016053P8,BIODIVERSIDADE ANIMAL,EM FUNCIONAMENTO
2024,2,COMPUTAÇÃO,NÃO,RS,42003016038P9,COMPUTAÇÃO,EM FUNCIONAMENTO
2024,20,ENFERMAGEM,NÃO,RS,42003016030P8,ENFERMAGEM,EM FUNCIONAMENTO
2024,4,QUÍMICA,NÃO,RS,42003016028P3,QUÍMICA,EM FUNCIONAMENTO
2024,46,ENSINO,NÃO,RS,42003016055P0,EDUCAÇÃO MATEMÁTICA,EM FUNCIONAMENTO
2024,26,DIREITO,NÃO,RS,42003016057P3,DIREITO,EM FUNCIONAMENTO
2024,36,GEOGRAFIA,NÃO,RS,42004012015P5,GEOGRAFIA,EM FUNCIONAMENTO
2024,20,ENFERMAGEM,NÃO,RS,42004012009P5,ENFERMAGEM,EM FUNCIONAMENTO
2024,26,DIREITO,NÃO,RS,42004012027P3,DIREITO E JUSTIÇA SOCIAL,EM FUNCIONAMENTO
2024,5,GEOCIÊNCIAS,NÃO,RS,42004012007P2,OCEANOLOGIA,EM FUNCIONAMENTO
2024,46,ENSINO,NÃO,RS,42004012158P0,ENSINO DE CIÊNCIAS EXATAS,EM FUNCIONAMENTO
2024,3,ASTRONOMIA / FÍSICA,NÃO,RS,42004012019P0,FÍSICA,EM FUNCIONAMENTO
2024,40,HISTÓRIA,NÃO,RS,42004012023P8,HISTÓRIA,EM FUNCIONAMENTO
2024,46,ENSINO,NÃO,RS,42004012161P1,EDUCAÇÃO EM CIÊNCIAS,EM FUNCIONAMENTO
2024,2,COMPUTAÇÃO,NÃO,RS,42004012022P1,COMPUTAÇÃO,EM FUNCIONAMENTO
2024,13,ENGENHARIAS III,NÃO,RS,42004012004P3,ENGENHARIA OCEÂNICA,EM FUNCIONAMENTO
2024,16,MEDICINA II,NÃO,RS,42004012012P6,CIÊNCIAS DA SAÚDE,EM FUNCIONAMENTO
2024,37,PSICOLOGIA,NÃO,RS,42004012160P5,PSICOLOGIA,EM FUNCIONAMENTO
2024,38,EDUCAÇÃO,NÃO,RS,42004012002P0,EDUCAÇÃO AMBIENTAL,EM FUNCIONAMENTO
2024,45,INTERDISCIPLINAR,NÃO,RS,42004012014P9,MODELAGEM COMPUTACIONAL,EM FUNCIONAMENTO
2024,27,"ADMINISTRAÇÃO PÚBLICA E DE EMPRESAS, CIÊNCIAS CONTÁBEIS E TURISMO",NÃO,RS,42004012156P8,ADMINISTRAÇÃO,EM FUNCIONAMENTO
2024,4,QUÍMICA,NÃO,RS,42004012016P1,QUIMICA TECNOLOGICA E AMBIENTAL,EM FUNCIONAMENTO
2024,38,EDUCAÇÃO,NÃO,RS,42004012021P5,EDUCAÇÃO,EM FUNCIONAMENTO
2024,23,ZOOTECNIA / RECURSOS PESQUEIROS,NÃO,RS,42004012011P0,AQÜICULTURA,EM FUNCIONAMENTO
2024,13,ENGENHARIAS III,NÃO,RS,42004012024P4,ENGENHARIA MECÂNICA,EM FUNCIONAMENTO
2024,28,ECONOMIA,NÃO,RS,42004012028P0,ECONOMIA APLICADA,EM FUNCIONAMENTO
2024,22,SAÚDE COLETIVA,NÃO,RS,42004012026P7,SAÚDE PÚBLICA,EM FUNCIONAMENTO
2024,49,CIÊNCIAS AMBIENTAIS,NÃO,RS,42004012159P7,AMBIENTOMETRIA,EM FUNCIONAMENTO
2024,25,CIÊNCIA DE ALIMENTOS,NÃO,RS,42004012005P0,ENGENHARIA E CIÊNCIA DE ALIMENTOS,EM FUNCIONAMENTO
2024,41,LINGUÍSTICA E LITERATURA,NÃO,RS,42004012010P3,LETRAS,EM FUNCIONAMENTO
2024,45,INTERDISCIPLINAR,NÃO,RS,42004012162P8,SISTEMAS E PROCESSOS AGROINDUSTRIAIS,EM FUNCIONAMENTO
2024,7,BIODIVERSIDADE,NÃO,RS,42004012013P2,BIOLOGIA DE AMBIENTES AQUÁTICOS CONTINENTAIS,EM FUNCIONAMENTO
2024,27,"ADMINISTRAÇÃO PÚBLICA E DE EMPRESAS, CIÊNCIAS CONTÁBEIS E TURISMO",NÃO,RS,42004012157P4,CONTABILIDADE,EM FUNCIONAMENTO
2024,12,ENGENHARIAS II,NÃO,RS,42004012025P0,ENGENHARIA QUIMICA,EM FUNCIONAMENTO
2024,7,BIODIVERSIDADE,NÃO,RS,42004012001P4,OCEANOGRAFIA BIOLÓGICA,EM FUNCIONAMENTO
2024,8,CIÊNCIAS BIOLÓGICAS II,NÃO,RS,42004012008P9,CIÊNCIAS FISIOLÓGICAS,EM FUNCIONAMENTO
2024,26,DIREITO,NÃO,RS,42005019013P9,DIREITO,EM FUNCIONAMENTO
2024,44,CIÊNCIAS DA RELIGIÃO E TEOLOGIA,NÃO,RS,42005019012P2,TEOLOGIA,EM FUNCIONAMENTO
2024,12,ENGENHARIAS II,NÃO,RS,42005019025P7,ENGENHARIA E TECNOLOGIA DE MATERIAIS,EM FUNCIONAMENTO
2024,37,PSICOLOGIA,NÃO,RS,42005019006P2,PSICOLOGIA,EM FUNCIONAMENTO
2024,31,COMUNICAÇÃO E INFORMAÇÃO,NÃO,RS,42005019017P4,COMUNICAÇÃO SOCIAL,EM FUNCIONAMENTO
2024,2,COMPUTAÇÃO,NÃO,RS,42005019016P8,CIÊNCIA DA COMPUTAÇÃO,EM FUNCIONAMENTO
2024,28,ECONOMIA,NÃO,RS,42005019027P0,ECONOMIA,EM FUNCIONAMENTO
2024,45,INTERDISCIPLINAR,NÃO,RS,42005019021P1,GERONTOLOGIA BIOMÉDICA,EM FUNCIONAMENTO
2024,34,SOCIOLOGIA,NÃO,RS,42005019030P0,SOCIOLOGIA E CIÊNCIA POLÍTICA,EM FUNCIONAMENTO
2024,27,"ADMINISTRAÇÃO PÚBLICA E DE EMPRESAS, CIÊNCIAS CONTÁBEIS E TURISMO",NÃO,RS,42005019031P7,ADMINISTRAÇÃO E NEGÓCIOS,EM FUNCIONAMENTO
2024,6,CIÊNCIAS BIOLÓGICAS I,NÃO,RS,42005019029P2,BIOLOGIA CELULAR E MOLECULAR,EM FUNCIONAMENTO
2024,41,LINGUÍSTICA E LITERATURA,NÃO,RS,42005019009P1,LINGÜÍSTICA E LETRAS,EM FUNCIONAMENTO
2024,18,ODONTOLOGIA,NÃO,RS,42005019022P8,ODONTOLOGIA,EM FUNCIONAMENTO
2024,40,HISTÓRIA,NÃO,RS,42005019005P6,HISTÓRIA,EM FUNCIONAMENTO
2024,15,MEDICINA I,NÃO,RS,42005019014P5,MEDICINA E CIÊNCIAS DA SAÚDE.,EM FUNCIONAMENTO
2024,16,MEDICINA II,NÃO,RS,42005019020P5,MEDICINA PEDIATRIA E SAUDE DA CRIANÇA,EM FUNCIONAMENTO
2024,26,DIREITO,NÃO,RS,42005019023P4,CIÊNCIAS CRIMINAIS,EM FUNCIONAMENTO
2024,7,BIODIVERSIDADE,NÃO,RS,42005019002P7,ECOLOGIA E EVOLUÇÃO DA BIODIVERSIDADE,EM FUNCIONAMENTO
2024,38,EDUCAÇÃO,NÃO,RS,42005019001P0,EDUCAÇÃO,EM FUNCIONAMENTO
2024,33,FILOSOFIA,NÃO,RS,42005019004P0,FILOSOFIA,EM FUNCIONAMENTO
2024,15,MEDICINA I,NÃO,RS,42006015004P6,SAÚDE E COMPORTAMENTO,EM FUNCIONAMENTO
2024,22,SAÚDE COLETIVA,NÃO,RS,42006015008P1,SAÚDE NO CICLO VITAL,EM FUNCIONAMENTO
2024,14,ENGENHARIAS IV,NÃO,RS,42006015009P8,ENGENHARIA ELETRÔNICA E COMPUTAÇÃO,EM FUNCIONAMENTO
2024,32,SERVIÇO SOCIAL,NÃO,RS,42006015005P2,POLÍTICA SOCIAL E DIREITOS HUMANOS,EM FUNCIONAMENTO
2024,38,EDUCAÇÃO,NÃO,RS,42007011003P6,EDUCAÇÃO,EM FUNCIONAMENTO
2024,27,"ADMINISTRAÇÃO PÚBLICA E DE EMPRESAS, CIÊNCIAS CONTÁBEIS E TURISMO",NÃO,RS,42007011024P3,GESTÃO E NEGÓCIOS,EM FUNCIONAMENTO
2024,27,"ADMINISTRAÇÃO PÚBLICA E DE EMPRESAS, CIÊNCIAS CONTÁBEIS E TURISMO",NÃO,RS,42007011007P1,ADMINISTRAÇÃO,EM FUNCIONAMENTO
2024,13,ENGENHARIAS III,NÃO,RS,42007011015P4,ENGENHARIA DE PRODUÇÃO E SISTEMAS,EM FUNCIONAMENTO
2024,33,FILOSOFIA,NÃO,RS,42007011010P2,FILOSOFIA,EM FUNCIONAMENTO
2024,2,COMPUTAÇÃO,NÃO,RS,42007011006P5,COMPUTAÇÃO APLICADA,EM FUNCIONAMENTO
2024,26,DIREITO,NÃO,RS,42007011033P2,DIREITO DA EMPRESA E DOS NEGÓCIOS,EM FUNCIONAMENTO
2024,26,DIREITO,NÃO,RS,42007011005P9,DIREITO,EM FUNCIONAMENTO
2024,50,NUTRIÇÃO,NÃO,RS,42007011026P6,"ALIMENTOS, NUTRIÇÃO E SAÚDE.",EM FUNCIONAMENTO
2024,10,ENGENHARIAS I,NÃO,RS,42007011018P3,ENGENHARIA CIVIL,EM FUNCIONAMENTO
2024,14,ENGENHARIAS IV,NÃO,RS,42007011031P0,ENGENHARIA ELÉTRICA,EM FUNCIONAMENTO
2024,29,"ARQUITETURA, URBANISMO E DESIGN",NÃO,RS,42007011021P4,DESIGN,EM FUNCIONAMENTO
2024,38,EDUCAÇÃO,NÃO,RS,42007011027P2,GESTÃO EDUCACIONAL,EM FUNCIONAMENTO
2024,22,SAÚDE COLETIVA,NÃO,RS,42007011012P5,SAÚDE COLETIVA,EM FUNCIONAMENTO
2024,26,DIREITO,NÃO,RS,42008018004P9,DIREITO,EM FUNCIONAMENTO
2024,13,ENGENHARIAS III,NÃO,RS,42008018035P1,ENGENHARIA DE PRODUÇÃO,EM FUNCIONAMENTO
2024,41,LINGUÍSTICA E LITERATURA,NÃO,RS,42008018005P5,LETRAS E CULTURA,EM FUNCIONAMENTO
2024,10,ENGENHARIAS I,NÃO,RS,42008018014P4,ENGENHARIA E CIÊNCIAS AMBIENTAIS,EM FUNCIONAMENTO
2024,38,EDUCAÇÃO,NÃO,RS,42008018008P4,EDUCAÇÃO,EM FUNCIONAMENTO
2024,47,MATERIAIS,NÃO,RS,42008018006P1,MATERIAIS,EM FUNCIONAMENTO
2024,40,HISTÓRIA,NÃO,RS,42008018016P7,HISTÓRIA,EM FUNCIONAMENTO
2024,37,PSICOLOGIA,NÃO,RS,42008018037P4,PSICOLOGIA,EM FUNCIONAMENTO
2024,15,MEDICINA I,NÃO,RS,42008018034P5,CIÊNCIAS DA SAÚDE,EM FUNCIONAMENTO
2024,33,FILOSOFIA,NÃO,RS,42008018011P5,FILOSOFIA,EM FUNCIONAMENTO
2024,24,MEDICINA VETERINÁRIA,NÃO,RS,42008018036P8,SAÚDE ANIMAL,EM FUNCIONAMENTO
2024,46,ENSINO,NÃO,RS,42008018015P0,ENSINO DE CIÊNCIAS E MATEMÁTICA,EM FUNCIONAMENTO
2024,27,"ADMINISTRAÇÃO PÚBLICA E DE EMPRESAS, CIÊNCIAS CONTÁBEIS E TURISMO",NÃO,RS,42008018003P2,TURISMO E HOSPITALIDADE,EM FUNCIONAMENTO
2024,48,BIOTECNOLOGIA,NÃO,RS,42008018001P0,BIOTECNOLOGIA,EM FUNCIONAMENTO
2024,27,"ADMINISTRAÇÃO PÚBLICA E DE EMPRESAS, CIÊNCIAS CONTÁBEIS E TURISMO",NÃO,RS,42008018007P8,ADMINISTRAÇÃO,EM FUNCIONAMENTO
2024,12,ENGENHARIAS II,NÃO,RS,42008018009P0,ENGENHARIA DE PROCESSOS E TECNOLOGIAS,EM FUNCIONAMENTO
2024,2,COMPUTAÇÃO,NÃO,RS,42008018038P0,COMPUTAÇÃO APLICADA,EM FUNCIONAMENTO
2024,38,EDUCAÇÃO,NÃO,RS,42009014002P2,EDUCAÇÃO,EM FUNCIONAMENTO
2024,26,DIREITO,NÃO,RS,42009014013P4,DIREITO,EM FUNCIONAMENTO
2024,24,MEDICINA VETERINÁRIA,NÃO,RS,42009014009P7,BIOEXPERIMENTAÇÃO,EM FUNCIONAMENTO
2024,40,HISTÓRIA,NÃO,RS,42009014003P9,HISTÓRIA,EM FUNCIONAMENTO
2024,42,CIÊNCIAS AGRÁRIAS I,NÃO,RS,42009014001P6,AGRONOMIA,EM FUNCIONAMENTO
2024,46,ENSINO,NÃO,RS,42009014012P8,ENSINO DE CIÊNCIAS E MATEMÁTICA,EM FUNCIONAMENTO
2024,18,ODONTOLOGIA,NÃO,RS,42009014007P4,ODONTOLOGIA,EM FUNCIONAMENTO
2024,10,ENGENHARIAS I,NÃO,RS,42009014004P5,ENGENHARIA CIVIL E AMBIENTAL,EM FUNCIONAMENTO
2024,27,"ADMINISTRAÇÃO PÚBLICA E DE EMPRESAS, CIÊNCIAS CONTÁBEIS E TURISMO",NÃO,RS,42009014014P0,ADMINISTRAÇÃO,EM FUNCIONAMENTO
2024,2,COMPUTAÇÃO,NÃO,RS,42009014011P1,COMPUTAÇÃO APLICADA,EM FUNCIONAMENTO
2024,25,CIÊNCIA DE ALIMENTOS,NÃO,RS,42009014010P5,CIÊNCIA E TECNOLOGIA DE ALIMENTOS,EM FUNCIONAMENTO
2024,49,CIÊNCIAS AMBIENTAIS,NÃO,RS,42009014015P7,CIÊNCIAS AMBIENTAIS,EM FUNCIONAMENTO
2024,41,LINGUÍSTICA E LITERATURA,NÃO,RS,42009014005P1,LETRAS,EM FUNCIONAMENTO
2024,45,INTERDISCIPLINAR,NÃO,RS,42009014006P8,ENVELHECIMENTO HUMANO,EM FUNCIONAMENTO
2024,13,ENGENHARIAS III,NÃO,RS,42009014008P0,PROJETO E PROCESSOS DE FABRICAÇÃO,EM FUNCIONAMENTO
2024,26,DIREITO,NÃO,RS,42010012003P3,DIREITO,EM FUNCIONAMENTO
2024,38,EDUCAÇÃO,NÃO,RS,42010012008P5,EDUCAÇÃO,EM FUNCIONAMENTO
2024,7,BIODIVERSIDADE,NÃO,RS,42010012004P0,ECOLOGIA,EM FUNCIONAMENTO
2024,25,CIÊNCIA DE ALIMENTOS,NÃO,RS,42010012001P0,ENGENHARIA DE ALIMENTOS,EM FUNCIONAMENTO
2024,27,"ADMINISTRAÇÃO PÚBLICA E DE EMPRESAS, CIÊNCIAS CONTÁBEIS E TURISMO",NÃO,RS,42010012007P9,GESTÃO ESTRATÉGICA DE ORGANIZAÇÕES,EM FUNCIONAMENTO
2024,46,ENSINO,NÃO,RS,42010012006P2,ENSINO CIENTIFICO E TECNOLÓGICO,EM FUNCIONAMENTO
2024,48,BIOTECNOLOGIA,NÃO,RS,42014018003P9,BIOTECNOLOGIA,EM FUNCIONAMENTO
2024,49,CIÊNCIAS AMBIENTAIS,NÃO,RS,42014018001P6,AMBIENTE E DESENVOLVIMENTO,EM FUNCIONAMENTO
2024,46,ENSINO,NÃO,RS,42014018002P2,ENSINO DE CIÊNCIAS EXATAS,EM FUNCIONAMENTO
2024,15,MEDICINA I,NÃO,RS,42014018171P9,CIÊNCIAS MÉDICAS,EM FUNCIONAMENTO
2024,46,ENSINO,NÃO,RS,42014018004P5,ENSINO,EM FUNCIONAMENTO
2024,37,PSICOLOGIA,NÃO,RS,42015014012P4,PSICOLOGIA E SAÚDE,EM FUNCIONAMENTO
2024,15,MEDICINA I,NÃO,RS,42015014006P4,CIÊNCIAS DA SAÚDE,EM FUNCIONAMENTO
2024,16,MEDICINA II,NÃO,RS,42015014013P0,PEDIATRIA: ATENÇÃO A SAÚDE DA CRIANÇA E DO ADOLESCENTE,EM FUNCIONAMENTO
2024,21,"EDUCAÇÃO FÍSICA, FISIOTERAPIA, FONOAUDIOLOGIA E TERAPIA OCUPACIONAL",NÃO,RS,42015014008P7,CIÊNCIAS DA REABILITAÇÃO,EM FUNCIONAMENTO
2024,6,CIÊNCIAS BIOLÓGICAS I,NÃO,RS,42015014010P1,BIOCIÊNCIAS,EM FUNCIONAMENTO
2024,20,ENFERMAGEM,NÃO,RS,42015014011P8,ENFERMAGEM,EM FUNCIONAMENTO
2024,15,MEDICINA I,NÃO,RS,42015014004P1,MEDICINA (HEPATOLOGIA),EM FUNCIONAMENTO
2024,16,MEDICINA II,NÃO,RS,42015014002P9,PATOLOGIA,EM FUNCIONAMENTO
2024,46,ENSINO,NÃO,RS,42015014009P3,ENSINO NA SAÚDE,EM FUNCIONAMENTO
2024,45,INTERDISCIPLINAR,NÃO,RS,42015014015P3,TECNOLOGIAS DA INFORMAÇÃO E GESTÃO EM SAÚDE,EM FUNCIONAMENTO
2024,50,NUTRIÇÃO,NÃO,RS,42015014014P7,CIÊNCIAS DA NUTRIÇÃO,EM FUNCIONAMENTO
2024,44,CIÊNCIAS DA RELIGIÃO E TEOLOGIA,NÃO,RS,42016010001P9,TEOLOGIA,EM FUNCIONAMENTO
2024,44,CIÊNCIAS DA RELIGIÃO E TEOLOGIA,NÃO,RS,42016010002P5,TEOLOGIA,EM FUNCIONAMENTO
2024,15,MEDICINA I,NÃO,RS,42018013002P8,CIÊNCIAS DA SAÚDE (CARDIOLOGIA),EM FUNCIONAMENTO
2024,38,EDUCAÇÃO,NÃO,RS,42020018006P4,EDUCAÇÃO,EM FUNCIONAMENTO
2024,13,ENGENHARIAS III,NÃO,RS,42020018004P1,SISTEMAS E PROCESSOS INDUSTRIAIS,EM FUNCIONAMENTO
2024,45,INTERDISCIPLINAR,NÃO,RS,42020018007P0,PROMOÇÃO DA SAÚDE,EM FUNCIONAMENTO
2024,10,ENGENHARIAS I,NÃO,RS,42020018005P8,TECNOLOGIA AMBIENTAL,EM FUNCIONAMENTO
2024,30,PLANEJAMENTO URBANO E REGIONAL / DEMOGRAFIA,NÃO,RS,42020018001P2,DESENVOLVIMENTO REGIONAL,EM FUNCIONAMENTO
2024,37,PSICOLOGIA,NÃO,RS,42020018009P3,PSICOLOGIA,EM FUNCIONAMENTO
2024,26,DIREITO,NÃO,RS,42020018002P9,DIREITO,EM FUNCIONAMENTO
2024,41,LINGUÍSTICA E LITERATURA,NÃO,RS,42020018003P5,LETRAS,EM FUNCIONAMENTO
2024,27,"ADMINISTRAÇÃO PÚBLICA E DE EMPRESAS, CIÊNCIAS CONTÁBEIS E TURISMO",NÃO,RS,42020018008P7,ADMINISTRAÇÃO,EM FUNCIONAMENTO
2024,45,INTERDISCIPLINAR,NÃO,RS,42021014003P1,MEMÓRIA SOCIAL E BENS CULTURAIS,EM FUNCIONAMENTO
2024,38,EDUCAÇÃO,NÃO,RS,42021014001P9,EDUCAÇÃO,EM FUNCIONAMENTO
2024,45,INTERDISCIPLINAR,NÃO,RS,42021014004P8,SAÚDE E DESENVOLVIMENTO HUMANO,EM FUNCIONAMENTO
2024,26,DIREITO,NÃO,RS,42021014005P4,DIREITO,EM FUNCIONAMENTO
2024,45,INTERDISCIPLINAR,NÃO,RS,42021014006P0,MEMÓRIA SOCIAL E BENS CULTURAIS,EM FUNCIONAMENTO
2024,16,MEDICINA II,NÃO,RS,42023017001P1,PREVENÇÃO E ASSISTÊNCIA EM SAÚDE MENTAL E TRANSTORNOS ADITIVOS,EM FUNCIONAMENTO
2024,15,MEDICINA I,NÃO,RS,42023017002P8,PESQUISA CLÍNICA,EM FUNCIONAMENTO
2024,49,CIÊNCIAS AMBIENTAIS,NÃO,RS,42024013005P3,SISTEMAS AMBIENTAIS E SUSTENTABILIDADE,EM FUNCIONAMENTO
2024,38,EDUCAÇÃO,NÃO,RS,42024013002P4,EDUCAÇÃO NAS CIÊNCIAS,EM FUNCIONAMENTO
2024,30,PLANEJAMENTO URBANO E REGIONAL / DEMOGRAFIA,NÃO,RS,42024013003P0,DESENVOLVIMENTO REGIONAL,EM FUNCIONAMENTO
2024,45,INTERDISCIPLINAR,NÃO,RS,42024013001P8,MODELAGEM MATEMÁTICA E COMPUTACIONAL,EM FUNCIONAMENTO
2024,26,DIREITO,NÃO,RS,42024013004P7,DIREITOS HUMANOS,EM FUNCIONAMENTO
2024,10,ENGENHARIAS I,NÃO,RS,42033012075P7,ENGENHARIA E CIÊNCIAS AMBIENTAIS,EM FUNCIONAMENTO
2024,38,EDUCAÇÃO,NÃO,RS,42033012001P3,EDUCAÇÃO E TECNOLOGIA,EM FUNCIONAMENTO
2024,46,ENSINO,NÃO,RS,42033012002P0,CIÊNCIAS E TECNOLOGIAS NA EDUCAÇÃO,EM FUNCIONAMENTO
2024,45,INTERDISCIPLINAR,SIM,RS,42037018003P1,ATENÇÃO INTEGRAL À SAÚDE,EM FUNCIONAMENTO
2024,45,INTERDISCIPLINAR,NÃO,RS,42037018001P9,DESENVOLVIMENTO RURAL,EM FUNCIONAMENTO
2024,45,INTERDISCIPLINAR,NÃO,RS,42037018002P5,PRÁTICAS SOCIOCULTURAIS E DESENVOLVIMENTO SOCIAL,EM FUNCIONAMENTO
2024,20,ENFERMAGEM,NÃO,RS,42039010004P0,SAÚDE MATERNO INFANTIL,EM FUNCIONAMENTO
2024,16,MEDICINA II,NÃO,RS,42039010005P7,CIÊNCIAS DA SAÚDE E DA VIDA,EM FUNCIONAMENTO
2024,45,INTERDISCIPLINAR,NÃO,RS,42039010002P8,NANOCIÊNCIAS,EM FUNCIONAMENTO
2024,46,ENSINO,NÃO,RS,42039010006P3,ENSINO DE HUMANIDADES E LINGUAGENS,EM FUNCIONAMENTO
2024,46,ENSINO,NÃO,RS,42039010003P4,ENSINO DE CIÊNCIAS E MATEMÁTICA,EM FUNCIONAMENTO
2024,46,ENSINO,NÃO,RS,42039010001P1,ENSINO DE CIÊNCIAS E MATEMÁTICA,EM FUNCIONAMENTO
2024,47,MATERIAIS,NÃO,RS,42041015003P5,TECNOLOGIA DE MATERIAIS E PROCESSOS INDUSTRIAIS,EM FUNCIONAMENTO
2024,24,MEDICINA VETERINÁRIA,NÃO,RS,42041015010P1,VIROLOGIA,EM FUNCIONAMENTO
2024,45,INTERDISCIPLINAR,NÃO,RS,42041015007P0,INDÚSTRIA CRIATIVA,EM FUNCIONAMENTO
2024,27,"ADMINISTRAÇÃO PÚBLICA E DE EMPRESAS, CIÊNCIAS CONTÁBEIS E TURISMO",NÃO,RS,42041015011P8,ADMINISTRAÇÃO,EM FUNCIONAMENTO
2024,19,FARMÁCIA,NÃO,RS,42041015009P3,TOXICOLOGIA E ANÁLISES TOXICOLÓGICAS,EM FUNCIONAMENTO
2024,45,INTERDISCIPLINAR,NÃO,RS,42041015004P1,PROCESSOS E MANIFESTAÇÕES CULTURAIS,EM FUNCIONAMENTO
2024,45,INTERDISCIPLINAR,NÃO,RS,42041015006P4,DIVERSIDADE CULTURAL E INCLUSÃO SOCIAL,EM FUNCIONAMENTO
2024,37,PSICOLOGIA,NÃO,RS,42041015012P4,PSICOLOGIA,EM FUNCIONAMENTO
2024,49,CIÊNCIAS AMBIENTAIS,NÃO,RS,42041015001P2,QUALIDADE AMBIENTAL,EM FUNCIONAMENTO
2024,26,DIREITO,NÃO,RS,42043018003P8,DIREITO,EM FUNCIONAMENTO
2024,45,INTERDISCIPLINAR,SIM,RS,42044014003P4,VITICULTURA E ENOLOGIA,EM FUNCIONAMENTO
2024,38,EDUCAÇÃO,NÃO,RS,42044014004P0,PROFISSIONAL EM EDUCAÇÃO BÁSICA,EM FUNCIONAMENTO
2024,12,ENGENHARIAS II,NÃO,RS,42044014001P1,TECNOLOGIA E ENGENHARIA DE MATERIAIS,EM FUNCIONAMENTO
2024,45,INTERDISCIPLINAR,NÃO,RS,42044014002P8,INFORMÁTICA NA EDUCAÇÃO,EM FUNCIONAMENTO
2024,45,INTERDISCIPLINAR,NÃO,RS,42045010001P8,AMBIENTE E SUSTENTABILIDADE,EM FUNCIONAMENTO
2024,25,CIÊNCIA DE ALIMENTOS,NÃO,RS,42045010003P0,CIÊNCIA E TECNOLOGIA DE ALIMENTOS,EM FUNCIONAMENTO
2024,38,EDUCAÇÃO,NÃO,RS,42045010002P4,EDUCAÇÃO,EM FUNCIONAMENTO
2024,46,ENSINO,NÃO,RS,42045010004P7,"FORMAÇÃO DOCENTE PARA CIÊNCIAS, TECNOLOGIAS, ENGENHARIAS E MATEMÁTICA",EM FUNCIONAMENTO
2024,45,INTERDISCIPLINAR,NÃO,RS,42046017013P2,COMPUTAÇÃO APLICADA,EM FUNCIONAMENTO
2024,24,MEDICINA VETERINÁRIA,NÃO,RS,42046017005P0,CIÊNCIA ANIMAL,EM FUNCIONAMENTO
2024,19,FARMÁCIA,NÃO,RS,42046017007P2,CIÊNCIAS FARMACÊUTICAS,EM FUNCIONAMENTO
2024,2,COMPUTAÇÃO,NÃO,RS,42046017016P1,ENGENHARIA DE SOFTWARE,EM FUNCIONAMENTO
2024,47,MATERIAIS,NÃO,RS,42046017017P8,CIÊNCIA E ENGENHARIA DE MATERIAIS,EM FUNCIONAMENTO
2024,32,SERVIÇO SOCIAL,NÃO,RS,42046017019P0,SERVIÇO SOCIAL E PROTEÇÃO SOCIAL,EM FUNCIONAMENTO
2024,31,COMUNICAÇÃO E INFORMAÇÃO,NÃO,RS,42046017014P9,COMUNICAÇÃO E INDÚSTRIA CRIATIVA,EM FUNCIONAMENTO
2024,41,LINGUÍSTICA E LITERATURA,NÃO,RS,42046017010P3,ENSINO DE LÍNGUAS,EM FUNCIONAMENTO
2024,27,"ADMINISTRAÇÃO PÚBLICA E DE EMPRESAS, CIÊNCIAS CONTÁBEIS E TURISMO",NÃO,RS,42046017011P0,ADMINISTRAÇÃO,EM FUNCIONAMENTO
2024,39,CIÊNCIA POLÍTICA E RELAÇÕES INTERNACIONAIS,NÃO,RS,42046017012P6,POLÍTICAS PÚBLICAS,EM FUNCIONAMENTO
2024,38,EDUCAÇÃO,NÃO,RS,42046017008P9,EDUCAÇÃO,EM FUNCIONAMENTO
2024,8,CIÊNCIAS BIOLÓGICAS II,NÃO,RS,42046017002P0,BIOQUÍMICA,EM FUNCIONAMENTO
2024,12,ENGENHARIAS II,NÃO,RS,42046017009P5,ENGENHARIA MINERAL,EM FUNCIONAMENTO
2024,10,ENGENHARIAS I,NÃO,RS,42046017004P3,ENGENHARIA,EM FUNCIONAMENTO
2024,14,ENGENHARIAS IV,NÃO,RS,42046017018P4,ENGENHARIA ELÉTRICA,EM FUNCIONAMENTO
2024,38,EDUCAÇÃO,NÃO,RS,42046017015P5,ENSINO,EM FUNCIONAMENTO
2024,46,ENSINO,NÃO,RS,42046017006P6,ENSINO DE CIÊNCIAS,EM FUNCIONAMENTO
2024,6,CIÊNCIAS BIOLÓGICAS I,NÃO,RS,42046017003P7,CIÊNCIAS BIOLÓGICAS,EM FUNCIONAMENTO
2024,10,ENGENHARIAS I,NÃO,RS,42051010004P3,ENGENHARIA CIVIL,EM FUNCIONAMENTO
2024,37,PSICOLOGIA,NÃO,RS,42051010006P6,PSICOLOGIA,EM FUNCIONAMENTO
2024,26,DIREITO,NÃO,RS,42051010001P4,DIREITO,EM FUNCIONAMENTO
2024,18,ODONTOLOGIA,NÃO,RS,42051010005P0,ODONTOLOGIA,EM FUNCIONAMENTO
2024,18,ODONTOLOGIA,SIM,RS,42051010007P2,ODONTOLOGIA NA FORMA ASSOCIATIVA,EM FUNCIONAMENTO
2024,27,"ADMINISTRAÇÃO PÚBLICA E DE EMPRESAS, CIÊNCIAS CONTÁBEIS E TURISMO",NÃO,RS,42051010002P0,ADMINISTRAÇÃO,EM FUNCIONAMENTO
2024,29,"ARQUITETURA, URBANISMO E DESIGN",NÃO,RS,42051010003P7,ARQUITETURA E URBANISMO,EM FUNCIONAMENTO
2024,30,PLANEJAMENTO URBANO E REGIONAL / DEMOGRAFIA,NÃO,RS,42057019001P2,DESENVOLVIMENTO REGIONAL,EM FUNCIONAMENTO
2024,38,EDUCAÇÃO,NÃO,SC,42070007002P2,EDUCAÇÃO BÁSICA,EM FUNCIONAMENTO
2024,45,INTERDISCIPLINAR,NÃO,SC,42070007001P6,DESENVOLVIMENTO E SOCIEDADE,EM FUNCIONAMENTO
2024,22,SAÚDE COLETIVA,NÃO,RS,43001009001P2,AVALIAÇÃO DE TECNOLOGIAS PARA O SUS,EM FUNCIONAMENTO
2024,26,DIREITO,NÃO,RS,43002005001P9,DIREITO,EM FUNCIONAMENTO
2024,24,MEDICINA VETERINÁRIA,NÃO,RS,43043003001P2,SAÚDE ANIMAL,EM FUNCIONAMENTO
2024,7,BIODIVERSIDADE,SIM,RS,43028004001P0,SISTEMÁTICA E CONSERVAÇÃO DA DIVERSIDADE BIOLÓGICA,EM FUNCIONAMENTO
2024,45,INTERDISCIPLINAR,NÃO,MT,50001019020P2,ESTUDOS DE CULTURA CONTEMPORÂNEA,EM FUNCIONAMENTO
2024,3,ASTRONOMIA / FÍSICA,NÃO,MT,50001019012P0,FÍSICA,EM FUNCIONAMENTO
2024,37,PSICOLOGIA,NÃO,MT,50001019171P0,PSICOLOGIA,EM FUNCIONAMENTO
2024,42,CIÊNCIAS AGRÁRIAS I,NÃO,MT,50001019002P4,AGRICULTURA TROPICAL,EM FUNCIONAMENTO
2024,31,COMUNICAÇÃO E INFORMAÇÃO,NÃO,MT,50001019175P6,COMUNICAÇÃO,EM FUNCIONAMENTO
2024,21,"EDUCAÇÃO FÍSICA, FISIOTERAPIA, FONOAUDIOLOGIA E TERAPIA OCUPACIONAL",NÃO,MT,50001019035P0,EDUCAÇÃO FÍSICA,EM FUNCIONAMENTO
2024,42,CIÊNCIAS AGRÁRIAS I,NÃO,MT,50001019016P5,CIÊNCIAS FLORESTAIS E AMBIENTAIS,EM FUNCIONAMENTO
2024,45,INTERDISCIPLINAR,NÃO,MT,50001019102P9,CIÊNCIAS EM SAÚDE,EM FUNCIONAMENTO
2024,24,MEDICINA VETERINÁRIA,NÃO,MT,50001019017P1,CIÊNCIAS VETERINÁRIAS,EM FUNCIONAMENTO
2024,10,ENGENHARIAS I,NÃO,MT,50001019018P8,RECURSOS HÍDRICOS,EM FUNCIONAMENTO
2024,49,CIÊNCIAS AMBIENTAIS,NÃO,MT,50001019032P0,CIÊNCIAS AMBIENTAIS,EM FUNCIONAMENTO
2024,41,LINGUÍSTICA E LITERATURA,NÃO,MT,50001019008P2,ESTUDOS DE LINGUAGEM,EM FUNCIONAMENTO
2024,36,GEOGRAFIA,NÃO,MT,50001019006P0,GEOGRAFIA,EM FUNCIONAMENTO
2024,49,CIÊNCIAS AMBIENTAIS,NÃO,MT,50001019007P6,FÍSICA AMBIENTAL,EM FUNCIONAMENTO
2024,5,GEOCIÊNCIAS,NÃO,MT,50001019011P3,GEOCIÊNCIAS,EM FUNCIONAMENTO
2024,32,SERVIÇO SOCIAL,NÃO,MT,50001019023P1,POLÍTICA SOCIAL,EM FUNCIONAMENTO
2024,42,CIÊNCIAS AGRÁRIAS I,NÃO,MT,50001019034P3,AGRONOMIA,EM FUNCIONAMENTO
2024,7,BIODIVERSIDADE,NÃO,MT,50001019039P5,ZOOLOGIA,EM FUNCIONAMENTO
2024,26,DIREITO,NÃO,MT,50001019025P4,DIREITO,EM FUNCIONAMENTO
2024,2,COMPUTAÇÃO,NÃO,MT,50001019179P1,COMPUTAÇÃO APLICADA,EM FUNCIONAMENTO
2024,7,BIODIVERSIDADE,NÃO,MT,50001019003P0,ECOLOGIA E CONSERVAÇÃO DA BIODIVERSIDADE,EM FUNCIONAMENTO
2024,50,NUTRIÇÃO,NÃO,MT,50001019019P4,"NUTRIÇÃO, ALIMENTOS E METABOLISMO",EM FUNCIONAMENTO
2024,23,ZOOTECNIA / RECURSOS PESQUEIROS,NÃO,MT,50001019033P7,ZOOTECNIA,EM FUNCIONAMENTO
2024,40,HISTÓRIA,NÃO,MT,50001019005P3,HISTÓRIA,EM FUNCIONAMENTO
2024,34,SOCIOLOGIA,NÃO,MT,50001019101P2,SOCIOLOGIA,EM FUNCIONAMENTO
2024,46,ENSINO,NÃO,MT,50001019174P0,ENSINO DE CIÊNCIAS DA NATUREZA E MATEMÁTICA,EM FUNCIONAMENTO
2024,35,ANTROPOLOGIA / ARQUEOLOGIA,NÃO,MT,50001019037P2,ANTROPOLOGIA SOCIAL,EM FUNCIONAMENTO
2024,28,ECONOMIA,NÃO,MT,50001019013P6,ECONOMIA,EM FUNCIONAMENTO
2024,7,BIODIVERSIDADE,NÃO,MT,50001019176P2,BIOLOGIA VEGETAL,EM FUNCIONAMENTO
2024,46,ENSINO,NÃO,MT,50001019027P7,ENSINO DE CIÊNCIAS NATURAIS,EM FUNCIONAMENTO
2024,23,ZOOTECNIA / RECURSOS PESQUEIROS,NÃO,MT,50001019014P2,CIÊNCIA ANIMAL,EM FUNCIONAMENTO
2024,33,FILOSOFIA,NÃO,MT,50001019038P9,FILOSOFIA,EM FUNCIONAMENTO
2024,15,MEDICINA I,NÃO,MT,50001019009P9,CIÊNCIAS DA SAÚDE,EM FUNCIONAMENTO
2024,38,EDUCAÇÃO,NÃO,MT,50001019001P8,EDUCAÇÃO,EM FUNCIONAMENTO
2024,9,CIÊNCIAS BIOLÓGICAS III,NÃO,MT,50001019031P4,IMUNOLOGIA E PARASITOLOGIA BÁSICAS E APLICADAS,EM FUNCIONAMENTO
2024,22,SAÚDE COLETIVA,NÃO,MT,50001019010P7,SAUDE COLETIVA,EM FUNCIONAMENTO
2024,20,ENFERMAGEM,NÃO,MT,50001019015P9,ENFERMAGEM,EM FUNCIONAMENTO
2024,11,ARTES,NÃO,MT,50001019178P5,MÚSICA,EM FUNCIONAMENTO
2024,47,MATERIAIS,NÃO,MT,50001019026P0,CIÊNCIA DE MATERIAIS,EM FUNCIONAMENTO
2024,4,QUÍMICA,NÃO,MT,50001019029P0,QUÍMICA,EM FUNCIONAMENTO
2024,41,LINGUÍSTICA E LITERATURA,NÃO,MT,50002015004P3,ESTUDOS LITERÁRIOS,EM FUNCIONAMENTO
2024,46,ENSINO,NÃO,MT,50002015101P9,ENSINO DE CIENCIAS E MATEMÁTICA,EM FUNCIONAMENTO
2024,48,BIOTECNOLOGIA,SIM,MT,53001010100P8,BIOTECNOLOGIA E BIODIVERSIDADE - REDE PRÓ-CENTRO-OESTE,EM FUNCIONAMENTO
2024,41,LINGUÍSTICA E LITERATURA,NÃO,MT,50002015156P8,LETRAS,EM FUNCIONAMENTO
2024,36,GEOGRAFIA,NÃO,MT,50002015102P5,GEOGRAFIA,EM FUNCIONAMENTO
2024,7,BIODIVERSIDADE,NÃO,MT,50002015002P0,ECOLOGIA E CONSERVAÇÃO,EM FUNCIONAMENTO
2024,41,LINGUÍSTICA E LITERATURA,NÃO,MT,50002015003P7,LÍNGUÍSTICA,EM FUNCIONAMENTO
2024,49,CIÊNCIAS AMBIENTAIS,NÃO,MT,50002015001P4,CIÊNCIAS AMBIENTAIS,EM FUNCIONAMENTO
2024,46,ENSINO,NÃO,MT,50002015157P4,ENSINO EM CONTEXTO INDÍGENA INTERCULTURAL,EM FUNCIONAMENTO
2024,42,CIÊNCIAS AGRÁRIAS I,NÃO,MT,50002015007P2,GENÉTICA E MELHORAMENTO DE PLANTAS,EM FUNCIONAMENTO
2024,38,EDUCAÇÃO,NÃO,MT,50002015005P0,EDUCAÇÃO,EM FUNCIONAMENTO
2024,49,CIÊNCIAS AMBIENTAIS,NÃO,MT,50002015008P9,BIODIVERSIDADE E AGROECOSSISTEMAS AMAZÔNICOS,EM FUNCIONAMENTO
2024,45,INTERDISCIPLINAR,NÃO,MT,50002015006P6,AMBIENTE E SISTEMAS DE PRODUÇÃO AGRÍCOLA,EM FUNCIONAMENTO
2024,25,CIÊNCIA DE ALIMENTOS,NÃO,MT,50005014001P3,CIÊNCIA E TECNOLOGIA DE ALIMENTOS,EM FUNCIONAMENTO
2024,4,QUÍMICA,NÃO,MT,50005014002P0,QUIMICA TECNOLÓGICA E AMBIENTAL,EM FUNCIONAMENTO
2024,46,ENSINO,SIM,MT,50008013005P8,ENSINO,EM FUNCIONAMENTO
2024,45,INTERDISCIPLINAR,NÃO,MT,50008013006P4,AMBIENTE E SAÚDE,EM FUNCIONAMENTO
2024,49,CIÊNCIAS AMBIENTAIS,NÃO,MT,50008013003P5,CIÊNCIAS AMBIENTAIS,EM FUNCIONAMENTO
2024,18,ODONTOLOGIA,NÃO,MT,50008013001P2,CIÊNCIAS ODONTOLÓGICAS INTEGRADAS,EM FUNCIONAMENTO
2024,24,MEDICINA VETERINÁRIA,NÃO,MT,50008013002P9,BIOCIÊNCIA ANIMAL,EM FUNCIONAMENTO
2024,18,ODONTOLOGIA,NÃO,MT,50008013004P1,CIÊNCIAS ODONTOLÓGICAS INTEGRADAS,EM FUNCIONAMENTO
2024,29,"ARQUITETURA, URBANISMO E DESIGN",SIM,MT,50014013001P9,ARQUITETURA E URBANISMO,EM FUNCIONAMENTO
2024,27,"ADMINISTRAÇÃO PÚBLICA E DE EMPRESAS, CIÊNCIAS CONTÁBEIS E TURISMO",NÃO,MS,51001012023P4,ADMINISTRAÇÃO,EM FUNCIONAMENTO
2024,24,MEDICINA VETERINÁRIA,NÃO,MS,51001012040P6,CIÊNCIAS VETERINÁRIAS,EM FUNCIONAMENTO
2024,2,COMPUTAÇÃO,NÃO,MS,51001012038P1,COMPUTAÇÃO APLICADA,EM FUNCIONAMENTO
2024,31,COMUNICAÇÃO E INFORMAÇÃO,NÃO,MS,51001012031P7,COMUNICAÇÃO,EM FUNCIONAMENTO
2024,42,CIÊNCIAS AGRÁRIAS I,NÃO,MS,51001012034P6,AGRONOMIA,EM FUNCIONAMENTO
2024,45,INTERDISCIPLINAR,NÃO,MS,51001012178P8,ESTUDOS CULTURAIS,EM FUNCIONAMENTO
2024,45,INTERDISCIPLINAR,NÃO,MS,51001012025P7,ESTUDOS FRONTEIRIÇOS,EM FUNCIONAMENTO
2024,46,ENSINO,NÃO,MS,51001012021P1,EDUCAÇÃO MATEMÁTICA,EM FUNCIONAMENTO
2024,2,COMPUTAÇÃO,NÃO,MS,51001012012P2,CIÊNCIA DA COMPUTAÇÃO,EM FUNCIONAMENTO
2024,7,BIODIVERSIDADE,NÃO,MS,51001012029P2,BIOLOGIA ANIMAL,EM FUNCIONAMENTO
2024,7,BIODIVERSIDADE,NÃO,MS,51001012018P0,BIOLOGIA VEGETAL,EM FUNCIONAMENTO
2024,19,FARMÁCIA,NÃO,MS,51001012030P0,FARMÁCIA,EM FUNCIONAMENTO
2024,10,ENGENHARIAS I,NÃO,MS,51001012010P0,TECNOLOGIAS AMBIENTAIS,EM FUNCIONAMENTO
2024,38,EDUCAÇÃO,NÃO,MS,51001012179P4,PÓS GRADUAÇÃO EM EDUCAÇÃO,EM FUNCIONAMENTO
2024,16,MEDICINA II,NÃO,MS,51001012024P0,DOENÇAS INFECCIOSAS E PARASITÁRIAS,EM FUNCIONAMENTO
2024,36,GEOGRAFIA,NÃO,MS,51001012039P8,GEOGRAFIA,EM FUNCIONAMENTO
2024,23,ZOOTECNIA / RECURSOS PESQUEIROS,NÃO,MS,51001012013P9,CIÊNCIA ANIMAL,EM FUNCIONAMENTO
2024,38,EDUCAÇÃO,NÃO,MS,51001012026P3,EDUCAÇÃO,EM FUNCIONAMENTO
2024,20,ENFERMAGEM,NÃO,MS,51001012036P9,ENFERMAGEM,EM FUNCIONAMENTO
2024,49,CIÊNCIAS AMBIENTAIS,NÃO,MS,51001012171P3,RECURSOS NATURAIS,EM FUNCIONAMENTO
2024,21,"EDUCAÇÃO FÍSICA, FISIOTERAPIA, FONOAUDIOLOGIA E TERAPIA OCUPACIONAL",NÃO,MS,51001012180P2,CIÊNCIAS DO MOVIMENTO,EM FUNCIONAMENTO
2024,47,MATERIAIS,NÃO,MS,51001012170P7,CIÊNCIA DOS MATERIAIS,EM FUNCIONAMENTO
2024,10,ENGENHARIAS I,NÃO,MS,51001012035P2,EFICIÊNCIA ENERGÉTICA E SUSTENTABILIDADE,EM FUNCIONAMENTO
2024,35,ANTROPOLOGIA / ARQUEOLOGIA,NÃO,MS,51001012174P2,ANTROPOLOGIA SOCIAL,EM FUNCIONAMENTO
2024,45,INTERDISCIPLINAR,NÃO,MS,51001012019P7,SAÚDE E DESENVOLVIMENTO NA REGIÃO CENTRO-OESTE,EM FUNCIONAMENTO
2024,26,DIREITO,NÃO,MS,51001012101P5,DIREITO,EM FUNCIONAMENTO
2024,4,QUÍMICA,NÃO,MS,51001012007P9,QUÍMICA,EM FUNCIONAMENTO
2024,36,GEOGRAFIA,NÃO,MS,51001012027P0,GEOGRAFIA,EM FUNCIONAMENTO
2024,48,BIOTECNOLOGIA,NÃO,MS,51001012177P1,BIOTECNOLOGIA,EM FUNCIONAMENTO
2024,46,ENSINO,NÃO,MS,51001012022P8,ENSINO DE CIÊNCIAS,EM FUNCIONAMENTO
2024,41,LINGUÍSTICA E LITERATURA,NÃO,MS,51001012020P5,ESTUDOS DE LINGUAGENS,EM FUNCIONAMENTO
2024,14,ENGENHARIAS IV,NÃO,MS,51001012175P9,ENGENHARIA ELÉTRICA,EM FUNCIONAMENTO
2024,38,EDUCAÇÃO,NÃO,MS,51001012001P0,EDUCAÇÃO,EM FUNCIONAMENTO
2024,20,ENFERMAGEM,NÃO,MS,51001012176P5,ENFERMAGEM,EM FUNCIONAMENTO
2024,41,LINGUÍSTICA E LITERATURA,NÃO,MS,51001012011P6,LETRAS,EM FUNCIONAMENTO
2024,13,ENGENHARIAS III,NÃO,MS,51001012181P9,ENGENHARIA DE PRODUÇÃO,EM FUNCIONAMENTO
2024,7,BIODIVERSIDADE,NÃO,MS,51001012005P6,ECOLOGIA E CONSERVAÇÃO,EM FUNCIONAMENTO
2024,37,PSICOLOGIA,NÃO,MS,51001012032P3,PSICOLOGIA,EM FUNCIONAMENTO
2024,27,"ADMINISTRAÇÃO PÚBLICA E DE EMPRESAS, CIÊNCIAS CONTÁBEIS E TURISMO",NÃO,MS,51001012173P6,CIÊNCIAS CONTÁBEIS,EM FUNCIONAMENTO
2024,22,SAÚDE COLETIVA,NÃO,MS,51001012037P5,SAÚDE DA FAMILIA,EM FUNCIONAMENTO
2024,45,INTERDISCIPLINAR,NÃO,MS,51002019003P0,DESENVOLVIMENTO LOCAL,EM FUNCIONAMENTO
2024,49,CIÊNCIAS AMBIENTAIS,NÃO,MS,51002019006P9,CIÊNCIAS AMBIENTAIS E SUSTENTABILIDADE AGROPECUÁRIA,EM FUNCIONAMENTO
2024,37,PSICOLOGIA,NÃO,MS,51002019004P6,PSICOLOGIA,EM FUNCIONAMENTO
2024,38,EDUCAÇÃO,NÃO,MS,51002019002P3,EDUCAÇÃO,EM FUNCIONAMENTO
2024,48,BIOTECNOLOGIA,NÃO,MS,51002019005P2,BIOTECNOLOGIA,EM FUNCIONAMENTO
2024,42,CIÊNCIAS AGRÁRIAS I,NÃO,MS,51003015002P0,AGRONEGÓCIO SUSTENTÁVEL,EM FUNCIONAMENTO
2024,49,CIÊNCIAS AMBIENTAIS,NÃO,MS,51003015001P3,MEIO AMBIENTE E DESENVOLVIMENTO REGIONAL,EM FUNCIONAMENTO
2024,18,ODONTOLOGIA,NÃO,MS,51003015004P2,ODONTOLOGIA,EM FUNCIONAMENTO
2024,46,ENSINO,NÃO,MS,51003015003P6,ENSINO DE CIÊNCIAS E MATEMÁTICA,EM FUNCIONAMENTO
2024,42,CIÊNCIAS AGRÁRIAS I,NÃO,MS,51004011007P8,AGRONOMIA - SUSTENTABILIDADE NA AGRICULTURA,EM FUNCIONAMENTO
2024,38,EDUCAÇÃO,NÃO,MS,51004011006P1,EDUCAÇÃO,EM FUNCIONAMENTO
2024,30,PLANEJAMENTO URBANO E REGIONAL / DEMOGRAFIA,NÃO,MS,51004011010P9,DESENVOLVIMENTO REGIONAL E DE SISTEMAS PRODUTIVOS,EM FUNCIONAMENTO
2024,41,LINGUÍSTICA E LITERATURA,NÃO,MS,51004011005P5,LETRAS,EM FUNCIONAMENTO
2024,46,ENSINO,NÃO,MS,51004011009P0,ENSINO EM SAÚDE,EM FUNCIONAMENTO
2024,23,ZOOTECNIA / RECURSOS PESQUEIROS,NÃO,MS,51004011003P2,ZOOTECNIA,EM FUNCIONAMENTO
2024,49,CIÊNCIAS AMBIENTAIS,NÃO,MS,51004011002P6,RECURSOS NATURAIS,EM FUNCIONAMENTO
2024,46,ENSINO,NÃO,MS,51004011070P1,EDUCAÇÃO CIENTÍFICA E MATEMÁTICA,EM FUNCIONAMENTO
2024,36,GEOGRAFIA,NÃO,MS,51004011072P4,GEOGRAFIA,EM FUNCIONAMENTO
2024,38,EDUCAÇÃO,NÃO,MS,51004011004P9,EDUCAÇÃO,EM FUNCIONAMENTO
2024,49,CIÊNCIAS AMBIENTAIS,NÃO,MS,51004011071P8,BIODIVERSIDADE E SUSTENTABILIDADE AMBIENTAL,EM FUNCIONAMENTO
2024,42,CIÊNCIAS AGRÁRIAS I,NÃO,MS,51004011001P0,AGRONOMIA,EM FUNCIONAMENTO
2024,37,PSICOLOGIA,NÃO,MS,51005018101P0,PSICOLOGIA,EM FUNCIONAMENTO
2024,38,EDUCAÇÃO,NÃO,MS,51005018005P1,EDUCAÇÃO,EM FUNCIONAMENTO
2024,45,INTERDISCIPLINAR,NÃO,MS,51005018174P8,EDUCAÇÃO E TERRITORIALIDADE,EM FUNCIONAMENTO
2024,50,NUTRIÇÃO,NÃO,MS,51005018173P1,"ALIMENTOS, NUTRIÇÃO E SAÚDE",EM FUNCIONAMENTO
2024,25,CIÊNCIA DE ALIMENTOS,NÃO,MS,51005018171P9,CIÊNCIA E TECNOLOGIA DE ALIMENTOS,EM FUNCIONAMENTO
2024,4,QUÍMICA,SIM,MS,51005018172P5,QUÍMICA,EM FUNCIONAMENTO
2024,23,ZOOTECNIA / RECURSOS PESQUEIROS,NÃO,MS,51005018008P0,ZOOTECNIA,EM FUNCIONAMENTO
2024,7,BIODIVERSIDADE,NÃO,MS,51005018011P1,BIODIVERSIDADE E MEIO AMBIENTE,EM FUNCIONAMENTO
2024,45,INTERDISCIPLINAR,NÃO,MS,51005018170P2,FRONTEIRAS E DIREITOS HUMANOS,EM FUNCIONAMENTO
2024,45,INTERDISCIPLINAR,NÃO,MS,51005018012P8,AGRONEGÓCIOS,EM FUNCIONAMENTO
2024,35,ANTROPOLOGIA / ARQUEOLOGIA,NÃO,MS,51005018013P4,ANTROPOLOGIA,EM FUNCIONAMENTO
2024,45,INTERDISCIPLINAR,NÃO,MS,51005018006P8,CIÊNCIA E TECNOLOGIA AMBIENTAL,EM FUNCIONAMENTO
2024,40,HISTÓRIA,NÃO,MS,51005018002P2,HISTÓRIA,EM FUNCIONAMENTO
2024,41,LINGUÍSTICA E LITERATURA,NÃO,MS,51005018007P4,LETRAS,EM FUNCIONAMENTO
2024,36,GEOGRAFIA,NÃO,MS,51005018004P5,GEOGRAFIA,EM FUNCIONAMENTO
2024,46,ENSINO,NÃO,MS,51005018175P4,ENSINO DE CIÊNCIAS E MATEMÁTICA,EM FUNCIONAMENTO
2024,34,SOCIOLOGIA,NÃO,MS,51005018015P7,SOCIOLOGIA,EM FUNCIONAMENTO
2024,4,QUÍMICA,NÃO,MS,51005018010P5,QUÍMICA,EM FUNCIONAMENTO
2024,42,CIÊNCIAS AGRÁRIAS I,NÃO,MS,51005018014P0,ENGENHARIA AGRÍCOLA,EM FUNCIONAMENTO
2024,42,CIÊNCIAS AGRÁRIAS I,NÃO,MS,51005018001P6,AGRONOMIA,EM FUNCIONAMENTO
2024,7,BIODIVERSIDADE,NÃO,MS,51005018003P9,ENTOMOLOGIA E CONSERVAÇÃO DA BIODIVERSIDADE,EM FUNCIONAMENTO
2024,16,MEDICINA II,NÃO,MS,51005018009P7,CIÊNCIAS DA SAUDE,EM FUNCIONAMENTO
2024,15,MEDICINA I,NÃO,MT,51020009001P2,CIÊNCIAS APLICADAS À ATENÇÃO HOSPITALAR,EM FUNCIONAMENTO
2024,23,ZOOTECNIA / RECURSOS PESQUEIROS,NÃO,MT,51034000006P5,ZOOTECNIA,EM FUNCIONAMENTO
2024,45,INTERDISCIPLINAR,NÃO,MT,51034000001P3,BIOCIÊNCIAS E SAÚDE,EM FUNCIONAMENTO
2024,42,CIÊNCIAS AGRÁRIAS I,NÃO,MT,51034000003P6,ENGENHARIA AGRÍCOLA,EM FUNCIONAMENTO
2024,36,GEOGRAFIA,NÃO,MT,51034000004P2,GEOGRAFIA,EM FUNCIONAMENTO
2024,49,CIÊNCIAS AMBIENTAIS,NÃO,MT,51034000005P9,GESTÃO E TECNOLOGIA AMBIENTAL,EM FUNCIONAMENTO
2024,38,EDUCAÇÃO,NÃO,MT,51034000002P0,EDUCAÇÃO,EM FUNCIONAMENTO
2024,46,ENSINO,NÃO,GO,52001016036P1,EDUCAÇÃO EM CIÊNCIAS E MATEMÁTICA,EM FUNCIONAMENTO
2024,26,DIREITO,NÃO,GO,52001016107P6,DIREITO E POLÍTICAS PÚBLICAS,EM FUNCIONAMENTO
2024,45,INTERDISCIPLINAR,NÃO,GO,52001016057P9,DIREITOS HUMANOS,EM FUNCIONAMENTO
2024,3,ASTRONOMIA / FÍSICA,NÃO,GO,52001016009P4,FÍSICA,EM FUNCIONAMENTO
2024,13,ENGENHARIAS III,NÃO,GO,52001016113P6,ENGENHARIA MECÂNICA,EM FUNCIONAMENTO
2024,29,"ARQUITETURA, URBANISMO E DESIGN",NÃO,GO,52001016065P1,PROJETO E CIDADE,EM FUNCIONAMENTO
2024,6,CIÊNCIAS BIOLÓGICAS I,NÃO,GO,52001016056P2,GENÉTICA E BIOLOGIA MOLECULAR,EM FUNCIONAMENTO
2024,31,COMUNICAÇÃO E INFORMAÇÃO,NÃO,GO,52001016037P8,COMUNICAÇÃO,EM FUNCIONAMENTO
2024,19,FARMÁCIA,NÃO,GO,52001016072P8,ASSISTÊNCIA E AVALIAÇÃO EM SAÚDE,EM FUNCIONAMENTO
2024,30,PLANEJAMENTO URBANO E REGIONAL / DEMOGRAFIA,NÃO,GO,52001016115P9,DESENVOLVIMENTO REGIONAL (PPGDR),EM FUNCIONAMENTO
2024,46,ENSINO,NÃO,GO,52001016060P0,ENSINO NA EDUCAÇÃO BÁSICA,EM FUNCIONAMENTO
2024,36,GEOGRAFIA,NÃO,GO,52001016012P5,GEOGRAFIA,EM FUNCIONAMENTO
2024,7,BIODIVERSIDADE,NÃO,GO,52001016026P6,ECOLOGIA E EVOLUÇÃO,EM FUNCIONAMENTO
2024,2,COMPUTAÇÃO,NÃO,GO,52001016027P2,CIÊNCIA DA COMPUTAÇÃO,EM FUNCIONAMENTO
2024,23,ZOOTECNIA / RECURSOS PESQUEIROS,NÃO,GO,52001016064P5,ZOOTECNIA,EM FUNCIONAMENTO
2024,25,CIÊNCIA DE ALIMENTOS,NÃO,GO,52001016029P5,CIÊNCIA E TECNOLOGIA DE ALIMENTOS,EM FUNCIONAMENTO
2024,16,MEDICINA II,NÃO,GO,52001016034P9,CIÊNCIAS DA SAÚDE,EM FUNCIONAMENTO
2024,1,MATEMÁTICA / PROBABILIDADE E ESTATÍSTICA,NÃO,GO,52001016001P3,MATEMÁTICA,EM FUNCIONAMENTO
2024,19,FARMÁCIA,SIM,GO,52001016048P0,NANOTECNOLOGIA FARMACÊUTICA,EM FUNCIONAMENTO
2024,24,MEDICINA VETERINÁRIA,NÃO,GO,52001016014P8,CIÊNCIA ANIMAL,EM FUNCIONAMENTO
2024,7,BIODIVERSIDADE,NÃO,GO,52001016070P5,BIODIVERSIDADE ANIMAL,EM FUNCIONAMENTO
2024,40,HISTÓRIA,NÃO,GO,52001016002P0,HISTÓRIA,EM FUNCIONAMENTO
2024,28,ECONOMIA,NÃO,GO,52001016101P8,ECONOMIA,EM FUNCIONAMENTO
2024,46,ENSINO,NÃO,GO,52001016051P0,ENSINO NA SAÚDE,EM FUNCIONAMENTO
2024,16,MEDICINA II,NÃO,GO,52001016003P6,MEDICINA TROPICAL E SAÚDE PÚBLICA,EM FUNCIONAMENTO
2024,34,SOCIOLOGIA,NÃO,GO,52001016020P8,SOCIOLOGIA,EM FUNCIONAMENTO
2024,8,CIÊNCIAS BIOLÓGICAS II,NÃO,GO,52001016005P9,CIÊNCIAS BIOLÓGICAS,EM FUNCIONAMENTO
2024,42,CIÊNCIAS AGRÁRIAS I,NÃO,GO,52001016006P5,AGRONOMIA,EM FUNCIONAMENTO
2024,27,"ADMINISTRAÇÃO PÚBLICA E DE EMPRESAS, CIÊNCIAS CONTÁBEIS E TURISMO",NÃO,GO,52001016068P0,ADMINISTRAÇÃO,EM FUNCIONAMENTO
2024,22,SAÚDE COLETIVA,NÃO,GO,52001016046P7,SAUDE COLETIVA,EM FUNCIONAMENTO
2024,10,ENGENHARIAS I,NÃO,GO,52001016039P0,"GEOTECNIA, ESTRUTURAS E CONSTRUÇÃO CIVIL",EM FUNCIONAMENTO
2024,49,CIÊNCIAS AMBIENTAIS,NÃO,GO,52001016022P0,CIÊNCIAS AMBIENTAIS,EM FUNCIONAMENTO
2024,45,INTERDISCIPLINAR,NÃO,GO,52001016032P6,AGRONEGÓCIO,EM FUNCIONAMENTO
2024,10,ENGENHARIAS I,NÃO,GO,52001016102P4,ENGENHARIA AMBIENTAL E SANITÁRIA,EM FUNCIONAMENTO
2024,9,CIÊNCIAS BIOLÓGICAS III,NÃO,GO,52001016053P3,BIOLOGIA DA RELAÇÃO PARASITO-HOSPEDEIRO,EM FUNCIONAMENTO
2024,33,FILOSOFIA,NÃO,GO,52001016011P9,FILOSOFIA,EM FUNCIONAMENTO
2024,4,QUÍMICA,NÃO,GO,52001016019P0,QUÍMICA,EM FUNCIONAMENTO
2024,11,ARTES,NÃO,GO,52001016024P3,ARTE E CULTURA VISUAL,EM FUNCIONAMENTO
2024,19,FARMÁCIA,NÃO,GO,52001016031P0,CIÊNCIAS FARMACÊUTICAS,EM FUNCIONAMENTO
2024,37,PSICOLOGIA,NÃO,GO,52001016071P1,PSICOLOGIA,EM FUNCIONAMENTO
2024,14,ENGENHARIAS IV,NÃO,GO,52001016018P3,ENGENHARIA ELÉTRICA E DE COMPUTAÇÃO,EM FUNCIONAMENTO
2024,39,CIÊNCIA POLÍTICA E RELAÇÕES INTERNACIONAIS,NÃO,GO,52001016055P6,CIÊNCIA POLÍTICA E RELAÇÕES INTERNACIONAIS,EM FUNCIONAMENTO
2024,35,ANTROPOLOGIA / ARQUEOLOGIA,NÃO,GO,52001016043P8,ANTROPOLOGIA SOCIAL,EM FUNCIONAMENTO
2024,13,ENGENHARIAS III,NÃO,GO,52001016109P9,ENGENHARIA DE PRODUÇÃO,EM FUNCIONAMENTO
2024,26,DIREITO,NÃO,GO,52001016041P5,DIREITO AGRÁRIO,EM FUNCIONAMENTO
2024,45,INTERDISCIPLINAR,NÃO,GO,52001016058P5,PERFORMANCES CULTURAIS,EM FUNCIONAMENTO
2024,50,NUTRIÇÃO,NÃO,GO,52001016044P4,NUTRIÇÃO E SAÚDE,EM FUNCIONAMENTO
2024,11,ARTES,NÃO,GO,52001016108P2,ARTES DA CENA,EM FUNCIONAMENTO
2024,20,ENFERMAGEM,NÃO,GO,52001016023P7,ENFERMAGEM E SAÚDE (PPGENFS),EM FUNCIONAMENTO
2024,12,ENGENHARIAS II,NÃO,GO,52001016069P7,ENGENHARIA QUÍMICA,EM FUNCIONAMENTO
2024,38,EDUCAÇÃO,NÃO,GO,52001016007P1,EDUCAÇÃO,EM FUNCIONAMENTO
2024,41,LINGUÍSTICA E LITERATURA,NÃO,GO,52001016004P2,LETRAS E LINGUÍSTICA,EM FUNCIONAMENTO
2024,27,"ADMINISTRAÇÃO PÚBLICA E DE EMPRESAS, CIÊNCIAS CONTÁBEIS E TURISMO",NÃO,GO,52001016104P7,CIÊNCIAS CONTÁBEIS,EM FUNCIONAMENTO
2024,5,GEOCIÊNCIAS,NÃO,GO,52001016114P2,GEOCIÊNCIAS,EM FUNCIONAMENTO
2024,42,CIÊNCIAS AGRÁRIAS I,NÃO,GO,52001016047P3,GENÉTICA E MELHORAMENTO DE PLANTAS,EM FUNCIONAMENTO
2024,21,"EDUCAÇÃO FÍSICA, FISIOTERAPIA, FONOAUDIOLOGIA E TERAPIA OCUPACIONAL",NÃO,GO,52001016110P7,EDUCAÇÃO FÍSICA,EM FUNCIONAMENTO
2024,18,ODONTOLOGIA,NÃO,GO,52001016025P0,ODONTOLOGIA,EM FUNCIONAMENTO
2024,13,ENGENHARIAS III,NÃO,GO,52002012015P0,ENGENHARIA DE PRODUÇÃO E SISTEMAS,EM FUNCIONAMENTO
2024,40,HISTÓRIA,NÃO,GO,52002012013P8,HISTÓRIA,EM FUNCIONAMENTO
2024,30,PLANEJAMENTO URBANO E REGIONAL / DEMOGRAFIA,NÃO,GO,52002012007P8,DESENVOLVIMENTO E PLANEJAMENTO TERRITORIAL,EM FUNCIONAMENTO
2024,45,INTERDISCIPLINAR,NÃO,GO,52002012006P1,CIÊNCIAS AMBIENTAIS E SAÚDE,EM FUNCIONAMENTO
2024,32,SERVIÇO SOCIAL,NÃO,GO,52002012011P5,SERVIÇO SOCIAL,EM FUNCIONAMENTO
2024,37,PSICOLOGIA,NÃO,GO,52002012001P0,PSICOLOGIA,EM FUNCIONAMENTO
2024,20,ENFERMAGEM,NÃO,GO,52002012016P7,ATENÇÃO À SAÚDE,EM FUNCIONAMENTO
2024,6,CIÊNCIAS BIOLÓGICAS I,NÃO,GO,52002012008P4,GENÉTICA,EM FUNCIONAMENTO
2024,38,EDUCAÇÃO,NÃO,GO,52002012004P9,EDUCAÇÃO,EM FUNCIONAMENTO
2024,44,CIÊNCIAS DA RELIGIÃO E TEOLOGIA,NÃO,GO,52002012002P6,CIÊNCIAS DA RELIGIÃO,EM FUNCIONAMENTO
2024,41,LINGUÍSTICA E LITERATURA,NÃO,GO,52002012010P9,LETRAS,EM FUNCIONAMENTO
2024,42,CIÊNCIAS AGRÁRIAS I,NÃO,GO,52004015001P2,PRODUÇÃO VEGETAL,EM FUNCIONAMENTO
2024,26,DIREITO,NÃO,GO,52004015002P9,DIREITO DO AGRONEGÓCIO E DESENVOLVIMENTO,EM FUNCIONAMENTO
2024,45,INTERDISCIPLINAR,NÃO,GO,52005011004P8,"TECNOLOGIA, GESTÃO E SUSTENTABILIDADE",EM FUNCIONAMENTO
2024,46,ENSINO,NÃO,GO,52005011002P5,EDUCAÇÃO PARA CIÊNCIAS E MATEMÁTICA,EM FUNCIONAMENTO
2024,38,EDUCAÇÃO,NÃO,GO,52005011003P1,EDUCAÇÃO,EM FUNCIONAMENTO
2024,18,ODONTOLOGIA,NÃO,GO,52006018002P1,ODONTOLOGIA,EM FUNCIONAMENTO
2024,49,CIÊNCIAS AMBIENTAIS,NÃO,GO,52006018001P5,"SOCIEDADE, TECNOLOGIA E MEIO AMBIENTE",EM FUNCIONAMENTO
2024,19,FARMÁCIA,NÃO,GO,52006018003P8,"CIÊNCIAS FARMACÊUTICAS, FARMACOLOGIA E TERAPÊUTICA",EM FUNCIONAMENTO
2024,21,"EDUCAÇÃO FÍSICA, FISIOTERAPIA, FONOAUDIOLOGIA E TERAPIA OCUPACIONAL",NÃO,GO,52006018004P4,MOVIMENTO HUMANO E REABILITAÇÃO,EM FUNCIONAMENTO
2024,42,CIÊNCIAS AGRÁRIAS I,NÃO,GO,52010015101P3,IRRIGAÇÃO NO CERRADO,EM FUNCIONAMENTO
2024,27,"ADMINISTRAÇÃO PÚBLICA E DE EMPRESAS, CIÊNCIAS CONTÁBEIS E TURISMO",NÃO,GO,52010015109P4,ADMINISTRAÇÃO,EM FUNCIONAMENTO
2024,42,CIÊNCIAS AGRÁRIAS I,NÃO,GO,52010015102P0,PROTEÇÃO DE PLANTAS,EM FUNCIONAMENTO
2024,23,ZOOTECNIA / RECURSOS PESQUEIROS,NÃO,GO,52010015002P5,ZOOTECNIA,EM FUNCIONAMENTO
2024,10,ENGENHARIAS I,NÃO,GO,52010015107P1,ENGENHARIA APLICADA E SUSTENTABILIDADE,EM FUNCIONAMENTO
2024,42,CIÊNCIAS AGRÁRIAS I,NÃO,GO,52010015004P8,CIÊNCIAS AGRÁRIAS - AGRONOMIA,EM FUNCIONAMENTO
2024,25,CIÊNCIA DE ALIMENTOS,NÃO,GO,52010015103P6,TECNOLOGIA DE ALIMENTOS,EM FUNCIONAMENTO
2024,46,ENSINO,NÃO,GO,52010015108P8,ENSINO PARA A EDUCAÇÃO BÁSICA,EM FUNCIONAMENTO
2024,42,CIÊNCIAS AGRÁRIAS I,NÃO,GO,52010015106P5,BIOENERGIA E GRÃOS,EM FUNCIONAMENTO
2024,42,CIÊNCIAS AGRÁRIAS I,NÃO,GO,52010015003P1,AGROQUÍMICA,EM FUNCIONAMENTO
2024,7,BIODIVERSIDADE,NÃO,GO,52010015104P2,BIODIVERSIDADE E CONSERVAÇÃO,EM FUNCIONAMENTO
2024,42,CIÊNCIAS AGRÁRIAS I,NÃO,GO,52010015005P4,OLERICULTURA,EM FUNCIONAMENTO
2024,49,CIÊNCIAS AMBIENTAIS,NÃO,GO,52010015105P9,CONSERVAÇÃO DE RECURSOS NATURAIS DO CERRADO,EM FUNCIONAMENTO
2024,23,ZOOTECNIA / RECURSOS PESQUEIROS,NÃO,GO,52012018010P0,PRODUÇÃO ANIMAL E FORRAGICULTURA,EM FUNCIONAMENTO
2024,40,HISTÓRIA,NÃO,GO,52012018014P6,ESTUDOS CULTURAIS MEMORIA E PATRIMÔNIO,EM FUNCIONAMENTO
2024,41,LINGUÍSTICA E LITERATURA,NÃO,GO,52012018011P7,"LÍNGUA, LITERATURA E INTERCULTURALIDADE",EM FUNCIONAMENTO
2024,45,INTERDISCIPLINAR,NÃO,GO,52012018006P3,TERRITÓRIOS E EXPRESSÕES CULTURAIS NO CERRADO,EM FUNCIONAMENTO
2024,40,HISTÓRIA,NÃO,GO,52012018013P0,HISTÓRIA,EM FUNCIONAMENTO
2024,4,QUÍMICA,NÃO,GO,52012018001P1,CIÊNCIAS MOLECULARES,EM FUNCIONAMENTO
2024,49,CIÊNCIAS AMBIENTAIS,NÃO,GO,52012018005P7,RECURSOS NATURAIS DO CERRADO (RENAC),EM FUNCIONAMENTO
2024,42,CIÊNCIAS AGRÁRIAS I,NÃO,GO,52012018003P4,PRODUÇÃO VEGETAL,EM FUNCIONAMENTO
2024,42,CIÊNCIAS AGRÁRIAS I,NÃO,GO,52012018002P8,ENGENHARIA AGRÍCOLA,EM FUNCIONAMENTO
2024,46,ENSINO,NÃO,GO,52012018007P0,ENSINO DE CIÊNCIAS,EM FUNCIONAMENTO
2024,36,GEOGRAFIA,NÃO,GO,52012018012P3,GEOGRAFIA,EM FUNCIONAMENTO
2024,38,EDUCAÇÃO,NÃO,GO,52012018173P7,EDUCAÇÃO,EM FUNCIONAMENTO
2024,45,INTERDISCIPLINAR,NÃO,GO,52012018004P0,"EDUCAÇÃO, LINGUAGEM E TECNOLOGIAS",EM FUNCIONAMENTO
2024,45,INTERDISCIPLINAR,NÃO,GO,52012018174P3,"GESTÃO, EDUCAÇÃO E TECNOLOGIAS",EM FUNCIONAMENTO
2024,49,CIÊNCIAS AMBIENTAIS,NÃO,GO,52012018009P2,AMBIENTE E SOCIEDADE,EM FUNCIONAMENTO
2024,45,INTERDISCIPLINAR,NÃO,GO,52012018008P6,CIÊNCIAS APLICADAS A PRODUTOS PARA SAÚDE,EM FUNCIONAMENTO
2024,30,PLANEJAMENTO URBANO E REGIONAL / DEMOGRAFIA,NÃO,GO,52016013001P7,DESENVOLVIMENTO REGIONAL,EM FUNCIONAMENTO
2024,26,DIREITO,NÃO,GO,52016013003P0,DIREITO,EM FUNCIONAMENTO
2024,27,"ADMINISTRAÇÃO PÚBLICA E DE EMPRESAS, CIÊNCIAS CONTÁBEIS E TURISMO",NÃO,GO,52016013002P3,ADMINISTRAÇÃO,EM FUNCIONAMENTO
2024,38,EDUCAÇÃO,NÃO,GO,52045005001P0,EDUCAÇÃO,EM FUNCIONAMENTO
2024,13,ENGENHARIAS III,NÃO,GO,52059006004P7,ENGENHARIA DE PRODUÇÃO,EM FUNCIONAMENTO
2024,40,HISTÓRIA,NÃO,GO,52059006007P6,HISTORIA,EM FUNCIONAMENTO
2024,36,GEOGRAFIA,NÃO,GO,52059006010P7,GEOGRAFIA,EM FUNCIONAMENTO
2024,38,EDUCAÇÃO,NÃO,GO,52059006002P4,EDUCAÇÃO,EM FUNCIONAMENTO
2024,41,LINGUÍSTICA E LITERATURA,NÃO,GO,52059006005P3,ESTUDOS DA LINGUAGEM,EM FUNCIONAMENTO
2024,45,INTERDISCIPLINAR,NÃO,GO,52059006008P2,MODELAGEM E OTIMIZAÇÃO,EM FUNCIONAMENTO
2024,45,INTERDISCIPLINAR,NÃO,GO,52059006006P0,GESTÃO ORGANIZACIONAL,EM FUNCIONAMENTO
2024,47,MATERIAIS,NÃO,GO,52059006001P8,CIÊNCIA E ENGENHARIA DE MATERIAIS,EM FUNCIONAMENTO
2024,4,QUÍMICA,NÃO,GO,52059006009P9,QUÍMICA,EM FUNCIONAMENTO
2024,42,CIÊNCIAS AGRÁRIAS I,NÃO,GO,52060004001P2,AGRONOMIA (PRODUÇÃO VEGETAL),EM FUNCIONAMENTO
2024,4,QUÍMICA,NÃO,GO,52060004006P4,QUÍMICA,EM FUNCIONAMENTO
2024,38,EDUCAÇÃO,NÃO,GO,52060004004P1,EDUCAÇÃO,EM FUNCIONAMENTO
2024,36,GEOGRAFIA,NÃO,GO,52060004005P8,GEOGRAFIA,EM FUNCIONAMENTO
2024,7,BIODIVERSIDADE,NÃO,GO,52060004007P0,BIODIVERSIDADE,EM FUNCIONAMENTO
2024,24,MEDICINA VETERINÁRIA,NÃO,GO,52060004002P9,BIOCIÊNCIA ANIMAL,EM FUNCIONAMENTO
2024,45,INTERDISCIPLINAR,NÃO,GO,52060004003P5,CIÊNCIAS APLICADAS À SAÚDE,EM FUNCIONAMENTO
2024,26,DIREITO,NÃO,GO,52060004008P7,DIREITO,EM FUNCIONAMENTO
2024,16,MEDICINA II,NÃO,DF,53001010047P0,CIÊNCIAS DA SAÚDE,EM FUNCIONAMENTO
2024,27,"ADMINISTRAÇÃO PÚBLICA E DE EMPRESAS, CIÊNCIAS CONTÁBEIS E TURISMO",NÃO,DF,53001010105P0,CIÊNCIAS CONTÁBEIS,EM FUNCIONAMENTO
2024,37,PSICOLOGIA,NÃO,DF,53001010062P9,PSICOLOGIA DO DESENVOLVIMENTO E ESCOLAR,EM FUNCIONAMENTO
2024,5,GEOCIÊNCIAS,NÃO,DF,53001010006P1,GEOLOGIA,EM FUNCIONAMENTO
2024,34,SOCIOLOGIA,NÃO,DF,53001010029P1,ESTUDOS COMPARADOS SOBRE AS AMÉRICAS,EM FUNCIONAMENTO
2024,45,INTERDISCIPLINAR,NÃO,DF,53001010095P4,DIREITOS HUMANOS E CIDADANIA,EM FUNCIONAMENTO
2024,45,INTERDISCIPLINAR,NÃO,DF,53001010096P0,NANOCIÊNCIA E NANOBIOTECNOLOGIA,EM FUNCIONAMENTO
2024,29,"ARQUITETURA, URBANISMO E DESIGN",NÃO,DF,53001010042P8,ARQUITETURA E URBANISMO,EM FUNCIONAMENTO
2024,31,COMUNICAÇÃO E INFORMAÇÃO,NÃO,DF,53001010018P0,CIÊNCIAS DA INFORMAÇÃO,EM FUNCIONAMENTO
2024,9,CIÊNCIAS BIOLÓGICAS III,NÃO,DF,53001010094P8,BIOLOGIA MICROBIANA,EM FUNCIONAMENTO
2024,5,GEOCIÊNCIAS,NÃO,DF,53001010075P3,GEOCIÊNCIAS APLICADAS E GEODINÂMICA,EM FUNCIONAMENTO
2024,42,CIÊNCIAS AGRÁRIAS I,NÃO,DF,53001010071P8,AGRONOMIA,EM FUNCIONAMENTO
2024,7,BIODIVERSIDADE,NÃO,DF,53001010099P0,ZOOLOGIA,EM FUNCIONAMENTO
2024,34,SOCIOLOGIA,NÃO,DF,53001010009P0,SOCIOLOGIA,EM FUNCIONAMENTO
2024,37,PSICOLOGIA,NÃO,DF,53001010064P1,PSICOLOGIA CLÍNICA E CULTURA,EM FUNCIONAMENTO
2024,31,COMUNICAÇÃO E INFORMAÇÃO,NÃO,DF,53001010019P6,COMUNICAÇÃO,EM FUNCIONAMENTO
2024,38,EDUCAÇÃO,NÃO,DF,53001010001P0,EDUCAÇÃO,EM FUNCIONAMENTO
2024,4,QUÍMICA,NÃO,DF,53001010005P5,QUÍMICA,EM FUNCIONAMENTO
2024,45,INTERDISCIPLINAR,NÃO,DF,53001010088P8,CIÊNCIAS E TECNOLOGIAS EM SAÚDE,EM FUNCIONAMENTO
2024,6,CIÊNCIAS BIOLÓGICAS I,NÃO,DF,53001010007P8,CIÊNCIAS BIOLÓGICAS (BIOLOGIA MOLECULAR),EM FUNCIONAMENTO
2024,47,MATERIAIS,NÃO,DF,53001010084P2,CIÊNCIAS DE MATERIAIS,EM FUNCIONAMENTO
2024,49,CIÊNCIAS AMBIENTAIS,NÃO,DF,53001010108P9,CIÊNCIAS AMBIENTAIS,EM FUNCIONAMENTO
2024,42,CIÊNCIAS AGRÁRIAS I,NÃO,DF,53001010046P3,CIÊNCIAS FLORESTAIS,EM FUNCIONAMENTO
2024,9,CIÊNCIAS BIOLÓGICAS III,NÃO,DF,53001010031P6,PATOLOGIA MOLECULAR,EM FUNCIONAMENTO
2024,40,HISTÓRIA,NÃO,DF,53001010011P5,HISTÓRIA,EM FUNCIONAMENTO
2024,6,CIÊNCIAS BIOLÓGICAS I,NÃO,DF,53001010045P7,BIOLOGIA ANIMAL,EM FUNCIONAMENTO
2024,22,SAÚDE COLETIVA,NÃO,DF,53001010090P2,SAÚDE COLETIVA,EM FUNCIONAMENTO
2024,20,ENFERMAGEM,NÃO,DF,53001010082P0,ENFERMAGEM,EM FUNCIONAMENTO
2024,36,GEOGRAFIA,NÃO,DF,53001010043P4,GEOGRAFIA,EM FUNCIONAMENTO
2024,41,LINGUÍSTICA E LITERATURA,NÃO,DF,53001010023P3,LINGÜÍSTICA,EM FUNCIONAMENTO
2024,24,MEDICINA VETERINÁRIA,NÃO,DF,53001010070P1,SAÚDE ANIMAL,EM FUNCIONAMENTO
2024,14,ENGENHARIAS IV,NÃO,DF,53001010080P7,ENGENHARIA ELÉTRICA,EM FUNCIONAMENTO
2024,27,"ADMINISTRAÇÃO PÚBLICA E DE EMPRESAS, CIÊNCIAS CONTÁBEIS E TURISMO",NÃO,DF,53001010102P0,GESTÃO PÚBLICA,EM FUNCIONAMENTO
2024,26,DIREITO,NÃO,DF,53001010111P0,"DIREITO, REGULAÇÃO E POLÍTICAS PÚBLICAS",EM FUNCIONAMENTO
2024,24,MEDICINA VETERINÁRIA,NÃO,DF,53001010067P0,CIÊNCIAS ANIMAIS,EM FUNCIONAMENTO
2024,7,BIODIVERSIDADE,NÃO,DF,53001010008P4,ECOLOGIA,EM FUNCIONAMENTO
2024,15,MEDICINA I,NÃO,DF,53001010051P7,CIENCIAS MEDICAS,EM FUNCIONAMENTO
2024,49,CIÊNCIAS AMBIENTAIS,NÃO,DF,53001010044P0,DESENVOLVIMENTO SUSTENTÁVEL,EM FUNCIONAMENTO
2024,45,INTERDISCIPLINAR,NÃO,DF,53001010113P2,SUSTENTABILIDADE JUNTO A POVOS E TERRITÓRIOS TRADICIONAIS,EM FUNCIONAMENTO
2024,27,"ADMINISTRAÇÃO PÚBLICA E DE EMPRESAS, CIÊNCIAS CONTÁBEIS E TURISMO",NÃO,DF,53001010055P2,ADMINISTRAÇÃO,EM FUNCIONAMENTO
2024,32,SERVIÇO SOCIAL,NÃO,DF,53001010035P1,POLÍTICA SOCIAL,EM FUNCIONAMENTO
2024,1,MATEMÁTICA / PROBABILIDADE E ESTATÍSTICA,NÃO,DF,53001010003P2,MATEMÁTICA,EM FUNCIONAMENTO
2024,14,ENGENHARIAS IV,NÃO,DF,53001010059P8,ENGENHARIA ELÉTRICA,EM FUNCIONAMENTO
2024,18,ODONTOLOGIA,NÃO,DF,53001010110P3,ODONTOLOGIA,EM FUNCIONAMENTO
2024,37,PSICOLOGIA,NÃO,DF,53001010065P8,"PSICOLOGIA SOCIAL, DO TRABALHO E DAS ORGANIZAÇÕES (PSTO)",EM FUNCIONAMENTO
2024,10,ENGENHARIAS I,NÃO,DF,53001010036P8,ESTRUTURAS E CONSTRUÇÃO CIVIL,EM FUNCIONAMENTO
2024,45,INTERDISCIPLINAR,NÃO,DF,53001010076P0,BIOÉTICA,EM FUNCIONAMENTO
2024,19,FARMÁCIA,NÃO,DF,53001010085P9,CIÊNCIAS FARMACÊUTICAS,EM FUNCIONAMENTO
2024,39,CIÊNCIA POLÍTICA E RELAÇÕES INTERNACIONAIS,NÃO,DF,53001010026P2,CIÊNCIA POLÍTICA,EM FUNCIONAMENTO
2024,42,CIÊNCIAS AGRÁRIAS I,NÃO,DF,53001010021P0,FITOPATOLOGIA,EM FUNCIONAMENTO
2024,46,ENSINO,NÃO,DF,53001010106P6,EDUCAÇÃO EM CIÊNCIAS,EM FUNCIONAMENTO
2024,37,PSICOLOGIA,NÃO,DF,53001010068P7,CIÊNCIAS DO COMPORTAMENTO,EM FUNCIONAMENTO
2024,41,LINGUÍSTICA E LITERATURA,NÃO,DF,53001010022P7,LITERATURA,EM FUNCIONAMENTO
2024,45,INTERDISCIPLINAR,NÃO,DF,53001010063P5,AGRONEGÓCIOS,EM FUNCIONAMENTO
2024,13,ENGENHARIAS III,NÃO,DF,53001010052P3,SISTEMAS MECATRÔNICOS,EM FUNCIONAMENTO
2024,33,FILOSOFIA,NÃO,DF,53001010048P6,FILOSOFIA,EM FUNCIONAMENTO
2024,38,EDUCAÇÃO,NÃO,DF,53001010087P1,EDUCAÇÃO,EM FUNCIONAMENTO
2024,10,ENGENHARIAS I,NÃO,DF,53001010041P1,TECNOLOGIA AMBIENTAL E RECURSOS HÍDRICOS,EM FUNCIONAMENTO
2024,26,DIREITO,NÃO,DF,53001010017P3,DIREITO,EM FUNCIONAMENTO
2024,45,INTERDISCIPLINAR,NÃO,DF,53001010115P5,GOVERNANÇA E INOVAÇÃO EM POLÍTICAS PÚBLICAS,EM FUNCIONAMENTO
2024,21,"EDUCAÇÃO FÍSICA, FISIOTERAPIA, FONOAUDIOLOGIA E TERAPIA OCUPACIONAL",NÃO,DF,53001010066P4,EDUCAÇÃO FÍSICA,EM FUNCIONAMENTO
2024,16,MEDICINA II,NÃO,DF,53001010015P0,MEDICINA TROPICAL,EM FUNCIONAMENTO
2024,39,CIÊNCIA POLÍTICA E RELAÇÕES INTERNACIONAIS,NÃO,DF,53001010025P6,RELAÇÕES INTERNACIONAIS,EM FUNCIONAMENTO
2024,2,COMPUTAÇÃO,NÃO,DF,53001010098P3,COMPUTAÇÃO APLICADA,EM FUNCIONAMENTO
2024,10,ENGENHARIAS I,NÃO,DF,53001010032P2,GEOTECNIA,EM FUNCIONAMENTO
2024,45,INTERDISCIPLINAR,NÃO,DF,53001010093P1,MEIO AMBIENTE E DESENVOLVIMENTO RURAL,EM FUNCIONAMENTO
2024,27,"ADMINISTRAÇÃO PÚBLICA E DE EMPRESAS, CIÊNCIAS CONTÁBEIS E TURISMO",NÃO,DF,53001010016P7,ADMINISTRAÇÃO,EM FUNCIONAMENTO
2024,1,MATEMÁTICA / PROBABILIDADE E ESTATÍSTICA,NÃO,DF,53001010074P7,ESTATISTICA,EM FUNCIONAMENTO
2024,13,ENGENHARIAS III,NÃO,DF,53001010086P5,INTEGRIDADE DE MATERIAIS DA ENGENHARIA,EM FUNCIONAMENTO
2024,3,ASTRONOMIA / FÍSICA,NÃO,DF,53001010002P6,FÍSICA,EM FUNCIONAMENTO
2024,14,ENGENHARIAS IV,NÃO,DF,53001010083P6,ENGENHARIA BIOMÉDICA,EM FUNCIONAMENTO
2024,11,ARTES,NÃO,DF,53001010103P7,ARTES CÊNICAS,EM FUNCIONAMENTO
2024,33,FILOSOFIA,NÃO,DF,53001010109P5,METAFÍSICA,EM FUNCIONAMENTO
2024,28,ECONOMIA,NÃO,DF,53001010058P1,ECONOMIA,EM FUNCIONAMENTO
2024,21,"EDUCAÇÃO FÍSICA, FISIOTERAPIA, FONOAUDIOLOGIA E TERAPIA OCUPACIONAL",NÃO,DF,53001010107P2,CIÊNCIAS DA REABILITAÇÃO,EM FUNCIONAMENTO
2024,45,INTERDISCIPLINAR,NÃO,DF,53001010089P4,"DESENVOLVIMENTO, SOCIEDADE E COOPERAÇÃO INTERNACIONAL",EM FUNCIONAMENTO
2024,35,ANTROPOLOGIA / ARQUEOLOGIA,NÃO,DF,53001010010P9,ANTROPOLOGIA,EM FUNCIONAMENTO
2024,50,NUTRIÇÃO,NÃO,DF,53001010049P2,NUTRIÇÃO HUMANA,EM FUNCIONAMENTO
2024,11,ARTES,NÃO,DF,53001010040P5,ARTES VISUAIS,EM FUNCIONAMENTO
2024,10,ENGENHARIAS I,NÃO,DF,53001010030P0,TRANSPORTES,EM FUNCIONAMENTO
2024,11,ARTES,NÃO,DF,53001010057P5,MÚSICA,EM FUNCIONAMENTO
2024,13,ENGENHARIAS III,NÃO,DF,53001010053P0,CIÊNCIAS MECÂNICAS,EM FUNCIONAMENTO
2024,22,SAÚDE COLETIVA,NÃO,DF,53001010092P5,SAÚDE COLETIVA,EM FUNCIONAMENTO
2024,28,ECONOMIA,NÃO,DF,53001010012P1,ECONOMIA,EM FUNCIONAMENTO
2024,29,"ARQUITETURA, URBANISMO E DESIGN",NÃO,DF,53001010101P4,DESIGN,EM FUNCIONAMENTO
2024,41,LINGUÍSTICA E LITERATURA,NÃO,DF,53001010091P9,ESTUDOS DE TRADUÇÃO,EM FUNCIONAMENTO
2024,45,INTERDISCIPLINAR,NÃO,DF,53001010114P9,POLÍTICAS PÚBLICAS PARA INFÂNCIA E JUVENTUDE,EM FUNCIONAMENTO
2024,7,BIODIVERSIDADE,NÃO,DF,53001010112P6,BOTÂNICA,EM FUNCIONAMENTO
2024,2,COMPUTAÇÃO,NÃO,DF,53001010054P6,INFORMÁTICA,EM FUNCIONAMENTO
2024,41,LINGUÍSTICA E LITERATURA,NÃO,DF,53001010078P2,LINGÜÍSTICA APLICADA,EM FUNCIONAMENTO
2024,37,PSICOLOGIA,NÃO,DF,53003012002P5,PSICOLOGIA,EM FUNCIONAMENTO
2024,28,ECONOMIA,NÃO,DF,53003012004P8,ECONOMIA,EM FUNCIONAMENTO
2024,38,EDUCAÇÃO,NÃO,DF,53003012001P9,EDUCAÇÃO,EM FUNCIONAMENTO
2024,45,INTERDISCIPLINAR,NÃO,DF,53003012006P0,"GOVERNANÇA, TECNOLOGIA E INOVAÇÃO",EM FUNCIONAMENTO
2024,21,"EDUCAÇÃO FÍSICA, FISIOTERAPIA, FONOAUDIOLOGIA E TERAPIA OCUPACIONAL",NÃO,DF,53003012007P7,EDUCAÇÃO FÍSICA,EM FUNCIONAMENTO
2024,48,BIOTECNOLOGIA,NÃO,DF,53003012005P4,CIÊNCIAS GENÔMICAS E BIOTECNOLOGIA,EM FUNCIONAMENTO
2024,26,DIREITO,NÃO,DF,53003012008P3,DIREITO,EM FUNCIONAMENTO
2024,28,ECONOMIA,NÃO,DF,53003012013P7,POLÍTICAS PÚBLICAS,EM FUNCIONAMENTO
2024,45,INTERDISCIPLINAR,NÃO,DF,53003012009P0,GERONTOLOGIA,EM FUNCIONAMENTO
2024,31,COMUNICAÇÃO E INFORMAÇÃO,NÃO,DF,53003012010P8,INOVAÇÃO EM COMUNICAÇÃO E ECONOMIA CRIATIVA,EM FUNCIONAMENTO
2024,37,PSICOLOGIA,NÃO,DF,53005015002P8,PSICOLOGIA,EM FUNCIONAMENTO
2024,29,"ARQUITETURA, URBANISMO E DESIGN",NÃO,DF,53005015003P4,ARQUITETURA E URBANISMO,EM FUNCIONAMENTO
2024,26,DIREITO,NÃO,DF,53005015001P1,DIREITO,EM FUNCIONAMENTO
2024,28,ECONOMIA,NÃO,DF,53012011001P4,POLÍTICAS PÚBLICAS E DESENVOLVIMENTO,EM FUNCIONAMENTO
2024,39,CIÊNCIA POLÍTICA E RELAÇÕES INTERNACIONAIS,NÃO,DF,53013018001P0,GOVERNANÇA E DESENVOLVIMENTO,EM FUNCIONAMENTO
2024,39,CIÊNCIA POLÍTICA E RELAÇÕES INTERNACIONAIS,NÃO,DF,53013018002P7,AVALIAÇÃO E MONITORAMENTO DE POLÍTICAS PÚBLICAS,EM FUNCIONAMENTO
2024,39,CIÊNCIA POLÍTICA E RELAÇÕES INTERNACIONAIS,NÃO,DF,53013018003P3,POLÍTICAS PÚBLICAS,EM FUNCIONAMENTO
2024,27,"ADMINISTRAÇÃO PÚBLICA E DE EMPRESAS, CIÊNCIAS CONTÁBEIS E TURISMO",NÃO,DF,53019016002P5,ADMINISTRAÇÃO PÚBLICA,EM FUNCIONAMENTO
2024,26,DIREITO,NÃO,DF,53019016004P8,DIREITO ECONÔMICO E DESENVOLVIMENTO,EM FUNCIONAMENTO
2024,31,COMUNICAÇÃO E INFORMAÇÃO,NÃO,DF,53019016005P4,COMUNICAÇÃO,EM FUNCIONAMENTO
2024,28,ECONOMIA,NÃO,DF,53019016003P1,ECONOMIA DO SETOR PÚBLICO,EM FUNCIONAMENTO
2024,26,DIREITO,NÃO,DF,53019016001P9,DIREITO CONSTITUCIONAL,EM FUNCIONAMENTO
2024,39,CIÊNCIA POLÍTICA E RELAÇÕES INTERNACIONAIS,NÃO,DF,53019016006P0,CIÊNCIA POLÍTICA E RELAÇÕES INTERNACIONAIS,EM FUNCIONAMENTO
2024,20,ENFERMAGEM,NÃO,DF,53022017001P6,CIÊNCIAS PARA A SAÚDE,EM FUNCIONAMENTO
2024,26,DIREITO,NÃO,DF,53023013002P9,DIREITOS SOCIAIS E PROCESSOS REIVINDICATÓRIOS,EM FUNCIONAMENTO
2024,27,"ADMINISTRAÇÃO PÚBLICA E DE EMPRESAS, CIÊNCIAS CONTÁBEIS E TURISMO",NÃO,DF,53023013001P2,GESTÃO ESTRATÉGICA DE ORGANIZAÇÕES,EM FUNCIONAMENTO
2024,15,MEDICINA I,NÃO,DF,53029011002P7,CIÊNCIAS DA SAÚDE,EM FUNCIONAMENTO
2024,26,DIREITO,NÃO,DF,53032012001P8,DIREITO,EM FUNCIONAMENTO
2024,39,CIÊNCIA POLÍTICA E RELAÇÕES INTERNACIONAIS,NÃO,DF,53037014001P0,PODER LEGISLATIVO,EM FUNCIONAMENTO
2024,22,SAÚDE COLETIVA,NÃO,DF,53044002001P7,POLÍTICAS PÚBLICAS EM SAÚDE,EM FUNCIONAMENTO
2024,27,"ADMINISTRAÇÃO PÚBLICA E DE EMPRESAS, CIÊNCIAS CONTÁBEIS E TURISMO",SIM,DF,53045009001P3,ADMINISTRAÇÃO PÚBLICA EM REDE NACIONAL,EM FUNCIONAMENTO
2024,28,ECONOMIA,NÃO,DF,53062000002P4,ECONOMIA,EM FUNCIONAMENTO
2024,39,CIÊNCIA POLÍTICA E RELAÇÕES INTERNACIONAIS,NÃO,DF,53062000001P8,POLÍTICAS PÚBLICAS E GOVERNO,EM FUNCIONAMENTO
2024,26,DIREITO,NÃO,DF,53069005001P2,DIREITO E PODER JUDICIÁRIO,EM FUNCIONAMENTO
2024,27,"ADMINISTRAÇÃO PÚBLICA E DE EMPRESAS, CIÊNCIAS CONTÁBEIS E TURISMO",NÃO,DF,53072006001P0,CONTROLE DA ADMINISTRAÇÃO PÚBLICA,EM FUNCIONAMENTO
2024,39,CIÊNCIA POLÍTICA E RELAÇÕES INTERNACIONAIS,NÃO,DF,53093003001P0,"SEGURANÇA, DESENVOLVIMENTO E DEFESA",EM FUNCIONAMENTO
